beneficiary_id,program,reporting_period,outcome_type,outcome_status,employment_status,completion_status
BEN-000047,Scholarship,Q1 2025,Education,active,Employed,Completed
BEN-000056,Scholarship,Q2 2025,Employment,achieved,Employed,Completed
BEN-000062,Scholarship,Q1 2026,Employment,not_achieved,Unemployed,Completed
BEN-000068,Scholarship,Q1 2025,Employment,active,Employed,Completed
BEN-000078,Scholarship,Q3 2025,Education,achieved,Unemployed,Completed
BEN-000079,Scholarship,Q3 2025,Community Impact,active,Unemployed,Completed
BEN-000088,Scholarship,Q1 2025,Employment,achieved,Employed,Completed
BEN-000089,Scholarship,Q3 2025,Employment,active,Unemployed,Completed
BEN-000108,Scholarship,Q4 2025,Employment,achieved,Employed,Completed
BEN-000111,Scholarship,Q4 2025,Community Impact,achieved,Employed,Completed
BEN-000119,Scholarship,Q3 2025,Entrepreneurship,achieved,Self-Employed,Completed
BEN-000123,Scholarship,Q4 2025,Entrepreneurship,active,Self-Employed,Completed
BEN-000128,Scholarship,Q1 2025,Education,achieved,In Training,Completed
BEN-000134,Scholarship,Q4 2025,Employment,achieved,Employed,Completed
BEN-000153,Scholarship,Q1 2026,Entrepreneurship,achieved,Self-Employed,Completed
BEN-000156,Scholarship,Q3 2025,Entrepreneurship,achieved,Self-Employed,Completed
BEN-000165,Scholarship,Q1 2025,Education,achieved,In Training,Completed
BEN-000177,Scholarship,Q3 2025,Education,achieved,Unemployed,Completed
BEN-000181,Scholarship,Q1 2026,Education,achieved,In Training,Completed
BEN-000188,Scholarship,Q4 2025,Entrepreneurship,achieved,Self-Employed,Completed
BEN-000194,Scholarship,Q4 2025,Employment,achieved,Employed,Completed
BEN-000195,Scholarship,Q1 2026,Education,achieved,Unemployed,Completed
BEN-000216,Scholarship,Q2 2025,Employment,achieved,Employed,Completed
BEN-000246,Scholarship,Q3 2025,Entrepreneurship,active,Unemployed,Completed
BEN-000254,Scholarship,Q1 2026,Employment,active,Unemployed,Completed
BEN-000258,Scholarship,Q2 2025,Community Impact,not_achieved,Employed,Completed
BEN-000259,Scholarship,Q3 2025,Employment,not_achieved,Employed,Completed
BEN-000267,Scholarship,Q1 2026,Employment,achieved,Employed,Completed
BEN-000289,Scholarship,Q3 2025,Employment,active,Employed,Completed
BEN-000295,Scholarship,Q1 2025,Entrepreneurship,active,Self-Employed,Completed
BEN-000317,Scholarship,Q3 2025,Employment,achieved,Employed,Completed
BEN-000318,Scholarship,Q3 2025,Employment,active,Unemployed,Completed
BEN-000329,Scholarship,Q4 2025,Entrepreneurship,achieved,Self-Employed,Completed
BEN-000334,Scholarship,Q4 2025,Employment,achieved,Employed,Completed
BEN-000343,Scholarship,Q1 2026,Employment,achieved,Employed,Completed
BEN-000358,Scholarship,Q4 2025,Employment,achieved,Employed,Completed
BEN-000360,Scholarship,Q1 2026,Community Impact,achieved,Employed,Completed
BEN-000362,Scholarship,Q4 2025,Entrepreneurship,achieved,Self-Employed,Completed
BEN-000367,Scholarship,Q1 2026,Education,active,Self-Employed,Completed
BEN-000382,Scholarship,Q3 2025,Community Impact,achieved,Self-Employed,Completed
BEN-000401,Scholarship,Q1 2026,Community Impact,achieved,Employed,Completed
BEN-000417,Scholarship,Q1 2026,Education,achieved,In Training,Completed
BEN-000419,Scholarship,Q1 2026,Employment,achieved,Employed,Completed
BEN-000428,Scholarship,Q3 2025,Education,active,Employed,Completed
BEN-000430,Scholarship,Q3 2025,Employment,not_achieved,Unemployed,Completed
BEN-000438,Scholarship,Q4 2025,Community Impact,achieved,Employed,Completed
BEN-000451,Scholarship,Q4 2025,Community Impact,achieved,Unemployed,Completed
BEN-000456,Scholarship,Q3 2025,Employment,active,Employed,Completed
BEN-000464,Scholarship,Q3 2025,Entrepreneurship,active,Unemployed,Completed
BEN-000467,Scholarship,Q1 2026,Employment,achieved,Employed,Completed
BEN-000472,Scholarship,Q3 2025,Education,active,Unemployed,Completed
BEN-000475,Scholarship,Q3 2025,Community Impact,achieved,Unemployed,Completed
BEN-000477,Scholarship,Q4 2025,Entrepreneurship,achieved,Self-Employed,Completed
BEN-000478,Scholarship,Q1 2026,Education,active,Unemployed,Completed
BEN-000486,Scholarship,Q4 2025,Entrepreneurship,active,Unemployed,Completed
BEN-000490,Scholarship,Q3 2025,Education,active,Self-Employed,Completed
BEN-000508,Scholarship,Q4 2025,Education,active,Unemployed,Completed
BEN-000521,Scholarship,Q3 2025,Employment,active,Unemployed,Completed
BEN-000522,Scholarship,Q1 2026,Employment,achieved,Employed,Completed
BEN-000523,Scholarship,Q2 2025,Community Impact,active,Self-Employed,Completed
BEN-000537,Scholarship,Q2 2025,Community Impact,active,Unemployed,Completed
BEN-000563,Scholarship,Q3 2025,Education,active,Employed,Completed
BEN-000566,Scholarship,Q3 2025,Education,active,Unemployed,Completed
BEN-000585,Scholarship,Q1 2025,Entrepreneurship,achieved,Self-Employed,Completed
BEN-000588,Scholarship,Q1 2026,Community Impact,achieved,Employed,Completed
BEN-000611,Scholarship,Q3 2025,Community Impact,not_achieved,Self-Employed,Completed
BEN-000618,Scholarship,Q3 2025,Community Impact,achieved,Unemployed,Completed
BEN-000621,Scholarship,Q2 2025,Education,achieved,Unemployed,Completed
BEN-000622,Scholarship,Q4 2025,Entrepreneurship,active,Self-Employed,Completed
BEN-000624,Scholarship,Q4 2025,Employment,active,Unemployed,Completed
BEN-000628,Scholarship,Q4 2025,Entrepreneurship,achieved,Self-Employed,Completed
BEN-000634,Scholarship,Q2 2025,Employment,active,Employed,Completed
BEN-000639,Scholarship,Q4 2025,Employment,active,Unemployed,Completed
BEN-000650,Scholarship,Q4 2025,Education,achieved,Unemployed,Completed
BEN-000654,Scholarship,Q3 2025,Education,not_achieved,Unemployed,Completed
BEN-000664,Scholarship,Q1 2026,Entrepreneurship,achieved,Self-Employed,Completed
BEN-000670,Scholarship,Q3 2025,Community Impact,active,Unemployed,Completed
BEN-000687,Scholarship,Q3 2025,Community Impact,active,Employed,Completed
BEN-000693,Scholarship,Q1 2025,Education,active,Employed,Completed
BEN-000702,Scholarship,Q3 2025,Education,achieved,Unemployed,Completed
BEN-000723,Scholarship,Q1 2026,Community Impact,not_achieved,Unemployed,Completed
BEN-000725,Scholarship,Q1 2026,Entrepreneurship,achieved,Self-Employed,Completed
BEN-000726,Scholarship,Q1 2025,Community Impact,active,Unemployed,Completed
BEN-000728,Scholarship,Q4 2025,Employment,active,Unemployed,Completed
BEN-000747,Scholarship,Q2 2025,Education,active,Unemployed,Completed
BEN-000755,Scholarship,Q1 2025,Entrepreneurship,active,Unemployed,Completed
BEN-000763,Scholarship,Q2 2025,Education,active,Unemployed,Completed
BEN-000768,Scholarship,Q3 2025,Entrepreneurship,achieved,Self-Employed,Completed
BEN-000769,Scholarship,Q3 2025,Entrepreneurship,achieved,Self-Employed,Completed
BEN-000789,Scholarship,Q2 2025,Community Impact,not_achieved,Employed,Completed
BEN-000807,Scholarship,Q2 2025,Entrepreneurship,achieved,Self-Employed,Completed
BEN-000808,Scholarship,Q1 2025,Education,active,Unemployed,Completed
BEN-000812,Scholarship,Q3 2025,Education,achieved,Unemployed,Completed
BEN-000814,Scholarship,Q2 2025,Employment,achieved,Employed,Completed
BEN-000828,Scholarship,Q1 2026,Employment,achieved,Employed,Completed
BEN-000831,Scholarship,Q3 2025,Community Impact,achieved,Self-Employed,Completed
BEN-000837,Scholarship,Q1 2025,Employment,not_achieved,Self-Employed,Completed
BEN-000841,Scholarship,Q1 2025,Employment,active,Unemployed,Completed
BEN-000843,Scholarship,Q4 2025,Employment,achieved,Employed,Completed
BEN-000845,Scholarship,Q1 2026,Employment,achieved,Employed,Completed
BEN-000849,Scholarship,Q3 2025,Education,not_achieved,Self-Employed,Completed
BEN-000892,Scholarship,Q4 2025,Employment,not_achieved,Unemployed,Completed
BEN-000902,Scholarship,Q2 2025,Entrepreneurship,achieved,Self-Employed,Completed
BEN-000904,Scholarship,Q1 2025,Education,achieved,In Training,Completed
BEN-000905,Scholarship,Q3 2025,Community Impact,active,Unemployed,Completed
BEN-000906,Scholarship,Q1 2025,Employment,active,Unemployed,Completed
BEN-000911,Scholarship,Q1 2026,Employment,achieved,Employed,Completed
BEN-000912,Scholarship,Q1 2026,Education,achieved,Unemployed,Completed
BEN-000916,Scholarship,Q2 2025,Education,active,Unemployed,Completed
BEN-000920,Scholarship,Q1 2026,Community Impact,achieved,Unemployed,Completed
BEN-000929,Scholarship,Q1 2025,Employment,achieved,Employed,Completed
BEN-000939,Scholarship,Q2 2025,Entrepreneurship,active,Employed,Completed
BEN-000946,Scholarship,Q4 2025,Community Impact,achieved,Employed,Completed
BEN-000953,Scholarship,Q1 2025,Community Impact,not_achieved,Unemployed,Completed
BEN-000971,Scholarship,Q4 2025,Employment,achieved,Employed,Completed
BEN-000976,Scholarship,Q1 2025,Education,achieved,In Training,Completed
BEN-000979,Scholarship,Q2 2025,Community Impact,active,Self-Employed,Completed
BEN-000990,Scholarship,Q1 2025,Education,active,Unemployed,Completed
BEN-000994,Scholarship,Q4 2025,Employment,achieved,Employed,Completed
BEN-001004,Scholarship,Q3 2025,Education,achieved,In Training,Completed
BEN-001017,Scholarship,Q3 2025,Employment,achieved,Employed,Completed
BEN-001035,Scholarship,Q2 2025,Entrepreneurship,achieved,Self-Employed,Completed
BEN-001041,Scholarship,Q1 2026,Employment,achieved,Employed,Completed
BEN-001050,Scholarship,Q1 2025,Entrepreneurship,achieved,Self-Employed,Completed
BEN-001052,Scholarship,Q1 2026,Community Impact,achieved,Self-Employed,Completed
BEN-001065,Scholarship,Q2 2025,Education,not_achieved,Employed,Completed
BEN-001071,Scholarship,Q3 2025,Employment,achieved,Employed,Completed
BEN-001084,Scholarship,Q2 2025,Community Impact,achieved,Employed,Completed
BEN-001103,Scholarship,Q2 2025,Employment,achieved,Employed,Completed
BEN-001123,Scholarship,Q2 2025,Entrepreneurship,not_achieved,Unemployed,Completed
BEN-001128,Scholarship,Q3 2025,Education,achieved,In Training,Completed
BEN-001176,Scholarship,Q4 2025,Entrepreneurship,achieved,Self-Employed,Completed
BEN-001184,Scholarship,Q1 2025,Entrepreneurship,achieved,Self-Employed,Completed
BEN-001202,Scholarship,Q4 2025,Community Impact,achieved,Self-Employed,Completed
BEN-001204,Scholarship,Q4 2025,Entrepreneurship,achieved,Self-Employed,Completed
BEN-001209,Scholarship,Q2 2025,Education,active,Unemployed,Completed
BEN-001213,Scholarship,Q4 2025,Community Impact,achieved,Unemployed,Completed
BEN-001215,Scholarship,Q3 2025,Employment,achieved,Employed,Completed
BEN-001222,Scholarship,Q2 2025,Education,achieved,Unemployed,Completed
BEN-001232,Scholarship,Q3 2025,Community Impact,active,Unemployed,Completed
BEN-001244,Scholarship,Q3 2025,Employment,achieved,Employed,Completed
BEN-001255,Scholarship,Q1 2026,Education,not_achieved,Unemployed,Completed
BEN-001257,Scholarship,Q3 2025,Employment,not_achieved,Employed,Completed
BEN-001258,Scholarship,Q4 2025,Community Impact,achieved,Self-Employed,Completed
BEN-001278,Scholarship,Q3 2025,Employment,achieved,Employed,Completed
BEN-001284,Scholarship,Q3 2025,Employment,achieved,Employed,Completed
BEN-001290,Scholarship,Q3 2025,Education,achieved,Unemployed,Completed
BEN-001292,Scholarship,Q4 2025,Education,achieved,Unemployed,Completed
BEN-001317,Scholarship,Q3 2025,Community Impact,active,Unemployed,Completed
BEN-001321,Scholarship,Q3 2025,Education,achieved,Unemployed,Completed
BEN-001326,Scholarship,Q1 2026,Community Impact,achieved,Self-Employed,Completed
BEN-001373,Scholarship,Q1 2026,Employment,not_achieved,Employed,Completed
BEN-001382,Scholarship,Q3 2025,Education,achieved,Unemployed,Completed
BEN-001383,Scholarship,Q4 2025,Employment,active,Unemployed,Completed
BEN-001384,Scholarship,Q2 2025,Education,achieved,In Training,Completed
BEN-001400,Scholarship,Q3 2025,Employment,not_achieved,Employed,Completed
BEN-001425,Scholarship,Q2 2025,Education,achieved,In Training,Completed
BEN-001430,Scholarship,Q3 2025,Community Impact,achieved,Self-Employed,Completed
BEN-001435,Scholarship,Q3 2025,Employment,active,Employed,Completed
BEN-001440,Scholarship,Q4 2025,Education,achieved,In Training,Completed
BEN-001470,Scholarship,Q3 2025,Community Impact,not_achieved,Employed,Completed
BEN-001477,Scholarship,Q1 2025,Education,achieved,In Training,Completed
BEN-001479,Scholarship,Q3 2025,Employment,not_achieved,Self-Employed,Completed
BEN-001480,Scholarship,Q3 2025,Education,achieved,In Training,Completed
BEN-001481,Scholarship,Q3 2025,Entrepreneurship,not_achieved,Unemployed,Completed
BEN-001485,Scholarship,Q4 2025,Community Impact,achieved,Unemployed,Completed
BEN-001488,Scholarship,Q2 2025,Community Impact,achieved,Self-Employed,Completed
BEN-001499,Scholarship,Q1 2026,Employment,achieved,Employed,Completed
BEN-001501,Scholarship,Q2 2025,Employment,achieved,Employed,Completed
BEN-001503,Scholarship,Q1 2026,Employment,achieved,Employed,Completed
BEN-001504,Scholarship,Q3 2025,Employment,achieved,Employed,Completed
BEN-001522,Scholarship,Q4 2025,Employment,achieved,Employed,Completed
BEN-001533,Scholarship,Q3 2025,Education,achieved,Unemployed,Completed
BEN-001544,Scholarship,Q4 2025,Employment,achieved,Employed,Completed
BEN-001550,Scholarship,Q3 2025,Community Impact,achieved,Unemployed,Completed
BEN-001566,Scholarship,Q3 2025,Entrepreneurship,active,Employed,Completed
BEN-001583,Scholarship,Q3 2025,Entrepreneurship,achieved,Self-Employed,Completed
BEN-001589,Scholarship,Q1 2025,Education,active,Unemployed,Completed
BEN-001590,Scholarship,Q3 2025,Entrepreneurship,active,Unemployed,Completed
BEN-001600,Scholarship,Q1 2025,Education,active,Self-Employed,Completed
BEN-001603,Scholarship,Q1 2026,Entrepreneurship,achieved,Self-Employed,Completed
BEN-001606,Scholarship,Q2 2025,Employment,achieved,Employed,Completed
BEN-001607,Scholarship,Q2 2025,Entrepreneurship,achieved,Self-Employed,Completed
BEN-001613,Scholarship,Q1 2025,Entrepreneurship,achieved,Self-Employed,Completed
BEN-001617,Scholarship,Q1 2025,Employment,achieved,Employed,Completed
BEN-001640,Scholarship,Q3 2025,Entrepreneurship,achieved,Self-Employed,Completed
BEN-001642,Scholarship,Q3 2025,Employment,achieved,Employed,Completed
BEN-001676,Scholarship,Q4 2025,Employment,achieved,Employed,Completed
BEN-001682,Scholarship,Q2 2025,Community Impact,active,Unemployed,Completed
BEN-001698,Scholarship,Q2 2025,Employment,active,Unemployed,Completed
BEN-001699,Scholarship,Q4 2025,Community Impact,active,Self-Employed,Completed
BEN-001700,Scholarship,Q1 2026,Entrepreneurship,achieved,Self-Employed,Completed
BEN-001711,Scholarship,Q3 2025,Community Impact,achieved,Self-Employed,Completed
BEN-001714,Scholarship,Q1 2025,Employment,not_achieved,Employed,Completed
BEN-001736,Scholarship,Q2 2025,Employment,active,Self-Employed,Completed
BEN-001738,Scholarship,Q4 2025,Community Impact,achieved,Unemployed,Completed
BEN-001742,Scholarship,Q3 2025,Education,achieved,In Training,Completed
BEN-001750,Scholarship,Q3 2025,Employment,achieved,Employed,Completed
BEN-001751,Scholarship,Q3 2025,Employment,achieved,Employed,Completed
BEN-001762,Scholarship,Q3 2025,Employment,achieved,Employed,Completed
BEN-001780,Scholarship,Q1 2025,Entrepreneurship,achieved,Self-Employed,Completed
BEN-001781,Scholarship,Q4 2025,Employment,achieved,Employed,Completed
BEN-001786,Scholarship,Q1 2025,Community Impact,achieved,Self-Employed,Completed
BEN-001787,Scholarship,Q1 2025,Community Impact,achieved,Self-Employed,Completed
BEN-001796,Scholarship,Q3 2025,Education,active,Unemployed,Completed
BEN-001799,Scholarship,Q4 2025,Education,achieved,In Training,Completed
BEN-001825,Scholarship,Q1 2026,Education,achieved,Unemployed,Completed
BEN-001827,Scholarship,Q3 2025,Community Impact,achieved,Employed,Completed
BEN-001829,Scholarship,Q4 2025,Entrepreneurship,achieved,Self-Employed,Completed
BEN-001838,Scholarship,Q1 2025,Education,achieved,In Training,Completed
BEN-001852,Scholarship,Q3 2025,Education,not_achieved,Employed,Completed
BEN-001861,Scholarship,Q2 2025,Education,achieved,Unemployed,Completed
BEN-001863,Scholarship,Q1 2025,Employment,achieved,Employed,Completed
BEN-001868,Scholarship,Q1 2025,Education,achieved,Unemployed,Completed
BEN-001874,Scholarship,Q4 2025,Education,active,Employed,Completed
BEN-001879,Scholarship,Q1 2025,Community Impact,achieved,Employed,Completed
BEN-001883,Scholarship,Q3 2025,Entrepreneurship,not_achieved,Unemployed,Completed
BEN-001890,Scholarship,Q3 2025,Employment,achieved,Employed,Completed
BEN-001901,Scholarship,Q1 2026,Education,active,Unemployed,Completed
BEN-001921,Scholarship,Q3 2025,Employment,achieved,Employed,Completed
BEN-001922,Scholarship,Q2 2025,Employment,not_achieved,Unemployed,Completed
BEN-001931,Scholarship,Q4 2025,Education,active,Unemployed,Completed
BEN-001947,Scholarship,Q3 2025,Employment,achieved,Employed,Completed
BEN-001967,Scholarship,Q4 2025,Entrepreneurship,achieved,Self-Employed,Completed
BEN-001974,Scholarship,Q4 2025,Employment,not_achieved,Unemployed,Completed
BEN-001989,Scholarship,Q3 2025,Employment,achieved,Employed,Completed
BEN-001993,Scholarship,Q4 2025,Community Impact,active,Self-Employed,Completed
BEN-002003,Scholarship,Q4 2025,Entrepreneurship,achieved,Self-Employed,Completed
BEN-002010,Scholarship,Q1 2025,Education,not_achieved,Unemployed,Completed
BEN-002015,Scholarship,Q1 2025,Employment,active,Self-Employed,Completed
BEN-002016,Scholarship,Q1 2026,Education,not_achieved,Unemployed,Completed
BEN-002026,Scholarship,Q1 2026,Entrepreneurship,achieved,Self-Employed,Completed
BEN-002028,Scholarship,Q3 2025,Education,active,Unemployed,Completed
BEN-002031,Scholarship,Q1 2026,Employment,not_achieved,Employed,Completed
BEN-002038,Scholarship,Q3 2025,Entrepreneurship,achieved,Self-Employed,Completed
BEN-002040,Scholarship,Q4 2025,Entrepreneurship,not_achieved,Unemployed,Completed
BEN-002043,Scholarship,Q4 2025,Community Impact,achieved,Unemployed,Completed
BEN-002077,Scholarship,Q1 2025,Employment,achieved,Employed,Completed
BEN-002084,Scholarship,Q1 2025,Employment,achieved,Employed,Completed
BEN-002090,Scholarship,Q1 2025,Employment,achieved,Employed,Completed
BEN-002097,Scholarship,Q4 2025,Entrepreneurship,achieved,Self-Employed,Completed
BEN-002122,Scholarship,Q3 2025,Education,achieved,In Training,Completed
BEN-002139,Scholarship,Q4 2025,Employment,not_achieved,Unemployed,Completed
BEN-002149,Scholarship,Q3 2025,Education,achieved,Unemployed,Completed
BEN-002167,Scholarship,Q2 2025,Community Impact,achieved,Employed,Completed
BEN-002172,Scholarship,Q2 2025,Employment,achieved,Employed,Completed
BEN-002174,Scholarship,Q3 2025,Education,achieved,Unemployed,Completed
BEN-002187,Scholarship,Q2 2025,Employment,achieved,Employed,Completed
BEN-002227,Scholarship,Q3 2025,Education,achieved,Unemployed,Completed
BEN-002242,Scholarship,Q4 2025,Education,not_achieved,Unemployed,Completed
BEN-002248,Scholarship,Q4 2025,Employment,active,Self-Employed,Completed
BEN-002291,Scholarship,Q2 2025,Education,achieved,In Training,Completed
BEN-002321,Scholarship,Q1 2026,Employment,active,Employed,Completed
BEN-002327,Scholarship,Q3 2025,Employment,achieved,Employed,Completed
BEN-002336,Scholarship,Q4 2025,Entrepreneurship,active,Self-Employed,Completed
BEN-002338,Scholarship,Q1 2026,Entrepreneurship,active,Unemployed,Completed
BEN-002347,Scholarship,Q2 2025,Education,achieved,In Training,Completed
BEN-002380,Scholarship,Q1 2026,Employment,active,Unemployed,Completed
BEN-002382,Scholarship,Q2 2025,Education,achieved,Unemployed,Completed
BEN-002397,Scholarship,Q4 2025,Employment,achieved,Employed,Completed
BEN-002398,Scholarship,Q2 2025,Education,not_achieved,Unemployed,Completed
BEN-002399,Scholarship,Q1 2025,Community Impact,active,Unemployed,Completed
BEN-002401,Scholarship,Q3 2025,Community Impact,achieved,Self-Employed,Completed
BEN-002406,Scholarship,Q1 2026,Employment,achieved,Employed,Completed
BEN-002422,Scholarship,Q3 2025,Employment,achieved,Employed,Completed
BEN-002432,Scholarship,Q4 2025,Employment,active,Employed,Completed
BEN-002441,Scholarship,Q1 2026,Entrepreneurship,achieved,Self-Employed,Completed
BEN-002459,Scholarship,Q1 2026,Community Impact,achieved,Self-Employed,Completed
BEN-002465,Scholarship,Q3 2025,Community Impact,active,Unemployed,Completed
BEN-002469,Scholarship,Q1 2025,Employment,not_achieved,Unemployed,Completed
BEN-002480,Scholarship,Q4 2025,Education,achieved,Unemployed,Completed
BEN-002487,Scholarship,Q1 2026,Entrepreneurship,achieved,Self-Employed,Completed
BEN-002501,Scholarship,Q2 2025,Employment,achieved,Employed,Completed
BEN-002505,Scholarship,Q1 2026,Entrepreneurship,achieved,Self-Employed,Completed
BEN-002507,Scholarship,Q2 2025,Community Impact,achieved,Unemployed,Completed
BEN-002522,Scholarship,Q2 2025,Community Impact,achieved,Self-Employed,Completed
BEN-002525,Scholarship,Q4 2025,Employment,not_achieved,Unemployed,Completed
BEN-002528,Scholarship,Q4 2025,Community Impact,active,Unemployed,Completed
BEN-002534,Scholarship,Q3 2025,Education,achieved,In Training,Completed
BEN-002553,Scholarship,Q3 2025,Education,achieved,In Training,Completed
BEN-002567,Scholarship,Q3 2025,Employment,active,Employed,Completed
BEN-002570,Scholarship,Q3 2025,Education,achieved,Unemployed,Completed
BEN-002580,Scholarship,Q1 2026,Education,achieved,In Training,Completed
BEN-002589,Scholarship,Q1 2026,Community Impact,active,Employed,Completed
BEN-002595,Scholarship,Q1 2026,Education,active,Employed,Completed
BEN-002604,Scholarship,Q3 2025,Education,active,Unemployed,Completed
BEN-002619,Scholarship,Q1 2026,Employment,not_achieved,Self-Employed,Completed
BEN-002628,Scholarship,Q4 2025,Community Impact,achieved,Self-Employed,Completed
BEN-002632,Scholarship,Q3 2025,Education,not_achieved,Unemployed,Completed
BEN-002636,Scholarship,Q1 2026,Entrepreneurship,achieved,Self-Employed,Completed
BEN-002648,Scholarship,Q3 2025,Employment,achieved,Employed,Completed
BEN-002670,Scholarship,Q1 2025,Employment,achieved,Employed,Completed
BEN-002674,Scholarship,Q4 2025,Entrepreneurship,active,Unemployed,Completed
BEN-002675,Scholarship,Q1 2025,Employment,active,Self-Employed,Completed
BEN-002685,Scholarship,Q3 2025,Employment,achieved,Employed,Completed
BEN-002705,Scholarship,Q2 2025,Education,achieved,In Training,Completed
BEN-002726,Scholarship,Q1 2026,Education,active,Employed,Completed
BEN-002727,Scholarship,Q4 2025,Employment,achieved,Employed,Completed
BEN-002738,Scholarship,Q1 2026,Employment,achieved,Employed,Completed
BEN-002739,Scholarship,Q2 2025,Entrepreneurship,not_achieved,Self-Employed,Completed
BEN-002745,Scholarship,Q1 2025,Community Impact,active,Self-Employed,Completed
BEN-002746,Scholarship,Q2 2025,Employment,achieved,Employed,Completed
BEN-002757,Scholarship,Q1 2025,Education,active,Unemployed,Completed
BEN-002763,Scholarship,Q4 2025,Education,achieved,Unemployed,Completed
BEN-002785,Scholarship,Q2 2025,Entrepreneurship,achieved,Self-Employed,Completed
BEN-002787,Scholarship,Q2 2025,Employment,achieved,Employed,Completed
BEN-002800,Scholarship,Q1 2025,Employment,not_achieved,Unemployed,Completed
BEN-002818,Scholarship,Q2 2025,Employment,achieved,Employed,Completed
BEN-002855,Scholarship,Q3 2025,Education,achieved,In Training,Completed
BEN-002874,Scholarship,Q1 2026,Education,not_achieved,Unemployed,Completed
BEN-002896,Scholarship,Q3 2025,Employment,achieved,Employed,Completed
BEN-002900,Scholarship,Q1 2025,Entrepreneurship,achieved,Self-Employed,Completed
BEN-002909,Scholarship,Q3 2025,Employment,active,Unemployed,Completed
BEN-002916,Scholarship,Q2 2025,Employment,active,Self-Employed,Completed
BEN-002922,Scholarship,Q1 2025,Community Impact,not_achieved,Unemployed,Completed
BEN-002923,Scholarship,Q4 2025,Employment,achieved,Employed,Completed
BEN-002934,Scholarship,Q3 2025,Entrepreneurship,achieved,Self-Employed,Completed
BEN-002947,Scholarship,Q1 2025,Education,achieved,Unemployed,Completed
BEN-002950,Scholarship,Q2 2025,Community Impact,achieved,Unemployed,Completed
BEN-002956,Scholarship,Q1 2025,Education,achieved,In Training,Completed
BEN-002960,Scholarship,Q4 2025,Entrepreneurship,achieved,Self-Employed,Completed
BEN-002985,Scholarship,Q4 2025,Entrepreneurship,achieved,Self-Employed,Completed
BEN-002991,Scholarship,Q3 2025,Entrepreneurship,achieved,Self-Employed,Completed
BEN-002999,Scholarship,Q3 2025,Community Impact,achieved,Employed,Completed
BEN-003004,Scholarship,Q1 2026,Employment,active,Unemployed,Completed
BEN-003009,Scholarship,Q1 2025,Employment,achieved,Employed,Completed
BEN-003011,Scholarship,Q4 2025,Employment,active,Unemployed,Completed
BEN-003027,Scholarship,Q2 2025,Employment,achieved,Employed,Completed
BEN-003032,Scholarship,Q2 2025,Community Impact,achieved,Self-Employed,Completed
BEN-003042,Scholarship,Q4 2025,Employment,not_achieved,Self-Employed,Completed
BEN-003057,Scholarship,Q2 2025,Entrepreneurship,active,Unemployed,Completed
BEN-003069,Scholarship,Q1 2025,Entrepreneurship,achieved,Self-Employed,Completed
BEN-003088,Scholarship,Q3 2025,Community Impact,achieved,Unemployed,Completed
BEN-003093,Scholarship,Q3 2025,Community Impact,active,Unemployed,Completed
BEN-003116,Scholarship,Q3 2025,Employment,active,Self-Employed,Completed
BEN-003118,Scholarship,Q3 2025,Education,achieved,Unemployed,Completed
BEN-003132,Scholarship,Q3 2025,Education,not_achieved,Self-Employed,Completed
BEN-003138,Scholarship,Q3 2025,Entrepreneurship,active,Unemployed,Completed
BEN-003139,Scholarship,Q1 2026,Community Impact,active,Unemployed,Completed
BEN-003141,Scholarship,Q1 2026,Entrepreneurship,not_achieved,Unemployed,Completed
BEN-003145,Scholarship,Q3 2025,Community Impact,achieved,Self-Employed,Completed
BEN-003168,Scholarship,Q3 2025,Community Impact,active,Self-Employed,Completed
BEN-003169,Scholarship,Q4 2025,Education,achieved,Unemployed,Completed
BEN-003174,Scholarship,Q1 2026,Employment,active,Employed,Completed
BEN-003188,Scholarship,Q1 2025,Community Impact,not_achieved,Unemployed,Completed
BEN-003190,Scholarship,Q4 2025,Employment,active,Employed,Completed
BEN-003204,Scholarship,Q4 2025,Employment,achieved,Employed,Completed
BEN-003207,Scholarship,Q3 2025,Community Impact,achieved,Unemployed,Completed
BEN-003209,Scholarship,Q2 2025,Employment,achieved,Employed,Completed
BEN-003214,Scholarship,Q4 2025,Education,not_achieved,Self-Employed,Completed
BEN-003221,Scholarship,Q1 2026,Employment,achieved,Employed,Completed
BEN-003237,Scholarship,Q2 2025,Education,active,Employed,Completed
BEN-003277,Scholarship,Q2 2025,Entrepreneurship,achieved,Self-Employed,Completed
BEN-003279,Scholarship,Q4 2025,Education,not_achieved,Self-Employed,Completed
BEN-003285,Scholarship,Q1 2026,Community Impact,active,Unemployed,Completed
BEN-003291,Scholarship,Q2 2025,Education,active,Unemployed,Completed
BEN-003313,Scholarship,Q3 2025,Education,achieved,In Training,Completed
BEN-003320,Scholarship,Q1 2026,Education,achieved,Unemployed,Completed
BEN-003325,Scholarship,Q4 2025,Education,achieved,Unemployed,Completed
BEN-003328,Scholarship,Q3 2025,Entrepreneurship,not_achieved,Unemployed,Completed
BEN-003339,Scholarship,Q2 2025,Entrepreneurship,achieved,Self-Employed,Completed
BEN-003344,Scholarship,Q3 2025,Education,achieved,Unemployed,Completed
BEN-003353,Scholarship,Q4 2025,Entrepreneurship,achieved,Self-Employed,Completed
BEN-003357,Scholarship,Q2 2025,Entrepreneurship,achieved,Self-Employed,Completed
BEN-003383,Scholarship,Q3 2025,Entrepreneurship,active,Self-Employed,Completed
BEN-003388,Scholarship,Q4 2025,Education,active,Self-Employed,Completed
BEN-003394,Scholarship,Q1 2026,Employment,not_achieved,Unemployed,Completed
BEN-003399,Scholarship,Q2 2025,Employment,not_achieved,Unemployed,Completed
BEN-003402,Scholarship,Q4 2025,Education,achieved,Unemployed,Completed
BEN-003406,Scholarship,Q1 2026,Education,achieved,Unemployed,Completed
BEN-003408,Scholarship,Q4 2025,Employment,active,Unemployed,Completed
BEN-003409,Scholarship,Q2 2025,Education,achieved,In Training,Completed
BEN-003462,Scholarship,Q3 2025,Education,achieved,In Training,Completed
BEN-003464,Scholarship,Q3 2025,Employment,achieved,Employed,Completed
BEN-003468,Scholarship,Q2 2025,Education,active,Self-Employed,Completed
BEN-003486,Scholarship,Q3 2025,Employment,not_achieved,Unemployed,Completed
BEN-003511,Scholarship,Q3 2025,Education,not_achieved,Unemployed,Completed
BEN-003512,Scholarship,Q1 2026,Community Impact,not_achieved,Self-Employed,Completed
BEN-003516,Scholarship,Q3 2025,Community Impact,active,Self-Employed,Completed
BEN-003525,Scholarship,Q2 2025,Community Impact,achieved,Self-Employed,Completed
BEN-003537,Scholarship,Q4 2025,Education,achieved,In Training,Completed
BEN-003550,Scholarship,Q2 2025,Community Impact,not_achieved,Unemployed,Completed
BEN-003554,Scholarship,Q4 2025,Education,achieved,In Training,Completed
BEN-003555,Scholarship,Q2 2025,Community Impact,active,Self-Employed,Completed
BEN-003560,Scholarship,Q3 2025,Employment,achieved,Employed,Completed
BEN-003561,Scholarship,Q4 2025,Employment,achieved,Employed,Completed
BEN-003563,Scholarship,Q1 2026,Community Impact,active,Unemployed,Completed
BEN-003566,Scholarship,Q3 2025,Employment,achieved,Employed,Completed
BEN-003572,Scholarship,Q2 2025,Education,active,Self-Employed,Completed
BEN-003574,Scholarship,Q3 2025,Education,achieved,In Training,Completed
BEN-003581,Scholarship,Q2 2025,Employment,achieved,Employed,Completed
BEN-003591,Scholarship,Q1 2025,Employment,achieved,Employed,Completed
BEN-003612,Scholarship,Q4 2025,Community Impact,achieved,Employed,Completed
BEN-003614,Scholarship,Q1 2026,Employment,achieved,Employed,Completed
BEN-003624,Scholarship,Q1 2025,Employment,achieved,Employed,Completed
BEN-003641,Scholarship,Q3 2025,Employment,achieved,Employed,Completed
BEN-003655,Scholarship,Q1 2025,Community Impact,achieved,Employed,Completed
BEN-003662,Scholarship,Q4 2025,Employment,active,Unemployed,Completed
BEN-003666,Scholarship,Q3 2025,Community Impact,achieved,Employed,Completed
BEN-003676,Scholarship,Q3 2025,Education,achieved,Unemployed,Completed
BEN-003678,Scholarship,Q4 2025,Employment,not_achieved,Employed,Completed
BEN-003680,Scholarship,Q2 2025,Employment,not_achieved,Employed,Completed
BEN-003692,Scholarship,Q4 2025,Education,not_achieved,Unemployed,Completed
BEN-003700,Scholarship,Q4 2025,Community Impact,active,Employed,Completed
BEN-003719,Scholarship,Q2 2025,Employment,achieved,Employed,Completed
BEN-003720,Scholarship,Q1 2026,Education,achieved,In Training,Completed
BEN-003732,Scholarship,Q2 2025,Community Impact,achieved,Employed,Completed
BEN-003738,Scholarship,Q3 2025,Entrepreneurship,achieved,Self-Employed,Completed
BEN-003756,Scholarship,Q4 2025,Community Impact,active,Employed,Completed
BEN-003765,Scholarship,Q3 2025,Education,achieved,Unemployed,Completed
BEN-003770,Scholarship,Q2 2025,Community Impact,achieved,Employed,Completed
BEN-003782,Scholarship,Q3 2025,Entrepreneurship,active,Unemployed,Completed
BEN-003786,Scholarship,Q2 2025,Employment,achieved,Employed,Completed
BEN-003802,Scholarship,Q1 2026,Education,not_achieved,Unemployed,Completed
BEN-003809,Scholarship,Q4 2025,Entrepreneurship,achieved,Self-Employed,Completed
BEN-003810,Scholarship,Q4 2025,Employment,not_achieved,Unemployed,Completed
BEN-003827,Scholarship,Q4 2025,Education,not_achieved,Employed,Completed
BEN-003831,Scholarship,Q2 2025,Entrepreneurship,achieved,Self-Employed,Completed
BEN-003833,Scholarship,Q2 2025,Education,achieved,Unemployed,Completed
BEN-003841,Scholarship,Q1 2026,Education,achieved,Unemployed,Completed
BEN-003844,Scholarship,Q4 2025,Entrepreneurship,achieved,Self-Employed,Completed
BEN-003846,Scholarship,Q2 2025,Employment,active,Self-Employed,Completed
BEN-003855,Scholarship,Q3 2025,Employment,not_achieved,Employed,Completed
BEN-003868,Scholarship,Q2 2025,Education,achieved,Unemployed,Completed
BEN-003870,Scholarship,Q3 2025,Employment,not_achieved,Unemployed,Completed
BEN-003874,Scholarship,Q4 2025,Employment,achieved,Employed,Completed
BEN-003902,Scholarship,Q1 2025,Education,not_achieved,Self-Employed,Completed
BEN-003917,Scholarship,Q2 2025,Employment,achieved,Employed,Completed
BEN-003918,Scholarship,Q4 2025,Employment,achieved,Employed,Completed
BEN-003936,Scholarship,Q2 2025,Education,active,Employed,Completed
BEN-003946,Scholarship,Q1 2026,Employment,achieved,Employed,Completed
BEN-003947,Scholarship,Q1 2026,Entrepreneurship,active,Employed,Completed
BEN-003958,Scholarship,Q2 2025,Employment,active,Self-Employed,Completed
BEN-003971,Scholarship,Q3 2025,Education,achieved,Unemployed,Completed
BEN-003974,Scholarship,Q3 2025,Employment,achieved,Employed,Completed
BEN-003976,Scholarship,Q1 2026,Education,achieved,In Training,Completed
BEN-003980,Scholarship,Q3 2025,Community Impact,achieved,Unemployed,Completed
BEN-003988,Scholarship,Q2 2025,Employment,achieved,Employed,Completed
BEN-003989,Scholarship,Q3 2025,Employment,not_achieved,Unemployed,Completed
BEN-003998,Scholarship,Q1 2026,Entrepreneurship,achieved,Self-Employed,Completed
BEN-004000,Scholarship,Q2 2025,Education,active,Unemployed,Completed
BEN-004001,Scholarship,Q3 2025,Entrepreneurship,not_achieved,Self-Employed,Completed
BEN-004009,Scholarship,Q1 2026,Education,achieved,In Training,Completed
BEN-004020,Scholarship,Q3 2025,Community Impact,not_achieved,Employed,Completed
BEN-004038,Scholarship,Q2 2025,Education,achieved,Unemployed,Completed
BEN-004043,Scholarship,Q2 2025,Education,active,Employed,Completed
BEN-004070,Scholarship,Q2 2025,Employment,achieved,Employed,Completed
BEN-004114,Scholarship,Q4 2025,Employment,achieved,Employed,Completed
BEN-004158,Scholarship,Q3 2025,Community Impact,achieved,Unemployed,Completed
BEN-004160,Scholarship,Q1 2026,Community Impact,not_achieved,Unemployed,Completed
BEN-004166,Scholarship,Q3 2025,Education,achieved,In Training,Completed
BEN-004170,Scholarship,Q3 2025,Employment,achieved,Employed,Completed
BEN-004180,Scholarship,Q1 2025,Community Impact,active,Self-Employed,Completed
BEN-004181,Scholarship,Q1 2026,Employment,active,Unemployed,Completed
BEN-004193,Scholarship,Q3 2025,Education,achieved,In Training,Completed
BEN-004195,Scholarship,Q3 2025,Employment,achieved,Employed,Completed
BEN-004206,Scholarship,Q4 2025,Community Impact,not_achieved,Unemployed,Completed
BEN-004212,Scholarship,Q1 2026,Community Impact,achieved,Employed,Completed
BEN-004227,Scholarship,Q1 2026,Education,achieved,In Training,Completed
BEN-004237,Scholarship,Q2 2025,Employment,achieved,Employed,Completed
BEN-004243,Scholarship,Q1 2026,Entrepreneurship,active,Employed,Completed
BEN-004256,Scholarship,Q3 2025,Entrepreneurship,achieved,Self-Employed,Completed
BEN-004266,Scholarship,Q3 2025,Employment,achieved,Employed,Completed
BEN-004269,Scholarship,Q2 2025,Entrepreneurship,achieved,Self-Employed,Completed
BEN-004276,Scholarship,Q1 2025,Community Impact,achieved,Unemployed,Completed
BEN-004277,Scholarship,Q3 2025,Employment,achieved,Employed,Completed
BEN-004279,Scholarship,Q2 2025,Employment,active,Employed,Completed
BEN-004292,Scholarship,Q3 2025,Entrepreneurship,active,Unemployed,Completed
BEN-004296,Scholarship,Q3 2025,Employment,active,Employed,Completed
BEN-004302,Scholarship,Q4 2025,Employment,achieved,Employed,Completed
BEN-004308,Scholarship,Q3 2025,Employment,achieved,Employed,Completed
BEN-004315,Scholarship,Q1 2026,Employment,active,Employed,Completed
BEN-004323,Scholarship,Q2 2025,Entrepreneurship,not_achieved,Self-Employed,Completed
BEN-004326,Scholarship,Q2 2025,Entrepreneurship,not_achieved,Unemployed,Completed
BEN-004328,Scholarship,Q2 2025,Entrepreneurship,active,Unemployed,Completed
BEN-004331,Scholarship,Q3 2025,Education,active,Employed,Completed
BEN-004332,Scholarship,Q4 2025,Employment,achieved,Employed,Completed
BEN-004336,Scholarship,Q4 2025,Entrepreneurship,active,Unemployed,Completed
BEN-004338,Scholarship,Q2 2025,Entrepreneurship,achieved,Self-Employed,Completed
BEN-004339,Scholarship,Q3 2025,Employment,active,Unemployed,Completed
BEN-004343,Scholarship,Q3 2025,Employment,achieved,Employed,Completed
BEN-004344,Scholarship,Q4 2025,Education,achieved,In Training,Completed
BEN-004355,Scholarship,Q1 2026,Education,achieved,In Training,Completed
BEN-004364,Scholarship,Q2 2025,Education,active,Self-Employed,Completed
BEN-004374,Scholarship,Q2 2025,Entrepreneurship,active,Unemployed,Completed
BEN-004403,Scholarship,Q3 2025,Education,active,Unemployed,Completed
BEN-004406,Scholarship,Q3 2025,Employment,active,Unemployed,Completed
BEN-004413,Scholarship,Q3 2025,Employment,active,Unemployed,Completed
BEN-004414,Scholarship,Q3 2025,Entrepreneurship,achieved,Self-Employed,Completed
BEN-004415,Scholarship,Q1 2026,Community Impact,not_achieved,Unemployed,Completed
BEN-004422,Scholarship,Q3 2025,Entrepreneurship,achieved,Self-Employed,Completed
BEN-004424,Scholarship,Q4 2025,Entrepreneurship,not_achieved,Employed,Completed
BEN-004430,Scholarship,Q2 2025,Entrepreneurship,achieved,Self-Employed,Completed
BEN-004434,Scholarship,Q4 2025,Community Impact,achieved,Employed,Completed
BEN-004435,Scholarship,Q3 2025,Employment,active,Unemployed,Completed
BEN-004437,Scholarship,Q1 2025,Employment,achieved,Employed,Completed
BEN-004440,Scholarship,Q1 2025,Community Impact,active,Unemployed,Completed
BEN-004451,Scholarship,Q1 2026,Education,achieved,Unemployed,Completed
BEN-004463,Scholarship,Q3 2025,Employment,achieved,Employed,Completed
BEN-004464,Scholarship,Q4 2025,Entrepreneurship,not_achieved,Self-Employed,Completed
BEN-004476,Scholarship,Q3 2025,Employment,achieved,Employed,Completed
BEN-004483,Scholarship,Q1 2026,Community Impact,not_achieved,Unemployed,Completed
BEN-004488,Scholarship,Q1 2026,Education,achieved,Unemployed,Completed
BEN-004492,Scholarship,Q3 2025,Employment,active,Self-Employed,Completed
BEN-004493,Scholarship,Q3 2025,Community Impact,active,Employed,Completed
BEN-004534,Scholarship,Q1 2026,Education,achieved,Unemployed,Completed
BEN-004537,Scholarship,Q3 2025,Entrepreneurship,achieved,Self-Employed,Completed
BEN-004554,Scholarship,Q3 2025,Education,achieved,In Training,Completed
BEN-004561,Scholarship,Q3 2025,Community Impact,achieved,Employed,Completed
BEN-004562,Scholarship,Q4 2025,Employment,active,Self-Employed,Completed
BEN-004568,Scholarship,Q3 2025,Community Impact,achieved,Self-Employed,Completed
BEN-004575,Scholarship,Q1 2025,Community Impact,achieved,Unemployed,Completed
BEN-004584,Scholarship,Q4 2025,Education,active,Unemployed,Completed
BEN-004638,Scholarship,Q4 2025,Community Impact,achieved,Employed,Completed
BEN-004642,Scholarship,Q2 2025,Community Impact,active,Self-Employed,Completed
BEN-004667,Scholarship,Q3 2025,Employment,achieved,Employed,Completed
BEN-004671,Scholarship,Q4 2025,Community Impact,achieved,Employed,Completed
BEN-004675,Scholarship,Q2 2025,Employment,achieved,Employed,Completed
BEN-004689,Scholarship,Q2 2025,Community Impact,not_achieved,Self-Employed,Completed
BEN-004692,Scholarship,Q1 2025,Entrepreneurship,achieved,Self-Employed,Completed
BEN-004701,Scholarship,Q1 2025,Entrepreneurship,achieved,Self-Employed,Completed
BEN-004707,Scholarship,Q4 2025,Employment,active,Self-Employed,Completed
BEN-004716,Scholarship,Q3 2025,Employment,achieved,Employed,Completed
BEN-004725,Scholarship,Q2 2025,Education,achieved,In Training,Completed
BEN-004739,Scholarship,Q1 2025,Community Impact,active,Employed,Completed
BEN-004743,Scholarship,Q3 2025,Employment,not_achieved,Unemployed,Completed
BEN-004748,Scholarship,Q3 2025,Entrepreneurship,achieved,Self-Employed,Completed
BEN-004774,Scholarship,Q4 2025,Education,achieved,In Training,Completed
BEN-004789,Scholarship,Q1 2025,Employment,achieved,Employed,Completed
BEN-004798,Scholarship,Q3 2025,Employment,achieved,Employed,Completed
BEN-004808,Scholarship,Q1 2026,Entrepreneurship,achieved,Self-Employed,Completed
BEN-004824,Scholarship,Q3 2025,Entrepreneurship,achieved,Self-Employed,Completed
BEN-004827,Scholarship,Q2 2025,Community Impact,active,Self-Employed,Completed
BEN-004833,Scholarship,Q2 2025,Employment,not_achieved,Self-Employed,Completed
BEN-004838,Scholarship,Q2 2025,Community Impact,achieved,Self-Employed,Completed
BEN-004839,Scholarship,Q3 2025,Employment,achieved,Employed,Completed
BEN-004853,Scholarship,Q4 2025,Entrepreneurship,active,Unemployed,Completed
BEN-004856,Scholarship,Q3 2025,Education,achieved,In Training,Completed
BEN-004859,Scholarship,Q2 2025,Community Impact,achieved,Self-Employed,Completed
BEN-004863,Scholarship,Q4 2025,Community Impact,achieved,Unemployed,Completed
BEN-004878,Scholarship,Q3 2025,Employment,achieved,Employed,Completed
BEN-004907,Scholarship,Q4 2025,Employment,not_achieved,Self-Employed,Completed
BEN-004910,Scholarship,Q2 2025,Education,active,Unemployed,Completed
BEN-004912,Scholarship,Q4 2025,Education,active,Unemployed,Completed
BEN-004918,Scholarship,Q1 2025,Employment,achieved,Employed,Completed
BEN-004958,Scholarship,Q1 2026,Education,active,Self-Employed,Completed
BEN-004966,Scholarship,Q2 2025,Community Impact,active,Unemployed,Completed
BEN-004968,Scholarship,Q2 2025,Employment,achieved,Employed,Completed
BEN-004976,Scholarship,Q1 2026,Employment,active,Unemployed,Completed
BEN-004979,Scholarship,Q2 2025,Employment,achieved,Employed,Completed
BEN-004983,Scholarship,Q1 2025,Entrepreneurship,not_achieved,Employed,Completed
BEN-004989,Scholarship,Q2 2025,Employment,achieved,Employed,Completed
BEN-004993,Scholarship,Q3 2025,Education,achieved,In Training,Completed
BEN-005026,Scholarship,Q4 2025,Employment,achieved,Employed,Completed
BEN-005038,Scholarship,Q4 2025,Employment,achieved,Employed,Completed
BEN-005041,Scholarship,Q3 2025,Community Impact,active,Unemployed,Completed
BEN-005045,Scholarship,Q2 2025,Community Impact,active,Self-Employed,Completed
BEN-005056,Scholarship,Q1 2026,Employment,achieved,Employed,Completed
BEN-005061,Scholarship,Q4 2025,Employment,not_achieved,Unemployed,Completed
BEN-005067,Scholarship,Q3 2025,Community Impact,not_achieved,Unemployed,Completed
BEN-005069,Scholarship,Q2 2025,Employment,achieved,Employed,Completed
BEN-005073,Scholarship,Q4 2025,Education,not_achieved,Employed,Completed
BEN-005076,Scholarship,Q1 2026,Community Impact,active,Unemployed,Completed
BEN-005079,Scholarship,Q2 2025,Employment,achieved,Employed,Completed
BEN-005100,Scholarship,Q1 2026,Community Impact,achieved,Self-Employed,Completed
BEN-005109,Scholarship,Q1 2025,Employment,achieved,Employed,Completed
BEN-005111,Scholarship,Q2 2025,Entrepreneurship,achieved,Self-Employed,Completed
BEN-005118,Scholarship,Q3 2025,Employment,achieved,Employed,Completed
BEN-005121,Scholarship,Q3 2025,Employment,achieved,Employed,Completed
BEN-005131,Scholarship,Q2 2025,Employment,achieved,Employed,Completed
BEN-005132,Scholarship,Q2 2025,Education,achieved,Unemployed,Completed
BEN-005138,Scholarship,Q4 2025,Employment,active,Self-Employed,Completed
BEN-005144,Scholarship,Q3 2025,Employment,not_achieved,Unemployed,Completed
BEN-005159,Scholarship,Q4 2025,Education,achieved,Unemployed,Completed
BEN-005162,Scholarship,Q2 2025,Education,active,Unemployed,Completed
BEN-005168,Scholarship,Q1 2026,Employment,achieved,Employed,Completed
BEN-005172,Scholarship,Q2 2025,Entrepreneurship,achieved,Self-Employed,Completed
BEN-005173,Scholarship,Q1 2025,Employment,achieved,Employed,Completed
BEN-005183,Scholarship,Q2 2025,Community Impact,achieved,Unemployed,Completed
BEN-005185,Scholarship,Q1 2026,Entrepreneurship,active,Unemployed,Completed
BEN-005187,Scholarship,Q1 2025,Education,achieved,In Training,Completed
BEN-005192,Scholarship,Q3 2025,Entrepreneurship,achieved,Self-Employed,Completed
BEN-005194,Scholarship,Q4 2025,Employment,active,Self-Employed,Completed
BEN-005197,Scholarship,Q4 2025,Education,achieved,In Training,Completed
BEN-005214,Scholarship,Q3 2025,Entrepreneurship,active,Unemployed,Completed
BEN-005224,Scholarship,Q3 2025,Community Impact,achieved,Self-Employed,Completed
BEN-005238,Scholarship,Q1 2025,Employment,achieved,Employed,Completed
BEN-005243,Scholarship,Q1 2026,Employment,achieved,Employed,Completed
BEN-005302,Scholarship,Q4 2025,Education,achieved,In Training,Completed
BEN-005308,Scholarship,Q4 2025,Entrepreneurship,active,Self-Employed,Completed
BEN-005321,Scholarship,Q3 2025,Employment,active,Self-Employed,Completed
BEN-005334,Scholarship,Q4 2025,Community Impact,not_achieved,Self-Employed,Completed
BEN-005337,Scholarship,Q1 2025,Community Impact,achieved,Unemployed,Completed
BEN-005345,Scholarship,Q3 2025,Education,achieved,Unemployed,Completed
BEN-005357,Scholarship,Q4 2025,Education,achieved,Unemployed,Completed
BEN-005365,Scholarship,Q2 2025,Education,active,Unemployed,Completed
BEN-005371,Scholarship,Q1 2025,Employment,active,Self-Employed,Completed
BEN-005380,Scholarship,Q4 2025,Entrepreneurship,active,Unemployed,Completed
BEN-005394,Scholarship,Q3 2025,Education,active,Unemployed,Completed
BEN-005408,Scholarship,Q1 2026,Education,achieved,In Training,Completed
BEN-005423,Scholarship,Q3 2025,Employment,achieved,Employed,Completed
BEN-005424,Scholarship,Q3 2025,Employment,achieved,Employed,Completed
BEN-005427,Scholarship,Q1 2025,Education,active,Unemployed,Completed
BEN-005432,Scholarship,Q1 2025,Education,achieved,Unemployed,Completed
BEN-005462,Scholarship,Q1 2025,Entrepreneurship,achieved,Self-Employed,Completed
BEN-005479,Scholarship,Q2 2025,Employment,achieved,Employed,Completed
BEN-005481,Scholarship,Q3 2025,Community Impact,achieved,Unemployed,Completed
BEN-005488,Scholarship,Q2 2025,Community Impact,achieved,Employed,Completed
BEN-005491,Scholarship,Q3 2025,Entrepreneurship,achieved,Self-Employed,Completed
BEN-005492,Scholarship,Q3 2025,Entrepreneurship,achieved,Self-Employed,Completed
BEN-005494,Scholarship,Q4 2025,Employment,active,Unemployed,Completed
BEN-005499,Scholarship,Q1 2026,Education,active,Unemployed,Completed
BEN-005517,Scholarship,Q4 2025,Employment,active,Employed,Completed
BEN-005520,Scholarship,Q2 2025,Employment,achieved,Employed,Completed
BEN-005555,Scholarship,Q2 2025,Education,active,Self-Employed,Completed
BEN-005561,Scholarship,Q3 2025,Employment,active,Employed,Completed
BEN-005564,Scholarship,Q2 2025,Entrepreneurship,achieved,Self-Employed,Completed
BEN-005573,Scholarship,Q1 2026,Employment,active,Self-Employed,Completed
BEN-005574,Scholarship,Q4 2025,Employment,active,Employed,Completed
BEN-005579,Scholarship,Q4 2025,Education,active,Unemployed,Completed
BEN-005580,Scholarship,Q4 2025,Education,achieved,Unemployed,Completed
BEN-005592,Scholarship,Q4 2025,Employment,not_achieved,Self-Employed,Completed
BEN-005593,Scholarship,Q3 2025,Employment,active,Unemployed,Completed
BEN-005608,Scholarship,Q4 2025,Community Impact,not_achieved,Unemployed,Completed
BEN-005610,Scholarship,Q1 2026,Employment,achieved,Employed,Completed
BEN-005611,Scholarship,Q2 2025,Entrepreneurship,not_achieved,Unemployed,Completed
BEN-005613,Scholarship,Q4 2025,Employment,active,Self-Employed,Completed
BEN-005627,Scholarship,Q2 2025,Employment,achieved,Employed,Completed
BEN-005637,Scholarship,Q3 2025,Employment,achieved,Employed,Completed
BEN-005668,Scholarship,Q2 2025,Employment,not_achieved,Unemployed,Completed
BEN-005672,Scholarship,Q4 2025,Employment,achieved,Employed,Completed
BEN-005675,Scholarship,Q1 2026,Employment,achieved,Employed,Completed
BEN-005688,Scholarship,Q3 2025,Employment,achieved,Employed,Completed
BEN-005691,Scholarship,Q4 2025,Education,achieved,Unemployed,Completed
BEN-005699,Scholarship,Q3 2025,Community Impact,active,Unemployed,Completed
BEN-005700,Scholarship,Q3 2025,Community Impact,achieved,Self-Employed,Completed
BEN-005713,Scholarship,Q1 2026,Community Impact,active,Unemployed,Completed
BEN-005714,Scholarship,Q1 2025,Education,active,Unemployed,Completed
BEN-005717,Scholarship,Q4 2025,Education,achieved,Unemployed,Completed
BEN-005723,Scholarship,Q1 2025,Community Impact,active,Employed,Completed
BEN-005733,Scholarship,Q2 2025,Community Impact,active,Self-Employed,Completed
BEN-005735,Scholarship,Q3 2025,Education,achieved,In Training,Completed
BEN-005737,Scholarship,Q2 2025,Employment,achieved,Employed,Completed
BEN-005740,Scholarship,Q1 2026,Entrepreneurship,active,Unemployed,Completed
BEN-005775,Scholarship,Q3 2025,Education,achieved,Unemployed,Completed
BEN-005778,Scholarship,Q1 2026,Education,achieved,In Training,Completed
BEN-005820,Scholarship,Q2 2025,Education,achieved,Unemployed,Completed
BEN-005830,Scholarship,Q3 2025,Entrepreneurship,active,Unemployed,Completed
BEN-005833,Scholarship,Q2 2025,Employment,achieved,Employed,Completed
BEN-005841,Scholarship,Q1 2026,Education,achieved,In Training,Completed
BEN-005850,Scholarship,Q4 2025,Community Impact,achieved,Self-Employed,Completed
BEN-005854,Scholarship,Q4 2025,Entrepreneurship,achieved,Self-Employed,Completed
BEN-005859,Scholarship,Q3 2025,Education,active,Unemployed,Completed
BEN-005860,Scholarship,Q1 2025,Employment,achieved,Employed,Completed
BEN-005882,Scholarship,Q1 2026,Community Impact,achieved,Unemployed,Completed
BEN-005888,Scholarship,Q3 2025,Employment,not_achieved,Employed,Completed
BEN-005901,Scholarship,Q1 2025,Employment,achieved,Employed,Completed
BEN-005907,Scholarship,Q1 2025,Education,achieved,Unemployed,Completed
BEN-005928,Scholarship,Q2 2025,Entrepreneurship,achieved,Self-Employed,Completed
BEN-005929,Scholarship,Q1 2025,Community Impact,active,Unemployed,Completed
BEN-005931,Scholarship,Q1 2026,Community Impact,not_achieved,Unemployed,Completed
BEN-005933,Scholarship,Q4 2025,Entrepreneurship,active,Unemployed,Completed
BEN-005945,Scholarship,Q1 2025,Education,active,Unemployed,Completed
BEN-005956,Scholarship,Q3 2025,Community Impact,achieved,Self-Employed,Completed
BEN-005968,Scholarship,Q3 2025,Education,achieved,Unemployed,Completed
BEN-005978,Scholarship,Q1 2026,Community Impact,not_achieved,Unemployed,Completed
BEN-005980,Scholarship,Q2 2025,Education,active,Unemployed,Completed
BEN-005999,Scholarship,Q3 2025,Employment,achieved,Employed,Completed
BEN-006005,Scholarship,Q3 2025,Employment,achieved,Employed,Completed
BEN-006006,Scholarship,Q4 2025,Education,not_achieved,Employed,Completed
BEN-006012,Scholarship,Q3 2025,Employment,achieved,Employed,Completed
BEN-006021,Scholarship,Q1 2026,Entrepreneurship,achieved,Self-Employed,Completed
BEN-006033,Scholarship,Q2 2025,Employment,achieved,Employed,Completed
BEN-006034,Scholarship,Q1 2025,Entrepreneurship,not_achieved,Self-Employed,Completed
BEN-006049,Scholarship,Q4 2025,Community Impact,achieved,Unemployed,Completed
BEN-006063,Scholarship,Q3 2025,Employment,achieved,Employed,Completed
BEN-006075,Scholarship,Q2 2025,Education,achieved,In Training,Completed
BEN-006082,Scholarship,Q3 2025,Education,achieved,In Training,Completed
BEN-006084,Scholarship,Q2 2025,Employment,active,Employed,Completed
BEN-006090,Scholarship,Q4 2025,Employment,achieved,Employed,Completed
BEN-006101,Scholarship,Q4 2025,Entrepreneurship,active,Unemployed,Completed
BEN-006109,Scholarship,Q1 2025,Entrepreneurship,active,Unemployed,Completed
BEN-006112,Scholarship,Q4 2025,Community Impact,achieved,Employed,Completed
BEN-006118,Scholarship,Q3 2025,Community Impact,achieved,Self-Employed,Completed
BEN-006120,Scholarship,Q2 2025,Community Impact,achieved,Unemployed,Completed
BEN-006137,Scholarship,Q1 2025,Employment,not_achieved,Employed,Completed
BEN-006153,Scholarship,Q2 2025,Community Impact,active,Employed,Completed
BEN-006154,Scholarship,Q3 2025,Entrepreneurship,achieved,Self-Employed,Completed
BEN-006165,Scholarship,Q1 2026,Employment,achieved,Employed,Completed
BEN-006168,Scholarship,Q2 2025,Entrepreneurship,achieved,Self-Employed,Completed
BEN-006200,Scholarship,Q1 2025,Education,achieved,In Training,Completed
BEN-006206,Scholarship,Q3 2025,Employment,achieved,Employed,Completed
BEN-006224,Scholarship,Q2 2025,Employment,not_achieved,Employed,Completed
BEN-006225,Scholarship,Q3 2025,Employment,achieved,Employed,Completed
BEN-006240,Scholarship,Q2 2025,Employment,active,Unemployed,Completed
BEN-006258,Scholarship,Q3 2025,Employment,not_achieved,Unemployed,Completed
BEN-006264,Scholarship,Q4 2025,Community Impact,active,Unemployed,Completed
BEN-006273,Scholarship,Q2 2025,Employment,not_achieved,Self-Employed,Completed
BEN-006287,Scholarship,Q3 2025,Entrepreneurship,active,Unemployed,Completed
BEN-006314,Scholarship,Q1 2026,Employment,achieved,Employed,Completed
BEN-006323,Scholarship,Q2 2025,Employment,achieved,Employed,Completed
BEN-006327,Scholarship,Q4 2025,Community Impact,active,Employed,Completed
BEN-006366,Scholarship,Q3 2025,Entrepreneurship,achieved,Self-Employed,Completed
BEN-006369,Scholarship,Q1 2025,Employment,achieved,Employed,Completed
BEN-006373,Scholarship,Q2 2025,Employment,active,Employed,Completed
BEN-006398,Scholarship,Q3 2025,Community Impact,not_achieved,Unemployed,Completed
BEN-006401,Scholarship,Q2 2025,Entrepreneurship,active,Employed,Completed
BEN-006407,Scholarship,Q2 2025,Entrepreneurship,achieved,Self-Employed,Completed
BEN-006409,Scholarship,Q1 2026,Community Impact,achieved,Self-Employed,Completed
BEN-006421,Scholarship,Q3 2025,Community Impact,achieved,Self-Employed,Completed
BEN-006431,Scholarship,Q1 2026,Entrepreneurship,achieved,Self-Employed,Completed
BEN-006446,Scholarship,Q3 2025,Employment,active,Unemployed,Completed
BEN-006463,Scholarship,Q1 2025,Education,achieved,Unemployed,Completed
BEN-006469,Scholarship,Q1 2026,Employment,achieved,Employed,Completed
BEN-006472,Scholarship,Q3 2025,Employment,not_achieved,Unemployed,Completed
BEN-006481,Scholarship,Q3 2025,Entrepreneurship,achieved,Self-Employed,Completed
BEN-006482,Scholarship,Q1 2025,Employment,active,Unemployed,Completed
BEN-006484,Scholarship,Q4 2025,Employment,achieved,Employed,Completed
BEN-006488,Scholarship,Q3 2025,Entrepreneurship,achieved,Self-Employed,Completed
BEN-006489,Scholarship,Q3 2025,Employment,achieved,Employed,Completed
BEN-006504,Scholarship,Q2 2025,Entrepreneurship,not_achieved,Self-Employed,Completed
BEN-006511,Scholarship,Q3 2025,Community Impact,not_achieved,Self-Employed,Completed
BEN-006518,Scholarship,Q4 2025,Entrepreneurship,active,Employed,Completed
BEN-006527,Scholarship,Q4 2025,Community Impact,achieved,Unemployed,Completed
BEN-006528,Scholarship,Q3 2025,Entrepreneurship,active,Unemployed,Completed
BEN-006550,Scholarship,Q1 2026,Education,active,Employed,Completed
BEN-006561,Scholarship,Q3 2025,Community Impact,achieved,Employed,Completed
BEN-006564,Scholarship,Q1 2026,Employment,achieved,Employed,Completed
BEN-006569,Scholarship,Q1 2026,Education,achieved,Unemployed,Completed
BEN-006577,Scholarship,Q3 2025,Community Impact,achieved,Unemployed,Completed
BEN-006578,Scholarship,Q4 2025,Employment,achieved,Employed,Completed
BEN-006581,Scholarship,Q1 2025,Entrepreneurship,achieved,Self-Employed,Completed
BEN-006582,Scholarship,Q1 2025,Employment,achieved,Employed,Completed
BEN-006584,Scholarship,Q2 2025,Education,active,Unemployed,Completed
BEN-006599,Scholarship,Q2 2025,Community Impact,achieved,Unemployed,Completed
BEN-006603,Scholarship,Q4 2025,Entrepreneurship,achieved,Self-Employed,Completed
BEN-006604,Scholarship,Q3 2025,Employment,achieved,Employed,Completed
BEN-006606,Scholarship,Q4 2025,Education,active,Unemployed,Completed
BEN-006618,Scholarship,Q1 2025,Employment,not_achieved,Unemployed,Completed
BEN-006626,Scholarship,Q1 2025,Entrepreneurship,achieved,Self-Employed,Completed
BEN-006629,Scholarship,Q1 2026,Education,achieved,Unemployed,Completed
BEN-006641,Scholarship,Q3 2025,Entrepreneurship,achieved,Self-Employed,Completed
BEN-006642,Scholarship,Q4 2025,Community Impact,achieved,Self-Employed,Completed
BEN-006660,Scholarship,Q3 2025,Entrepreneurship,achieved,Self-Employed,Completed
BEN-006668,Scholarship,Q1 2025,Employment,active,Employed,Completed
BEN-006672,Scholarship,Q2 2025,Entrepreneurship,active,Unemployed,Completed
BEN-006675,Scholarship,Q3 2025,Community Impact,achieved,Unemployed,Completed
BEN-006676,Scholarship,Q1 2026,Employment,active,Unemployed,Completed
BEN-006704,Scholarship,Q1 2025,Community Impact,active,Employed,Completed
BEN-006710,Scholarship,Q1 2026,Employment,achieved,Employed,Completed
BEN-006714,Scholarship,Q2 2025,Community Impact,achieved,Unemployed,Completed
BEN-006716,Scholarship,Q1 2025,Community Impact,active,Unemployed,Completed
BEN-006731,Scholarship,Q4 2025,Education,active,Employed,Completed
BEN-006749,Scholarship,Q3 2025,Employment,achieved,Employed,Completed
BEN-006751,Scholarship,Q2 2025,Employment,achieved,Employed,Completed
BEN-006757,Scholarship,Q1 2025,Employment,achieved,Employed,Completed
BEN-006764,Scholarship,Q4 2025,Community Impact,active,Unemployed,Completed
BEN-006782,Scholarship,Q2 2025,Education,achieved,Unemployed,Completed
BEN-006787,Scholarship,Q3 2025,Entrepreneurship,not_achieved,Employed,Completed
BEN-006799,Scholarship,Q2 2025,Community Impact,achieved,Self-Employed,Completed
BEN-006801,Scholarship,Q3 2025,Community Impact,achieved,Employed,Completed
BEN-006813,Scholarship,Q1 2026,Community Impact,achieved,Employed,Completed
BEN-006844,Scholarship,Q3 2025,Education,not_achieved,Employed,Completed
BEN-006847,Scholarship,Q3 2025,Education,achieved,In Training,Completed
BEN-006848,Scholarship,Q1 2025,Education,not_achieved,Employed,Completed
BEN-006871,Scholarship,Q1 2026,Entrepreneurship,achieved,Self-Employed,Completed
BEN-006872,Scholarship,Q3 2025,Employment,achieved,Employed,Completed
BEN-006886,Scholarship,Q1 2026,Entrepreneurship,active,Unemployed,Completed
BEN-006912,Scholarship,Q3 2025,Entrepreneurship,not_achieved,Unemployed,Completed
BEN-006923,Scholarship,Q1 2026,Entrepreneurship,active,Unemployed,Completed
BEN-006928,Scholarship,Q3 2025,Education,active,Employed,Completed
BEN-006937,Scholarship,Q4 2025,Employment,active,Unemployed,Completed
BEN-006943,Scholarship,Q2 2025,Community Impact,achieved,Employed,Completed
BEN-006949,Scholarship,Q2 2025,Community Impact,active,Unemployed,Completed
BEN-006962,Scholarship,Q3 2025,Community Impact,achieved,Self-Employed,Completed
BEN-006963,Scholarship,Q1 2025,Community Impact,achieved,Employed,Completed
BEN-006968,Scholarship,Q2 2025,Education,achieved,In Training,Completed
BEN-006969,Scholarship,Q1 2025,Education,achieved,Unemployed,Completed
BEN-006977,Scholarship,Q3 2025,Entrepreneurship,achieved,Self-Employed,Completed
BEN-006992,Scholarship,Q3 2025,Education,not_achieved,Unemployed,Completed
BEN-007000,Scholarship,Q3 2025,Education,active,Unemployed,Completed
BEN-007006,Scholarship,Q4 2025,Education,active,Unemployed,Completed
BEN-007010,Scholarship,Q3 2025,Community Impact,active,Employed,Completed
BEN-007015,Scholarship,Q3 2025,Community Impact,achieved,Unemployed,Completed
BEN-007022,Scholarship,Q4 2025,Entrepreneurship,achieved,Self-Employed,Completed
BEN-007025,Scholarship,Q3 2025,Entrepreneurship,not_achieved,Unemployed,Completed
BEN-007026,Scholarship,Q1 2025,Entrepreneurship,achieved,Self-Employed,Completed
BEN-007044,Scholarship,Q3 2025,Employment,active,Employed,Completed
BEN-007048,Scholarship,Q1 2026,Entrepreneurship,active,Unemployed,Completed
BEN-007059,Scholarship,Q2 2025,Employment,not_achieved,Unemployed,Completed
BEN-007069,Scholarship,Q4 2025,Employment,achieved,Employed,Completed
BEN-007070,Scholarship,Q1 2025,Entrepreneurship,not_achieved,Unemployed,Completed
BEN-007073,Scholarship,Q4 2025,Education,active,Self-Employed,Completed
BEN-007122,Scholarship,Q2 2025,Entrepreneurship,achieved,Self-Employed,Completed
BEN-007123,Scholarship,Q2 2025,Entrepreneurship,active,Self-Employed,Completed
BEN-007125,Scholarship,Q1 2025,Entrepreneurship,achieved,Self-Employed,Completed
BEN-007135,Scholarship,Q1 2025,Education,active,Self-Employed,Completed
BEN-007138,Scholarship,Q4 2025,Employment,achieved,Employed,Completed
BEN-007158,Scholarship,Q2 2025,Entrepreneurship,achieved,Self-Employed,Completed
BEN-007161,Scholarship,Q3 2025,Education,achieved,Unemployed,Completed
BEN-007187,Scholarship,Q3 2025,Employment,not_achieved,Unemployed,Completed
BEN-007188,Scholarship,Q3 2025,Entrepreneurship,achieved,Self-Employed,Completed
BEN-007200,Scholarship,Q3 2025,Education,active,Employed,Completed
BEN-007206,Scholarship,Q1 2026,Employment,active,Employed,Completed
BEN-007209,Scholarship,Q1 2025,Employment,active,Unemployed,Completed
BEN-007227,Scholarship,Q1 2026,Employment,not_achieved,Unemployed,Completed
BEN-007232,Scholarship,Q2 2025,Community Impact,achieved,Self-Employed,Completed
BEN-007233,Scholarship,Q2 2025,Community Impact,active,Employed,Completed
BEN-007246,Scholarship,Q1 2025,Employment,not_achieved,Self-Employed,Completed
BEN-007255,Scholarship,Q4 2025,Education,achieved,Unemployed,Completed
BEN-007260,Scholarship,Q3 2025,Education,active,Self-Employed,Completed
BEN-007272,Scholarship,Q3 2025,Employment,active,Self-Employed,Completed
BEN-007282,Scholarship,Q1 2025,Employment,achieved,Employed,Completed
BEN-007284,Scholarship,Q2 2025,Employment,active,Employed,Completed
BEN-007312,Scholarship,Q3 2025,Entrepreneurship,achieved,Self-Employed,Completed
BEN-007320,Scholarship,Q1 2026,Community Impact,achieved,Unemployed,Completed
BEN-007322,Scholarship,Q2 2025,Community Impact,achieved,Self-Employed,Completed
BEN-007332,Scholarship,Q2 2025,Education,active,Employed,Completed
BEN-007333,Scholarship,Q1 2026,Community Impact,achieved,Employed,Completed
BEN-007344,Scholarship,Q3 2025,Education,achieved,Unemployed,Completed
BEN-007363,Scholarship,Q2 2025,Entrepreneurship,achieved,Self-Employed,Completed
BEN-007372,Scholarship,Q3 2025,Employment,achieved,Employed,Completed
BEN-007377,Scholarship,Q3 2025,Employment,active,Unemployed,Completed
BEN-007395,Scholarship,Q4 2025,Community Impact,achieved,Employed,Completed
BEN-007413,Scholarship,Q3 2025,Employment,achieved,Employed,Completed
BEN-007417,Scholarship,Q3 2025,Entrepreneurship,achieved,Self-Employed,Completed
BEN-007421,Scholarship,Q4 2025,Community Impact,achieved,Employed,Completed
BEN-007429,Scholarship,Q1 2025,Education,not_achieved,Employed,Completed
BEN-007433,Scholarship,Q2 2025,Entrepreneurship,achieved,Self-Employed,Completed
BEN-007435,Scholarship,Q4 2025,Community Impact,achieved,Employed,Completed
BEN-007464,Scholarship,Q4 2025,Employment,not_achieved,Unemployed,Completed
BEN-007465,Scholarship,Q3 2025,Employment,achieved,Employed,Completed
BEN-007470,Scholarship,Q4 2025,Education,achieved,Unemployed,Completed
BEN-007484,Scholarship,Q1 2025,Education,active,Self-Employed,Completed
BEN-007492,Scholarship,Q2 2025,Education,achieved,In Training,Completed
BEN-007504,Scholarship,Q3 2025,Education,active,Unemployed,Completed
BEN-007523,Scholarship,Q4 2025,Community Impact,achieved,Self-Employed,Completed
BEN-007537,Scholarship,Q4 2025,Entrepreneurship,active,Unemployed,Completed
BEN-007540,Scholarship,Q4 2025,Community Impact,achieved,Self-Employed,Completed
BEN-007544,Scholarship,Q1 2026,Community Impact,achieved,Employed,Completed
BEN-007551,Scholarship,Q3 2025,Education,achieved,In Training,Completed
BEN-007563,Scholarship,Q2 2025,Community Impact,achieved,Employed,Completed
BEN-007599,Scholarship,Q3 2025,Community Impact,active,Unemployed,Completed
BEN-007606,Scholarship,Q1 2025,Employment,achieved,Employed,Completed
BEN-007607,Scholarship,Q3 2025,Employment,achieved,Employed,Completed
BEN-007609,Scholarship,Q3 2025,Employment,active,Unemployed,Completed
BEN-007616,Scholarship,Q4 2025,Employment,not_achieved,Self-Employed,Completed
BEN-007617,Scholarship,Q1 2025,Entrepreneurship,achieved,Self-Employed,Completed
BEN-007618,Scholarship,Q1 2025,Education,achieved,In Training,Completed
BEN-007635,Scholarship,Q4 2025,Entrepreneurship,achieved,Self-Employed,Completed
BEN-007636,Scholarship,Q4 2025,Employment,active,Employed,Completed
BEN-007647,Scholarship,Q1 2026,Education,achieved,Unemployed,Completed
BEN-007663,Scholarship,Q4 2025,Education,active,Unemployed,Completed
BEN-007665,Scholarship,Q2 2025,Education,active,Employed,Completed
BEN-007667,Scholarship,Q3 2025,Community Impact,achieved,Unemployed,Completed
BEN-007700,Scholarship,Q4 2025,Employment,achieved,Employed,Completed
BEN-007709,Scholarship,Q2 2025,Education,achieved,In Training,Completed
BEN-007711,Scholarship,Q3 2025,Education,achieved,In Training,Completed
BEN-007725,Scholarship,Q4 2025,Education,active,Unemployed,Completed
BEN-007735,Scholarship,Q4 2025,Employment,active,Unemployed,Completed
BEN-007761,Scholarship,Q2 2025,Community Impact,not_achieved,Self-Employed,Completed
BEN-007766,Scholarship,Q4 2025,Education,achieved,In Training,Completed
BEN-007772,Scholarship,Q2 2025,Education,achieved,Unemployed,Completed
BEN-007782,Scholarship,Q3 2025,Community Impact,active,Self-Employed,Completed
BEN-007790,Scholarship,Q4 2025,Employment,achieved,Employed,Completed
BEN-007791,Scholarship,Q4 2025,Entrepreneurship,active,Unemployed,Completed
BEN-007800,Scholarship,Q2 2025,Entrepreneurship,not_achieved,Unemployed,Completed
BEN-007831,Scholarship,Q2 2025,Employment,active,Unemployed,Completed
BEN-007840,Scholarship,Q3 2025,Employment,achieved,Employed,Completed
BEN-007848,Scholarship,Q1 2026,Community Impact,achieved,Unemployed,Completed
BEN-007849,Scholarship,Q4 2025,Entrepreneurship,achieved,Self-Employed,Completed
BEN-007863,Scholarship,Q3 2025,Education,active,Employed,Completed
BEN-007870,Scholarship,Q2 2025,Entrepreneurship,active,Unemployed,Completed
BEN-007872,Scholarship,Q3 2025,Community Impact,achieved,Employed,Completed
BEN-007885,Scholarship,Q2 2025,Employment,active,Self-Employed,Completed
BEN-007886,Scholarship,Q4 2025,Education,achieved,Unemployed,Completed
BEN-007893,Scholarship,Q3 2025,Entrepreneurship,achieved,Self-Employed,Completed
BEN-007894,Scholarship,Q2 2025,Education,achieved,In Training,Completed
BEN-007906,Scholarship,Q2 2025,Employment,achieved,Employed,Completed
BEN-007908,Scholarship,Q3 2025,Employment,achieved,Employed,Completed
BEN-007915,Scholarship,Q1 2025,Entrepreneurship,achieved,Self-Employed,Completed
BEN-007917,Scholarship,Q1 2025,Entrepreneurship,achieved,Self-Employed,Completed
BEN-007931,Scholarship,Q1 2025,Education,active,Unemployed,Completed
BEN-007940,Scholarship,Q2 2025,Entrepreneurship,active,Unemployed,Completed
BEN-007951,Scholarship,Q4 2025,Community Impact,active,Self-Employed,Completed
BEN-007966,Scholarship,Q4 2025,Community Impact,active,Unemployed,Completed
BEN-007967,Scholarship,Q3 2025,Education,achieved,In Training,Completed
BEN-007988,Scholarship,Q1 2025,Education,active,Employed,Completed
BEN-007991,Scholarship,Q4 2025,Employment,achieved,Employed,Completed
BEN-007996,Scholarship,Q1 2026,Community Impact,achieved,Employed,Completed
BEN-008001,Scholarship,Q4 2025,Education,achieved,Unemployed,Completed
BEN-008002,Scholarship,Q3 2025,Education,achieved,Unemployed,Completed
BEN-008031,Scholarship,Q3 2025,Education,active,Unemployed,Completed
BEN-008045,Scholarship,Q1 2025,Education,achieved,In Training,Completed
BEN-008053,Scholarship,Q2 2025,Entrepreneurship,not_achieved,Unemployed,Completed
BEN-008068,Scholarship,Q3 2025,Education,active,Unemployed,Completed
BEN-008069,Scholarship,Q4 2025,Entrepreneurship,active,Unemployed,Completed
BEN-008078,Scholarship,Q2 2025,Employment,achieved,Employed,Completed
BEN-008083,Scholarship,Q4 2025,Education,active,Employed,Completed
BEN-008085,Scholarship,Q4 2025,Employment,active,Employed,Completed
BEN-008087,Scholarship,Q2 2025,Employment,active,Self-Employed,Completed
BEN-008098,Scholarship,Q2 2025,Education,achieved,Unemployed,Completed
BEN-008107,Scholarship,Q3 2025,Education,active,Employed,Completed
BEN-008108,Scholarship,Q2 2025,Employment,achieved,Employed,Completed
BEN-008121,Scholarship,Q3 2025,Education,achieved,Unemployed,Completed
BEN-008146,Scholarship,Q3 2025,Community Impact,achieved,Unemployed,Completed
BEN-008150,Scholarship,Q3 2025,Community Impact,achieved,Unemployed,Completed
BEN-008170,Scholarship,Q1 2025,Entrepreneurship,not_achieved,Unemployed,Completed
BEN-008173,Scholarship,Q1 2026,Education,not_achieved,Unemployed,Completed
BEN-008182,Scholarship,Q1 2026,Education,achieved,Unemployed,Completed
BEN-008186,Scholarship,Q4 2025,Education,active,Self-Employed,Completed
BEN-008192,Scholarship,Q2 2025,Community Impact,achieved,Employed,Completed
BEN-008197,Scholarship,Q1 2026,Entrepreneurship,achieved,Self-Employed,Completed
BEN-008215,Scholarship,Q3 2025,Entrepreneurship,active,Unemployed,Completed
BEN-008220,Scholarship,Q2 2025,Education,achieved,In Training,Completed
BEN-008235,Scholarship,Q3 2025,Education,not_achieved,Unemployed,Completed
BEN-008243,Scholarship,Q1 2025,Employment,active,Unemployed,Completed
BEN-008246,Scholarship,Q2 2025,Entrepreneurship,active,Self-Employed,Completed
BEN-008250,Scholarship,Q2 2025,Employment,active,Unemployed,Completed
BEN-008253,Scholarship,Q3 2025,Entrepreneurship,not_achieved,Self-Employed,Completed
BEN-008271,Scholarship,Q4 2025,Entrepreneurship,achieved,Self-Employed,Completed
BEN-008275,Scholarship,Q3 2025,Education,achieved,In Training,Completed
BEN-008283,Scholarship,Q4 2025,Community Impact,achieved,Unemployed,Completed
BEN-008307,Scholarship,Q2 2025,Community Impact,achieved,Unemployed,Completed
BEN-008317,Scholarship,Q2 2025,Community Impact,not_achieved,Employed,Completed
BEN-008321,Scholarship,Q1 2025,Education,achieved,Unemployed,Completed
BEN-008339,Scholarship,Q2 2025,Employment,active,Unemployed,Completed
BEN-008344,Scholarship,Q2 2025,Entrepreneurship,active,Self-Employed,Completed
BEN-008348,Scholarship,Q3 2025,Employment,active,Unemployed,Completed
BEN-008353,Scholarship,Q3 2025,Employment,achieved,Employed,Completed
BEN-008364,Scholarship,Q4 2025,Community Impact,achieved,Employed,Completed
BEN-008368,Scholarship,Q2 2025,Entrepreneurship,achieved,Self-Employed,Completed
BEN-008378,Scholarship,Q3 2025,Education,achieved,In Training,Completed
BEN-008385,Scholarship,Q2 2025,Entrepreneurship,achieved,Self-Employed,Completed
BEN-008409,Scholarship,Q3 2025,Community Impact,active,Unemployed,Completed
BEN-008418,Scholarship,Q2 2025,Employment,active,Unemployed,Completed
BEN-008425,Scholarship,Q1 2025,Education,active,Self-Employed,Completed
BEN-008430,Scholarship,Q2 2025,Employment,active,Employed,Completed
BEN-008434,Scholarship,Q1 2025,Employment,active,Self-Employed,Completed
BEN-008439,Scholarship,Q2 2025,Employment,achieved,Employed,Completed
BEN-008442,Scholarship,Q3 2025,Community Impact,achieved,Self-Employed,Completed
BEN-008445,Scholarship,Q3 2025,Employment,achieved,Employed,Completed
BEN-008462,Scholarship,Q3 2025,Entrepreneurship,achieved,Self-Employed,Completed
BEN-008495,Scholarship,Q1 2026,Employment,achieved,Employed,Completed
BEN-008507,Scholarship,Q2 2025,Entrepreneurship,not_achieved,Unemployed,Completed
BEN-008521,Scholarship,Q4 2025,Education,active,Unemployed,Completed
BEN-008524,Scholarship,Q2 2025,Entrepreneurship,achieved,Self-Employed,Completed
BEN-008532,Scholarship,Q1 2025,Community Impact,achieved,Self-Employed,Completed
BEN-008541,Scholarship,Q4 2025,Community Impact,achieved,Unemployed,Completed
BEN-008542,Scholarship,Q4 2025,Education,active,Self-Employed,Completed
BEN-008544,Scholarship,Q3 2025,Community Impact,active,Unemployed,Completed
BEN-008560,Scholarship,Q3 2025,Employment,achieved,Employed,Completed
BEN-008572,Scholarship,Q3 2025,Entrepreneurship,not_achieved,Employed,Completed
BEN-008596,Scholarship,Q3 2025,Education,achieved,In Training,Completed
BEN-008610,Scholarship,Q2 2025,Community Impact,achieved,Self-Employed,Completed
BEN-008613,Scholarship,Q3 2025,Employment,achieved,Employed,Completed
BEN-008616,Scholarship,Q1 2025,Employment,not_achieved,Unemployed,Completed
BEN-008617,Scholarship,Q2 2025,Education,achieved,Unemployed,Completed
BEN-008619,Scholarship,Q2 2025,Entrepreneurship,achieved,Self-Employed,Completed
BEN-008636,Scholarship,Q3 2025,Entrepreneurship,active,Employed,Completed
BEN-008641,Scholarship,Q1 2025,Employment,achieved,Employed,Completed
BEN-008645,Scholarship,Q4 2025,Community Impact,achieved,Self-Employed,Completed
BEN-008646,Scholarship,Q3 2025,Employment,achieved,Employed,Completed
BEN-008659,Scholarship,Q1 2025,Education,achieved,Unemployed,Completed
BEN-008666,Scholarship,Q4 2025,Employment,not_achieved,Self-Employed,Completed
BEN-008670,Scholarship,Q2 2025,Education,achieved,In Training,Completed
BEN-008681,Scholarship,Q3 2025,Employment,active,Employed,Completed
BEN-008689,Scholarship,Q3 2025,Community Impact,achieved,Unemployed,Completed
BEN-008710,Scholarship,Q3 2025,Community Impact,achieved,Employed,Completed
BEN-008726,Scholarship,Q3 2025,Employment,active,Employed,Completed
BEN-008735,Scholarship,Q2 2025,Employment,not_achieved,Unemployed,Completed
BEN-008737,Scholarship,Q1 2025,Education,active,Self-Employed,Completed
BEN-008740,Scholarship,Q3 2025,Entrepreneurship,achieved,Self-Employed,Completed
BEN-008749,Scholarship,Q3 2025,Entrepreneurship,achieved,Self-Employed,Completed
BEN-008754,Scholarship,Q4 2025,Entrepreneurship,achieved,Self-Employed,Completed
BEN-008759,Scholarship,Q4 2025,Employment,achieved,Employed,Completed
BEN-008769,Scholarship,Q2 2025,Community Impact,active,Employed,Completed
BEN-008784,Scholarship,Q3 2025,Entrepreneurship,not_achieved,Unemployed,Completed
BEN-008786,Scholarship,Q4 2025,Community Impact,achieved,Unemployed,Completed
BEN-008793,Scholarship,Q1 2026,Education,achieved,In Training,Completed
BEN-008798,Scholarship,Q1 2026,Employment,achieved,Employed,Completed
BEN-008799,Scholarship,Q1 2025,Employment,achieved,Employed,Completed
BEN-008812,Scholarship,Q1 2025,Employment,achieved,Employed,Completed
BEN-008823,Scholarship,Q3 2025,Entrepreneurship,active,Unemployed,Completed
BEN-008833,Scholarship,Q1 2026,Entrepreneurship,achieved,Self-Employed,Completed
BEN-008845,Scholarship,Q2 2025,Education,achieved,In Training,Completed
BEN-008847,Scholarship,Q1 2025,Employment,not_achieved,Unemployed,Completed
BEN-008848,Scholarship,Q1 2025,Employment,active,Unemployed,Completed
BEN-008862,Scholarship,Q3 2025,Employment,achieved,Employed,Completed
BEN-008871,Scholarship,Q3 2025,Education,achieved,In Training,Completed
BEN-008881,Scholarship,Q1 2026,Education,achieved,Unemployed,Completed
BEN-008889,Scholarship,Q4 2025,Community Impact,achieved,Unemployed,Completed
BEN-008896,Scholarship,Q1 2026,Education,active,Unemployed,Completed
BEN-008913,Scholarship,Q4 2025,Community Impact,achieved,Employed,Completed
BEN-008917,Scholarship,Q4 2025,Entrepreneurship,not_achieved,Unemployed,Completed
BEN-008920,Scholarship,Q2 2025,Education,active,Employed,Completed
BEN-008923,Scholarship,Q4 2025,Education,active,Unemployed,Completed
BEN-008932,Scholarship,Q4 2025,Education,achieved,In Training,Completed
BEN-008937,Scholarship,Q1 2026,Education,active,Self-Employed,Completed
BEN-008942,Scholarship,Q4 2025,Community Impact,achieved,Unemployed,Completed
BEN-008945,Scholarship,Q1 2025,Education,active,Unemployed,Completed
BEN-008959,Scholarship,Q1 2025,Education,achieved,Unemployed,Completed
BEN-008960,Scholarship,Q1 2025,Community Impact,achieved,Self-Employed,Completed
BEN-008962,Scholarship,Q1 2025,Entrepreneurship,active,Unemployed,Completed
BEN-008966,Scholarship,Q3 2025,Education,not_achieved,Unemployed,Completed
BEN-008970,Scholarship,Q2 2025,Employment,not_achieved,Self-Employed,Completed
BEN-008971,Scholarship,Q3 2025,Community Impact,active,Self-Employed,Completed
BEN-008978,Scholarship,Q1 2026,Employment,achieved,Employed,Completed
BEN-008991,Scholarship,Q1 2026,Employment,achieved,Employed,Completed
BEN-009008,Scholarship,Q4 2025,Entrepreneurship,achieved,Self-Employed,Completed
BEN-009018,Scholarship,Q2 2025,Entrepreneurship,achieved,Self-Employed,Completed
BEN-009019,Scholarship,Q2 2025,Entrepreneurship,achieved,Self-Employed,Completed
BEN-009031,Scholarship,Q4 2025,Community Impact,achieved,Employed,Completed
BEN-009034,Scholarship,Q1 2025,Community Impact,achieved,Self-Employed,Completed
BEN-009036,Scholarship,Q2 2025,Entrepreneurship,active,Employed,Completed
BEN-009056,Scholarship,Q1 2025,Employment,active,Self-Employed,Completed
BEN-009059,Scholarship,Q4 2025,Employment,active,Unemployed,Completed
BEN-009075,Scholarship,Q4 2025,Education,achieved,In Training,Completed
BEN-009088,Scholarship,Q4 2025,Employment,not_achieved,Self-Employed,Completed
BEN-009103,Scholarship,Q3 2025,Community Impact,achieved,Self-Employed,Completed
BEN-009104,Scholarship,Q4 2025,Employment,not_achieved,Employed,Completed
BEN-009108,Scholarship,Q4 2025,Employment,active,Unemployed,Completed
BEN-009120,Scholarship,Q2 2025,Entrepreneurship,achieved,Self-Employed,Completed
BEN-009144,Scholarship,Q3 2025,Community Impact,achieved,Self-Employed,Completed
BEN-009146,Scholarship,Q1 2025,Community Impact,achieved,Employed,Completed
BEN-009150,Scholarship,Q3 2025,Employment,active,Unemployed,Completed
BEN-009159,Scholarship,Q3 2025,Employment,achieved,Employed,Completed
BEN-009168,Scholarship,Q1 2025,Employment,achieved,Employed,Completed
BEN-009170,Scholarship,Q4 2025,Employment,not_achieved,Employed,Completed
BEN-009174,Scholarship,Q1 2026,Education,not_achieved,Unemployed,Completed
BEN-009176,Scholarship,Q3 2025,Employment,active,Unemployed,Completed
BEN-009182,Scholarship,Q3 2025,Community Impact,achieved,Employed,Completed
BEN-009186,Scholarship,Q3 2025,Employment,achieved,Employed,Completed
BEN-009196,Scholarship,Q2 2025,Education,active,Unemployed,Completed
BEN-009200,Scholarship,Q2 2025,Community Impact,achieved,Unemployed,Completed
BEN-009223,Scholarship,Q3 2025,Education,not_achieved,Employed,Completed
BEN-009239,Scholarship,Q3 2025,Community Impact,active,Unemployed,Completed
BEN-009241,Scholarship,Q2 2025,Entrepreneurship,active,Self-Employed,Completed
BEN-009246,Scholarship,Q3 2025,Education,achieved,Unemployed,Completed
BEN-009250,Scholarship,Q1 2025,Community Impact,active,Unemployed,Completed
BEN-009257,Scholarship,Q4 2025,Education,achieved,Unemployed,Completed
BEN-009259,Scholarship,Q1 2025,Education,achieved,Unemployed,Completed
BEN-009260,Scholarship,Q3 2025,Employment,achieved,Employed,Completed
BEN-009269,Scholarship,Q3 2025,Community Impact,not_achieved,Unemployed,Completed
BEN-009273,Scholarship,Q2 2025,Community Impact,achieved,Self-Employed,Completed
BEN-009277,Scholarship,Q1 2025,Education,achieved,Unemployed,Completed
BEN-009283,Scholarship,Q1 2026,Employment,achieved,Employed,Completed
BEN-009318,Scholarship,Q1 2026,Employment,achieved,Employed,Completed
BEN-009323,Scholarship,Q2 2025,Entrepreneurship,active,Unemployed,Completed
BEN-009324,Scholarship,Q4 2025,Community Impact,achieved,Unemployed,Completed
BEN-009350,Scholarship,Q1 2025,Employment,not_achieved,Unemployed,Completed
BEN-009351,Scholarship,Q1 2025,Employment,achieved,Employed,Completed
BEN-009360,Scholarship,Q2 2025,Employment,achieved,Employed,Completed
BEN-009364,Scholarship,Q2 2025,Employment,active,Unemployed,Completed
BEN-009380,Scholarship,Q2 2025,Employment,achieved,Employed,Completed
BEN-009404,Scholarship,Q3 2025,Education,active,Self-Employed,Completed
BEN-009415,Scholarship,Q3 2025,Education,active,Employed,Completed
BEN-009416,Scholarship,Q1 2026,Employment,achieved,Employed,Completed
BEN-009437,Scholarship,Q1 2025,Employment,achieved,Employed,Completed
BEN-009456,Scholarship,Q1 2025,Entrepreneurship,achieved,Self-Employed,Completed
BEN-009498,Scholarship,Q4 2025,Employment,achieved,Employed,Completed
BEN-009499,Scholarship,Q4 2025,Community Impact,achieved,Employed,Completed
BEN-009503,Scholarship,Q1 2025,Employment,achieved,Employed,Completed
BEN-009527,Scholarship,Q4 2025,Community Impact,achieved,Employed,Completed
BEN-009530,Scholarship,Q1 2026,Community Impact,not_achieved,Unemployed,Completed
BEN-009532,Scholarship,Q1 2026,Community Impact,achieved,Self-Employed,Completed
BEN-009543,Scholarship,Q1 2025,Entrepreneurship,active,Unemployed,Completed
BEN-009556,Scholarship,Q4 2025,Entrepreneurship,achieved,Self-Employed,Completed
BEN-009574,Scholarship,Q2 2025,Education,achieved,Unemployed,Completed
BEN-009580,Scholarship,Q2 2025,Employment,achieved,Employed,Completed
BEN-009594,Scholarship,Q2 2025,Education,achieved,In Training,Completed
BEN-009602,Scholarship,Q4 2025,Community Impact,achieved,Unemployed,Completed
BEN-009607,Scholarship,Q2 2025,Entrepreneurship,not_achieved,Employed,Completed
BEN-009611,Scholarship,Q1 2025,Employment,achieved,Employed,Completed
BEN-009618,Scholarship,Q3 2025,Education,not_achieved,Self-Employed,Completed
BEN-009638,Scholarship,Q2 2025,Employment,active,Employed,Completed
BEN-009643,Scholarship,Q3 2025,Employment,achieved,Employed,Completed
BEN-009647,Scholarship,Q4 2025,Employment,achieved,Employed,Completed
BEN-009652,Scholarship,Q3 2025,Employment,active,Unemployed,Completed
BEN-009656,Scholarship,Q1 2025,Community Impact,achieved,Employed,Completed
BEN-009663,Scholarship,Q3 2025,Community Impact,not_achieved,Self-Employed,Completed
BEN-009672,Scholarship,Q3 2025,Employment,active,Employed,Completed
BEN-009673,Scholarship,Q3 2025,Education,active,Self-Employed,Completed
BEN-009677,Scholarship,Q1 2025,Education,active,Unemployed,Completed
BEN-009682,Scholarship,Q3 2025,Entrepreneurship,achieved,Self-Employed,Completed
BEN-009688,Scholarship,Q1 2025,Entrepreneurship,achieved,Self-Employed,Completed
BEN-009695,Scholarship,Q3 2025,Entrepreneurship,achieved,Self-Employed,Completed
BEN-009706,Scholarship,Q1 2026,Employment,active,Self-Employed,Completed
BEN-009716,Scholarship,Q4 2025,Employment,not_achieved,Unemployed,Completed
BEN-009722,Scholarship,Q1 2025,Entrepreneurship,achieved,Self-Employed,Completed
BEN-009735,Scholarship,Q1 2025,Education,active,Unemployed,Completed
BEN-009748,Scholarship,Q1 2025,Education,achieved,In Training,Completed
BEN-009749,Scholarship,Q4 2025,Entrepreneurship,achieved,Self-Employed,Completed
BEN-009758,Scholarship,Q4 2025,Community Impact,achieved,Unemployed,Completed
BEN-009781,Scholarship,Q3 2025,Education,achieved,In Training,Completed
BEN-009784,Scholarship,Q1 2026,Employment,achieved,Employed,Completed
BEN-009796,Scholarship,Q1 2026,Community Impact,not_achieved,Unemployed,Completed
BEN-009800,Scholarship,Q3 2025,Entrepreneurship,not_achieved,Unemployed,Completed
BEN-009804,Scholarship,Q2 2025,Employment,achieved,Employed,Completed
BEN-009810,Scholarship,Q2 2025,Community Impact,not_achieved,Unemployed,Completed
BEN-009813,Scholarship,Q2 2025,Employment,not_achieved,Self-Employed,Completed
BEN-009819,Scholarship,Q1 2026,Community Impact,achieved,Self-Employed,Completed
BEN-009820,Scholarship,Q2 2025,Education,active,Employed,Completed
BEN-009824,Scholarship,Q1 2025,Education,active,Unemployed,Completed
BEN-009829,Scholarship,Q2 2025,Community Impact,achieved,Employed,Completed
BEN-009834,Scholarship,Q4 2025,Employment,achieved,Employed,Completed
BEN-009840,Scholarship,Q3 2025,Education,achieved,Unemployed,Completed
BEN-009850,Scholarship,Q4 2025,Community Impact,achieved,Unemployed,Completed
BEN-009851,Scholarship,Q3 2025,Employment,achieved,Employed,Completed
BEN-009854,Scholarship,Q2 2025,Employment,active,Employed,Completed
BEN-009861,Scholarship,Q2 2025,Entrepreneurship,active,Self-Employed,Completed
BEN-009866,Scholarship,Q1 2025,Employment,achieved,Employed,Completed
BEN-009872,Scholarship,Q4 2025,Community Impact,not_achieved,Unemployed,Completed
BEN-009880,Scholarship,Q4 2025,Education,achieved,In Training,Completed
BEN-009883,Scholarship,Q4 2025,Entrepreneurship,active,Self-Employed,Completed
BEN-009901,Scholarship,Q3 2025,Education,active,Unemployed,Completed
BEN-009907,Scholarship,Q3 2025,Employment,achieved,Employed,Completed
BEN-009914,Scholarship,Q1 2025,Education,achieved,Unemployed,Completed
BEN-009931,Scholarship,Q3 2025,Community Impact,achieved,Employed,Completed
BEN-009932,Scholarship,Q4 2025,Employment,achieved,Employed,Completed
BEN-009939,Scholarship,Q1 2025,Community Impact,active,Self-Employed,Completed
BEN-009949,Scholarship,Q4 2025,Entrepreneurship,achieved,Self-Employed,Completed
BEN-009970,Scholarship,Q1 2025,Employment,achieved,Employed,Completed
BEN-009984,Scholarship,Q3 2025,Employment,active,Unemployed,Completed
BEN-009986,Scholarship,Q2 2025,Education,achieved,In Training,Completed
BEN-009988,Scholarship,Q3 2025,Community Impact,achieved,Self-Employed,Completed
BEN-009994,Scholarship,Q1 2026,Employment,achieved,Employed,Completed
BEN-009999,Scholarship,Q2 2025,Entrepreneurship,achieved,Self-Employed,Completed
BEN-000002,Plus,Q1 2026,Education,active,Unemployed,Completed
BEN-000005,Plus,Q2 2025,Employment,active,Employed,Completed
BEN-000012,Plus,Q4 2025,Employment,not_achieved,Employed,Completed
BEN-000015,Plus,Q2 2026,Entrepreneurship,achieved,Self-Employed,Completed
BEN-000017,Plus,Q4 2025,Education,not_achieved,Self-Employed,Completed
BEN-000026,Plus,Q1 2026,Education,achieved,In Training,Completed
BEN-000029,Plus,Q1 2025,Employment,achieved,Employed,Completed
BEN-000036,Plus,Q1 2026,Employment,achieved,Employed,Completed
BEN-000043,Plus,Q4 2025,Employment,achieved,Employed,Completed
BEN-000045,Plus,Q1 2026,Education,achieved,Unemployed,Completed
BEN-000056,Plus,Q4 2025,Entrepreneurship,achieved,Self-Employed,Completed
BEN-000061,Plus,Q4 2025,Employment,not_achieved,Unemployed,Completed
BEN-000065,Plus,Q3 2025,Entrepreneurship,active,Unemployed,Completed
BEN-000067,Plus,Q1 2026,Education,achieved,Unemployed,Completed
BEN-000069,Plus,Q2 2026,Education,achieved,Unemployed,Completed
BEN-000073,Plus,Q4 2025,Employment,achieved,Employed,Completed
BEN-000075,Plus,Q2 2026,Entrepreneurship,achieved,Self-Employed,Completed
BEN-000083,Plus,Q1 2026,Community Impact,achieved,Self-Employed,Completed
BEN-000095,Plus,Q2 2025,Employment,achieved,Employed,Completed
BEN-000118,Plus,Q4 2025,Employment,not_achieved,Unemployed,Completed
BEN-000119,Plus,Q4 2025,Education,achieved,In Training,Completed
BEN-000126,Plus,Q2 2026,Entrepreneurship,active,Self-Employed,Completed
BEN-000127,Plus,Q2 2026,Employment,not_achieved,Unemployed,Completed
BEN-000128,Plus,Q4 2025,Entrepreneurship,not_achieved,Employed,Completed
BEN-000131,Plus,Q3 2025,Employment,achieved,Employed,Completed
BEN-000136,Plus,Q4 2025,Education,active,Unemployed,Completed
BEN-000141,Plus,Q3 2025,Employment,achieved,Employed,Completed
BEN-000142,Plus,Q1 2025,Employment,achieved,Employed,Completed
BEN-000146,Plus,Q4 2025,Entrepreneurship,not_achieved,Employed,Completed
BEN-000150,Plus,Q4 2025,Employment,active,Employed,Completed
BEN-000152,Plus,Q3 2025,Employment,not_achieved,Employed,Completed
BEN-000156,Plus,Q1 2025,Education,achieved,Unemployed,Completed
BEN-000157,Plus,Q2 2026,Entrepreneurship,achieved,Self-Employed,Completed
BEN-000163,Plus,Q1 2026,Employment,active,Unemployed,Completed
BEN-000165,Plus,Q4 2025,Employment,active,Employed,Completed
BEN-000168,Plus,Q1 2025,Employment,achieved,Employed,Completed
BEN-000172,Plus,Q4 2025,Community Impact,not_achieved,Unemployed,Completed
BEN-000175,Plus,Q2 2026,Employment,active,Self-Employed,Completed
BEN-000180,Plus,Q2 2026,Entrepreneurship,active,Unemployed,Completed
BEN-000184,Plus,Q3 2025,Employment,achieved,Employed,Completed
BEN-000189,Plus,Q4 2025,Community Impact,achieved,Employed,Completed
BEN-000206,Plus,Q2 2025,Employment,achieved,Employed,Completed
BEN-000214,Plus,Q3 2025,Employment,achieved,Employed,Completed
BEN-000227,Plus,Q4 2025,Employment,active,Unemployed,Completed
BEN-000229,Plus,Q2 2025,Employment,active,Employed,Completed
BEN-000232,Plus,Q3 2025,Employment,achieved,Employed,Completed
BEN-000233,Plus,Q4 2025,Entrepreneurship,not_achieved,Unemployed,Completed
BEN-000237,Plus,Q3 2025,Community Impact,active,Self-Employed,Completed
BEN-000243,Plus,Q2 2025,Entrepreneurship,active,Unemployed,Completed
BEN-000247,Plus,Q1 2026,Education,active,Unemployed,Completed
BEN-000248,Plus,Q1 2026,Entrepreneurship,achieved,Self-Employed,Completed
BEN-000253,Plus,Q2 2026,Community Impact,active,Self-Employed,Completed
BEN-000259,Plus,Q2 2026,Employment,active,Employed,Completed
BEN-000262,Plus,Q2 2026,Employment,active,Self-Employed,Completed
BEN-000265,Plus,Q3 2025,Employment,achieved,Employed,Completed
BEN-000281,Plus,Q4 2025,Entrepreneurship,active,Employed,Completed
BEN-000285,Plus,Q2 2026,Education,achieved,Unemployed,Completed
BEN-000294,Plus,Q1 2026,Community Impact,achieved,Employed,Completed
BEN-000309,Plus,Q2 2026,Employment,achieved,Employed,Completed
BEN-000312,Plus,Q2 2025,Employment,achieved,Employed,Completed
BEN-000314,Plus,Q1 2026,Entrepreneurship,achieved,Self-Employed,Completed
BEN-000321,Plus,Q1 2025,Employment,achieved,Employed,Completed
BEN-000323,Plus,Q2 2026,Community Impact,active,Unemployed,Completed
BEN-000325,Plus,Q3 2025,Entrepreneurship,achieved,Self-Employed,Completed
BEN-000326,Plus,Q2 2025,Entrepreneurship,not_achieved,Unemployed,Completed
BEN-000328,Plus,Q1 2026,Education,achieved,In Training,Completed
BEN-000337,Plus,Q4 2025,Community Impact,active,Unemployed,Completed
BEN-000339,Plus,Q1 2026,Employment,achieved,Employed,Completed
BEN-000343,Plus,Q2 2026,Employment,achieved,Employed,Completed
BEN-000346,Plus,Q3 2025,Education,not_achieved,Unemployed,Completed
BEN-000349,Plus,Q4 2025,Entrepreneurship,active,Self-Employed,Completed
BEN-000350,Plus,Q4 2025,Community Impact,active,Employed,Completed
BEN-000351,Plus,Q4 2025,Community Impact,active,Unemployed,Completed
BEN-000359,Plus,Q1 2026,Community Impact,not_achieved,Employed,Completed
BEN-000367,Plus,Q1 2025,Education,achieved,Unemployed,Completed
BEN-000378,Plus,Q2 2025,Employment,active,Unemployed,Completed
BEN-000384,Plus,Q4 2025,Community Impact,achieved,Employed,Completed
BEN-000389,Plus,Q2 2026,Education,not_achieved,Self-Employed,Completed
BEN-000414,Plus,Q2 2026,Employment,achieved,Employed,Completed
BEN-000422,Plus,Q4 2025,Employment,achieved,Employed,Completed
BEN-000424,Plus,Q1 2025,Education,not_achieved,Unemployed,Completed
BEN-000430,Plus,Q4 2025,Employment,achieved,Employed,Completed
BEN-000431,Plus,Q3 2025,Community Impact,achieved,Self-Employed,Completed
BEN-000435,Plus,Q3 2025,Community Impact,achieved,Unemployed,Completed
BEN-000440,Plus,Q1 2026,Employment,achieved,Employed,Completed
BEN-000448,Plus,Q3 2025,Education,not_achieved,Unemployed,Completed
BEN-000454,Plus,Q3 2025,Entrepreneurship,not_achieved,Unemployed,Completed
BEN-000458,Plus,Q2 2025,Entrepreneurship,achieved,Self-Employed,Completed
BEN-000461,Plus,Q1 2026,Education,achieved,In Training,Completed
BEN-000467,Plus,Q3 2025,Employment,active,Self-Employed,Completed
BEN-000479,Plus,Q2 2025,Entrepreneurship,achieved,Self-Employed,Completed
BEN-000481,Plus,Q4 2025,Employment,achieved,Employed,Completed
BEN-000483,Plus,Q1 2025,Employment,active,Self-Employed,Completed
BEN-000487,Plus,Q3 2025,Education,achieved,In Training,Completed
BEN-000488,Plus,Q4 2025,Community Impact,achieved,Self-Employed,Completed
BEN-000506,Plus,Q2 2025,Education,active,Unemployed,Completed
BEN-000508,Plus,Q4 2025,Employment,achieved,Employed,Completed
BEN-000517,Plus,Q1 2025,Entrepreneurship,not_achieved,Unemployed,Completed
BEN-000549,Plus,Q3 2025,Education,active,Self-Employed,Completed
BEN-000554,Plus,Q4 2025,Education,achieved,Unemployed,Completed
BEN-000559,Plus,Q1 2025,Employment,active,Unemployed,Completed
BEN-000567,Plus,Q2 2026,Community Impact,achieved,Employed,Completed
BEN-000580,Plus,Q3 2025,Community Impact,achieved,Unemployed,Completed
BEN-000581,Plus,Q1 2026,Community Impact,achieved,Unemployed,Completed
BEN-000589,Plus,Q1 2026,Community Impact,active,Employed,Completed
BEN-000593,Plus,Q1 2026,Employment,achieved,Employed,Completed
BEN-000614,Plus,Q4 2025,Employment,achieved,Employed,Completed
BEN-000617,Plus,Q1 2026,Community Impact,achieved,Self-Employed,Completed
BEN-000622,Plus,Q1 2025,Community Impact,achieved,Employed,Completed
BEN-000623,Plus,Q1 2026,Entrepreneurship,achieved,Self-Employed,Completed
BEN-000624,Plus,Q4 2025,Education,active,Self-Employed,Completed
BEN-000630,Plus,Q3 2025,Employment,active,Unemployed,Completed
BEN-000631,Plus,Q3 2025,Entrepreneurship,achieved,Self-Employed,Completed
BEN-000632,Plus,Q2 2026,Employment,achieved,Employed,Completed
BEN-000633,Plus,Q2 2026,Community Impact,achieved,Employed,Completed
BEN-000638,Plus,Q3 2025,Community Impact,not_achieved,Employed,Completed
BEN-000643,Plus,Q2 2026,Education,achieved,In Training,Completed
BEN-000645,Plus,Q1 2026,Employment,achieved,Employed,Completed
BEN-000660,Plus,Q3 2025,Entrepreneurship,achieved,Self-Employed,Completed
BEN-000661,Plus,Q2 2025,Employment,not_achieved,Unemployed,Completed
BEN-000666,Plus,Q1 2026,Community Impact,achieved,Self-Employed,Completed
BEN-000676,Plus,Q1 2026,Entrepreneurship,achieved,Self-Employed,Completed
BEN-000681,Plus,Q2 2026,Education,not_achieved,Employed,Completed
BEN-000687,Plus,Q1 2025,Education,achieved,Unemployed,Completed
BEN-000696,Plus,Q3 2025,Employment,achieved,Employed,Completed
BEN-000702,Plus,Q4 2025,Education,not_achieved,Employed,Completed
BEN-000714,Plus,Q1 2026,Community Impact,achieved,Unemployed,Completed
BEN-000717,Plus,Q4 2025,Employment,active,Unemployed,Completed
BEN-000722,Plus,Q1 2026,Entrepreneurship,active,Self-Employed,Completed
BEN-000724,Plus,Q3 2025,Employment,active,Employed,Completed
BEN-000730,Plus,Q4 2025,Community Impact,active,Self-Employed,Completed
BEN-000732,Plus,Q1 2026,Employment,achieved,Employed,Completed
BEN-000747,Plus,Q1 2026,Community Impact,achieved,Unemployed,Completed
BEN-000748,Plus,Q1 2025,Community Impact,achieved,Employed,Completed
BEN-000753,Plus,Q1 2026,Employment,active,Unemployed,Completed
BEN-000758,Plus,Q3 2025,Community Impact,achieved,Employed,Completed
BEN-000759,Plus,Q1 2026,Community Impact,active,Unemployed,Completed
BEN-000760,Plus,Q1 2026,Community Impact,not_achieved,Employed,Completed
BEN-000761,Plus,Q1 2026,Employment,achieved,Employed,Completed
BEN-000763,Plus,Q4 2025,Community Impact,achieved,Unemployed,Completed
BEN-000764,Plus,Q1 2026,Employment,not_achieved,Self-Employed,Completed
BEN-000765,Plus,Q1 2026,Community Impact,active,Employed,Completed
BEN-000772,Plus,Q1 2026,Community Impact,active,Self-Employed,Completed
BEN-000779,Plus,Q2 2025,Community Impact,achieved,Employed,Completed
BEN-000784,Plus,Q2 2025,Employment,achieved,Employed,Completed
BEN-000785,Plus,Q4 2025,Education,achieved,In Training,Completed
BEN-000786,Plus,Q1 2026,Entrepreneurship,not_achieved,Unemployed,Completed
BEN-000790,Plus,Q3 2025,Employment,achieved,Employed,Completed
BEN-000796,Plus,Q3 2025,Entrepreneurship,achieved,Self-Employed,Completed
BEN-000797,Plus,Q4 2025,Education,achieved,In Training,Completed
BEN-000798,Plus,Q1 2026,Employment,active,Unemployed,Completed
BEN-000805,Plus,Q2 2025,Entrepreneurship,active,Self-Employed,Completed
BEN-000808,Plus,Q4 2025,Education,achieved,Unemployed,Completed
BEN-000826,Plus,Q4 2025,Community Impact,achieved,Unemployed,Completed
BEN-000827,Plus,Q4 2025,Employment,active,Unemployed,Completed
BEN-000831,Plus,Q2 2025,Employment,active,Self-Employed,Completed
BEN-000834,Plus,Q1 2026,Employment,achieved,Employed,Completed
BEN-000848,Plus,Q1 2025,Entrepreneurship,achieved,Self-Employed,Completed
BEN-000850,Plus,Q2 2026,Community Impact,not_achieved,Self-Employed,Completed
BEN-000852,Plus,Q3 2025,Employment,not_achieved,Self-Employed,Completed
BEN-000859,Plus,Q1 2025,Education,not_achieved,Unemployed,Completed
BEN-000862,Plus,Q2 2025,Education,active,Unemployed,Completed
BEN-000868,Plus,Q2 2026,Employment,not_achieved,Employed,Completed
BEN-000873,Plus,Q4 2025,Community Impact,not_achieved,Self-Employed,Completed
BEN-000875,Plus,Q1 2026,Entrepreneurship,active,Self-Employed,Completed
BEN-000880,Plus,Q4 2025,Education,achieved,In Training,Completed
BEN-000886,Plus,Q1 2026,Education,achieved,In Training,Completed
BEN-000889,Plus,Q4 2025,Employment,achieved,Employed,Completed
BEN-000891,Plus,Q2 2026,Employment,not_achieved,Unemployed,Completed
BEN-000893,Plus,Q1 2026,Entrepreneurship,active,Unemployed,Completed
BEN-000899,Plus,Q1 2026,Community Impact,achieved,Unemployed,Completed
BEN-000908,Plus,Q2 2026,Entrepreneurship,achieved,Self-Employed,Completed
BEN-000924,Plus,Q1 2026,Community Impact,active,Unemployed,Completed
BEN-000925,Plus,Q3 2025,Education,active,Self-Employed,Completed
BEN-000933,Plus,Q2 2025,Community Impact,active,Self-Employed,Completed
BEN-000939,Plus,Q1 2026,Entrepreneurship,achieved,Self-Employed,Completed
BEN-000940,Plus,Q4 2025,Entrepreneurship,achieved,Self-Employed,Completed
BEN-000967,Plus,Q4 2025,Employment,achieved,Employed,Completed
BEN-000970,Plus,Q2 2025,Community Impact,achieved,Unemployed,Completed
BEN-000972,Plus,Q2 2026,Employment,achieved,Employed,Completed
BEN-000988,Plus,Q2 2025,Education,active,Self-Employed,Completed
BEN-000998,Plus,Q2 2025,Employment,achieved,Employed,Completed
BEN-001000,Plus,Q1 2026,Community Impact,active,Unemployed,Completed
BEN-001002,Plus,Q4 2025,Employment,achieved,Employed,Completed
BEN-001008,Plus,Q2 2025,Education,achieved,Unemployed,Completed
BEN-001011,Plus,Q4 2025,Education,not_achieved,Employed,Completed
BEN-001017,Plus,Q3 2025,Entrepreneurship,not_achieved,Unemployed,Completed
BEN-001033,Plus,Q1 2026,Employment,achieved,Employed,Completed
BEN-001041,Plus,Q2 2026,Education,active,Unemployed,Completed
BEN-001043,Plus,Q4 2025,Employment,achieved,Employed,Completed
BEN-001051,Plus,Q2 2025,Entrepreneurship,achieved,Self-Employed,Completed
BEN-001053,Plus,Q3 2025,Employment,achieved,Employed,Completed
BEN-001067,Plus,Q1 2026,Education,achieved,In Training,Completed
BEN-001082,Plus,Q2 2025,Education,active,Employed,Completed
BEN-001083,Plus,Q1 2025,Entrepreneurship,achieved,Self-Employed,Completed
BEN-001089,Plus,Q4 2025,Education,achieved,In Training,Completed
BEN-001090,Plus,Q3 2025,Employment,active,Employed,Completed
BEN-001092,Plus,Q2 2026,Employment,achieved,Employed,Completed
BEN-001094,Plus,Q2 2025,Entrepreneurship,active,Employed,Completed
BEN-001102,Plus,Q2 2026,Entrepreneurship,achieved,Self-Employed,Completed
BEN-001106,Plus,Q3 2025,Community Impact,not_achieved,Employed,Completed
BEN-001110,Plus,Q3 2025,Employment,not_achieved,Unemployed,Completed
BEN-001113,Plus,Q4 2025,Entrepreneurship,achieved,Self-Employed,Completed
BEN-001117,Plus,Q1 2026,Employment,achieved,Employed,Completed
BEN-001120,Plus,Q4 2025,Employment,not_achieved,Self-Employed,Completed
BEN-001140,Plus,Q4 2025,Entrepreneurship,achieved,Self-Employed,Completed
BEN-001143,Plus,Q3 2025,Community Impact,achieved,Self-Employed,Completed
BEN-001146,Plus,Q1 2026,Education,active,Self-Employed,Completed
BEN-001154,Plus,Q1 2026,Education,active,Unemployed,Completed
BEN-001168,Plus,Q2 2026,Employment,active,Employed,Completed
BEN-001170,Plus,Q2 2026,Entrepreneurship,achieved,Self-Employed,Completed
BEN-001172,Plus,Q3 2025,Employment,achieved,Employed,Completed
BEN-001177,Plus,Q3 2025,Employment,not_achieved,Unemployed,Completed
BEN-001191,Plus,Q1 2025,Education,active,Employed,Completed
BEN-001193,Plus,Q2 2025,Employment,achieved,Employed,Completed
BEN-001194,Plus,Q1 2025,Community Impact,not_achieved,Unemployed,Completed
BEN-001196,Plus,Q1 2026,Entrepreneurship,achieved,Self-Employed,Completed
BEN-001208,Plus,Q3 2025,Community Impact,achieved,Unemployed,Completed
BEN-001209,Plus,Q3 2025,Employment,achieved,Employed,Completed
BEN-001212,Plus,Q2 2025,Employment,active,Unemployed,Completed
BEN-001234,Plus,Q2 2025,Entrepreneurship,active,Self-Employed,Completed
BEN-001235,Plus,Q2 2026,Community Impact,not_achieved,Unemployed,Completed
BEN-001238,Plus,Q3 2025,Entrepreneurship,active,Self-Employed,Completed
BEN-001239,Plus,Q3 2025,Education,achieved,In Training,Completed
BEN-001242,Plus,Q1 2026,Entrepreneurship,achieved,Self-Employed,Completed
BEN-001244,Plus,Q1 2025,Education,achieved,Unemployed,Completed
BEN-001247,Plus,Q3 2025,Employment,active,Unemployed,Completed
BEN-001249,Plus,Q3 2025,Entrepreneurship,achieved,Self-Employed,Completed
BEN-001258,Plus,Q4 2025,Education,achieved,Unemployed,Completed
BEN-001261,Plus,Q3 2025,Education,achieved,In Training,Completed
BEN-001264,Plus,Q3 2025,Education,not_achieved,Self-Employed,Completed
BEN-001271,Plus,Q1 2025,Employment,achieved,Employed,Completed
BEN-001275,Plus,Q4 2025,Employment,achieved,Employed,Completed
BEN-001283,Plus,Q2 2025,Entrepreneurship,active,Unemployed,Completed
BEN-001285,Plus,Q4 2025,Education,achieved,In Training,Completed
BEN-001288,Plus,Q1 2026,Education,achieved,Unemployed,Completed
BEN-001290,Plus,Q3 2025,Education,achieved,In Training,Completed
BEN-001291,Plus,Q3 2025,Entrepreneurship,achieved,Self-Employed,Completed
BEN-001301,Plus,Q3 2025,Employment,active,Unemployed,Completed
BEN-001310,Plus,Q4 2025,Community Impact,achieved,Employed,Completed
BEN-001320,Plus,Q1 2025,Employment,achieved,Employed,Completed
BEN-001327,Plus,Q3 2025,Education,active,Unemployed,Completed
BEN-001335,Plus,Q3 2025,Entrepreneurship,not_achieved,Employed,Completed
BEN-001338,Plus,Q2 2026,Education,active,Unemployed,Completed
BEN-001341,Plus,Q3 2025,Entrepreneurship,achieved,Self-Employed,Completed
BEN-001353,Plus,Q3 2025,Entrepreneurship,achieved,Self-Employed,Completed
BEN-001355,Plus,Q1 2025,Education,achieved,Unemployed,Completed
BEN-001358,Plus,Q4 2025,Employment,active,Self-Employed,Completed
BEN-001380,Plus,Q1 2026,Entrepreneurship,achieved,Self-Employed,Completed
BEN-001385,Plus,Q4 2025,Employment,active,Unemployed,Completed
BEN-001388,Plus,Q3 2025,Community Impact,achieved,Self-Employed,Completed
BEN-001392,Plus,Q4 2025,Education,not_achieved,Unemployed,Completed
BEN-001401,Plus,Q1 2026,Employment,active,Unemployed,Completed
BEN-001403,Plus,Q3 2025,Employment,active,Unemployed,Completed
BEN-001406,Plus,Q1 2026,Entrepreneurship,achieved,Self-Employed,Completed
BEN-001409,Plus,Q1 2026,Education,achieved,In Training,Completed
BEN-001420,Plus,Q3 2025,Education,not_achieved,Unemployed,Completed
BEN-001422,Plus,Q1 2026,Community Impact,active,Unemployed,Completed
BEN-001423,Plus,Q3 2025,Employment,not_achieved,Unemployed,Completed
BEN-001429,Plus,Q4 2025,Entrepreneurship,achieved,Self-Employed,Completed
BEN-001444,Plus,Q4 2025,Community Impact,not_achieved,Unemployed,Completed
BEN-001445,Plus,Q1 2026,Employment,achieved,Employed,Completed
BEN-001451,Plus,Q3 2025,Employment,active,Self-Employed,Completed
BEN-001452,Plus,Q4 2025,Community Impact,not_achieved,Self-Employed,Completed
BEN-001460,Plus,Q2 2026,Entrepreneurship,achieved,Self-Employed,Completed
BEN-001464,Plus,Q3 2025,Entrepreneurship,active,Employed,Completed
BEN-001465,Plus,Q1 2025,Community Impact,achieved,Self-Employed,Completed
BEN-001467,Plus,Q1 2025,Entrepreneurship,active,Unemployed,Completed
BEN-001473,Plus,Q2 2026,Education,achieved,Unemployed,Completed
BEN-001475,Plus,Q2 2026,Education,active,Unemployed,Completed
BEN-001480,Plus,Q1 2025,Entrepreneurship,achieved,Self-Employed,Completed
BEN-001484,Plus,Q3 2025,Community Impact,achieved,Self-Employed,Completed
BEN-001491,Plus,Q2 2026,Community Impact,achieved,Unemployed,Completed
BEN-001493,Plus,Q3 2025,Education,not_achieved,Employed,Completed
BEN-001496,Plus,Q1 2025,Entrepreneurship,not_achieved,Unemployed,Completed
BEN-001508,Plus,Q4 2025,Community Impact,achieved,Unemployed,Completed
BEN-001517,Plus,Q4 2025,Education,active,Unemployed,Completed
BEN-001522,Plus,Q2 2025,Employment,active,Unemployed,Completed
BEN-001523,Plus,Q1 2026,Community Impact,not_achieved,Unemployed,Completed
BEN-001526,Plus,Q2 2026,Entrepreneurship,achieved,Self-Employed,Completed
BEN-001530,Plus,Q2 2025,Employment,achieved,Employed,Completed
BEN-001531,Plus,Q2 2025,Entrepreneurship,active,Self-Employed,Completed
BEN-001539,Plus,Q4 2025,Education,achieved,Unemployed,Completed
BEN-001543,Plus,Q4 2025,Employment,achieved,Employed,Completed
BEN-001545,Plus,Q3 2025,Education,achieved,In Training,Completed
BEN-001549,Plus,Q3 2025,Community Impact,achieved,Employed,Completed
BEN-001550,Plus,Q1 2026,Employment,achieved,Employed,Completed
BEN-001552,Plus,Q4 2025,Education,achieved,Unemployed,Completed
BEN-001559,Plus,Q3 2025,Employment,achieved,Employed,Completed
BEN-001561,Plus,Q1 2025,Employment,achieved,Employed,Completed
BEN-001562,Plus,Q4 2025,Employment,achieved,Employed,Completed
BEN-001564,Plus,Q2 2025,Education,active,Unemployed,Completed
BEN-001568,Plus,Q4 2025,Employment,achieved,Employed,Completed
BEN-001570,Plus,Q2 2025,Education,achieved,In Training,Completed
BEN-001575,Plus,Q4 2025,Education,achieved,Unemployed,Completed
BEN-001580,Plus,Q1 2026,Education,achieved,In Training,Completed
BEN-001581,Plus,Q1 2025,Entrepreneurship,not_achieved,Unemployed,Completed
BEN-001583,Plus,Q2 2025,Entrepreneurship,achieved,Self-Employed,Completed
BEN-001585,Plus,Q4 2025,Community Impact,achieved,Self-Employed,Completed
BEN-001589,Plus,Q3 2025,Education,achieved,Unemployed,Completed
BEN-001593,Plus,Q3 2025,Entrepreneurship,active,Unemployed,Completed
BEN-001594,Plus,Q3 2025,Employment,achieved,Employed,Completed
BEN-001595,Plus,Q3 2025,Employment,achieved,Employed,Completed
BEN-001596,Plus,Q1 2026,Employment,achieved,Employed,Completed
BEN-001597,Plus,Q3 2025,Entrepreneurship,achieved,Self-Employed,Completed
BEN-001608,Plus,Q2 2026,Education,not_achieved,Self-Employed,Completed
BEN-001609,Plus,Q1 2025,Community Impact,active,Employed,Completed
BEN-001617,Plus,Q3 2025,Education,not_achieved,Unemployed,Completed
BEN-001619,Plus,Q3 2025,Education,active,Employed,Completed
BEN-001620,Plus,Q2 2025,Education,achieved,In Training,Completed
BEN-001626,Plus,Q2 2025,Entrepreneurship,achieved,Self-Employed,Completed
BEN-001628,Plus,Q1 2025,Employment,achieved,Employed,Completed
BEN-001637,Plus,Q3 2025,Education,achieved,In Training,Completed
BEN-001640,Plus,Q1 2026,Entrepreneurship,achieved,Self-Employed,Completed
BEN-001643,Plus,Q3 2025,Entrepreneurship,achieved,Self-Employed,Completed
BEN-001648,Plus,Q3 2025,Education,active,Unemployed,Completed
BEN-001652,Plus,Q1 2026,Community Impact,not_achieved,Employed,Completed
BEN-001666,Plus,Q2 2025,Employment,not_achieved,Unemployed,Completed
BEN-001667,Plus,Q3 2025,Entrepreneurship,achieved,Self-Employed,Completed
BEN-001668,Plus,Q2 2026,Entrepreneurship,achieved,Self-Employed,Completed
BEN-001680,Plus,Q2 2026,Entrepreneurship,achieved,Self-Employed,Completed
BEN-001686,Plus,Q3 2025,Employment,achieved,Employed,Completed
BEN-001695,Plus,Q4 2025,Entrepreneurship,active,Unemployed,Completed
BEN-001699,Plus,Q2 2025,Employment,not_achieved,Employed,Completed
BEN-001702,Plus,Q3 2025,Employment,active,Unemployed,Completed
BEN-001703,Plus,Q2 2025,Employment,active,Self-Employed,Completed
BEN-001706,Plus,Q4 2025,Entrepreneurship,achieved,Self-Employed,Completed
BEN-001707,Plus,Q4 2025,Entrepreneurship,active,Employed,Completed
BEN-001723,Plus,Q4 2025,Education,achieved,Unemployed,Completed
BEN-001730,Plus,Q2 2025,Employment,achieved,Employed,Completed
BEN-001736,Plus,Q3 2025,Employment,active,Employed,Completed
BEN-001746,Plus,Q1 2026,Education,not_achieved,Unemployed,Completed
BEN-001749,Plus,Q4 2025,Education,achieved,Unemployed,Completed
BEN-001756,Plus,Q3 2025,Entrepreneurship,achieved,Self-Employed,Completed
BEN-001766,Plus,Q4 2025,Education,not_achieved,Employed,Completed
BEN-001770,Plus,Q1 2025,Employment,achieved,Employed,Completed
BEN-001772,Plus,Q1 2026,Community Impact,active,Employed,Completed
BEN-001779,Plus,Q2 2025,Education,active,Self-Employed,Completed
BEN-001781,Plus,Q1 2026,Entrepreneurship,active,Unemployed,Completed
BEN-001788,Plus,Q2 2026,Community Impact,active,Self-Employed,Completed
BEN-001797,Plus,Q1 2026,Community Impact,active,Unemployed,Completed
BEN-001813,Plus,Q1 2025,Entrepreneurship,achieved,Self-Employed,Completed
BEN-001829,Plus,Q1 2026,Community Impact,active,Employed,Completed
BEN-001835,Plus,Q1 2025,Education,active,Unemployed,Completed
BEN-001839,Plus,Q1 2026,Community Impact,achieved,Self-Employed,Completed
BEN-001843,Plus,Q1 2026,Education,active,Employed,Completed
BEN-001847,Plus,Q2 2025,Employment,achieved,Employed,Completed
BEN-001852,Plus,Q4 2025,Education,active,Self-Employed,Completed
BEN-001857,Plus,Q3 2025,Entrepreneurship,not_achieved,Unemployed,Completed
BEN-001864,Plus,Q2 2025,Employment,achieved,Employed,Completed
BEN-001865,Plus,Q1 2025,Employment,not_achieved,Self-Employed,Completed
BEN-001881,Plus,Q2 2025,Employment,active,Employed,Completed
BEN-001882,Plus,Q3 2025,Community Impact,active,Employed,Completed
BEN-001884,Plus,Q3 2025,Entrepreneurship,active,Employed,Completed
BEN-001899,Plus,Q1 2025,Entrepreneurship,achieved,Self-Employed,Completed
BEN-001900,Plus,Q1 2026,Entrepreneurship,achieved,Self-Employed,Completed
BEN-001904,Plus,Q1 2026,Community Impact,achieved,Unemployed,Completed
BEN-001908,Plus,Q2 2026,Education,achieved,In Training,Completed
BEN-001926,Plus,Q4 2025,Community Impact,not_achieved,Self-Employed,Completed
BEN-001937,Plus,Q2 2026,Education,achieved,Unemployed,Completed
BEN-001939,Plus,Q1 2026,Entrepreneurship,achieved,Self-Employed,Completed
BEN-001942,Plus,Q1 2026,Employment,active,Unemployed,Completed
BEN-001948,Plus,Q2 2026,Education,achieved,Unemployed,Completed
BEN-001952,Plus,Q1 2026,Entrepreneurship,achieved,Self-Employed,Completed
BEN-001954,Plus,Q4 2025,Community Impact,active,Unemployed,Completed
BEN-001961,Plus,Q3 2025,Education,not_achieved,Self-Employed,Completed
BEN-001962,Plus,Q2 2025,Employment,active,Self-Employed,Completed
BEN-001965,Plus,Q1 2026,Employment,achieved,Employed,Completed
BEN-001966,Plus,Q1 2025,Employment,active,Unemployed,Completed
BEN-001972,Plus,Q4 2025,Community Impact,achieved,Unemployed,Completed
BEN-001974,Plus,Q2 2025,Employment,achieved,Employed,Completed
BEN-001978,Plus,Q4 2025,Education,achieved,In Training,Completed
BEN-001989,Plus,Q2 2026,Entrepreneurship,not_achieved,Employed,Completed
BEN-002002,Plus,Q2 2025,Employment,active,Unemployed,Completed
BEN-002005,Plus,Q4 2025,Employment,achieved,Employed,Completed
BEN-002008,Plus,Q4 2025,Education,achieved,In Training,Completed
BEN-002009,Plus,Q4 2025,Employment,active,Unemployed,Completed
BEN-002016,Plus,Q3 2025,Education,achieved,In Training,Completed
BEN-002022,Plus,Q2 2025,Employment,active,Unemployed,Completed
BEN-002027,Plus,Q1 2026,Entrepreneurship,achieved,Self-Employed,Completed
BEN-002032,Plus,Q2 2026,Education,not_achieved,Unemployed,Completed
BEN-002048,Plus,Q2 2025,Community Impact,active,Employed,Completed
BEN-002050,Plus,Q3 2025,Employment,achieved,Employed,Completed
BEN-002055,Plus,Q2 2025,Education,achieved,Unemployed,Completed
BEN-002056,Plus,Q2 2025,Community Impact,achieved,Employed,Completed
BEN-002059,Plus,Q3 2025,Employment,not_achieved,Unemployed,Completed
BEN-002070,Plus,Q4 2025,Entrepreneurship,achieved,Self-Employed,Completed
BEN-002075,Plus,Q4 2025,Employment,active,Unemployed,Completed
BEN-002076,Plus,Q3 2025,Employment,active,Employed,Completed
BEN-002082,Plus,Q2 2025,Entrepreneurship,achieved,Self-Employed,Completed
BEN-002083,Plus,Q2 2026,Entrepreneurship,active,Unemployed,Completed
BEN-002100,Plus,Q1 2026,Employment,achieved,Employed,Completed
BEN-002105,Plus,Q1 2025,Community Impact,not_achieved,Employed,Completed
BEN-002113,Plus,Q4 2025,Education,active,Unemployed,Completed
BEN-002115,Plus,Q1 2025,Education,achieved,In Training,Completed
BEN-002116,Plus,Q2 2025,Entrepreneurship,achieved,Self-Employed,Completed
BEN-002118,Plus,Q4 2025,Entrepreneurship,achieved,Self-Employed,Completed
BEN-002126,Plus,Q1 2026,Employment,achieved,Employed,Completed
BEN-002127,Plus,Q2 2025,Entrepreneurship,active,Employed,Completed
BEN-002134,Plus,Q1 2026,Employment,achieved,Employed,Completed
BEN-002136,Plus,Q2 2026,Entrepreneurship,achieved,Self-Employed,Completed
BEN-002139,Plus,Q4 2025,Employment,active,Unemployed,Completed
BEN-002148,Plus,Q2 2025,Employment,not_achieved,Unemployed,Completed
BEN-002158,Plus,Q4 2025,Entrepreneurship,active,Unemployed,Completed
BEN-002161,Plus,Q3 2025,Education,active,Unemployed,Completed
BEN-002162,Plus,Q3 2025,Entrepreneurship,achieved,Self-Employed,Completed
BEN-002171,Plus,Q2 2026,Entrepreneurship,not_achieved,Unemployed,Completed
BEN-002174,Plus,Q1 2026,Community Impact,active,Unemployed,Completed
BEN-002185,Plus,Q4 2025,Entrepreneurship,achieved,Self-Employed,Completed
BEN-002186,Plus,Q4 2025,Employment,not_achieved,Unemployed,Completed
BEN-002192,Plus,Q1 2026,Education,not_achieved,Unemployed,Completed
BEN-002194,Plus,Q3 2025,Employment,achieved,Employed,Completed
BEN-002209,Plus,Q2 2025,Community Impact,active,Unemployed,Completed
BEN-002223,Plus,Q1 2026,Education,achieved,In Training,Completed
BEN-002224,Plus,Q1 2025,Employment,achieved,Employed,Completed
BEN-002232,Plus,Q2 2025,Education,active,Employed,Completed
BEN-002243,Plus,Q1 2026,Employment,active,Employed,Completed
BEN-002246,Plus,Q3 2025,Education,achieved,In Training,Completed
BEN-002247,Plus,Q2 2025,Entrepreneurship,active,Employed,Completed
BEN-002251,Plus,Q1 2026,Employment,not_achieved,Unemployed,Completed
BEN-002272,Plus,Q3 2025,Entrepreneurship,not_achieved,Employed,Completed
BEN-002273,Plus,Q2 2025,Employment,achieved,Employed,Completed
BEN-002279,Plus,Q2 2026,Education,achieved,Unemployed,Completed
BEN-002280,Plus,Q4 2025,Education,active,Unemployed,Completed
BEN-002287,Plus,Q3 2025,Community Impact,achieved,Self-Employed,Completed
BEN-002290,Plus,Q2 2025,Education,not_achieved,Employed,Completed
BEN-002294,Plus,Q4 2025,Education,not_achieved,Employed,Completed
BEN-002301,Plus,Q4 2025,Education,achieved,In Training,Completed
BEN-002305,Plus,Q4 2025,Education,achieved,In Training,Completed
BEN-002309,Plus,Q1 2026,Entrepreneurship,achieved,Self-Employed,Completed
BEN-002311,Plus,Q3 2025,Education,active,Self-Employed,Completed
BEN-002313,Plus,Q2 2026,Employment,achieved,Employed,Completed
BEN-002327,Plus,Q3 2025,Community Impact,achieved,Employed,Completed
BEN-002329,Plus,Q1 2026,Entrepreneurship,active,Unemployed,Completed
BEN-002332,Plus,Q2 2025,Employment,achieved,Employed,Completed
BEN-002333,Plus,Q3 2025,Employment,achieved,Employed,Completed
BEN-002338,Plus,Q1 2026,Community Impact,active,Employed,Completed
BEN-002339,Plus,Q3 2025,Entrepreneurship,active,Self-Employed,Completed
BEN-002340,Plus,Q1 2025,Education,active,Unemployed,Completed
BEN-002342,Plus,Q2 2026,Entrepreneurship,achieved,Self-Employed,Completed
BEN-002360,Plus,Q2 2026,Employment,achieved,Employed,Completed
BEN-002363,Plus,Q1 2026,Community Impact,active,Unemployed,Completed
BEN-002371,Plus,Q1 2026,Employment,active,Unemployed,Completed
BEN-002393,Plus,Q4 2025,Community Impact,active,Self-Employed,Completed
BEN-002400,Plus,Q2 2025,Employment,not_achieved,Employed,Completed
BEN-002403,Plus,Q3 2025,Entrepreneurship,achieved,Self-Employed,Completed
BEN-002404,Plus,Q3 2025,Employment,active,Unemployed,Completed
BEN-002406,Plus,Q2 2025,Education,achieved,Unemployed,Completed
BEN-002409,Plus,Q3 2025,Education,active,Unemployed,Completed
BEN-002410,Plus,Q3 2025,Employment,achieved,Employed,Completed
BEN-002412,Plus,Q4 2025,Employment,not_achieved,Unemployed,Completed
BEN-002414,Plus,Q1 2026,Education,active,Unemployed,Completed
BEN-002419,Plus,Q4 2025,Community Impact,active,Unemployed,Completed
BEN-002429,Plus,Q2 2025,Entrepreneurship,achieved,Self-Employed,Completed
BEN-002430,Plus,Q1 2025,Entrepreneurship,achieved,Self-Employed,Completed
BEN-002431,Plus,Q1 2026,Employment,achieved,Employed,Completed
BEN-002434,Plus,Q1 2026,Education,achieved,In Training,Completed
BEN-002444,Plus,Q1 2026,Employment,active,Employed,Completed
BEN-002445,Plus,Q2 2025,Employment,achieved,Employed,Completed
BEN-002448,Plus,Q2 2025,Employment,achieved,Employed,Completed
BEN-002454,Plus,Q4 2025,Entrepreneurship,achieved,Self-Employed,Completed
BEN-002462,Plus,Q1 2026,Community Impact,achieved,Employed,Completed
BEN-002463,Plus,Q3 2025,Community Impact,achieved,Self-Employed,Completed
BEN-002465,Plus,Q1 2026,Education,achieved,In Training,Completed
BEN-002470,Plus,Q4 2025,Community Impact,achieved,Employed,Completed
BEN-002474,Plus,Q2 2025,Community Impact,achieved,Employed,Completed
BEN-002476,Plus,Q2 2025,Employment,achieved,Employed,Completed
BEN-002478,Plus,Q2 2026,Education,active,Unemployed,Completed
BEN-002484,Plus,Q1 2026,Entrepreneurship,achieved,Self-Employed,Completed
BEN-002492,Plus,Q4 2025,Entrepreneurship,achieved,Self-Employed,Completed
BEN-002493,Plus,Q4 2025,Employment,achieved,Employed,Completed
BEN-002499,Plus,Q2 2025,Entrepreneurship,active,Unemployed,Completed
BEN-002505,Plus,Q3 2025,Entrepreneurship,achieved,Self-Employed,Completed
BEN-002512,Plus,Q3 2025,Entrepreneurship,active,Employed,Completed
BEN-002514,Plus,Q2 2026,Community Impact,achieved,Self-Employed,Completed
BEN-002515,Plus,Q1 2026,Employment,active,Self-Employed,Completed
BEN-002517,Plus,Q3 2025,Community Impact,achieved,Employed,Completed
BEN-002522,Plus,Q1 2026,Employment,achieved,Employed,Completed
BEN-002526,Plus,Q4 2025,Employment,active,Unemployed,Completed
BEN-002532,Plus,Q1 2026,Employment,not_achieved,Employed,Completed
BEN-002543,Plus,Q1 2026,Community Impact,achieved,Unemployed,Completed
BEN-002550,Plus,Q4 2025,Employment,achieved,Employed,Completed
BEN-002563,Plus,Q2 2025,Education,active,Unemployed,Completed
BEN-002565,Plus,Q2 2026,Education,achieved,In Training,Completed
BEN-002589,Plus,Q2 2025,Community Impact,achieved,Employed,Completed
BEN-002591,Plus,Q2 2026,Employment,active,Unemployed,Completed
BEN-002596,Plus,Q3 2025,Entrepreneurship,active,Employed,Completed
BEN-002598,Plus,Q1 2025,Education,achieved,In Training,Completed
BEN-002601,Plus,Q2 2026,Employment,active,Employed,Completed
BEN-002602,Plus,Q1 2025,Entrepreneurship,active,Self-Employed,Completed
BEN-002605,Plus,Q2 2025,Community Impact,active,Employed,Completed
BEN-002606,Plus,Q2 2026,Entrepreneurship,achieved,Self-Employed,Completed
BEN-002615,Plus,Q1 2025,Community Impact,achieved,Self-Employed,Completed
BEN-002619,Plus,Q4 2025,Entrepreneurship,achieved,Self-Employed,Completed
BEN-002620,Plus,Q1 2026,Employment,active,Employed,Completed
BEN-002621,Plus,Q1 2026,Entrepreneurship,achieved,Self-Employed,Completed
BEN-002622,Plus,Q3 2025,Entrepreneurship,active,Unemployed,Completed
BEN-002632,Plus,Q2 2025,Education,active,Employed,Completed
BEN-002635,Plus,Q3 2025,Employment,achieved,Employed,Completed
BEN-002639,Plus,Q1 2026,Education,achieved,Unemployed,Completed
BEN-002648,Plus,Q1 2025,Community Impact,achieved,Employed,Completed
BEN-002650,Plus,Q1 2026,Entrepreneurship,achieved,Self-Employed,Completed
BEN-002653,Plus,Q3 2025,Employment,active,Unemployed,Completed
BEN-002654,Plus,Q2 2026,Entrepreneurship,achieved,Self-Employed,Completed
BEN-002659,Plus,Q2 2025,Education,achieved,In Training,Completed
BEN-002662,Plus,Q4 2025,Employment,achieved,Employed,Completed
BEN-002665,Plus,Q2 2026,Community Impact,active,Unemployed,Completed
BEN-002674,Plus,Q3 2025,Education,active,Unemployed,Completed
BEN-002677,Plus,Q1 2026,Community Impact,achieved,Unemployed,Completed
BEN-002686,Plus,Q1 2026,Community Impact,achieved,Employed,Completed
BEN-002689,Plus,Q3 2025,Employment,active,Unemployed,Completed
BEN-002691,Plus,Q3 2025,Employment,achieved,Employed,Completed
BEN-002692,Plus,Q3 2025,Community Impact,active,Unemployed,Completed
BEN-002696,Plus,Q1 2026,Employment,achieved,Employed,Completed
BEN-002702,Plus,Q1 2025,Entrepreneurship,achieved,Self-Employed,Completed
BEN-002710,Plus,Q1 2025,Education,active,Self-Employed,Completed
BEN-002717,Plus,Q3 2025,Education,achieved,Unemployed,Completed
BEN-002721,Plus,Q4 2025,Employment,active,Employed,Completed
BEN-002724,Plus,Q2 2026,Entrepreneurship,achieved,Self-Employed,Completed
BEN-002728,Plus,Q4 2025,Education,active,Self-Employed,Completed
BEN-002735,Plus,Q3 2025,Entrepreneurship,achieved,Self-Employed,Completed
BEN-002740,Plus,Q2 2025,Education,achieved,Unemployed,Completed
BEN-002744,Plus,Q4 2025,Community Impact,achieved,Self-Employed,Completed
BEN-002745,Plus,Q3 2025,Employment,achieved,Employed,Completed
BEN-002750,Plus,Q4 2025,Employment,achieved,Employed,Completed
BEN-002754,Plus,Q2 2025,Entrepreneurship,not_achieved,Unemployed,Completed
BEN-002760,Plus,Q4 2025,Entrepreneurship,achieved,Self-Employed,Completed
BEN-002774,Plus,Q3 2025,Community Impact,not_achieved,Self-Employed,Completed
BEN-002775,Plus,Q1 2026,Employment,achieved,Employed,Completed
BEN-002779,Plus,Q1 2025,Community Impact,active,Unemployed,Completed
BEN-002783,Plus,Q2 2025,Education,not_achieved,Self-Employed,Completed
BEN-002791,Plus,Q2 2026,Employment,active,Self-Employed,Completed
BEN-002804,Plus,Q2 2026,Education,achieved,In Training,Completed
BEN-002806,Plus,Q1 2025,Education,not_achieved,Unemployed,Completed
BEN-002807,Plus,Q4 2025,Education,not_achieved,Unemployed,Completed
BEN-002812,Plus,Q2 2025,Employment,achieved,Employed,Completed
BEN-002816,Plus,Q2 2026,Community Impact,achieved,Self-Employed,Completed
BEN-002828,Plus,Q2 2026,Entrepreneurship,active,Self-Employed,Completed
BEN-002829,Plus,Q2 2026,Employment,achieved,Employed,Completed
BEN-002835,Plus,Q1 2026,Education,active,Employed,Completed
BEN-002851,Plus,Q4 2025,Entrepreneurship,achieved,Self-Employed,Completed
BEN-002865,Plus,Q2 2025,Employment,achieved,Employed,Completed
BEN-002869,Plus,Q3 2025,Community Impact,active,Unemployed,Completed
BEN-002870,Plus,Q1 2025,Community Impact,achieved,Employed,Completed
BEN-002873,Plus,Q2 2026,Entrepreneurship,achieved,Self-Employed,Completed
BEN-002883,Plus,Q1 2025,Employment,not_achieved,Employed,Completed
BEN-002890,Plus,Q2 2025,Community Impact,achieved,Employed,Completed
BEN-002892,Plus,Q1 2026,Education,achieved,Unemployed,Completed
BEN-002894,Plus,Q2 2025,Community Impact,active,Unemployed,Completed
BEN-002896,Plus,Q1 2026,Education,achieved,Unemployed,Completed
BEN-002900,Plus,Q2 2025,Entrepreneurship,active,Employed,Completed
BEN-002903,Plus,Q2 2025,Education,active,Self-Employed,Completed
BEN-002905,Plus,Q2 2025,Entrepreneurship,achieved,Self-Employed,Completed
BEN-002913,Plus,Q1 2026,Employment,achieved,Employed,Completed
BEN-002914,Plus,Q4 2025,Entrepreneurship,achieved,Self-Employed,Completed
BEN-002919,Plus,Q3 2025,Education,active,Unemployed,Completed
BEN-002921,Plus,Q2 2026,Education,active,Self-Employed,Completed
BEN-002922,Plus,Q2 2025,Employment,achieved,Employed,Completed
BEN-002925,Plus,Q1 2026,Education,active,Employed,Completed
BEN-002935,Plus,Q1 2026,Entrepreneurship,achieved,Self-Employed,Completed
BEN-002961,Plus,Q1 2026,Employment,achieved,Employed,Completed
BEN-002965,Plus,Q1 2026,Education,achieved,Unemployed,Completed
BEN-002966,Plus,Q4 2025,Education,achieved,Unemployed,Completed
BEN-002967,Plus,Q2 2025,Community Impact,active,Self-Employed,Completed
BEN-002972,Plus,Q4 2025,Community Impact,achieved,Unemployed,Completed
BEN-002974,Plus,Q3 2025,Employment,achieved,Employed,Completed
BEN-002975,Plus,Q1 2026,Education,active,Unemployed,Completed
BEN-002976,Plus,Q4 2025,Employment,achieved,Employed,Completed
BEN-002978,Plus,Q2 2025,Employment,achieved,Employed,Completed
BEN-002982,Plus,Q2 2025,Education,active,Employed,Completed
BEN-002987,Plus,Q4 2025,Community Impact,not_achieved,Self-Employed,Completed
BEN-002994,Plus,Q3 2025,Employment,active,Unemployed,Completed
BEN-003010,Plus,Q4 2025,Entrepreneurship,achieved,Self-Employed,Completed
BEN-003012,Plus,Q4 2025,Employment,active,Unemployed,Completed
BEN-003013,Plus,Q1 2026,Employment,achieved,Employed,Completed
BEN-003015,Plus,Q2 2026,Entrepreneurship,active,Unemployed,Completed
BEN-003016,Plus,Q3 2025,Entrepreneurship,achieved,Self-Employed,Completed
BEN-003019,Plus,Q1 2025,Entrepreneurship,achieved,Self-Employed,Completed
BEN-003023,Plus,Q2 2026,Education,not_achieved,Unemployed,Completed
BEN-003024,Plus,Q3 2025,Entrepreneurship,not_achieved,Employed,Completed
BEN-003027,Plus,Q2 2025,Community Impact,achieved,Self-Employed,Completed
BEN-003032,Plus,Q3 2025,Entrepreneurship,achieved,Self-Employed,Completed
BEN-003034,Plus,Q2 2026,Employment,achieved,Employed,Completed
BEN-003036,Plus,Q2 2026,Education,achieved,In Training,Completed
BEN-003043,Plus,Q4 2025,Entrepreneurship,achieved,Self-Employed,Completed
BEN-003044,Plus,Q2 2026,Community Impact,not_achieved,Unemployed,Completed
BEN-003046,Plus,Q4 2025,Community Impact,achieved,Employed,Completed
BEN-003059,Plus,Q2 2025,Entrepreneurship,achieved,Self-Employed,Completed
BEN-003077,Plus,Q3 2025,Employment,active,Employed,Completed
BEN-003086,Plus,Q2 2025,Community Impact,achieved,Self-Employed,Completed
BEN-003091,Plus,Q4 2025,Entrepreneurship,achieved,Self-Employed,Completed
BEN-003094,Plus,Q3 2025,Entrepreneurship,achieved,Self-Employed,Completed
BEN-003097,Plus,Q4 2025,Education,achieved,In Training,Completed
BEN-003099,Plus,Q4 2025,Employment,not_achieved,Self-Employed,Completed
BEN-003112,Plus,Q4 2025,Entrepreneurship,achieved,Self-Employed,Completed
BEN-003126,Plus,Q1 2026,Community Impact,achieved,Self-Employed,Completed
BEN-003127,Plus,Q3 2025,Employment,not_achieved,Self-Employed,Completed
BEN-003134,Plus,Q2 2026,Community Impact,not_achieved,Employed,Completed
BEN-003157,Plus,Q1 2025,Employment,achieved,Employed,Completed
BEN-003160,Plus,Q2 2026,Entrepreneurship,achieved,Self-Employed,Completed
BEN-003166,Plus,Q1 2025,Education,achieved,Unemployed,Completed
BEN-003179,Plus,Q4 2025,Education,active,Employed,Completed
BEN-003183,Plus,Q4 2025,Employment,active,Unemployed,Completed
BEN-003190,Plus,Q1 2026,Employment,not_achieved,Employed,Completed
BEN-003193,Plus,Q1 2026,Employment,achieved,Employed,Completed
BEN-003194,Plus,Q1 2026,Community Impact,achieved,Employed,Completed
BEN-003202,Plus,Q3 2025,Entrepreneurship,active,Unemployed,Completed
BEN-003210,Plus,Q2 2025,Education,active,Unemployed,Completed
BEN-003222,Plus,Q1 2026,Entrepreneurship,not_achieved,Unemployed,Completed
BEN-003226,Plus,Q1 2025,Education,achieved,In Training,Completed
BEN-003241,Plus,Q1 2026,Education,not_achieved,Employed,Completed
BEN-003246,Plus,Q1 2026,Employment,achieved,Employed,Completed
BEN-003248,Plus,Q3 2025,Entrepreneurship,achieved,Self-Employed,Completed
BEN-003249,Plus,Q2 2025,Employment,achieved,Employed,Completed
BEN-003257,Plus,Q3 2025,Education,active,Unemployed,Completed
BEN-003262,Plus,Q4 2025,Entrepreneurship,active,Unemployed,Completed
BEN-003266,Plus,Q3 2025,Education,achieved,In Training,Completed
BEN-003268,Plus,Q1 2025,Community Impact,achieved,Unemployed,Completed
BEN-003269,Plus,Q3 2025,Employment,achieved,Employed,Completed
BEN-003271,Plus,Q2 2025,Entrepreneurship,achieved,Self-Employed,Completed
BEN-003278,Plus,Q1 2025,Education,achieved,In Training,Completed
BEN-003290,Plus,Q4 2025,Employment,achieved,Employed,Completed
BEN-003296,Plus,Q1 2026,Entrepreneurship,achieved,Self-Employed,Completed
BEN-003298,Plus,Q4 2025,Education,achieved,In Training,Completed
BEN-003299,Plus,Q4 2025,Education,active,Employed,Completed
BEN-003300,Plus,Q4 2025,Entrepreneurship,active,Self-Employed,Completed
BEN-003307,Plus,Q1 2026,Education,not_achieved,Self-Employed,Completed
BEN-003308,Plus,Q1 2026,Entrepreneurship,achieved,Self-Employed,Completed
BEN-003315,Plus,Q1 2025,Community Impact,achieved,Self-Employed,Completed
BEN-003324,Plus,Q3 2025,Entrepreneurship,achieved,Self-Employed,Completed
BEN-003328,Plus,Q3 2025,Community Impact,achieved,Unemployed,Completed
BEN-003333,Plus,Q4 2025,Employment,active,Unemployed,Completed
BEN-003343,Plus,Q3 2025,Education,achieved,In Training,Completed
BEN-003349,Plus,Q1 2025,Employment,achieved,Employed,Completed
BEN-003355,Plus,Q1 2026,Employment,achieved,Employed,Completed
BEN-003358,Plus,Q3 2025,Employment,achieved,Employed,Completed
BEN-003363,Plus,Q2 2026,Community Impact,active,Unemployed,Completed
BEN-003364,Plus,Q1 2026,Community Impact,active,Employed,Completed
BEN-003367,Plus,Q2 2025,Entrepreneurship,active,Unemployed,Completed
BEN-003377,Plus,Q4 2025,Community Impact,achieved,Employed,Completed
BEN-003378,Plus,Q4 2025,Employment,achieved,Employed,Completed
BEN-003379,Plus,Q4 2025,Community Impact,achieved,Unemployed,Completed
BEN-003381,Plus,Q4 2025,Education,not_achieved,Employed,Completed
BEN-003385,Plus,Q2 2025,Entrepreneurship,not_achieved,Unemployed,Completed
BEN-003386,Plus,Q4 2025,Community Impact,active,Employed,Completed
BEN-003394,Plus,Q3 2025,Education,active,Unemployed,Completed
BEN-003395,Plus,Q1 2025,Community Impact,achieved,Self-Employed,Completed
BEN-003400,Plus,Q3 2025,Education,achieved,Unemployed,Completed
BEN-003408,Plus,Q3 2025,Employment,active,Unemployed,Completed
BEN-003409,Plus,Q1 2025,Education,achieved,Unemployed,Completed
BEN-003411,Plus,Q2 2025,Community Impact,not_achieved,Unemployed,Completed
BEN-003414,Plus,Q1 2026,Employment,achieved,Employed,Completed
BEN-003415,Plus,Q3 2025,Education,active,Employed,Completed
BEN-003420,Plus,Q3 2025,Employment,active,Unemployed,Completed
BEN-003431,Plus,Q3 2025,Employment,achieved,Employed,Completed
BEN-003432,Plus,Q1 2026,Entrepreneurship,active,Self-Employed,Completed
BEN-003434,Plus,Q1 2025,Employment,active,Unemployed,Completed
BEN-003441,Plus,Q3 2025,Employment,achieved,Employed,Completed
BEN-003446,Plus,Q3 2025,Entrepreneurship,achieved,Self-Employed,Completed
BEN-003449,Plus,Q3 2025,Education,active,Self-Employed,Completed
BEN-003463,Plus,Q3 2025,Entrepreneurship,active,Self-Employed,Completed
BEN-003470,Plus,Q1 2026,Education,active,Employed,Completed
BEN-003475,Plus,Q1 2026,Education,active,Self-Employed,Completed
BEN-003485,Plus,Q1 2025,Employment,active,Unemployed,Completed
BEN-003492,Plus,Q1 2025,Community Impact,achieved,Self-Employed,Completed
BEN-003494,Plus,Q4 2025,Community Impact,achieved,Unemployed,Completed
BEN-003496,Plus,Q1 2026,Entrepreneurship,achieved,Self-Employed,Completed
BEN-003503,Plus,Q4 2025,Employment,achieved,Employed,Completed
BEN-003506,Plus,Q1 2025,Entrepreneurship,achieved,Self-Employed,Completed
BEN-003515,Plus,Q4 2025,Entrepreneurship,achieved,Self-Employed,Completed
BEN-003516,Plus,Q4 2025,Entrepreneurship,achieved,Self-Employed,Completed
BEN-003517,Plus,Q1 2026,Employment,active,Unemployed,Completed
BEN-003519,Plus,Q2 2025,Education,achieved,In Training,Completed
BEN-003521,Plus,Q1 2026,Employment,active,Self-Employed,Completed
BEN-003522,Plus,Q4 2025,Education,active,Unemployed,Completed
BEN-003533,Plus,Q2 2025,Education,achieved,Unemployed,Completed
BEN-003534,Plus,Q1 2026,Employment,achieved,Employed,Completed
BEN-003555,Plus,Q4 2025,Education,achieved,Unemployed,Completed
BEN-003559,Plus,Q3 2025,Employment,achieved,Employed,Completed
BEN-003564,Plus,Q1 2025,Community Impact,active,Unemployed,Completed
BEN-003572,Plus,Q4 2025,Employment,active,Unemployed,Completed
BEN-003573,Plus,Q4 2025,Community Impact,achieved,Unemployed,Completed
BEN-003581,Plus,Q4 2025,Employment,achieved,Employed,Completed
BEN-003582,Plus,Q2 2025,Entrepreneurship,active,Unemployed,Completed
BEN-003596,Plus,Q2 2025,Employment,achieved,Employed,Completed
BEN-003602,Plus,Q2 2025,Entrepreneurship,active,Unemployed,Completed
BEN-003604,Plus,Q1 2025,Employment,not_achieved,Unemployed,Completed
BEN-003605,Plus,Q1 2026,Community Impact,active,Unemployed,Completed
BEN-003606,Plus,Q4 2025,Community Impact,active,Unemployed,Completed
BEN-003607,Plus,Q3 2025,Employment,achieved,Employed,Completed
BEN-003609,Plus,Q4 2025,Employment,active,Self-Employed,Completed
BEN-003610,Plus,Q1 2025,Community Impact,active,Unemployed,Completed
BEN-003618,Plus,Q2 2026,Education,active,Unemployed,Completed
BEN-003621,Plus,Q4 2025,Employment,achieved,Employed,Completed
BEN-003628,Plus,Q4 2025,Entrepreneurship,achieved,Self-Employed,Completed
BEN-003629,Plus,Q2 2026,Education,achieved,In Training,Completed
BEN-003630,Plus,Q4 2025,Community Impact,not_achieved,Employed,Completed
BEN-003636,Plus,Q2 2025,Education,achieved,Unemployed,Completed
BEN-003644,Plus,Q4 2025,Education,achieved,In Training,Completed
BEN-003653,Plus,Q1 2025,Employment,active,Unemployed,Completed
BEN-003658,Plus,Q3 2025,Community Impact,achieved,Employed,Completed
BEN-003661,Plus,Q1 2025,Education,achieved,Unemployed,Completed
BEN-003670,Plus,Q2 2025,Employment,achieved,Employed,Completed
BEN-003671,Plus,Q2 2026,Employment,not_achieved,Employed,Completed
BEN-003688,Plus,Q1 2025,Employment,achieved,Employed,Completed
BEN-003701,Plus,Q1 2025,Education,active,Employed,Completed
BEN-003703,Plus,Q2 2025,Entrepreneurship,not_achieved,Unemployed,Completed
BEN-003707,Plus,Q2 2025,Employment,active,Unemployed,Completed
BEN-003715,Plus,Q3 2025,Employment,achieved,Employed,Completed
BEN-003716,Plus,Q4 2025,Education,achieved,Unemployed,Completed
BEN-003720,Plus,Q4 2025,Community Impact,achieved,Self-Employed,Completed
BEN-003723,Plus,Q4 2025,Education,achieved,Unemployed,Completed
BEN-003727,Plus,Q2 2026,Education,achieved,In Training,Completed
BEN-003731,Plus,Q3 2025,Employment,not_achieved,Unemployed,Completed
BEN-003733,Plus,Q1 2026,Employment,achieved,Employed,Completed
BEN-003737,Plus,Q2 2026,Education,achieved,Unemployed,Completed
BEN-003752,Plus,Q2 2025,Entrepreneurship,achieved,Self-Employed,Completed
BEN-003757,Plus,Q4 2025,Employment,achieved,Employed,Completed
BEN-003765,Plus,Q1 2025,Community Impact,achieved,Self-Employed,Completed
BEN-003773,Plus,Q3 2025,Education,active,Employed,Completed
BEN-003784,Plus,Q3 2025,Education,not_achieved,Unemployed,Completed
BEN-003785,Plus,Q4 2025,Community Impact,achieved,Self-Employed,Completed
BEN-003787,Plus,Q2 2026,Community Impact,active,Unemployed,Completed
BEN-003790,Plus,Q4 2025,Employment,active,Employed,Completed
BEN-003795,Plus,Q4 2025,Education,achieved,In Training,Completed
BEN-003800,Plus,Q1 2026,Community Impact,not_achieved,Self-Employed,Completed
BEN-003806,Plus,Q3 2025,Education,not_achieved,Unemployed,Completed
BEN-003807,Plus,Q1 2025,Education,achieved,In Training,Completed
BEN-003810,Plus,Q3 2025,Employment,active,Self-Employed,Completed
BEN-003814,Plus,Q1 2026,Entrepreneurship,not_achieved,Unemployed,Completed
BEN-003830,Plus,Q2 2026,Entrepreneurship,active,Employed,Completed
BEN-003833,Plus,Q2 2025,Employment,achieved,Employed,Completed
BEN-003837,Plus,Q3 2025,Community Impact,achieved,Employed,Completed
BEN-003838,Plus,Q1 2026,Education,achieved,In Training,Completed
BEN-003839,Plus,Q3 2025,Community Impact,active,Self-Employed,Completed
BEN-003841,Plus,Q4 2025,Employment,active,Unemployed,Completed
BEN-003843,Plus,Q1 2025,Education,achieved,In Training,Completed
BEN-003844,Plus,Q3 2025,Employment,achieved,Employed,Completed
BEN-003846,Plus,Q1 2026,Employment,achieved,Employed,Completed
BEN-003856,Plus,Q1 2025,Employment,achieved,Employed,Completed
BEN-003859,Plus,Q3 2025,Community Impact,active,Employed,Completed
BEN-003862,Plus,Q2 2025,Education,achieved,Unemployed,Completed
BEN-003864,Plus,Q4 2025,Employment,achieved,Employed,Completed
BEN-003868,Plus,Q2 2026,Education,not_achieved,Self-Employed,Completed
BEN-003878,Plus,Q2 2026,Education,active,Unemployed,Completed
BEN-003879,Plus,Q1 2026,Entrepreneurship,achieved,Self-Employed,Completed
BEN-003894,Plus,Q2 2025,Employment,achieved,Employed,Completed
BEN-003896,Plus,Q2 2025,Entrepreneurship,active,Self-Employed,Completed
BEN-003899,Plus,Q3 2025,Employment,achieved,Employed,Completed
BEN-003902,Plus,Q2 2025,Entrepreneurship,active,Unemployed,Completed
BEN-003905,Plus,Q3 2025,Education,not_achieved,Employed,Completed
BEN-003907,Plus,Q3 2025,Employment,achieved,Employed,Completed
BEN-003911,Plus,Q2 2026,Education,achieved,Unemployed,Completed
BEN-003922,Plus,Q2 2025,Entrepreneurship,active,Self-Employed,Completed
BEN-003925,Plus,Q4 2025,Employment,achieved,Employed,Completed
BEN-003936,Plus,Q2 2025,Employment,achieved,Employed,Completed
BEN-003937,Plus,Q3 2025,Entrepreneurship,achieved,Self-Employed,Completed
BEN-003941,Plus,Q3 2025,Community Impact,achieved,Unemployed,Completed
BEN-003949,Plus,Q2 2026,Education,not_achieved,Employed,Completed
BEN-003958,Plus,Q2 2026,Education,achieved,Unemployed,Completed
BEN-003963,Plus,Q4 2025,Employment,achieved,Employed,Completed
BEN-003966,Plus,Q3 2025,Education,active,Unemployed,Completed
BEN-003967,Plus,Q2 2025,Employment,active,Self-Employed,Completed
BEN-003977,Plus,Q3 2025,Education,active,Unemployed,Completed
BEN-003980,Plus,Q3 2025,Employment,achieved,Employed,Completed
BEN-003986,Plus,Q2 2025,Community Impact,active,Employed,Completed
BEN-003988,Plus,Q2 2025,Community Impact,not_achieved,Employed,Completed
BEN-004002,Plus,Q1 2025,Community Impact,not_achieved,Employed,Completed
BEN-004011,Plus,Q2 2026,Employment,achieved,Employed,Completed
BEN-004019,Plus,Q1 2026,Employment,achieved,Employed,Completed
BEN-004036,Plus,Q4 2025,Entrepreneurship,achieved,Self-Employed,Completed
BEN-004052,Plus,Q1 2026,Employment,not_achieved,Unemployed,Completed
BEN-004055,Plus,Q3 2025,Education,achieved,In Training,Completed
BEN-004071,Plus,Q4 2025,Employment,achieved,Employed,Completed
BEN-004074,Plus,Q2 2026,Education,active,Self-Employed,Completed
BEN-004081,Plus,Q1 2025,Entrepreneurship,achieved,Self-Employed,Completed
BEN-004082,Plus,Q2 2025,Employment,active,Unemployed,Completed
BEN-004096,Plus,Q4 2025,Community Impact,active,Employed,Completed
BEN-004104,Plus,Q3 2025,Entrepreneurship,achieved,Self-Employed,Completed
BEN-004112,Plus,Q2 2025,Community Impact,achieved,Unemployed,Completed
BEN-004115,Plus,Q4 2025,Employment,not_achieved,Unemployed,Completed
BEN-004119,Plus,Q2 2025,Employment,achieved,Employed,Completed
BEN-004132,Plus,Q4 2025,Employment,active,Unemployed,Completed
BEN-004137,Plus,Q4 2025,Entrepreneurship,active,Unemployed,Completed
BEN-004163,Plus,Q4 2025,Employment,achieved,Employed,Completed
BEN-004164,Plus,Q2 2026,Community Impact,achieved,Self-Employed,Completed
BEN-004170,Plus,Q1 2025,Community Impact,not_achieved,Self-Employed,Completed
BEN-004174,Plus,Q2 2025,Community Impact,achieved,Self-Employed,Completed
BEN-004176,Plus,Q3 2025,Employment,achieved,Employed,Completed
BEN-004178,Plus,Q3 2025,Employment,achieved,Employed,Completed
BEN-004181,Plus,Q3 2025,Education,achieved,In Training,Completed
BEN-004199,Plus,Q2 2026,Education,active,Unemployed,Completed
BEN-004200,Plus,Q1 2025,Employment,achieved,Employed,Completed
BEN-004204,Plus,Q4 2025,Entrepreneurship,achieved,Self-Employed,Completed
BEN-004206,Plus,Q2 2026,Community Impact,not_achieved,Employed,Completed
BEN-004212,Plus,Q4 2025,Entrepreneurship,achieved,Self-Employed,Completed
BEN-004216,Plus,Q2 2025,Entrepreneurship,achieved,Self-Employed,Completed
BEN-004225,Plus,Q3 2025,Education,achieved,In Training,Completed
BEN-004231,Plus,Q2 2026,Employment,active,Unemployed,Completed
BEN-004241,Plus,Q4 2025,Entrepreneurship,active,Unemployed,Completed
BEN-004247,Plus,Q3 2025,Employment,achieved,Employed,Completed
BEN-004256,Plus,Q1 2025,Employment,achieved,Employed,Completed
BEN-004260,Plus,Q3 2025,Employment,active,Unemployed,Completed
BEN-004262,Plus,Q1 2026,Employment,not_achieved,Employed,Completed
BEN-004272,Plus,Q4 2025,Entrepreneurship,active,Self-Employed,Completed
BEN-004275,Plus,Q4 2025,Community Impact,achieved,Self-Employed,Completed
BEN-004289,Plus,Q2 2026,Entrepreneurship,achieved,Self-Employed,Completed
BEN-004291,Plus,Q2 2025,Community Impact,achieved,Employed,Completed
BEN-004294,Plus,Q1 2026,Education,active,Self-Employed,Completed
BEN-004299,Plus,Q1 2026,Employment,achieved,Employed,Completed
BEN-004300,Plus,Q4 2025,Education,active,Self-Employed,Completed
BEN-004301,Plus,Q1 2026,Employment,not_achieved,Unemployed,Completed
BEN-004314,Plus,Q3 2025,Community Impact,active,Unemployed,Completed
BEN-004317,Plus,Q4 2025,Employment,achieved,Employed,Completed
BEN-004323,Plus,Q2 2025,Education,active,Unemployed,Completed
BEN-004329,Plus,Q1 2026,Education,active,Employed,Completed
BEN-004334,Plus,Q3 2025,Employment,achieved,Employed,Completed
BEN-004336,Plus,Q4 2025,Employment,not_achieved,Self-Employed,Completed
BEN-004339,Plus,Q4 2025,Education,achieved,In Training,Completed
BEN-004347,Plus,Q1 2025,Employment,achieved,Employed,Completed
BEN-004348,Plus,Q2 2025,Entrepreneurship,achieved,Self-Employed,Completed
BEN-004355,Plus,Q3 2025,Education,active,Unemployed,Completed
BEN-004357,Plus,Q3 2025,Community Impact,achieved,Unemployed,Completed
BEN-004359,Plus,Q2 2026,Employment,not_achieved,Unemployed,Completed
BEN-004364,Plus,Q3 2025,Employment,active,Employed,Completed
BEN-004384,Plus,Q3 2025,Entrepreneurship,achieved,Self-Employed,Completed
BEN-004386,Plus,Q1 2025,Community Impact,not_achieved,Employed,Completed
BEN-004387,Plus,Q2 2026,Education,not_achieved,Employed,Completed
BEN-004389,Plus,Q2 2026,Employment,achieved,Employed,Completed
BEN-004390,Plus,Q2 2025,Employment,active,Unemployed,Completed
BEN-004392,Plus,Q3 2025,Employment,achieved,Employed,Completed
BEN-004397,Plus,Q1 2025,Employment,achieved,Employed,Completed
BEN-004399,Plus,Q4 2025,Entrepreneurship,not_achieved,Employed,Completed
BEN-004401,Plus,Q2 2026,Entrepreneurship,not_achieved,Unemployed,Completed
BEN-004419,Plus,Q1 2026,Employment,achieved,Employed,Completed
BEN-004433,Plus,Q1 2026,Employment,achieved,Employed,Completed
BEN-004442,Plus,Q3 2025,Community Impact,achieved,Unemployed,Completed
BEN-004446,Plus,Q3 2025,Entrepreneurship,active,Employed,Completed
BEN-004454,Plus,Q2 2026,Education,achieved,Unemployed,Completed
BEN-004473,Plus,Q3 2025,Community Impact,achieved,Unemployed,Completed
BEN-004475,Plus,Q2 2026,Entrepreneurship,achieved,Self-Employed,Completed
BEN-004483,Plus,Q3 2025,Community Impact,achieved,Unemployed,Completed
BEN-004485,Plus,Q4 2025,Community Impact,active,Self-Employed,Completed
BEN-004491,Plus,Q3 2025,Education,achieved,Unemployed,Completed
BEN-004494,Plus,Q2 2025,Employment,not_achieved,Unemployed,Completed
BEN-004504,Plus,Q2 2025,Education,not_achieved,Unemployed,Completed
BEN-004513,Plus,Q2 2025,Employment,active,Self-Employed,Completed
BEN-004518,Plus,Q3 2025,Employment,not_achieved,Self-Employed,Completed
BEN-004527,Plus,Q2 2025,Entrepreneurship,achieved,Self-Employed,Completed
BEN-004529,Plus,Q2 2025,Community Impact,achieved,Unemployed,Completed
BEN-004531,Plus,Q3 2025,Entrepreneurship,not_achieved,Unemployed,Completed
BEN-004533,Plus,Q4 2025,Education,achieved,Unemployed,Completed
BEN-004538,Plus,Q2 2025,Entrepreneurship,achieved,Self-Employed,Completed
BEN-004540,Plus,Q2 2025,Education,achieved,Unemployed,Completed
BEN-004543,Plus,Q2 2025,Employment,not_achieved,Unemployed,Completed
BEN-004544,Plus,Q2 2025,Education,achieved,In Training,Completed
BEN-004550,Plus,Q3 2025,Entrepreneurship,not_achieved,Unemployed,Completed
BEN-004578,Plus,Q4 2025,Community Impact,achieved,Unemployed,Completed
BEN-004580,Plus,Q2 2025,Employment,achieved,Employed,Completed
BEN-004581,Plus,Q3 2025,Employment,achieved,Employed,Completed
BEN-004583,Plus,Q1 2025,Employment,achieved,Employed,Completed
BEN-004592,Plus,Q1 2026,Education,active,Unemployed,Completed
BEN-004593,Plus,Q4 2025,Entrepreneurship,active,Self-Employed,Completed
BEN-004601,Plus,Q1 2026,Entrepreneurship,active,Unemployed,Completed
BEN-004604,Plus,Q2 2026,Community Impact,not_achieved,Unemployed,Completed
BEN-004619,Plus,Q4 2025,Entrepreneurship,achieved,Self-Employed,Completed
BEN-004626,Plus,Q1 2026,Employment,achieved,Employed,Completed
BEN-004629,Plus,Q2 2026,Employment,not_achieved,Unemployed,Completed
BEN-004632,Plus,Q2 2026,Employment,active,Unemployed,Completed
BEN-004636,Plus,Q3 2025,Community Impact,not_achieved,Unemployed,Completed
BEN-004639,Plus,Q1 2026,Entrepreneurship,achieved,Self-Employed,Completed
BEN-004642,Plus,Q4 2025,Community Impact,achieved,Unemployed,Completed
BEN-004645,Plus,Q1 2026,Education,achieved,In Training,Completed
BEN-004647,Plus,Q4 2025,Education,active,Employed,Completed
BEN-004666,Plus,Q1 2026,Employment,achieved,Employed,Completed
BEN-004676,Plus,Q2 2025,Employment,achieved,Employed,Completed
BEN-004680,Plus,Q2 2025,Entrepreneurship,active,Unemployed,Completed
BEN-004684,Plus,Q1 2026,Employment,not_achieved,Unemployed,Completed
BEN-004687,Plus,Q2 2025,Education,achieved,Unemployed,Completed
BEN-004693,Plus,Q2 2025,Education,active,Unemployed,Completed
BEN-004695,Plus,Q1 2026,Entrepreneurship,achieved,Self-Employed,Completed
BEN-004698,Plus,Q2 2025,Community Impact,not_achieved,Self-Employed,Completed
BEN-004703,Plus,Q4 2025,Employment,not_achieved,Unemployed,Completed
BEN-004708,Plus,Q2 2025,Community Impact,active,Employed,Completed
BEN-004710,Plus,Q1 2025,Employment,active,Unemployed,Completed
BEN-004711,Plus,Q4 2025,Community Impact,not_achieved,Unemployed,Completed
BEN-004715,Plus,Q1 2026,Education,active,Employed,Completed
BEN-004729,Plus,Q4 2025,Employment,achieved,Employed,Completed
BEN-004730,Plus,Q4 2025,Education,active,Unemployed,Completed
BEN-004731,Plus,Q2 2025,Education,achieved,In Training,Completed
BEN-004732,Plus,Q3 2025,Education,active,Self-Employed,Completed
BEN-004741,Plus,Q3 2025,Entrepreneurship,achieved,Self-Employed,Completed
BEN-004747,Plus,Q1 2026,Education,achieved,Unemployed,Completed
BEN-004748,Plus,Q4 2025,Entrepreneurship,achieved,Self-Employed,Completed
BEN-004750,Plus,Q1 2026,Employment,active,Unemployed,Completed
BEN-004751,Plus,Q4 2025,Education,active,Employed,Completed
BEN-004756,Plus,Q3 2025,Education,active,Self-Employed,Completed
BEN-004758,Plus,Q2 2025,Community Impact,achieved,Self-Employed,Completed
BEN-004766,Plus,Q2 2026,Education,not_achieved,Self-Employed,Completed
BEN-004773,Plus,Q3 2025,Employment,achieved,Employed,Completed
BEN-004778,Plus,Q2 2026,Community Impact,achieved,Unemployed,Completed
BEN-004785,Plus,Q3 2025,Community Impact,achieved,Unemployed,Completed
BEN-004790,Plus,Q1 2026,Employment,achieved,Employed,Completed
BEN-004796,Plus,Q1 2025,Employment,not_achieved,Unemployed,Completed
BEN-004803,Plus,Q1 2026,Education,achieved,Unemployed,Completed
BEN-004804,Plus,Q1 2026,Community Impact,achieved,Unemployed,Completed
BEN-004813,Plus,Q2 2025,Education,achieved,Unemployed,Completed
BEN-004820,Plus,Q2 2025,Education,active,Unemployed,Completed
BEN-004838,Plus,Q2 2026,Community Impact,not_achieved,Unemployed,Completed
BEN-004843,Plus,Q1 2026,Entrepreneurship,achieved,Self-Employed,Completed
BEN-004853,Plus,Q2 2025,Community Impact,achieved,Employed,Completed
BEN-004859,Plus,Q1 2025,Community Impact,achieved,Self-Employed,Completed
BEN-004862,Plus,Q1 2026,Community Impact,achieved,Unemployed,Completed
BEN-004867,Plus,Q2 2026,Employment,active,Unemployed,Completed
BEN-004873,Plus,Q2 2025,Entrepreneurship,active,Employed,Completed
BEN-004879,Plus,Q3 2025,Education,active,Self-Employed,Completed
BEN-004882,Plus,Q1 2026,Education,achieved,Unemployed,Completed
BEN-004884,Plus,Q1 2026,Employment,active,Unemployed,Completed
BEN-004894,Plus,Q2 2026,Employment,achieved,Employed,Completed
BEN-004898,Plus,Q2 2025,Employment,active,Unemployed,Completed
BEN-004903,Plus,Q2 2026,Community Impact,achieved,Self-Employed,Completed
BEN-004905,Plus,Q1 2026,Education,not_achieved,Self-Employed,Completed
BEN-004906,Plus,Q1 2025,Community Impact,not_achieved,Self-Employed,Completed
BEN-004916,Plus,Q2 2025,Entrepreneurship,not_achieved,Unemployed,Completed
BEN-004917,Plus,Q1 2026,Education,active,Employed,Completed
BEN-004927,Plus,Q1 2026,Employment,achieved,Employed,Completed
BEN-004928,Plus,Q2 2026,Education,achieved,Unemployed,Completed
BEN-004943,Plus,Q3 2025,Community Impact,achieved,Unemployed,Completed
BEN-004946,Plus,Q4 2025,Community Impact,achieved,Unemployed,Completed
BEN-004947,Plus,Q2 2026,Employment,achieved,Employed,Completed
BEN-004949,Plus,Q4 2025,Education,achieved,In Training,Completed
BEN-004950,Plus,Q4 2025,Community Impact,achieved,Employed,Completed
BEN-004958,Plus,Q2 2026,Employment,achieved,Employed,Completed
BEN-004959,Plus,Q4 2025,Employment,achieved,Employed,Completed
BEN-004970,Plus,Q2 2025,Community Impact,achieved,Self-Employed,Completed
BEN-004978,Plus,Q3 2025,Education,active,Unemployed,Completed
BEN-004991,Plus,Q1 2025,Education,not_achieved,Unemployed,Completed
BEN-004993,Plus,Q1 2026,Community Impact,achieved,Self-Employed,Completed
BEN-004997,Plus,Q1 2025,Community Impact,achieved,Self-Employed,Completed
BEN-004999,Plus,Q4 2025,Employment,achieved,Employed,Completed
BEN-005005,Plus,Q1 2025,Employment,active,Self-Employed,Completed
BEN-005017,Plus,Q3 2025,Community Impact,achieved,Self-Employed,Completed
BEN-005027,Plus,Q4 2025,Employment,achieved,Employed,Completed
BEN-005034,Plus,Q2 2025,Employment,achieved,Employed,Completed
BEN-005039,Plus,Q3 2025,Employment,achieved,Employed,Completed
BEN-005048,Plus,Q3 2025,Entrepreneurship,achieved,Self-Employed,Completed
BEN-005051,Plus,Q4 2025,Community Impact,achieved,Employed,Completed
BEN-005081,Plus,Q2 2026,Employment,achieved,Employed,Completed
BEN-005084,Plus,Q3 2025,Entrepreneurship,not_achieved,Unemployed,Completed
BEN-005085,Plus,Q4 2025,Community Impact,active,Self-Employed,Completed
BEN-005107,Plus,Q2 2026,Education,achieved,Unemployed,Completed
BEN-005109,Plus,Q4 2025,Education,active,Unemployed,Completed
BEN-005111,Plus,Q3 2025,Entrepreneurship,not_achieved,Unemployed,Completed
BEN-005114,Plus,Q4 2025,Employment,achieved,Employed,Completed
BEN-005132,Plus,Q3 2025,Employment,active,Unemployed,Completed
BEN-005133,Plus,Q1 2026,Entrepreneurship,active,Unemployed,Completed
BEN-005137,Plus,Q2 2025,Entrepreneurship,achieved,Self-Employed,Completed
BEN-005139,Plus,Q1 2026,Employment,achieved,Employed,Completed
BEN-005142,Plus,Q4 2025,Community Impact,achieved,Employed,Completed
BEN-005152,Plus,Q3 2025,Community Impact,achieved,Self-Employed,Completed
BEN-005153,Plus,Q1 2026,Employment,achieved,Employed,Completed
BEN-005155,Plus,Q1 2025,Employment,achieved,Employed,Completed
BEN-005160,Plus,Q2 2025,Education,achieved,In Training,Completed
BEN-005167,Plus,Q2 2026,Community Impact,active,Unemployed,Completed
BEN-005176,Plus,Q1 2025,Employment,not_achieved,Unemployed,Completed
BEN-005190,Plus,Q2 2026,Employment,active,Self-Employed,Completed
BEN-005195,Plus,Q2 2025,Education,achieved,Unemployed,Completed
BEN-005213,Plus,Q2 2025,Entrepreneurship,achieved,Self-Employed,Completed
BEN-005225,Plus,Q1 2026,Community Impact,achieved,Unemployed,Completed
BEN-005233,Plus,Q2 2025,Community Impact,active,Unemployed,Completed
BEN-005245,Plus,Q4 2025,Employment,achieved,Employed,Completed
BEN-005257,Plus,Q2 2026,Community Impact,active,Self-Employed,Completed
BEN-005267,Plus,Q1 2026,Employment,achieved,Employed,Completed
BEN-005271,Plus,Q1 2026,Education,achieved,In Training,Completed
BEN-005276,Plus,Q3 2025,Employment,achieved,Employed,Completed
BEN-005283,Plus,Q1 2026,Employment,active,Self-Employed,Completed
BEN-005287,Plus,Q1 2026,Community Impact,achieved,Self-Employed,Completed
BEN-005293,Plus,Q3 2025,Entrepreneurship,achieved,Self-Employed,Completed
BEN-005297,Plus,Q2 2026,Community Impact,achieved,Unemployed,Completed
BEN-005306,Plus,Q1 2026,Education,not_achieved,Employed,Completed
BEN-005311,Plus,Q3 2025,Entrepreneurship,not_achieved,Self-Employed,Completed
BEN-005320,Plus,Q1 2025,Community Impact,achieved,Employed,Completed
BEN-005326,Plus,Q3 2025,Community Impact,achieved,Unemployed,Completed
BEN-005338,Plus,Q1 2025,Employment,achieved,Employed,Completed
BEN-005340,Plus,Q2 2025,Employment,active,Employed,Completed
BEN-005344,Plus,Q2 2026,Employment,achieved,Employed,Completed
BEN-005346,Plus,Q1 2026,Employment,achieved,Employed,Completed
BEN-005349,Plus,Q1 2026,Education,achieved,Unemployed,Completed
BEN-005350,Plus,Q3 2025,Community Impact,not_achieved,Unemployed,Completed
BEN-005355,Plus,Q1 2025,Education,active,Unemployed,Completed
BEN-005357,Plus,Q2 2025,Education,achieved,In Training,Completed
BEN-005361,Plus,Q2 2026,Employment,achieved,Employed,Completed
BEN-005368,Plus,Q2 2025,Community Impact,achieved,Self-Employed,Completed
BEN-005375,Plus,Q4 2025,Education,achieved,Unemployed,Completed
BEN-005381,Plus,Q4 2025,Employment,active,Self-Employed,Completed
BEN-005390,Plus,Q1 2025,Entrepreneurship,active,Self-Employed,Completed
BEN-005396,Plus,Q1 2026,Education,achieved,Unemployed,Completed
BEN-005412,Plus,Q4 2025,Education,not_achieved,Employed,Completed
BEN-005420,Plus,Q1 2026,Education,achieved,In Training,Completed
BEN-005427,Plus,Q3 2025,Employment,not_achieved,Unemployed,Completed
BEN-005433,Plus,Q2 2025,Entrepreneurship,achieved,Self-Employed,Completed
BEN-005434,Plus,Q3 2025,Community Impact,active,Employed,Completed
BEN-005441,Plus,Q3 2025,Community Impact,achieved,Self-Employed,Completed
BEN-005442,Plus,Q4 2025,Employment,achieved,Employed,Completed
BEN-005443,Plus,Q1 2026,Entrepreneurship,not_achieved,Unemployed,Completed
BEN-005444,Plus,Q4 2025,Employment,not_achieved,Unemployed,Completed
BEN-005445,Plus,Q1 2026,Community Impact,achieved,Employed,Completed
BEN-005456,Plus,Q4 2025,Employment,active,Unemployed,Completed
BEN-005457,Plus,Q3 2025,Community Impact,active,Unemployed,Completed
BEN-005459,Plus,Q2 2025,Entrepreneurship,active,Unemployed,Completed
BEN-005462,Plus,Q2 2026,Community Impact,achieved,Unemployed,Completed
BEN-005466,Plus,Q4 2025,Employment,active,Self-Employed,Completed
BEN-005469,Plus,Q4 2025,Employment,active,Employed,Completed
BEN-005474,Plus,Q2 2026,Entrepreneurship,achieved,Self-Employed,Completed
BEN-005488,Plus,Q3 2025,Employment,active,Employed,Completed
BEN-005490,Plus,Q4 2025,Education,achieved,In Training,Completed
BEN-005493,Plus,Q2 2025,Employment,active,Unemployed,Completed
BEN-005494,Plus,Q2 2026,Employment,achieved,Employed,Completed
BEN-005513,Plus,Q2 2025,Employment,achieved,Employed,Completed
BEN-005514,Plus,Q3 2025,Employment,achieved,Employed,Completed
BEN-005537,Plus,Q2 2025,Education,active,Unemployed,Completed
BEN-005538,Plus,Q2 2026,Entrepreneurship,active,Self-Employed,Completed
BEN-005539,Plus,Q1 2026,Entrepreneurship,achieved,Self-Employed,Completed
BEN-005558,Plus,Q3 2025,Community Impact,active,Employed,Completed
BEN-005565,Plus,Q2 2025,Education,active,Self-Employed,Completed
BEN-005569,Plus,Q1 2025,Entrepreneurship,active,Employed,Completed
BEN-005573,Plus,Q2 2025,Employment,not_achieved,Self-Employed,Completed
BEN-005574,Plus,Q4 2025,Education,achieved,Unemployed,Completed
BEN-005585,Plus,Q2 2025,Employment,not_achieved,Unemployed,Completed
BEN-005598,Plus,Q1 2025,Community Impact,achieved,Self-Employed,Completed
BEN-005605,Plus,Q4 2025,Community Impact,active,Unemployed,Completed
BEN-005606,Plus,Q1 2025,Community Impact,not_achieved,Unemployed,Completed
BEN-005607,Plus,Q3 2025,Entrepreneurship,not_achieved,Self-Employed,Completed
BEN-005619,Plus,Q4 2025,Education,active,Self-Employed,Completed
BEN-005621,Plus,Q2 2025,Community Impact,achieved,Employed,Completed
BEN-005624,Plus,Q1 2026,Education,achieved,Unemployed,Completed
BEN-005625,Plus,Q1 2026,Education,achieved,Unemployed,Completed
BEN-005626,Plus,Q2 2025,Employment,achieved,Employed,Completed
BEN-005628,Plus,Q2 2026,Community Impact,achieved,Self-Employed,Completed
BEN-005640,Plus,Q4 2025,Employment,achieved,Employed,Completed
BEN-005643,Plus,Q4 2025,Community Impact,not_achieved,Unemployed,Completed
BEN-005644,Plus,Q2 2026,Employment,achieved,Employed,Completed
BEN-005654,Plus,Q3 2025,Entrepreneurship,achieved,Self-Employed,Completed
BEN-005666,Plus,Q4 2025,Education,achieved,Unemployed,Completed
BEN-005672,Plus,Q4 2025,Community Impact,active,Employed,Completed
BEN-005685,Plus,Q4 2025,Employment,active,Unemployed,Completed
BEN-005686,Plus,Q4 2025,Employment,achieved,Employed,Completed
BEN-005688,Plus,Q4 2025,Employment,achieved,Employed,Completed
BEN-005694,Plus,Q1 2026,Employment,achieved,Employed,Completed
BEN-005701,Plus,Q4 2025,Employment,achieved,Employed,Completed
BEN-005711,Plus,Q4 2025,Community Impact,achieved,Self-Employed,Completed
BEN-005737,Plus,Q2 2026,Community Impact,active,Employed,Completed
BEN-005754,Plus,Q4 2025,Employment,active,Unemployed,Completed
BEN-005755,Plus,Q3 2025,Entrepreneurship,achieved,Self-Employed,Completed
BEN-005756,Plus,Q1 2026,Education,achieved,In Training,Completed
BEN-005768,Plus,Q3 2025,Community Impact,active,Employed,Completed
BEN-005771,Plus,Q3 2025,Employment,achieved,Employed,Completed
BEN-005772,Plus,Q3 2025,Employment,active,Self-Employed,Completed
BEN-005778,Plus,Q2 2026,Employment,achieved,Employed,Completed
BEN-005786,Plus,Q2 2026,Entrepreneurship,not_achieved,Self-Employed,Completed
BEN-005790,Plus,Q3 2025,Education,not_achieved,Unemployed,Completed
BEN-005805,Plus,Q1 2025,Entrepreneurship,achieved,Self-Employed,Completed
BEN-005816,Plus,Q4 2025,Education,achieved,In Training,Completed
BEN-005820,Plus,Q3 2025,Entrepreneurship,achieved,Self-Employed,Completed
BEN-005825,Plus,Q2 2025,Education,achieved,In Training,Completed
BEN-005833,Plus,Q4 2025,Education,achieved,In Training,Completed
BEN-005845,Plus,Q1 2026,Entrepreneurship,active,Unemployed,Completed
BEN-005859,Plus,Q2 2025,Community Impact,active,Self-Employed,Completed
BEN-005862,Plus,Q2 2025,Community Impact,not_achieved,Unemployed,Completed
BEN-005874,Plus,Q3 2025,Employment,achieved,Employed,Completed
BEN-005888,Plus,Q2 2026,Community Impact,achieved,Employed,Completed
BEN-005890,Plus,Q1 2025,Education,achieved,Unemployed,Completed
BEN-005895,Plus,Q3 2025,Education,achieved,Unemployed,Completed
BEN-005897,Plus,Q3 2025,Education,achieved,Unemployed,Completed
BEN-005904,Plus,Q1 2026,Employment,active,Unemployed,Completed
BEN-005907,Plus,Q1 2026,Employment,achieved,Employed,Completed
BEN-005919,Plus,Q2 2026,Community Impact,achieved,Self-Employed,Completed
BEN-005921,Plus,Q4 2025,Employment,achieved,Employed,Completed
BEN-005926,Plus,Q2 2025,Community Impact,not_achieved,Self-Employed,Completed
BEN-005927,Plus,Q2 2025,Entrepreneurship,achieved,Self-Employed,Completed
BEN-005931,Plus,Q4 2025,Employment,achieved,Employed,Completed
BEN-005935,Plus,Q3 2025,Entrepreneurship,active,Self-Employed,Completed
BEN-005942,Plus,Q2 2026,Employment,achieved,Employed,Completed
BEN-005945,Plus,Q2 2026,Entrepreneurship,not_achieved,Unemployed,Completed
BEN-005953,Plus,Q3 2025,Employment,not_achieved,Self-Employed,Completed
BEN-005956,Plus,Q4 2025,Entrepreneurship,active,Unemployed,Completed
BEN-005960,Plus,Q3 2025,Employment,active,Unemployed,Completed
BEN-005970,Plus,Q2 2026,Education,active,Employed,Completed
BEN-005975,Plus,Q1 2026,Community Impact,not_achieved,Self-Employed,Completed
BEN-005977,Plus,Q1 2025,Education,active,Employed,Completed
BEN-005979,Plus,Q4 2025,Community Impact,achieved,Self-Employed,Completed
BEN-005983,Plus,Q3 2025,Entrepreneurship,achieved,Self-Employed,Completed
BEN-005988,Plus,Q2 2025,Entrepreneurship,active,Self-Employed,Completed
BEN-005991,Plus,Q2 2025,Employment,active,Self-Employed,Completed
BEN-006012,Plus,Q3 2025,Employment,achieved,Employed,Completed
BEN-006014,Plus,Q3 2025,Employment,achieved,Employed,Completed
BEN-006016,Plus,Q3 2025,Employment,achieved,Employed,Completed
BEN-006023,Plus,Q3 2025,Community Impact,not_achieved,Unemployed,Completed
BEN-006030,Plus,Q1 2026,Entrepreneurship,achieved,Self-Employed,Completed
BEN-006032,Plus,Q4 2025,Community Impact,achieved,Self-Employed,Completed
BEN-006037,Plus,Q3 2025,Employment,achieved,Employed,Completed
BEN-006048,Plus,Q3 2025,Entrepreneurship,achieved,Self-Employed,Completed
BEN-006052,Plus,Q2 2026,Education,achieved,Unemployed,Completed
BEN-006058,Plus,Q2 2026,Employment,active,Employed,Completed
BEN-006062,Plus,Q2 2026,Entrepreneurship,not_achieved,Self-Employed,Completed
BEN-006063,Plus,Q1 2026,Education,active,Employed,Completed
BEN-006076,Plus,Q1 2026,Community Impact,not_achieved,Self-Employed,Completed
BEN-006080,Plus,Q1 2026,Entrepreneurship,active,Unemployed,Completed
BEN-006088,Plus,Q3 2025,Education,achieved,Unemployed,Completed
BEN-006092,Plus,Q1 2026,Education,active,Self-Employed,Completed
BEN-006093,Plus,Q2 2025,Community Impact,active,Unemployed,Completed
BEN-006097,Plus,Q2 2025,Community Impact,not_achieved,Unemployed,Completed
BEN-006099,Plus,Q3 2025,Education,active,Unemployed,Completed
BEN-006103,Plus,Q3 2025,Employment,achieved,Employed,Completed
BEN-006112,Plus,Q3 2025,Employment,achieved,Employed,Completed
BEN-006113,Plus,Q4 2025,Employment,achieved,Employed,Completed
BEN-006118,Plus,Q1 2026,Employment,not_achieved,Self-Employed,Completed
BEN-006119,Plus,Q2 2025,Entrepreneurship,achieved,Self-Employed,Completed
BEN-006125,Plus,Q3 2025,Education,achieved,Unemployed,Completed
BEN-006127,Plus,Q2 2025,Employment,achieved,Employed,Completed
BEN-006143,Plus,Q1 2026,Education,achieved,In Training,Completed
BEN-006153,Plus,Q1 2026,Employment,achieved,Employed,Completed
BEN-006163,Plus,Q1 2025,Entrepreneurship,not_achieved,Unemployed,Completed
BEN-006166,Plus,Q3 2025,Community Impact,achieved,Self-Employed,Completed
BEN-006168,Plus,Q2 2025,Employment,achieved,Employed,Completed
BEN-006172,Plus,Q3 2025,Education,achieved,Unemployed,Completed
BEN-006176,Plus,Q4 2025,Education,active,Self-Employed,Completed
BEN-006184,Plus,Q1 2025,Community Impact,achieved,Self-Employed,Completed
BEN-006186,Plus,Q1 2026,Community Impact,active,Unemployed,Completed
BEN-006195,Plus,Q4 2025,Community Impact,achieved,Self-Employed,Completed
BEN-006196,Plus,Q4 2025,Employment,achieved,Employed,Completed
BEN-006200,Plus,Q3 2025,Employment,active,Employed,Completed
BEN-006203,Plus,Q2 2025,Entrepreneurship,achieved,Self-Employed,Completed
BEN-006207,Plus,Q2 2025,Employment,achieved,Employed,Completed
BEN-006209,Plus,Q2 2025,Community Impact,active,Unemployed,Completed
BEN-006210,Plus,Q2 2026,Employment,not_achieved,Unemployed,Completed
BEN-006211,Plus,Q3 2025,Community Impact,achieved,Unemployed,Completed
BEN-006230,Plus,Q1 2026,Employment,active,Unemployed,Completed
BEN-006234,Plus,Q4 2025,Employment,achieved,Employed,Completed
BEN-006237,Plus,Q2 2026,Education,active,Employed,Completed
BEN-006240,Plus,Q1 2026,Community Impact,achieved,Employed,Completed
BEN-006241,Plus,Q2 2026,Entrepreneurship,achieved,Self-Employed,Completed
BEN-006242,Plus,Q1 2026,Community Impact,achieved,Unemployed,Completed
BEN-006243,Plus,Q1 2025,Employment,achieved,Employed,Completed
BEN-006260,Plus,Q2 2026,Entrepreneurship,achieved,Self-Employed,Completed
BEN-006265,Plus,Q2 2025,Education,achieved,Unemployed,Completed
BEN-006273,Plus,Q3 2025,Community Impact,not_achieved,Employed,Completed
BEN-006286,Plus,Q1 2026,Entrepreneurship,achieved,Self-Employed,Completed
BEN-006294,Plus,Q3 2025,Education,achieved,Unemployed,Completed
BEN-006302,Plus,Q4 2025,Education,achieved,In Training,Completed
BEN-006306,Plus,Q2 2026,Employment,not_achieved,Unemployed,Completed
BEN-006321,Plus,Q2 2025,Employment,achieved,Employed,Completed
BEN-006326,Plus,Q4 2025,Employment,achieved,Employed,Completed
BEN-006327,Plus,Q2 2026,Community Impact,not_achieved,Employed,Completed
BEN-006328,Plus,Q3 2025,Employment,achieved,Employed,Completed
BEN-006334,Plus,Q3 2025,Education,achieved,Unemployed,Completed
BEN-006342,Plus,Q3 2025,Employment,active,Unemployed,Completed
BEN-006349,Plus,Q4 2025,Entrepreneurship,not_achieved,Unemployed,Completed
BEN-006356,Plus,Q3 2025,Entrepreneurship,active,Self-Employed,Completed
BEN-006358,Plus,Q3 2025,Entrepreneurship,active,Unemployed,Completed
BEN-006359,Plus,Q1 2026,Community Impact,active,Unemployed,Completed
BEN-006364,Plus,Q3 2025,Employment,active,Self-Employed,Completed
BEN-006367,Plus,Q3 2025,Employment,achieved,Employed,Completed
BEN-006373,Plus,Q1 2026,Community Impact,active,Employed,Completed
BEN-006379,Plus,Q1 2026,Education,achieved,Unemployed,Completed
BEN-006386,Plus,Q4 2025,Education,not_achieved,Employed,Completed
BEN-006406,Plus,Q2 2025,Employment,not_achieved,Employed,Completed
BEN-006424,Plus,Q2 2025,Entrepreneurship,achieved,Self-Employed,Completed
BEN-006434,Plus,Q3 2025,Education,achieved,In Training,Completed
BEN-006444,Plus,Q4 2025,Employment,achieved,Employed,Completed
BEN-006453,Plus,Q2 2025,Education,achieved,Unemployed,Completed
BEN-006455,Plus,Q1 2026,Community Impact,achieved,Self-Employed,Completed
BEN-006459,Plus,Q4 2025,Employment,not_achieved,Unemployed,Completed
BEN-006467,Plus,Q3 2025,Employment,achieved,Employed,Completed
BEN-006473,Plus,Q4 2025,Education,not_achieved,Employed,Completed
BEN-006485,Plus,Q3 2025,Education,achieved,Unemployed,Completed
BEN-006491,Plus,Q1 2026,Education,achieved,In Training,Completed
BEN-006492,Plus,Q3 2025,Community Impact,not_achieved,Employed,Completed
BEN-006493,Plus,Q1 2026,Entrepreneurship,achieved,Self-Employed,Completed
BEN-006494,Plus,Q1 2025,Community Impact,achieved,Employed,Completed
BEN-006502,Plus,Q4 2025,Employment,not_achieved,Self-Employed,Completed
BEN-006506,Plus,Q1 2026,Community Impact,active,Employed,Completed
BEN-006513,Plus,Q1 2025,Entrepreneurship,active,Unemployed,Completed
BEN-006525,Plus,Q4 2025,Employment,active,Unemployed,Completed
BEN-006531,Plus,Q3 2025,Employment,achieved,Employed,Completed
BEN-006534,Plus,Q2 2026,Employment,achieved,Employed,Completed
BEN-006550,Plus,Q3 2025,Community Impact,active,Self-Employed,Completed
BEN-006568,Plus,Q4 2025,Education,achieved,Unemployed,Completed
BEN-006570,Plus,Q3 2025,Employment,achieved,Employed,Completed
BEN-006571,Plus,Q2 2025,Employment,not_achieved,Employed,Completed
BEN-006583,Plus,Q2 2026,Entrepreneurship,active,Unemployed,Completed
BEN-006590,Plus,Q1 2026,Community Impact,achieved,Unemployed,Completed
BEN-006600,Plus,Q1 2026,Employment,active,Employed,Completed
BEN-006606,Plus,Q3 2025,Community Impact,achieved,Self-Employed,Completed
BEN-006613,Plus,Q1 2025,Employment,not_achieved,Self-Employed,Completed
BEN-006617,Plus,Q2 2026,Employment,achieved,Employed,Completed
BEN-006621,Plus,Q2 2026,Education,achieved,Unemployed,Completed
BEN-006627,Plus,Q1 2026,Community Impact,achieved,Employed,Completed
BEN-006640,Plus,Q3 2025,Entrepreneurship,achieved,Self-Employed,Completed
BEN-006643,Plus,Q3 2025,Community Impact,achieved,Employed,Completed
BEN-006645,Plus,Q1 2026,Community Impact,not_achieved,Unemployed,Completed
BEN-006655,Plus,Q1 2025,Employment,achieved,Employed,Completed
BEN-006661,Plus,Q2 2025,Community Impact,not_achieved,Unemployed,Completed
BEN-006666,Plus,Q1 2026,Community Impact,achieved,Employed,Completed
BEN-006674,Plus,Q1 2025,Education,active,Employed,Completed
BEN-006677,Plus,Q1 2025,Entrepreneurship,active,Unemployed,Completed
BEN-006683,Plus,Q1 2026,Education,active,Employed,Completed
BEN-006685,Plus,Q3 2025,Community Impact,achieved,Self-Employed,Completed
BEN-006686,Plus,Q3 2025,Employment,active,Unemployed,Completed
BEN-006688,Plus,Q2 2026,Education,achieved,Unemployed,Completed
BEN-006704,Plus,Q2 2025,Education,achieved,Unemployed,Completed
BEN-006706,Plus,Q3 2025,Employment,not_achieved,Unemployed,Completed
BEN-006714,Plus,Q2 2026,Employment,achieved,Employed,Completed
BEN-006716,Plus,Q3 2025,Employment,active,Self-Employed,Completed
BEN-006720,Plus,Q2 2026,Employment,achieved,Employed,Completed
BEN-006723,Plus,Q2 2026,Employment,not_achieved,Employed,Completed
BEN-006730,Plus,Q3 2025,Entrepreneurship,active,Unemployed,Completed
BEN-006736,Plus,Q2 2025,Community Impact,active,Employed,Completed
BEN-006738,Plus,Q4 2025,Entrepreneurship,not_achieved,Unemployed,Completed
BEN-006740,Plus,Q4 2025,Community Impact,achieved,Unemployed,Completed
BEN-006741,Plus,Q1 2025,Employment,not_achieved,Unemployed,Completed
BEN-006745,Plus,Q2 2025,Entrepreneurship,achieved,Self-Employed,Completed
BEN-006750,Plus,Q4 2025,Employment,active,Employed,Completed
BEN-006756,Plus,Q3 2025,Employment,achieved,Employed,Completed
BEN-006758,Plus,Q2 2025,Entrepreneurship,not_achieved,Employed,Completed
BEN-006764,Plus,Q1 2025,Community Impact,active,Unemployed,Completed
BEN-006777,Plus,Q1 2025,Employment,achieved,Employed,Completed
BEN-006780,Plus,Q1 2026,Education,achieved,Unemployed,Completed
BEN-006783,Plus,Q4 2025,Education,achieved,In Training,Completed
BEN-006799,Plus,Q2 2025,Education,achieved,Unemployed,Completed
BEN-006810,Plus,Q3 2025,Education,achieved,In Training,Completed
BEN-006813,Plus,Q1 2025,Employment,active,Unemployed,Completed
BEN-006818,Plus,Q1 2026,Education,achieved,In Training,Completed
BEN-006821,Plus,Q4 2025,Entrepreneurship,active,Unemployed,Completed
BEN-006823,Plus,Q4 2025,Entrepreneurship,achieved,Self-Employed,Completed
BEN-006837,Plus,Q1 2026,Employment,active,Unemployed,Completed
BEN-006842,Plus,Q2 2026,Education,achieved,In Training,Completed
BEN-006854,Plus,Q3 2025,Employment,achieved,Employed,Completed
BEN-006855,Plus,Q3 2025,Education,achieved,Unemployed,Completed
BEN-006872,Plus,Q1 2025,Community Impact,achieved,Self-Employed,Completed
BEN-006874,Plus,Q2 2025,Employment,active,Self-Employed,Completed
BEN-006877,Plus,Q4 2025,Employment,achieved,Employed,Completed
BEN-006885,Plus,Q2 2025,Education,achieved,Unemployed,Completed
BEN-006891,Plus,Q1 2026,Community Impact,active,Self-Employed,Completed
BEN-006892,Plus,Q2 2025,Employment,active,Unemployed,Completed
BEN-006893,Plus,Q1 2026,Community Impact,achieved,Self-Employed,Completed
BEN-006906,Plus,Q2 2026,Community Impact,not_achieved,Unemployed,Completed
BEN-006907,Plus,Q3 2025,Employment,active,Employed,Completed
BEN-006910,Plus,Q1 2025,Entrepreneurship,active,Unemployed,Completed
BEN-006914,Plus,Q3 2025,Education,achieved,Unemployed,Completed
BEN-006921,Plus,Q4 2025,Community Impact,achieved,Self-Employed,Completed
BEN-006923,Plus,Q4 2025,Employment,active,Employed,Completed
BEN-006926,Plus,Q4 2025,Employment,achieved,Employed,Completed
BEN-006928,Plus,Q4 2025,Entrepreneurship,achieved,Self-Employed,Completed
BEN-006938,Plus,Q1 2026,Community Impact,achieved,Self-Employed,Completed
BEN-006942,Plus,Q1 2026,Entrepreneurship,active,Employed,Completed
BEN-006944,Plus,Q1 2026,Community Impact,active,Unemployed,Completed
BEN-006953,Plus,Q4 2025,Employment,active,Unemployed,Completed
BEN-006958,Plus,Q1 2026,Education,not_achieved,Unemployed,Completed
BEN-006959,Plus,Q1 2026,Employment,achieved,Employed,Completed
BEN-006966,Plus,Q4 2025,Employment,achieved,Employed,Completed
BEN-006974,Plus,Q3 2025,Community Impact,achieved,Employed,Completed
BEN-006979,Plus,Q3 2025,Education,active,Unemployed,Completed
BEN-006982,Plus,Q4 2025,Education,not_achieved,Unemployed,Completed
BEN-006985,Plus,Q4 2025,Entrepreneurship,achieved,Self-Employed,Completed
BEN-006987,Plus,Q1 2026,Community Impact,achieved,Self-Employed,Completed
BEN-006988,Plus,Q4 2025,Community Impact,achieved,Self-Employed,Completed
BEN-006992,Plus,Q1 2026,Education,achieved,In Training,Completed
BEN-006998,Plus,Q4 2025,Education,active,Employed,Completed
BEN-007000,Plus,Q4 2025,Community Impact,achieved,Employed,Completed
BEN-007003,Plus,Q2 2025,Entrepreneurship,active,Unemployed,Completed
BEN-007011,Plus,Q3 2025,Employment,active,Unemployed,Completed
BEN-007012,Plus,Q4 2025,Education,achieved,In Training,Completed
BEN-007027,Plus,Q1 2025,Community Impact,active,Unemployed,Completed
BEN-007030,Plus,Q3 2025,Education,achieved,Unemployed,Completed
BEN-007036,Plus,Q4 2025,Community Impact,achieved,Self-Employed,Completed
BEN-007043,Plus,Q1 2026,Entrepreneurship,achieved,Self-Employed,Completed
BEN-007051,Plus,Q4 2025,Education,achieved,Unemployed,Completed
BEN-007053,Plus,Q1 2026,Entrepreneurship,achieved,Self-Employed,Completed
BEN-007059,Plus,Q2 2026,Education,achieved,In Training,Completed
BEN-007063,Plus,Q4 2025,Education,achieved,Unemployed,Completed
BEN-007066,Plus,Q2 2026,Education,not_achieved,Unemployed,Completed
BEN-007090,Plus,Q3 2025,Entrepreneurship,active,Unemployed,Completed
BEN-007094,Plus,Q3 2025,Education,active,Unemployed,Completed
BEN-007098,Plus,Q4 2025,Education,not_achieved,Unemployed,Completed
BEN-007100,Plus,Q3 2025,Education,achieved,Unemployed,Completed
BEN-007111,Plus,Q1 2026,Employment,active,Unemployed,Completed
BEN-007118,Plus,Q1 2026,Employment,achieved,Employed,Completed
BEN-007120,Plus,Q3 2025,Entrepreneurship,achieved,Self-Employed,Completed
BEN-007124,Plus,Q1 2026,Education,achieved,Unemployed,Completed
BEN-007130,Plus,Q2 2025,Employment,achieved,Employed,Completed
BEN-007143,Plus,Q3 2025,Employment,achieved,Employed,Completed
BEN-007149,Plus,Q1 2026,Community Impact,active,Unemployed,Completed
BEN-007162,Plus,Q3 2025,Entrepreneurship,not_achieved,Unemployed,Completed
BEN-007165,Plus,Q2 2026,Entrepreneurship,active,Employed,Completed
BEN-007173,Plus,Q4 2025,Community Impact,achieved,Unemployed,Completed
BEN-007177,Plus,Q3 2025,Community Impact,achieved,Unemployed,Completed
BEN-007179,Plus,Q4 2025,Employment,active,Unemployed,Completed
BEN-007181,Plus,Q1 2026,Employment,achieved,Employed,Completed
BEN-007185,Plus,Q4 2025,Employment,active,Unemployed,Completed
BEN-007189,Plus,Q4 2025,Community Impact,not_achieved,Employed,Completed
BEN-007216,Plus,Q4 2025,Entrepreneurship,active,Self-Employed,Completed
BEN-007219,Plus,Q3 2025,Education,achieved,Unemployed,Completed
BEN-007222,Plus,Q1 2025,Community Impact,achieved,Unemployed,Completed
BEN-007253,Plus,Q1 2026,Employment,achieved,Employed,Completed
BEN-007260,Plus,Q1 2026,Entrepreneurship,achieved,Self-Employed,Completed
BEN-007262,Plus,Q2 2025,Employment,achieved,Employed,Completed
BEN-007264,Plus,Q4 2025,Entrepreneurship,active,Self-Employed,Completed
BEN-007269,Plus,Q3 2025,Employment,active,Employed,Completed
BEN-007271,Plus,Q2 2025,Education,achieved,In Training,Completed
BEN-007275,Plus,Q2 2026,Entrepreneurship,achieved,Self-Employed,Completed
BEN-007277,Plus,Q3 2025,Community Impact,active,Employed,Completed
BEN-007278,Plus,Q3 2025,Community Impact,achieved,Self-Employed,Completed
BEN-007289,Plus,Q2 2025,Employment,achieved,Employed,Completed
BEN-007290,Plus,Q3 2025,Entrepreneurship,achieved,Self-Employed,Completed
BEN-007291,Plus,Q1 2025,Employment,not_achieved,Employed,Completed
BEN-007293,Plus,Q3 2025,Community Impact,achieved,Employed,Completed
BEN-007295,Plus,Q1 2026,Education,not_achieved,Self-Employed,Completed
BEN-007304,Plus,Q2 2026,Education,achieved,In Training,Completed
BEN-007311,Plus,Q4 2025,Employment,active,Unemployed,Completed
BEN-007343,Plus,Q1 2026,Entrepreneurship,not_achieved,Unemployed,Completed
BEN-007351,Plus,Q3 2025,Community Impact,achieved,Unemployed,Completed
BEN-007355,Plus,Q3 2025,Employment,active,Employed,Completed
BEN-007356,Plus,Q3 2025,Entrepreneurship,active,Employed,Completed
BEN-007360,Plus,Q2 2026,Employment,not_achieved,Employed,Completed
BEN-007380,Plus,Q2 2025,Employment,active,Self-Employed,Completed
BEN-007389,Plus,Q4 2025,Entrepreneurship,not_achieved,Self-Employed,Completed
BEN-007390,Plus,Q3 2025,Entrepreneurship,achieved,Self-Employed,Completed
BEN-007404,Plus,Q2 2025,Education,achieved,In Training,Completed
BEN-007416,Plus,Q1 2026,Community Impact,active,Self-Employed,Completed
BEN-007419,Plus,Q4 2025,Entrepreneurship,achieved,Self-Employed,Completed
BEN-007421,Plus,Q3 2025,Employment,achieved,Employed,Completed
BEN-007436,Plus,Q4 2025,Employment,achieved,Employed,Completed
BEN-007442,Plus,Q3 2025,Employment,active,Self-Employed,Completed
BEN-007443,Plus,Q2 2026,Employment,achieved,Employed,Completed
BEN-007449,Plus,Q4 2025,Employment,active,Self-Employed,Completed
BEN-007450,Plus,Q1 2026,Entrepreneurship,achieved,Self-Employed,Completed
BEN-007455,Plus,Q2 2025,Community Impact,achieved,Unemployed,Completed
BEN-007462,Plus,Q3 2025,Entrepreneurship,achieved,Self-Employed,Completed
BEN-007468,Plus,Q1 2026,Employment,active,Unemployed,Completed
BEN-007474,Plus,Q2 2026,Education,not_achieved,Unemployed,Completed
BEN-007478,Plus,Q3 2025,Entrepreneurship,achieved,Self-Employed,Completed
BEN-007484,Plus,Q4 2025,Employment,achieved,Employed,Completed
BEN-007485,Plus,Q4 2025,Education,achieved,Unemployed,Completed
BEN-007489,Plus,Q4 2025,Community Impact,not_achieved,Self-Employed,Completed
BEN-007495,Plus,Q2 2026,Employment,achieved,Employed,Completed
BEN-007496,Plus,Q3 2025,Education,active,Employed,Completed
BEN-007497,Plus,Q4 2025,Entrepreneurship,achieved,Self-Employed,Completed
BEN-007504,Plus,Q2 2025,Community Impact,achieved,Unemployed,Completed
BEN-007505,Plus,Q1 2025,Community Impact,achieved,Employed,Completed
BEN-007512,Plus,Q3 2025,Community Impact,active,Unemployed,Completed
BEN-007529,Plus,Q4 2025,Education,achieved,Unemployed,Completed
BEN-007532,Plus,Q4 2025,Employment,achieved,Employed,Completed
BEN-007539,Plus,Q2 2026,Education,achieved,In Training,Completed
BEN-007541,Plus,Q4 2025,Employment,achieved,Employed,Completed
BEN-007547,Plus,Q4 2025,Employment,active,Self-Employed,Completed
BEN-007549,Plus,Q2 2025,Employment,active,Self-Employed,Completed
BEN-007556,Plus,Q2 2026,Entrepreneurship,active,Unemployed,Completed
BEN-007560,Plus,Q3 2025,Entrepreneurship,not_achieved,Unemployed,Completed
BEN-007569,Plus,Q1 2025,Community Impact,achieved,Employed,Completed
BEN-007579,Plus,Q1 2026,Education,not_achieved,Unemployed,Completed
BEN-007591,Plus,Q2 2025,Employment,active,Self-Employed,Completed
BEN-007596,Plus,Q1 2025,Employment,achieved,Employed,Completed
BEN-007601,Plus,Q2 2025,Community Impact,active,Unemployed,Completed
BEN-007602,Plus,Q2 2026,Entrepreneurship,achieved,Self-Employed,Completed
BEN-007606,Plus,Q4 2025,Education,not_achieved,Self-Employed,Completed
BEN-007610,Plus,Q1 2025,Education,active,Employed,Completed
BEN-007612,Plus,Q2 2026,Employment,achieved,Employed,Completed
BEN-007613,Plus,Q1 2025,Community Impact,achieved,Self-Employed,Completed
BEN-007615,Plus,Q4 2025,Employment,active,Unemployed,Completed
BEN-007617,Plus,Q3 2025,Community Impact,active,Employed,Completed
BEN-007626,Plus,Q3 2025,Community Impact,active,Unemployed,Completed
BEN-007631,Plus,Q4 2025,Education,not_achieved,Unemployed,Completed
BEN-007632,Plus,Q3 2025,Employment,achieved,Employed,Completed
BEN-007636,Plus,Q1 2026,Education,achieved,Unemployed,Completed
BEN-007650,Plus,Q3 2025,Community Impact,active,Employed,Completed
BEN-007652,Plus,Q3 2025,Community Impact,active,Unemployed,Completed
BEN-007654,Plus,Q3 2025,Community Impact,achieved,Unemployed,Completed
BEN-007655,Plus,Q2 2026,Education,active,Employed,Completed
BEN-007656,Plus,Q1 2025,Employment,achieved,Employed,Completed
BEN-007676,Plus,Q1 2026,Community Impact,achieved,Unemployed,Completed
BEN-007684,Plus,Q3 2025,Employment,achieved,Employed,Completed
BEN-007688,Plus,Q1 2026,Entrepreneurship,achieved,Self-Employed,Completed
BEN-007691,Plus,Q2 2026,Community Impact,active,Unemployed,Completed
BEN-007699,Plus,Q1 2025,Entrepreneurship,achieved,Self-Employed,Completed
BEN-007701,Plus,Q2 2025,Employment,active,Unemployed,Completed
BEN-007702,Plus,Q3 2025,Community Impact,active,Self-Employed,Completed
BEN-007709,Plus,Q2 2025,Education,active,Unemployed,Completed
BEN-007715,Plus,Q1 2025,Community Impact,achieved,Employed,Completed
BEN-007717,Plus,Q3 2025,Entrepreneurship,not_achieved,Unemployed,Completed
BEN-007725,Plus,Q3 2025,Entrepreneurship,active,Unemployed,Completed
BEN-007730,Plus,Q1 2025,Employment,achieved,Employed,Completed
BEN-007748,Plus,Q1 2026,Entrepreneurship,achieved,Self-Employed,Completed
BEN-007752,Plus,Q3 2025,Education,active,Employed,Completed
BEN-007759,Plus,Q4 2025,Employment,not_achieved,Unemployed,Completed
BEN-007760,Plus,Q2 2025,Community Impact,achieved,Employed,Completed
BEN-007761,Plus,Q1 2026,Employment,not_achieved,Unemployed,Completed
BEN-007774,Plus,Q4 2025,Employment,achieved,Employed,Completed
BEN-007779,Plus,Q1 2026,Community Impact,achieved,Employed,Completed
BEN-007787,Plus,Q1 2026,Employment,active,Unemployed,Completed
BEN-007790,Plus,Q4 2025,Education,achieved,Unemployed,Completed
BEN-007791,Plus,Q1 2025,Entrepreneurship,achieved,Self-Employed,Completed
BEN-007795,Plus,Q4 2025,Employment,not_achieved,Unemployed,Completed
BEN-007796,Plus,Q3 2025,Employment,achieved,Employed,Completed
BEN-007802,Plus,Q1 2026,Education,active,Self-Employed,Completed
BEN-007809,Plus,Q1 2026,Education,achieved,In Training,Completed
BEN-007810,Plus,Q3 2025,Education,achieved,Unemployed,Completed
BEN-007813,Plus,Q3 2025,Entrepreneurship,not_achieved,Self-Employed,Completed
BEN-007814,Plus,Q2 2025,Entrepreneurship,not_achieved,Self-Employed,Completed
BEN-007816,Plus,Q1 2025,Community Impact,active,Unemployed,Completed
BEN-007826,Plus,Q2 2025,Employment,achieved,Employed,Completed
BEN-007831,Plus,Q2 2025,Employment,achieved,Employed,Completed
BEN-007836,Plus,Q1 2026,Education,achieved,In Training,Completed
BEN-007843,Plus,Q4 2025,Entrepreneurship,achieved,Self-Employed,Completed
BEN-007864,Plus,Q2 2026,Entrepreneurship,active,Unemployed,Completed
BEN-007866,Plus,Q1 2025,Employment,not_achieved,Unemployed,Completed
BEN-007869,Plus,Q4 2025,Employment,active,Unemployed,Completed
BEN-007878,Plus,Q4 2025,Community Impact,achieved,Employed,Completed
BEN-007882,Plus,Q1 2025,Employment,active,Employed,Completed
BEN-007891,Plus,Q1 2025,Entrepreneurship,active,Unemployed,Completed
BEN-007893,Plus,Q3 2025,Entrepreneurship,active,Unemployed,Completed
BEN-007902,Plus,Q4 2025,Entrepreneurship,achieved,Self-Employed,Completed
BEN-007907,Plus,Q2 2025,Community Impact,achieved,Unemployed,Completed
BEN-007911,Plus,Q2 2025,Entrepreneurship,achieved,Self-Employed,Completed
BEN-007914,Plus,Q4 2025,Employment,achieved,Employed,Completed
BEN-007916,Plus,Q4 2025,Education,achieved,Unemployed,Completed
BEN-007926,Plus,Q4 2025,Community Impact,active,Self-Employed,Completed
BEN-007927,Plus,Q1 2025,Employment,achieved,Employed,Completed
BEN-007930,Plus,Q1 2026,Employment,active,Unemployed,Completed
BEN-007934,Plus,Q2 2025,Community Impact,not_achieved,Unemployed,Completed
BEN-007936,Plus,Q3 2025,Community Impact,not_achieved,Employed,Completed
BEN-007937,Plus,Q3 2025,Employment,achieved,Employed,Completed
BEN-007941,Plus,Q1 2026,Employment,achieved,Employed,Completed
BEN-007942,Plus,Q1 2025,Entrepreneurship,not_achieved,Employed,Completed
BEN-007944,Plus,Q4 2025,Entrepreneurship,achieved,Self-Employed,Completed
BEN-007946,Plus,Q1 2026,Community Impact,achieved,Self-Employed,Completed
BEN-007947,Plus,Q2 2025,Education,active,Self-Employed,Completed
BEN-007950,Plus,Q1 2026,Community Impact,achieved,Unemployed,Completed
BEN-007953,Plus,Q1 2026,Entrepreneurship,active,Self-Employed,Completed
BEN-007954,Plus,Q2 2025,Entrepreneurship,active,Self-Employed,Completed
BEN-007959,Plus,Q1 2026,Entrepreneurship,achieved,Self-Employed,Completed
BEN-007962,Plus,Q1 2026,Education,not_achieved,Unemployed,Completed
BEN-007966,Plus,Q4 2025,Employment,achieved,Employed,Completed
BEN-007968,Plus,Q4 2025,Employment,active,Self-Employed,Completed
BEN-007982,Plus,Q3 2025,Employment,active,Self-Employed,Completed
BEN-007985,Plus,Q2 2026,Entrepreneurship,achieved,Self-Employed,Completed
BEN-007993,Plus,Q4 2025,Employment,achieved,Employed,Completed
BEN-008008,Plus,Q4 2025,Community Impact,achieved,Self-Employed,Completed
BEN-008011,Plus,Q1 2025,Community Impact,achieved,Self-Employed,Completed
BEN-008017,Plus,Q4 2025,Employment,active,Unemployed,Completed
BEN-008020,Plus,Q4 2025,Education,active,Self-Employed,Completed
BEN-008023,Plus,Q2 2025,Community Impact,active,Unemployed,Completed
BEN-008041,Plus,Q4 2025,Entrepreneurship,achieved,Self-Employed,Completed
BEN-008059,Plus,Q2 2026,Employment,achieved,Employed,Completed
BEN-008066,Plus,Q4 2025,Community Impact,achieved,Unemployed,Completed
BEN-008070,Plus,Q2 2026,Employment,achieved,Employed,Completed
BEN-008079,Plus,Q4 2025,Employment,achieved,Employed,Completed
BEN-008084,Plus,Q1 2026,Community Impact,active,Unemployed,Completed
BEN-008089,Plus,Q2 2026,Community Impact,active,Unemployed,Completed
BEN-008092,Plus,Q4 2025,Entrepreneurship,active,Self-Employed,Completed
BEN-008100,Plus,Q2 2026,Education,achieved,In Training,Completed
BEN-008102,Plus,Q3 2025,Employment,achieved,Employed,Completed
BEN-008106,Plus,Q3 2025,Employment,active,Employed,Completed
BEN-008107,Plus,Q1 2026,Entrepreneurship,not_achieved,Unemployed,Completed
BEN-008109,Plus,Q1 2026,Employment,achieved,Employed,Completed
BEN-008129,Plus,Q3 2025,Entrepreneurship,achieved,Self-Employed,Completed
BEN-008130,Plus,Q4 2025,Employment,active,Self-Employed,Completed
BEN-008131,Plus,Q2 2026,Entrepreneurship,achieved,Self-Employed,Completed
BEN-008138,Plus,Q3 2025,Education,not_achieved,Employed,Completed
BEN-008141,Plus,Q1 2026,Employment,active,Unemployed,Completed
BEN-008145,Plus,Q1 2026,Community Impact,not_achieved,Unemployed,Completed
BEN-008148,Plus,Q4 2025,Community Impact,active,Unemployed,Completed
BEN-008160,Plus,Q1 2026,Education,active,Employed,Completed
BEN-008165,Plus,Q4 2025,Education,achieved,Unemployed,Completed
BEN-008173,Plus,Q4 2025,Employment,achieved,Employed,Completed
BEN-008199,Plus,Q3 2025,Education,achieved,Unemployed,Completed
BEN-008201,Plus,Q2 2026,Education,not_achieved,Employed,Completed
BEN-008209,Plus,Q2 2026,Community Impact,active,Unemployed,Completed
BEN-008215,Plus,Q4 2025,Education,achieved,In Training,Completed
BEN-008218,Plus,Q1 2026,Employment,not_achieved,Employed,Completed
BEN-008221,Plus,Q2 2026,Employment,active,Employed,Completed
BEN-008222,Plus,Q4 2025,Employment,achieved,Employed,Completed
BEN-008225,Plus,Q2 2026,Entrepreneurship,achieved,Self-Employed,Completed
BEN-008248,Plus,Q4 2025,Education,achieved,Unemployed,Completed
BEN-008253,Plus,Q1 2026,Employment,achieved,Employed,Completed
BEN-008254,Plus,Q2 2025,Employment,achieved,Employed,Completed
BEN-008258,Plus,Q2 2025,Employment,achieved,Employed,Completed
BEN-008263,Plus,Q3 2025,Employment,achieved,Employed,Completed
BEN-008275,Plus,Q3 2025,Community Impact,achieved,Employed,Completed
BEN-008281,Plus,Q4 2025,Employment,achieved,Employed,Completed
BEN-008284,Plus,Q3 2025,Education,not_achieved,Unemployed,Completed
BEN-008300,Plus,Q4 2025,Entrepreneurship,not_achieved,Self-Employed,Completed
BEN-008306,Plus,Q3 2025,Education,active,Unemployed,Completed
BEN-008319,Plus,Q2 2026,Community Impact,achieved,Unemployed,Completed
BEN-008320,Plus,Q1 2026,Entrepreneurship,active,Self-Employed,Completed
BEN-008321,Plus,Q3 2025,Employment,active,Unemployed,Completed
BEN-008324,Plus,Q1 2026,Education,achieved,Unemployed,Completed
BEN-008325,Plus,Q3 2025,Entrepreneurship,achieved,Self-Employed,Completed
BEN-008342,Plus,Q3 2025,Employment,active,Unemployed,Completed
BEN-008347,Plus,Q2 2025,Employment,active,Unemployed,Completed
BEN-008350,Plus,Q4 2025,Community Impact,achieved,Unemployed,Completed
BEN-008353,Plus,Q2 2026,Community Impact,active,Unemployed,Completed
BEN-008356,Plus,Q4 2025,Education,not_achieved,Unemployed,Completed
BEN-008363,Plus,Q1 2026,Entrepreneurship,active,Unemployed,Completed
BEN-008366,Plus,Q2 2025,Employment,achieved,Employed,Completed
BEN-008370,Plus,Q1 2026,Education,achieved,Unemployed,Completed
BEN-008381,Plus,Q1 2026,Education,achieved,Unemployed,Completed
BEN-008387,Plus,Q4 2025,Employment,active,Self-Employed,Completed
BEN-008400,Plus,Q1 2025,Employment,achieved,Employed,Completed
BEN-008402,Plus,Q4 2025,Employment,active,Unemployed,Completed
BEN-008408,Plus,Q1 2026,Entrepreneurship,active,Employed,Completed
BEN-008409,Plus,Q3 2025,Education,achieved,Unemployed,Completed
BEN-008417,Plus,Q1 2026,Community Impact,achieved,Employed,Completed
BEN-008418,Plus,Q1 2026,Community Impact,achieved,Self-Employed,Completed
BEN-008424,Plus,Q1 2026,Education,achieved,Unemployed,Completed
BEN-008428,Plus,Q1 2026,Entrepreneurship,achieved,Self-Employed,Completed
BEN-008433,Plus,Q1 2026,Employment,achieved,Employed,Completed
BEN-008458,Plus,Q1 2026,Employment,achieved,Employed,Completed
BEN-008460,Plus,Q4 2025,Employment,not_achieved,Unemployed,Completed
BEN-008461,Plus,Q4 2025,Employment,achieved,Employed,Completed
BEN-008462,Plus,Q3 2025,Employment,achieved,Employed,Completed
BEN-008467,Plus,Q2 2025,Employment,achieved,Employed,Completed
BEN-008473,Plus,Q2 2025,Education,active,Employed,Completed
BEN-008478,Plus,Q1 2026,Education,active,Unemployed,Completed
BEN-008480,Plus,Q2 2025,Employment,not_achieved,Self-Employed,Completed
BEN-008483,Plus,Q3 2025,Community Impact,achieved,Employed,Completed
BEN-008490,Plus,Q3 2025,Employment,achieved,Employed,Completed
BEN-008494,Plus,Q2 2026,Employment,achieved,Employed,Completed
BEN-008498,Plus,Q2 2025,Education,achieved,In Training,Completed
BEN-008499,Plus,Q4 2025,Entrepreneurship,achieved,Self-Employed,Completed
BEN-008502,Plus,Q3 2025,Community Impact,active,Unemployed,Completed
BEN-008515,Plus,Q2 2026,Community Impact,active,Unemployed,Completed
BEN-008520,Plus,Q1 2026,Entrepreneurship,achieved,Self-Employed,Completed
BEN-008526,Plus,Q3 2025,Employment,achieved,Employed,Completed
BEN-008528,Plus,Q3 2025,Entrepreneurship,active,Self-Employed,Completed
BEN-008531,Plus,Q1 2026,Employment,achieved,Employed,Completed
BEN-008543,Plus,Q1 2026,Education,achieved,In Training,Completed
BEN-008544,Plus,Q3 2025,Education,not_achieved,Employed,Completed
BEN-008547,Plus,Q1 2025,Education,active,Unemployed,Completed
BEN-008552,Plus,Q1 2025,Community Impact,achieved,Employed,Completed
BEN-008557,Plus,Q2 2025,Community Impact,achieved,Employed,Completed
BEN-008560,Plus,Q3 2025,Employment,active,Unemployed,Completed
BEN-008571,Plus,Q2 2025,Employment,not_achieved,Employed,Completed
BEN-008580,Plus,Q3 2025,Entrepreneurship,active,Unemployed,Completed
BEN-008581,Plus,Q2 2025,Community Impact,active,Self-Employed,Completed
BEN-008586,Plus,Q4 2025,Community Impact,active,Employed,Completed
BEN-008594,Plus,Q1 2025,Employment,achieved,Employed,Completed
BEN-008598,Plus,Q3 2025,Entrepreneurship,achieved,Self-Employed,Completed
BEN-008602,Plus,Q3 2025,Employment,achieved,Employed,Completed
BEN-008610,Plus,Q4 2025,Entrepreneurship,not_achieved,Unemployed,Completed
BEN-008616,Plus,Q3 2025,Employment,active,Unemployed,Completed
BEN-008623,Plus,Q2 2026,Entrepreneurship,active,Self-Employed,Completed
BEN-008626,Plus,Q4 2025,Community Impact,active,Employed,Completed
BEN-008638,Plus,Q3 2025,Employment,achieved,Employed,Completed
BEN-008656,Plus,Q3 2025,Education,active,Employed,Completed
BEN-008665,Plus,Q4 2025,Education,active,Self-Employed,Completed
BEN-008673,Plus,Q4 2025,Education,achieved,Unemployed,Completed
BEN-008680,Plus,Q4 2025,Education,achieved,In Training,Completed
BEN-008685,Plus,Q3 2025,Entrepreneurship,achieved,Self-Employed,Completed
BEN-008695,Plus,Q3 2025,Entrepreneurship,achieved,Self-Employed,Completed
BEN-008698,Plus,Q2 2026,Community Impact,achieved,Self-Employed,Completed
BEN-008703,Plus,Q1 2026,Employment,active,Employed,Completed
BEN-008714,Plus,Q4 2025,Employment,active,Unemployed,Completed
BEN-008718,Plus,Q3 2025,Education,achieved,Unemployed,Completed
BEN-008722,Plus,Q1 2025,Employment,active,Employed,Completed
BEN-008749,Plus,Q1 2026,Employment,active,Employed,Completed
BEN-008769,Plus,Q3 2025,Employment,active,Unemployed,Completed
BEN-008770,Plus,Q4 2025,Education,achieved,In Training,Completed
BEN-008772,Plus,Q1 2026,Community Impact,active,Unemployed,Completed
BEN-008773,Plus,Q4 2025,Employment,active,Unemployed,Completed
BEN-008774,Plus,Q2 2025,Employment,achieved,Employed,Completed
BEN-008781,Plus,Q1 2025,Community Impact,achieved,Employed,Completed
BEN-008785,Plus,Q1 2026,Employment,achieved,Employed,Completed
BEN-008788,Plus,Q4 2025,Education,active,Unemployed,Completed
BEN-008795,Plus,Q3 2025,Community Impact,achieved,Unemployed,Completed
BEN-008807,Plus,Q2 2025,Entrepreneurship,active,Employed,Completed
BEN-008828,Plus,Q2 2026,Employment,achieved,Employed,Completed
BEN-008832,Plus,Q3 2025,Entrepreneurship,achieved,Self-Employed,Completed
BEN-008837,Plus,Q3 2025,Community Impact,achieved,Self-Employed,Completed
BEN-008844,Plus,Q2 2025,Community Impact,not_achieved,Unemployed,Completed
BEN-008847,Plus,Q4 2025,Employment,achieved,Employed,Completed
BEN-008849,Plus,Q2 2026,Entrepreneurship,achieved,Self-Employed,Completed
BEN-008852,Plus,Q2 2025,Community Impact,achieved,Self-Employed,Completed
BEN-008857,Plus,Q2 2026,Community Impact,achieved,Self-Employed,Completed
BEN-008862,Plus,Q1 2025,Entrepreneurship,active,Unemployed,Completed
BEN-008876,Plus,Q2 2026,Community Impact,active,Self-Employed,Completed
BEN-008880,Plus,Q4 2025,Employment,achieved,Employed,Completed
BEN-008901,Plus,Q1 2026,Entrepreneurship,achieved,Self-Employed,Completed
BEN-008903,Plus,Q3 2025,Entrepreneurship,not_achieved,Unemployed,Completed
BEN-008907,Plus,Q1 2025,Employment,achieved,Employed,Completed
BEN-008914,Plus,Q1 2025,Community Impact,not_achieved,Unemployed,Completed
BEN-008919,Plus,Q2 2026,Education,achieved,Unemployed,Completed
BEN-008921,Plus,Q3 2025,Education,achieved,Unemployed,Completed
BEN-008922,Plus,Q4 2025,Entrepreneurship,achieved,Self-Employed,Completed
BEN-008929,Plus,Q4 2025,Employment,achieved,Employed,Completed
BEN-008931,Plus,Q4 2025,Education,achieved,In Training,Completed
BEN-008933,Plus,Q1 2026,Education,achieved,In Training,Completed
BEN-008936,Plus,Q1 2025,Employment,active,Unemployed,Completed
BEN-008952,Plus,Q1 2026,Education,achieved,Unemployed,Completed
BEN-008955,Plus,Q4 2025,Education,not_achieved,Self-Employed,Completed
BEN-008957,Plus,Q2 2025,Entrepreneurship,active,Employed,Completed
BEN-008964,Plus,Q1 2026,Education,active,Unemployed,Completed
BEN-008972,Plus,Q4 2025,Community Impact,achieved,Self-Employed,Completed
BEN-008983,Plus,Q1 2025,Education,active,Employed,Completed
BEN-009012,Plus,Q1 2026,Entrepreneurship,achieved,Self-Employed,Completed
BEN-009021,Plus,Q2 2025,Employment,achieved,Employed,Completed
BEN-009026,Plus,Q2 2026,Education,active,Unemployed,Completed
BEN-009032,Plus,Q1 2026,Community Impact,active,Self-Employed,Completed
BEN-009035,Plus,Q4 2025,Employment,not_achieved,Unemployed,Completed
BEN-009037,Plus,Q2 2025,Education,achieved,In Training,Completed
BEN-009066,Plus,Q1 2026,Education,achieved,In Training,Completed
BEN-009073,Plus,Q2 2025,Employment,achieved,Employed,Completed
BEN-009078,Plus,Q2 2025,Employment,achieved,Employed,Completed
BEN-009079,Plus,Q4 2025,Community Impact,not_achieved,Unemployed,Completed
BEN-009083,Plus,Q4 2025,Entrepreneurship,achieved,Self-Employed,Completed
BEN-009087,Plus,Q2 2025,Employment,active,Self-Employed,Completed
BEN-009097,Plus,Q1 2026,Employment,achieved,Employed,Completed
BEN-009101,Plus,Q4 2025,Community Impact,achieved,Unemployed,Completed
BEN-009104,Plus,Q3 2025,Entrepreneurship,achieved,Self-Employed,Completed
BEN-009113,Plus,Q3 2025,Entrepreneurship,achieved,Self-Employed,Completed
BEN-009116,Plus,Q1 2025,Education,achieved,Unemployed,Completed
BEN-009118,Plus,Q4 2025,Education,active,Employed,Completed
BEN-009135,Plus,Q4 2025,Entrepreneurship,active,Unemployed,Completed
BEN-009136,Plus,Q3 2025,Employment,achieved,Employed,Completed
BEN-009141,Plus,Q4 2025,Employment,not_achieved,Self-Employed,Completed
BEN-009142,Plus,Q1 2026,Community Impact,achieved,Employed,Completed
BEN-009146,Plus,Q1 2026,Education,active,Self-Employed,Completed
BEN-009147,Plus,Q4 2025,Employment,not_achieved,Unemployed,Completed
BEN-009154,Plus,Q3 2025,Education,achieved,In Training,Completed
BEN-009170,Plus,Q1 2025,Entrepreneurship,achieved,Self-Employed,Completed
BEN-009174,Plus,Q4 2025,Education,not_achieved,Employed,Completed
BEN-009177,Plus,Q2 2026,Employment,achieved,Employed,Completed
BEN-009184,Plus,Q1 2026,Employment,achieved,Employed,Completed
BEN-009185,Plus,Q2 2025,Education,active,Unemployed,Completed
BEN-009186,Plus,Q2 2025,Employment,active,Unemployed,Completed
BEN-009191,Plus,Q2 2025,Education,not_achieved,Unemployed,Completed
BEN-009196,Plus,Q1 2025,Education,active,Unemployed,Completed
BEN-009200,Plus,Q2 2026,Entrepreneurship,active,Employed,Completed
BEN-009208,Plus,Q1 2026,Entrepreneurship,active,Unemployed,Completed
BEN-009224,Plus,Q2 2025,Education,achieved,Unemployed,Completed
BEN-009227,Plus,Q4 2025,Employment,achieved,Employed,Completed
BEN-009246,Plus,Q2 2025,Employment,achieved,Employed,Completed
BEN-009250,Plus,Q1 2025,Community Impact,active,Employed,Completed
BEN-009253,Plus,Q1 2026,Entrepreneurship,achieved,Self-Employed,Completed
BEN-009255,Plus,Q1 2025,Entrepreneurship,achieved,Self-Employed,Completed
BEN-009266,Plus,Q1 2026,Education,active,Unemployed,Completed
BEN-009275,Plus,Q4 2025,Entrepreneurship,not_achieved,Self-Employed,Completed
BEN-009278,Plus,Q2 2025,Community Impact,active,Unemployed,Completed
BEN-009290,Plus,Q4 2025,Employment,achieved,Employed,Completed
BEN-009292,Plus,Q3 2025,Education,achieved,In Training,Completed
BEN-009293,Plus,Q2 2026,Entrepreneurship,active,Unemployed,Completed
BEN-009294,Plus,Q4 2025,Community Impact,active,Unemployed,Completed
BEN-009299,Plus,Q1 2026,Education,not_achieved,Employed,Completed
BEN-009305,Plus,Q4 2025,Education,active,Self-Employed,Completed
BEN-009306,Plus,Q1 2026,Education,achieved,In Training,Completed
BEN-009309,Plus,Q4 2025,Entrepreneurship,active,Self-Employed,Completed
BEN-009312,Plus,Q3 2025,Education,achieved,Unemployed,Completed
BEN-009315,Plus,Q3 2025,Entrepreneurship,not_achieved,Employed,Completed
BEN-009328,Plus,Q1 2026,Employment,active,Employed,Completed
BEN-009331,Plus,Q2 2025,Entrepreneurship,active,Self-Employed,Completed
BEN-009337,Plus,Q3 2025,Education,active,Employed,Completed
BEN-009338,Plus,Q3 2025,Entrepreneurship,achieved,Self-Employed,Completed
BEN-009346,Plus,Q3 2025,Education,achieved,Unemployed,Completed
BEN-009347,Plus,Q1 2025,Employment,active,Unemployed,Completed
BEN-009356,Plus,Q1 2026,Community Impact,achieved,Self-Employed,Completed
BEN-009358,Plus,Q1 2026,Community Impact,achieved,Unemployed,Completed
BEN-009365,Plus,Q2 2025,Education,not_achieved,Self-Employed,Completed
BEN-009373,Plus,Q3 2025,Employment,achieved,Employed,Completed
BEN-009375,Plus,Q1 2025,Community Impact,active,Employed,Completed
BEN-009378,Plus,Q1 2025,Employment,not_achieved,Employed,Completed
BEN-009382,Plus,Q1 2025,Employment,achieved,Employed,Completed
BEN-009386,Plus,Q4 2025,Education,active,Employed,Completed
BEN-009388,Plus,Q3 2025,Entrepreneurship,achieved,Self-Employed,Completed
BEN-009401,Plus,Q3 2025,Community Impact,achieved,Self-Employed,Completed
BEN-009405,Plus,Q3 2025,Education,achieved,Unemployed,Completed
BEN-009410,Plus,Q2 2026,Education,active,Employed,Completed
BEN-009411,Plus,Q4 2025,Entrepreneurship,active,Employed,Completed
BEN-009412,Plus,Q2 2026,Community Impact,active,Self-Employed,Completed
BEN-009418,Plus,Q3 2025,Employment,not_achieved,Unemployed,Completed
BEN-009420,Plus,Q1 2026,Education,not_achieved,Self-Employed,Completed
BEN-009422,Plus,Q2 2026,Entrepreneurship,not_achieved,Unemployed,Completed
BEN-009424,Plus,Q4 2025,Education,active,Unemployed,Completed
BEN-009427,Plus,Q2 2025,Employment,achieved,Employed,Completed
BEN-009428,Plus,Q3 2025,Employment,not_achieved,Self-Employed,Completed
BEN-009430,Plus,Q3 2025,Education,active,Employed,Completed
BEN-009431,Plus,Q4 2025,Employment,achieved,Employed,Completed
BEN-009440,Plus,Q4 2025,Employment,active,Unemployed,Completed
BEN-009448,Plus,Q4 2025,Entrepreneurship,achieved,Self-Employed,Completed
BEN-009454,Plus,Q2 2026,Entrepreneurship,achieved,Self-Employed,Completed
BEN-009466,Plus,Q2 2025,Entrepreneurship,active,Unemployed,Completed
BEN-009467,Plus,Q4 2025,Employment,achieved,Employed,Completed
BEN-009470,Plus,Q1 2026,Entrepreneurship,active,Unemployed,Completed
BEN-009473,Plus,Q3 2025,Education,achieved,Unemployed,Completed
BEN-009480,Plus,Q1 2025,Employment,active,Employed,Completed
BEN-009482,Plus,Q2 2025,Entrepreneurship,achieved,Self-Employed,Completed
BEN-009488,Plus,Q3 2025,Employment,achieved,Employed,Completed
BEN-009493,Plus,Q2 2025,Employment,active,Unemployed,Completed
BEN-009502,Plus,Q3 2025,Community Impact,active,Employed,Completed
BEN-009511,Plus,Q2 2026,Entrepreneurship,achieved,Self-Employed,Completed
BEN-009523,Plus,Q3 2025,Education,not_achieved,Unemployed,Completed
BEN-009526,Plus,Q4 2025,Employment,achieved,Employed,Completed
BEN-009527,Plus,Q2 2025,Entrepreneurship,not_achieved,Unemployed,Completed
BEN-009537,Plus,Q1 2026,Community Impact,active,Self-Employed,Completed
BEN-009540,Plus,Q1 2025,Community Impact,achieved,Unemployed,Completed
BEN-009545,Plus,Q4 2025,Employment,active,Unemployed,Completed
BEN-009566,Plus,Q2 2025,Employment,achieved,Employed,Completed
BEN-009573,Plus,Q1 2026,Community Impact,achieved,Self-Employed,Completed
BEN-009576,Plus,Q1 2025,Employment,not_achieved,Employed,Completed
BEN-009584,Plus,Q1 2026,Employment,active,Unemployed,Completed
BEN-009586,Plus,Q1 2025,Community Impact,achieved,Employed,Completed
BEN-009594,Plus,Q1 2026,Education,achieved,In Training,Completed
BEN-009596,Plus,Q1 2025,Community Impact,not_achieved,Unemployed,Completed
BEN-009601,Plus,Q2 2025,Community Impact,active,Unemployed,Completed
BEN-009610,Plus,Q4 2025,Education,achieved,Unemployed,Completed
BEN-009617,Plus,Q4 2025,Community Impact,achieved,Self-Employed,Completed
BEN-009618,Plus,Q4 2025,Employment,active,Unemployed,Completed
BEN-009621,Plus,Q3 2025,Community Impact,achieved,Employed,Completed
BEN-009624,Plus,Q2 2025,Employment,achieved,Employed,Completed
BEN-009628,Plus,Q4 2025,Education,achieved,Unemployed,Completed
BEN-009633,Plus,Q1 2026,Employment,achieved,Employed,Completed
BEN-009634,Plus,Q1 2025,Employment,achieved,Employed,Completed
BEN-009652,Plus,Q4 2025,Entrepreneurship,achieved,Self-Employed,Completed
BEN-009669,Plus,Q3 2025,Entrepreneurship,not_achieved,Self-Employed,Completed
BEN-009678,Plus,Q3 2025,Employment,active,Unemployed,Completed
BEN-009679,Plus,Q3 2025,Employment,active,Employed,Completed
BEN-009682,Plus,Q2 2025,Employment,achieved,Employed,Completed
BEN-009690,Plus,Q2 2025,Employment,achieved,Employed,Completed
BEN-009696,Plus,Q2 2026,Education,achieved,Unemployed,Completed
BEN-009698,Plus,Q2 2025,Employment,achieved,Employed,Completed
BEN-009707,Plus,Q3 2025,Employment,achieved,Employed,Completed
BEN-009715,Plus,Q2 2025,Entrepreneurship,not_achieved,Self-Employed,Completed
BEN-009729,Plus,Q4 2025,Community Impact,achieved,Employed,Completed
BEN-009730,Plus,Q4 2025,Education,not_achieved,Unemployed,Completed
BEN-009741,Plus,Q1 2025,Entrepreneurship,achieved,Self-Employed,Completed
BEN-009747,Plus,Q3 2025,Community Impact,achieved,Self-Employed,Completed
BEN-009751,Plus,Q4 2025,Entrepreneurship,achieved,Self-Employed,Completed
BEN-009759,Plus,Q3 2025,Community Impact,not_achieved,Unemployed,Completed
BEN-009768,Plus,Q4 2025,Entrepreneurship,not_achieved,Self-Employed,Completed
BEN-009772,Plus,Q1 2026,Community Impact,achieved,Self-Employed,Completed
BEN-009787,Plus,Q2 2025,Education,active,Self-Employed,Completed
BEN-009798,Plus,Q2 2025,Community Impact,achieved,Employed,Completed
BEN-009799,Plus,Q3 2025,Community Impact,active,Unemployed,Completed
BEN-009801,Plus,Q4 2025,Employment,achieved,Employed,Completed
BEN-009803,Plus,Q3 2025,Employment,active,Unemployed,Completed
BEN-009817,Plus,Q1 2026,Employment,active,Unemployed,Completed
BEN-009819,Plus,Q4 2025,Education,active,Unemployed,Completed
BEN-009827,Plus,Q1 2026,Education,not_achieved,Unemployed,Completed
BEN-009837,Plus,Q3 2025,Employment,achieved,Employed,Completed
BEN-009838,Plus,Q2 2025,Employment,active,Unemployed,Completed
BEN-009843,Plus,Q4 2025,Education,active,Unemployed,Completed
BEN-009848,Plus,Q3 2025,Education,active,Unemployed,Completed
BEN-009849,Plus,Q4 2025,Community Impact,active,Unemployed,Completed
BEN-009857,Plus,Q1 2026,Entrepreneurship,achieved,Self-Employed,Completed
BEN-009860,Plus,Q1 2026,Entrepreneurship,achieved,Self-Employed,Completed
BEN-009865,Plus,Q3 2025,Employment,active,Self-Employed,Completed
BEN-009867,Plus,Q1 2026,Entrepreneurship,achieved,Self-Employed,Completed
BEN-009868,Plus,Q3 2025,Education,active,Unemployed,Completed
BEN-009869,Plus,Q4 2025,Entrepreneurship,achieved,Self-Employed,Completed
BEN-009871,Plus,Q1 2026,Community Impact,achieved,Employed,Completed
BEN-009878,Plus,Q1 2026,Community Impact,active,Self-Employed,Completed
BEN-009888,Plus,Q1 2026,Education,achieved,In Training,Completed
BEN-009901,Plus,Q2 2025,Employment,achieved,Employed,Completed
BEN-009906,Plus,Q4 2025,Employment,active,Unemployed,Completed
BEN-009907,Plus,Q4 2025,Education,achieved,Unemployed,Completed
BEN-009917,Plus,Q4 2025,Community Impact,active,Unemployed,Completed
BEN-009929,Plus,Q4 2025,Employment,achieved,Employed,Completed
BEN-009937,Plus,Q3 2025,Entrepreneurship,achieved,Self-Employed,Completed
BEN-009944,Plus,Q4 2025,Employment,achieved,Employed,Completed
BEN-009955,Plus,Q4 2025,Education,achieved,Unemployed,Completed
BEN-009967,Plus,Q3 2025,Entrepreneurship,active,Unemployed,Completed
BEN-009973,Plus,Q1 2025,Employment,achieved,Employed,Completed
BEN-009975,Plus,Q2 2026,Employment,achieved,Employed,Completed
BEN-009976,Plus,Q1 2026,Entrepreneurship,not_achieved,Unemployed,Completed
BEN-009984,Plus,Q1 2026,Entrepreneurship,active,Unemployed,Completed
BEN-009987,Plus,Q1 2025,Entrepreneurship,active,Employed,Completed
BEN-009992,Plus,Q1 2025,Community Impact,achieved,Unemployed,Completed
BEN-000040,Vocational,Q1 2026,Employment,achieved,Employed,Completed
BEN-000097,Vocational,Q2 2025,Community Impact,achieved,Employed,Completed
BEN-000119,Vocational,Q1 2026,Community Impact,active,Unemployed,Completed
BEN-000176,Vocational,Q2 2025,Community Impact,achieved,Unemployed,Completed
BEN-000201,Vocational,Q2 2025,Employment,achieved,Employed,Completed
BEN-000315,Vocational,Q4 2025,Community Impact,active,Employed,Completed
BEN-000342,Vocational,Q1 2026,Education,active,Unemployed,Completed
BEN-000345,Vocational,Q3 2025,Employment,achieved,Employed,Completed
BEN-000363,Vocational,Q3 2025,Community Impact,achieved,Self-Employed,Completed
BEN-000495,Vocational,Q2 2025,Entrepreneurship,achieved,Self-Employed,Completed
BEN-000516,Vocational,Q1 2026,Education,active,Self-Employed,Completed
BEN-000523,Vocational,Q4 2025,Education,achieved,Unemployed,Completed
BEN-000530,Vocational,Q3 2025,Community Impact,achieved,Self-Employed,Completed
BEN-000532,Vocational,Q2 2025,Employment,achieved,Employed,Completed
BEN-000568,Vocational,Q1 2025,Community Impact,achieved,Unemployed,Completed
BEN-000573,Vocational,Q1 2025,Education,achieved,In Training,Completed
BEN-000590,Vocational,Q3 2025,Community Impact,achieved,Employed,Completed
BEN-000630,Vocational,Q3 2025,Education,active,Unemployed,Completed
BEN-000633,Vocational,Q3 2025,Entrepreneurship,achieved,Self-Employed,Completed
BEN-000644,Vocational,Q2 2025,Employment,achieved,Employed,Completed
BEN-000651,Vocational,Q1 2025,Community Impact,achieved,Self-Employed,Completed
BEN-000668,Vocational,Q2 2025,Employment,active,Self-Employed,Completed
BEN-000680,Vocational,Q2 2025,Employment,achieved,Employed,Completed
BEN-000691,Vocational,Q4 2025,Employment,achieved,Employed,Completed
BEN-000728,Vocational,Q2 2025,Education,achieved,In Training,Completed
BEN-000743,Vocational,Q4 2025,Employment,achieved,Employed,Completed
BEN-000746,Vocational,Q2 2025,Community Impact,achieved,Self-Employed,Completed
BEN-000800,Vocational,Q4 2025,Employment,achieved,Employed,Completed
BEN-000822,Vocational,Q1 2025,Education,achieved,In Training,Completed
BEN-000834,Vocational,Q4 2025,Employment,not_achieved,Unemployed,Completed
BEN-000858,Vocational,Q4 2025,Entrepreneurship,achieved,Self-Employed,Completed
BEN-000860,Vocational,Q3 2025,Employment,achieved,Employed,Completed
BEN-000917,Vocational,Q3 2025,Employment,achieved,Employed,Completed
BEN-000927,Vocational,Q2 2025,Entrepreneurship,achieved,Self-Employed,Completed
BEN-000928,Vocational,Q4 2025,Employment,achieved,Employed,Completed
BEN-000932,Vocational,Q2 2025,Entrepreneurship,achieved,Self-Employed,Completed
BEN-000965,Vocational,Q2 2025,Employment,achieved,Employed,Completed
BEN-000985,Vocational,Q3 2025,Community Impact,active,Unemployed,Completed
BEN-001028,Vocational,Q1 2025,Employment,achieved,Employed,Completed
BEN-001040,Vocational,Q4 2025,Employment,not_achieved,Employed,Completed
BEN-001061,Vocational,Q2 2025,Education,achieved,Unemployed,Completed
BEN-001082,Vocational,Q2 2025,Education,active,Unemployed,Completed
BEN-001125,Vocational,Q3 2025,Employment,not_achieved,Self-Employed,Completed
BEN-001194,Vocational,Q2 2025,Employment,active,Self-Employed,Completed
BEN-001209,Vocational,Q2 2025,Employment,not_achieved,Unemployed,Completed
BEN-001225,Vocational,Q4 2025,Employment,achieved,Employed,Completed
BEN-001227,Vocational,Q3 2025,Education,achieved,Unemployed,Completed
BEN-001230,Vocational,Q4 2025,Employment,achieved,Employed,Completed
BEN-001254,Vocational,Q2 2025,Employment,not_achieved,Self-Employed,Completed
BEN-001298,Vocational,Q1 2026,Education,active,Unemployed,Completed
BEN-001305,Vocational,Q3 2025,Employment,active,Self-Employed,Completed
BEN-001319,Vocational,Q1 2026,Employment,achieved,Employed,Completed
BEN-001362,Vocational,Q3 2025,Education,achieved,Unemployed,Completed
BEN-001363,Vocational,Q3 2025,Employment,not_achieved,Self-Employed,Completed
BEN-001368,Vocational,Q1 2026,Education,active,Self-Employed,Completed
BEN-001389,Vocational,Q2 2025,Education,achieved,In Training,Completed
BEN-001390,Vocational,Q4 2025,Entrepreneurship,active,Unemployed,Completed
BEN-001399,Vocational,Q1 2026,Employment,not_achieved,Self-Employed,Completed
BEN-001418,Vocational,Q4 2025,Education,achieved,In Training,Completed
BEN-001426,Vocational,Q1 2025,Entrepreneurship,active,Self-Employed,Completed
BEN-001433,Vocational,Q1 2025,Employment,not_achieved,Self-Employed,Completed
BEN-001482,Vocational,Q3 2025,Education,active,Unemployed,Completed
BEN-001514,Vocational,Q2 2025,Community Impact,achieved,Self-Employed,Completed
BEN-001552,Vocational,Q1 2026,Employment,achieved,Employed,Completed
BEN-001564,Vocational,Q2 2025,Employment,achieved,Employed,Completed
BEN-001578,Vocational,Q4 2025,Education,not_achieved,Employed,Completed
BEN-001593,Vocational,Q4 2025,Education,active,Unemployed,Completed
BEN-001658,Vocational,Q1 2026,Education,not_achieved,Employed,Completed
BEN-001697,Vocational,Q4 2025,Employment,active,Self-Employed,Completed
BEN-001703,Vocational,Q1 2026,Community Impact,not_achieved,Self-Employed,Completed
BEN-001751,Vocational,Q2 2025,Employment,achieved,Employed,Completed
BEN-001795,Vocational,Q2 2025,Employment,active,Employed,Completed
BEN-001881,Vocational,Q3 2025,Employment,not_achieved,Unemployed,Completed
BEN-001883,Vocational,Q2 2025,Education,not_achieved,Self-Employed,Completed
BEN-001959,Vocational,Q2 2025,Community Impact,achieved,Self-Employed,Completed
BEN-001972,Vocational,Q4 2025,Entrepreneurship,not_achieved,Self-Employed,Completed
BEN-001998,Vocational,Q4 2025,Education,achieved,Unemployed,Completed
BEN-002001,Vocational,Q4 2025,Community Impact,achieved,Employed,Completed
BEN-002014,Vocational,Q2 2025,Employment,active,Unemployed,Completed
BEN-002045,Vocational,Q2 2025,Entrepreneurship,active,Unemployed,Completed
BEN-002077,Vocational,Q3 2025,Employment,not_achieved,Employed,Completed
BEN-002087,Vocational,Q3 2025,Entrepreneurship,active,Self-Employed,Completed
BEN-002115,Vocational,Q2 2025,Community Impact,active,Self-Employed,Completed
BEN-002153,Vocational,Q4 2025,Employment,achieved,Employed,Completed
BEN-002164,Vocational,Q3 2025,Education,achieved,In Training,Completed
BEN-002195,Vocational,Q1 2025,Employment,achieved,Employed,Completed
BEN-002220,Vocational,Q3 2025,Employment,not_achieved,Unemployed,Completed
BEN-002263,Vocational,Q1 2026,Entrepreneurship,active,Employed,Completed
BEN-002314,Vocational,Q3 2025,Employment,active,Unemployed,Completed
BEN-002341,Vocational,Q1 2026,Entrepreneurship,active,Unemployed,Completed
BEN-002380,Vocational,Q4 2025,Education,achieved,Unemployed,Completed
BEN-002386,Vocational,Q4 2025,Entrepreneurship,achieved,Self-Employed,Completed
BEN-002394,Vocational,Q2 2025,Entrepreneurship,achieved,Self-Employed,Completed
BEN-002396,Vocational,Q3 2025,Employment,not_achieved,Unemployed,Completed
BEN-002435,Vocational,Q3 2025,Employment,active,Employed,Completed
BEN-002459,Vocational,Q1 2026,Community Impact,not_achieved,Unemployed,Completed
BEN-002472,Vocational,Q3 2025,Entrepreneurship,active,Self-Employed,Completed
BEN-002474,Vocational,Q3 2025,Education,achieved,Unemployed,Completed
BEN-002491,Vocational,Q2 2025,Education,achieved,Unemployed,Completed
BEN-002503,Vocational,Q4 2025,Education,active,Unemployed,Completed
BEN-002505,Vocational,Q3 2025,Community Impact,achieved,Self-Employed,Completed
BEN-002512,Vocational,Q4 2025,Employment,active,Unemployed,Completed
BEN-002531,Vocational,Q3 2025,Community Impact,achieved,Unemployed,Completed
BEN-002545,Vocational,Q4 2025,Community Impact,achieved,Unemployed,Completed
BEN-002562,Vocational,Q3 2025,Community Impact,active,Unemployed,Completed
BEN-002614,Vocational,Q4 2025,Employment,achieved,Employed,Completed
BEN-002637,Vocational,Q3 2025,Community Impact,achieved,Unemployed,Completed
BEN-002691,Vocational,Q3 2025,Employment,active,Employed,Completed
BEN-002696,Vocational,Q1 2026,Education,achieved,Unemployed,Completed
BEN-002717,Vocational,Q3 2025,Education,active,Employed,Completed
BEN-002737,Vocational,Q1 2026,Education,active,Employed,Completed
BEN-002802,Vocational,Q4 2025,Employment,active,Unemployed,Completed
BEN-002810,Vocational,Q3 2025,Community Impact,achieved,Employed,Completed
BEN-002813,Vocational,Q4 2025,Employment,achieved,Employed,Completed
BEN-002820,Vocational,Q4 2025,Community Impact,achieved,Employed,Completed
BEN-002857,Vocational,Q4 2025,Education,not_achieved,Unemployed,Completed
BEN-002870,Vocational,Q3 2025,Community Impact,not_achieved,Unemployed,Completed
BEN-002973,Vocational,Q1 2026,Employment,not_achieved,Employed,Completed
BEN-003019,Vocational,Q2 2025,Education,not_achieved,Self-Employed,Completed
BEN-003130,Vocational,Q1 2025,Education,not_achieved,Unemployed,Completed
BEN-003178,Vocational,Q2 2025,Education,achieved,Unemployed,Completed
BEN-003182,Vocational,Q3 2025,Entrepreneurship,achieved,Self-Employed,Completed
BEN-003186,Vocational,Q3 2025,Entrepreneurship,achieved,Self-Employed,Completed
BEN-003199,Vocational,Q1 2025,Community Impact,achieved,Unemployed,Completed
BEN-003258,Vocational,Q3 2025,Education,achieved,Unemployed,Completed
BEN-003321,Vocational,Q2 2025,Education,achieved,Unemployed,Completed
BEN-003323,Vocational,Q3 2025,Entrepreneurship,not_achieved,Employed,Completed
BEN-003339,Vocational,Q3 2025,Entrepreneurship,achieved,Self-Employed,Completed
BEN-003359,Vocational,Q3 2025,Entrepreneurship,achieved,Self-Employed,Completed
BEN-003361,Vocational,Q1 2026,Employment,active,Employed,Completed
BEN-003369,Vocational,Q2 2025,Education,not_achieved,Unemployed,Completed
BEN-003373,Vocational,Q3 2025,Community Impact,achieved,Self-Employed,Completed
BEN-003379,Vocational,Q3 2025,Entrepreneurship,not_achieved,Self-Employed,Completed
BEN-003401,Vocational,Q2 2025,Education,not_achieved,Unemployed,Completed
BEN-003465,Vocational,Q2 2025,Employment,not_achieved,Employed,Completed
BEN-003477,Vocational,Q1 2025,Education,achieved,Unemployed,Completed
BEN-003567,Vocational,Q1 2026,Employment,achieved,Employed,Completed
BEN-003641,Vocational,Q1 2025,Employment,achieved,Employed,Completed
BEN-003649,Vocational,Q1 2025,Employment,achieved,Employed,Completed
BEN-003656,Vocational,Q4 2025,Entrepreneurship,achieved,Self-Employed,Completed
BEN-003716,Vocational,Q4 2025,Education,achieved,In Training,Completed
BEN-003753,Vocational,Q4 2025,Education,achieved,Unemployed,Completed
BEN-003777,Vocational,Q3 2025,Education,not_achieved,Employed,Completed
BEN-003778,Vocational,Q3 2025,Education,not_achieved,Unemployed,Completed
BEN-003821,Vocational,Q3 2025,Employment,active,Unemployed,Completed
BEN-003865,Vocational,Q3 2025,Employment,achieved,Employed,Completed
BEN-003866,Vocational,Q3 2025,Employment,achieved,Employed,Completed
BEN-003869,Vocational,Q3 2025,Education,active,Unemployed,Completed
BEN-003903,Vocational,Q1 2026,Entrepreneurship,active,Unemployed,Completed
BEN-003919,Vocational,Q3 2025,Education,active,Unemployed,Completed
BEN-004009,Vocational,Q1 2025,Entrepreneurship,not_achieved,Unemployed,Completed
BEN-004042,Vocational,Q3 2025,Community Impact,achieved,Self-Employed,Completed
BEN-004075,Vocational,Q3 2025,Employment,achieved,Employed,Completed
BEN-004089,Vocational,Q3 2025,Employment,not_achieved,Unemployed,Completed
BEN-004111,Vocational,Q4 2025,Community Impact,achieved,Self-Employed,Completed
BEN-004112,Vocational,Q3 2025,Employment,achieved,Employed,Completed
BEN-004126,Vocational,Q3 2025,Community Impact,achieved,Employed,Completed
BEN-004159,Vocational,Q2 2025,Education,active,Self-Employed,Completed
BEN-004161,Vocational,Q3 2025,Education,achieved,Unemployed,Completed
BEN-004198,Vocational,Q3 2025,Education,active,Self-Employed,Completed
BEN-004292,Vocational,Q4 2025,Community Impact,not_achieved,Unemployed,Completed
BEN-004293,Vocational,Q1 2026,Community Impact,not_achieved,Unemployed,Completed
BEN-004308,Vocational,Q4 2025,Employment,active,Self-Employed,Completed
BEN-004343,Vocational,Q3 2025,Education,achieved,Unemployed,Completed
BEN-004398,Vocational,Q1 2026,Entrepreneurship,achieved,Self-Employed,Completed
BEN-004404,Vocational,Q4 2025,Community Impact,achieved,Unemployed,Completed
BEN-004416,Vocational,Q1 2026,Community Impact,active,Unemployed,Completed
BEN-004418,Vocational,Q2 2025,Employment,achieved,Employed,Completed
BEN-004419,Vocational,Q1 2025,Education,not_achieved,Self-Employed,Completed
BEN-004446,Vocational,Q3 2025,Employment,achieved,Employed,Completed
BEN-004460,Vocational,Q3 2025,Employment,active,Self-Employed,Completed
BEN-004461,Vocational,Q3 2025,Education,active,Employed,Completed
BEN-004462,Vocational,Q3 2025,Education,achieved,Unemployed,Completed
BEN-004486,Vocational,Q1 2025,Education,active,Unemployed,Completed
BEN-004499,Vocational,Q3 2025,Employment,achieved,Employed,Completed
BEN-004505,Vocational,Q3 2025,Employment,achieved,Employed,Completed
BEN-004527,Vocational,Q2 2025,Entrepreneurship,active,Employed,Completed
BEN-004552,Vocational,Q2 2025,Employment,achieved,Employed,Completed
BEN-004568,Vocational,Q3 2025,Education,active,Unemployed,Completed
BEN-004569,Vocational,Q3 2025,Education,achieved,Unemployed,Completed
BEN-004585,Vocational,Q3 2025,Entrepreneurship,not_achieved,Self-Employed,Completed
BEN-004599,Vocational,Q1 2025,Education,achieved,Unemployed,Completed
BEN-004651,Vocational,Q2 2025,Community Impact,achieved,Employed,Completed
BEN-004662,Vocational,Q2 2025,Employment,active,Unemployed,Completed
BEN-004664,Vocational,Q1 2026,Education,achieved,In Training,Completed
BEN-004666,Vocational,Q1 2026,Entrepreneurship,achieved,Self-Employed,Completed
BEN-004749,Vocational,Q2 2025,Employment,achieved,Employed,Completed
BEN-004785,Vocational,Q3 2025,Community Impact,achieved,Unemployed,Completed
BEN-004798,Vocational,Q3 2025,Education,active,Employed,Completed
BEN-004799,Vocational,Q1 2025,Community Impact,achieved,Self-Employed,Completed
BEN-004827,Vocational,Q3 2025,Education,achieved,In Training,Completed
BEN-004843,Vocational,Q4 2025,Community Impact,active,Employed,Completed
BEN-004870,Vocational,Q4 2025,Education,not_achieved,Employed,Completed
BEN-004875,Vocational,Q3 2025,Entrepreneurship,achieved,Self-Employed,Completed
BEN-004974,Vocational,Q3 2025,Employment,not_achieved,Unemployed,Completed
BEN-005014,Vocational,Q4 2025,Employment,achieved,Employed,Completed
BEN-005067,Vocational,Q1 2025,Employment,achieved,Employed,Completed
BEN-005091,Vocational,Q1 2025,Employment,not_achieved,Self-Employed,Completed
BEN-005098,Vocational,Q1 2026,Education,achieved,In Training,Completed
BEN-005105,Vocational,Q3 2025,Entrepreneurship,active,Employed,Completed
BEN-005113,Vocational,Q1 2026,Employment,achieved,Employed,Completed
BEN-005133,Vocational,Q1 2025,Employment,achieved,Employed,Completed
BEN-005163,Vocational,Q3 2025,Employment,achieved,Employed,Completed
BEN-005167,Vocational,Q2 2025,Entrepreneurship,achieved,Self-Employed,Completed
BEN-005229,Vocational,Q3 2025,Education,active,Unemployed,Completed
BEN-005240,Vocational,Q2 2025,Entrepreneurship,not_achieved,Unemployed,Completed
BEN-005295,Vocational,Q3 2025,Community Impact,not_achieved,Self-Employed,Completed
BEN-005326,Vocational,Q1 2026,Entrepreneurship,not_achieved,Employed,Completed
BEN-005389,Vocational,Q4 2025,Education,achieved,Unemployed,Completed
BEN-005392,Vocational,Q3 2025,Employment,achieved,Employed,Completed
BEN-005442,Vocational,Q2 2025,Community Impact,active,Self-Employed,Completed
BEN-005446,Vocational,Q3 2025,Entrepreneurship,achieved,Self-Employed,Completed
BEN-005475,Vocational,Q2 2025,Education,not_achieved,Employed,Completed
BEN-005476,Vocational,Q2 2025,Employment,achieved,Employed,Completed
BEN-005483,Vocational,Q1 2026,Community Impact,achieved,Self-Employed,Completed
BEN-005497,Vocational,Q3 2025,Employment,active,Employed,Completed
BEN-005502,Vocational,Q4 2025,Education,achieved,Unemployed,Completed
BEN-005531,Vocational,Q1 2025,Education,achieved,In Training,Completed
BEN-005553,Vocational,Q3 2025,Employment,achieved,Employed,Completed
BEN-005573,Vocational,Q2 2025,Education,not_achieved,Unemployed,Completed
BEN-005593,Vocational,Q2 2025,Community Impact,active,Self-Employed,Completed
BEN-005617,Vocational,Q2 2025,Employment,not_achieved,Employed,Completed
BEN-005626,Vocational,Q3 2025,Employment,not_achieved,Employed,Completed
BEN-005629,Vocational,Q2 2025,Community Impact,active,Unemployed,Completed
BEN-005648,Vocational,Q3 2025,Employment,achieved,Employed,Completed
BEN-005669,Vocational,Q4 2025,Education,not_achieved,Self-Employed,Completed
BEN-005673,Vocational,Q1 2025,Employment,achieved,Employed,Completed
BEN-005677,Vocational,Q3 2025,Community Impact,active,Employed,Completed
BEN-005687,Vocational,Q3 2025,Education,achieved,Unemployed,Completed
BEN-005705,Vocational,Q4 2025,Community Impact,not_achieved,Employed,Completed
BEN-005866,Vocational,Q4 2025,Education,active,Unemployed,Completed
BEN-005893,Vocational,Q2 2025,Education,achieved,Unemployed,Completed
BEN-005897,Vocational,Q3 2025,Employment,achieved,Employed,Completed
BEN-005925,Vocational,Q2 2025,Entrepreneurship,not_achieved,Self-Employed,Completed
BEN-005991,Vocational,Q3 2025,Employment,achieved,Employed,Completed
BEN-005994,Vocational,Q3 2025,Education,active,Self-Employed,Completed
BEN-006007,Vocational,Q3 2025,Employment,achieved,Employed,Completed
BEN-006011,Vocational,Q4 2025,Employment,achieved,Employed,Completed
BEN-006017,Vocational,Q1 2026,Employment,achieved,Employed,Completed
BEN-006052,Vocational,Q3 2025,Education,achieved,In Training,Completed
BEN-006078,Vocational,Q1 2025,Employment,achieved,Employed,Completed
BEN-006097,Vocational,Q4 2025,Community Impact,achieved,Self-Employed,Completed
BEN-006106,Vocational,Q3 2025,Education,achieved,In Training,Completed
BEN-006128,Vocational,Q1 2025,Employment,active,Employed,Completed
BEN-006134,Vocational,Q2 2025,Employment,active,Self-Employed,Completed
BEN-006140,Vocational,Q2 2025,Education,active,Unemployed,Completed
BEN-006152,Vocational,Q3 2025,Community Impact,achieved,Unemployed,Completed
BEN-006199,Vocational,Q4 2025,Education,active,Unemployed,Completed
BEN-006234,Vocational,Q3 2025,Education,achieved,Unemployed,Completed
BEN-006252,Vocational,Q2 2025,Education,active,Self-Employed,Completed
BEN-006265,Vocational,Q2 2025,Education,achieved,Unemployed,Completed
BEN-006322,Vocational,Q4 2025,Entrepreneurship,not_achieved,Unemployed,Completed
BEN-006326,Vocational,Q2 2025,Employment,not_achieved,Employed,Completed
BEN-006334,Vocational,Q3 2025,Employment,achieved,Employed,Completed
BEN-006373,Vocational,Q1 2026,Education,achieved,In Training,Completed
BEN-006394,Vocational,Q1 2025,Community Impact,active,Unemployed,Completed
BEN-006396,Vocational,Q1 2025,Community Impact,active,Employed,Completed
BEN-006424,Vocational,Q4 2025,Education,achieved,Unemployed,Completed
BEN-006442,Vocational,Q1 2026,Community Impact,active,Unemployed,Completed
BEN-006458,Vocational,Q4 2025,Entrepreneurship,achieved,Self-Employed,Completed
BEN-006469,Vocational,Q4 2025,Employment,achieved,Employed,Completed
BEN-006478,Vocational,Q1 2026,Employment,achieved,Employed,Completed
BEN-006487,Vocational,Q3 2025,Employment,active,Employed,Completed
BEN-006510,Vocational,Q3 2025,Employment,achieved,Employed,Completed
BEN-006519,Vocational,Q4 2025,Employment,active,Employed,Completed
BEN-006528,Vocational,Q1 2026,Community Impact,achieved,Unemployed,Completed
BEN-006582,Vocational,Q3 2025,Community Impact,not_achieved,Self-Employed,Completed
BEN-006587,Vocational,Q4 2025,Community Impact,achieved,Self-Employed,Completed
BEN-006593,Vocational,Q2 2025,Entrepreneurship,achieved,Self-Employed,Completed
BEN-006607,Vocational,Q3 2025,Education,not_achieved,Self-Employed,Completed
BEN-006617,Vocational,Q2 2025,Education,achieved,In Training,Completed
BEN-006634,Vocational,Q4 2025,Education,active,Employed,Completed
BEN-006636,Vocational,Q4 2025,Employment,not_achieved,Employed,Completed
BEN-006702,Vocational,Q3 2025,Employment,achieved,Employed,Completed
BEN-006715,Vocational,Q3 2025,Employment,active,Self-Employed,Completed
BEN-006735,Vocational,Q4 2025,Community Impact,active,Self-Employed,Completed
BEN-006746,Vocational,Q1 2026,Education,achieved,In Training,Completed
BEN-006767,Vocational,Q3 2025,Community Impact,active,Self-Employed,Completed
BEN-006771,Vocational,Q1 2026,Employment,achieved,Employed,Completed
BEN-006783,Vocational,Q1 2025,Employment,not_achieved,Unemployed,Completed
BEN-006813,Vocational,Q3 2025,Employment,not_achieved,Self-Employed,Completed
BEN-006829,Vocational,Q3 2025,Employment,active,Self-Employed,Completed
BEN-006845,Vocational,Q1 2026,Employment,active,Unemployed,Completed
BEN-006847,Vocational,Q2 2025,Education,achieved,Unemployed,Completed
BEN-006853,Vocational,Q4 2025,Education,achieved,In Training,Completed
BEN-006866,Vocational,Q4 2025,Employment,achieved,Employed,Completed
BEN-006887,Vocational,Q4 2025,Education,active,Self-Employed,Completed
BEN-006960,Vocational,Q1 2026,Education,achieved,In Training,Completed
BEN-006985,Vocational,Q3 2025,Education,achieved,In Training,Completed
BEN-006991,Vocational,Q2 2025,Education,not_achieved,Unemployed,Completed
BEN-006995,Vocational,Q4 2025,Employment,achieved,Employed,Completed
BEN-007023,Vocational,Q2 2025,Education,active,Unemployed,Completed
BEN-007047,Vocational,Q1 2025,Community Impact,achieved,Self-Employed,Completed
BEN-007082,Vocational,Q3 2025,Employment,achieved,Employed,Completed
BEN-007156,Vocational,Q1 2026,Employment,achieved,Employed,Completed
BEN-007175,Vocational,Q2 2025,Employment,not_achieved,Self-Employed,Completed
BEN-007196,Vocational,Q3 2025,Entrepreneurship,active,Self-Employed,Completed
BEN-007242,Vocational,Q4 2025,Entrepreneurship,not_achieved,Employed,Completed
BEN-007248,Vocational,Q2 2025,Education,achieved,Unemployed,Completed
BEN-007273,Vocational,Q4 2025,Education,not_achieved,Unemployed,Completed
BEN-007308,Vocational,Q2 2025,Employment,achieved,Employed,Completed
BEN-007335,Vocational,Q1 2026,Employment,achieved,Employed,Completed
BEN-007352,Vocational,Q2 2025,Employment,active,Self-Employed,Completed
BEN-007355,Vocational,Q2 2025,Entrepreneurship,not_achieved,Self-Employed,Completed
BEN-007368,Vocational,Q2 2025,Entrepreneurship,achieved,Self-Employed,Completed
BEN-007384,Vocational,Q2 2025,Employment,active,Unemployed,Completed
BEN-007439,Vocational,Q4 2025,Community Impact,achieved,Employed,Completed
BEN-007441,Vocational,Q2 2025,Education,active,Employed,Completed
BEN-007460,Vocational,Q2 2025,Employment,active,Employed,Completed
BEN-007481,Vocational,Q2 2025,Employment,active,Unemployed,Completed
BEN-007510,Vocational,Q4 2025,Education,active,Unemployed,Completed
BEN-007525,Vocational,Q1 2025,Education,achieved,In Training,Completed
BEN-007535,Vocational,Q3 2025,Community Impact,not_achieved,Unemployed,Completed
BEN-007539,Vocational,Q2 2025,Employment,active,Employed,Completed
BEN-007540,Vocational,Q2 2025,Community Impact,active,Unemployed,Completed
BEN-007554,Vocational,Q2 2025,Community Impact,achieved,Employed,Completed
BEN-007633,Vocational,Q3 2025,Education,achieved,In Training,Completed
BEN-007685,Vocational,Q3 2025,Entrepreneurship,achieved,Self-Employed,Completed
BEN-007745,Vocational,Q2 2025,Education,not_achieved,Self-Employed,Completed
BEN-007795,Vocational,Q2 2025,Entrepreneurship,active,Employed,Completed
BEN-007809,Vocational,Q2 2025,Entrepreneurship,not_achieved,Self-Employed,Completed
BEN-007850,Vocational,Q3 2025,Education,active,Employed,Completed
BEN-007855,Vocational,Q3 2025,Education,achieved,Unemployed,Completed
BEN-007859,Vocational,Q2 2025,Education,active,Employed,Completed
BEN-007876,Vocational,Q4 2025,Community Impact,not_achieved,Self-Employed,Completed
BEN-007878,Vocational,Q3 2025,Entrepreneurship,not_achieved,Unemployed,Completed
BEN-007887,Vocational,Q3 2025,Employment,achieved,Employed,Completed
BEN-007943,Vocational,Q3 2025,Community Impact,achieved,Self-Employed,Completed
BEN-008004,Vocational,Q3 2025,Entrepreneurship,achieved,Self-Employed,Completed
BEN-008015,Vocational,Q1 2025,Employment,not_achieved,Employed,Completed
BEN-008017,Vocational,Q4 2025,Education,active,Unemployed,Completed
BEN-008072,Vocational,Q3 2025,Employment,achieved,Employed,Completed
BEN-008089,Vocational,Q1 2025,Employment,not_achieved,Unemployed,Completed
BEN-008105,Vocational,Q2 2025,Entrepreneurship,active,Unemployed,Completed
BEN-008106,Vocational,Q1 2025,Employment,achieved,Employed,Completed
BEN-008125,Vocational,Q4 2025,Community Impact,achieved,Employed,Completed
BEN-008126,Vocational,Q3 2025,Community Impact,not_achieved,Unemployed,Completed
BEN-008164,Vocational,Q4 2025,Community Impact,active,Unemployed,Completed
BEN-008175,Vocational,Q3 2025,Community Impact,not_achieved,Unemployed,Completed
BEN-008186,Vocational,Q4 2025,Employment,active,Unemployed,Completed
BEN-008219,Vocational,Q3 2025,Employment,achieved,Employed,Completed
BEN-008254,Vocational,Q4 2025,Community Impact,active,Unemployed,Completed
BEN-008267,Vocational,Q1 2026,Entrepreneurship,achieved,Self-Employed,Completed
BEN-008283,Vocational,Q2 2025,Education,active,Employed,Completed
BEN-008314,Vocational,Q1 2025,Entrepreneurship,active,Self-Employed,Completed
BEN-008318,Vocational,Q2 2025,Education,not_achieved,Employed,Completed
BEN-008356,Vocational,Q4 2025,Education,not_achieved,Unemployed,Completed
BEN-008361,Vocational,Q2 2025,Entrepreneurship,active,Unemployed,Completed
BEN-008429,Vocational,Q3 2025,Education,achieved,Unemployed,Completed
BEN-008473,Vocational,Q2 2025,Entrepreneurship,achieved,Self-Employed,Completed
BEN-008527,Vocational,Q2 2025,Employment,achieved,Employed,Completed
BEN-008528,Vocational,Q3 2025,Education,achieved,In Training,Completed
BEN-008538,Vocational,Q4 2025,Community Impact,achieved,Employed,Completed
BEN-008550,Vocational,Q2 2025,Employment,active,Self-Employed,Completed
BEN-008569,Vocational,Q2 2025,Employment,active,Self-Employed,Completed
BEN-008587,Vocational,Q1 2025,Entrepreneurship,not_achieved,Employed,Completed
BEN-008595,Vocational,Q4 2025,Employment,not_achieved,Employed,Completed
BEN-008614,Vocational,Q2 2025,Education,active,Self-Employed,Completed
BEN-008642,Vocational,Q4 2025,Education,achieved,In Training,Completed
BEN-008659,Vocational,Q1 2025,Employment,active,Employed,Completed
BEN-008682,Vocational,Q1 2025,Employment,achieved,Employed,Completed
BEN-008777,Vocational,Q2 2025,Education,achieved,In Training,Completed
BEN-008780,Vocational,Q1 2026,Entrepreneurship,achieved,Self-Employed,Completed
BEN-008809,Vocational,Q3 2025,Education,achieved,In Training,Completed
BEN-008834,Vocational,Q1 2025,Education,achieved,In Training,Completed
BEN-008855,Vocational,Q1 2026,Entrepreneurship,active,Unemployed,Completed
BEN-008905,Vocational,Q4 2025,Employment,not_achieved,Unemployed,Completed
BEN-008919,Vocational,Q1 2026,Community Impact,not_achieved,Employed,Completed
BEN-008930,Vocational,Q2 2025,Education,not_achieved,Unemployed,Completed
BEN-008989,Vocational,Q1 2026,Community Impact,achieved,Self-Employed,Completed
BEN-009002,Vocational,Q2 2025,Employment,not_achieved,Employed,Completed
BEN-009006,Vocational,Q1 2025,Employment,active,Unemployed,Completed
BEN-009013,Vocational,Q3 2025,Community Impact,active,Unemployed,Completed
BEN-009059,Vocational,Q3 2025,Education,active,Employed,Completed
BEN-009118,Vocational,Q4 2025,Employment,achieved,Employed,Completed
BEN-009132,Vocational,Q2 2025,Education,achieved,In Training,Completed
BEN-009150,Vocational,Q1 2026,Entrepreneurship,achieved,Self-Employed,Completed
BEN-009152,Vocational,Q1 2026,Entrepreneurship,active,Unemployed,Completed
BEN-009190,Vocational,Q2 2025,Education,achieved,Unemployed,Completed
BEN-009193,Vocational,Q1 2026,Entrepreneurship,not_achieved,Employed,Completed
BEN-009261,Vocational,Q3 2025,Entrepreneurship,achieved,Self-Employed,Completed
BEN-009289,Vocational,Q2 2025,Education,achieved,Unemployed,Completed
BEN-009318,Vocational,Q2 2025,Education,active,Unemployed,Completed
BEN-009369,Vocational,Q3 2025,Entrepreneurship,achieved,Self-Employed,Completed
BEN-009393,Vocational,Q1 2025,Community Impact,achieved,Unemployed,Completed
BEN-009438,Vocational,Q4 2025,Entrepreneurship,achieved,Self-Employed,Completed
BEN-009443,Vocational,Q2 2025,Employment,achieved,Employed,Completed
BEN-009445,Vocational,Q2 2025,Entrepreneurship,active,Unemployed,Completed
BEN-009451,Vocational,Q1 2026,Education,achieved,Unemployed,Completed
BEN-009469,Vocational,Q2 2025,Education,not_achieved,Unemployed,Completed
BEN-009480,Vocational,Q1 2025,Community Impact,active,Self-Employed,Completed
BEN-009487,Vocational,Q1 2026,Education,active,Unemployed,Completed
BEN-009504,Vocational,Q4 2025,Employment,achieved,Employed,Completed
BEN-009548,Vocational,Q2 2025,Community Impact,active,Unemployed,Completed
BEN-009557,Vocational,Q3 2025,Employment,active,Employed,Completed
BEN-009577,Vocational,Q1 2026,Entrepreneurship,achieved,Self-Employed,Completed
BEN-009589,Vocational,Q1 2025,Community Impact,achieved,Self-Employed,Completed
BEN-009605,Vocational,Q3 2025,Employment,achieved,Employed,Completed
BEN-009616,Vocational,Q2 2025,Education,achieved,Unemployed,Completed
BEN-009667,Vocational,Q1 2026,Employment,achieved,Employed,Completed
BEN-009699,Vocational,Q3 2025,Employment,achieved,Employed,Completed
BEN-009771,Vocational,Q1 2026,Education,active,Unemployed,Completed
BEN-009793,Vocational,Q4 2025,Entrepreneurship,active,Unemployed,Completed
BEN-009794,Vocational,Q1 2025,Entrepreneurship,achieved,Self-Employed,Completed
BEN-009857,Vocational,Q4 2025,Education,active,Unemployed,Completed
BEN-009866,Vocational,Q2 2025,Education,achieved,Unemployed,Completed
BEN-009888,Vocational,Q2 2025,Employment,active,Employed,Completed
BEN-009890,Vocational,Q1 2026,Employment,not_achieved,Unemployed,Completed
BEN-009910,Vocational,Q4 2025,Employment,not_achieved,Self-Employed,Completed
BEN-009919,Vocational,Q1 2025,Entrepreneurship,active,Unemployed,Completed
BEN-009928,Vocational,Q4 2025,Entrepreneurship,active,Employed,Completed
BEN-009953,Vocational,Q3 2025,Education,achieved,In Training,Completed
BEN-000005,Tech,Q1 2026,Education,active,Unemployed,Completed
BEN-000013,Tech,Q3 2025,Employment,achieved,Employed,Completed
BEN-000015,Tech,Q3 2025,Community Impact,achieved,Unemployed,Completed
BEN-000026,Tech,Q2 2026,Employment,achieved,Employed,Completed
BEN-000032,Tech,Q2 2026,Employment,achieved,Employed,Completed
BEN-000033,Tech,Q1 2026,Education,not_achieved,Unemployed,Completed
BEN-000034,Tech,Q1 2026,Community Impact,achieved,Unemployed,Completed
BEN-000040,Tech,Q1 2025,Education,achieved,Unemployed,Completed
BEN-000068,Tech,Q1 2026,Community Impact,achieved,Self-Employed,Completed
BEN-000070,Tech,Q4 2025,Education,achieved,Unemployed,Completed
BEN-000089,Tech,Q2 2025,Community Impact,achieved,Employed,Completed
BEN-000095,Tech,Q4 2025,Education,not_achieved,Employed,Completed
BEN-000125,Tech,Q2 2026,Entrepreneurship,achieved,Self-Employed,Completed
BEN-000129,Tech,Q2 2025,Employment,active,Unemployed,Completed
BEN-000136,Tech,Q1 2025,Entrepreneurship,active,Self-Employed,Completed
BEN-000137,Tech,Q4 2025,Education,active,Self-Employed,Completed
BEN-000138,Tech,Q1 2026,Employment,active,Unemployed,Completed
BEN-000161,Tech,Q1 2026,Community Impact,achieved,Unemployed,Completed
BEN-000163,Tech,Q1 2025,Employment,achieved,Employed,Completed
BEN-000166,Tech,Q4 2025,Community Impact,achieved,Employed,Completed
BEN-000175,Tech,Q2 2025,Entrepreneurship,achieved,Self-Employed,Completed
BEN-000215,Tech,Q4 2025,Employment,achieved,Employed,Completed
BEN-000226,Tech,Q4 2025,Employment,achieved,Employed,Completed
BEN-000229,Tech,Q4 2025,Community Impact,active,Self-Employed,Completed
BEN-000244,Tech,Q1 2026,Entrepreneurship,active,Unemployed,Completed
BEN-000248,Tech,Q4 2025,Employment,active,Unemployed,Completed
BEN-000262,Tech,Q4 2025,Education,achieved,Unemployed,Completed
BEN-000267,Tech,Q1 2026,Employment,not_achieved,Self-Employed,Completed
BEN-000270,Tech,Q3 2025,Employment,active,Self-Employed,Completed
BEN-000293,Tech,Q3 2025,Employment,active,Unemployed,Completed
BEN-000296,Tech,Q2 2025,Employment,achieved,Employed,Completed
BEN-000311,Tech,Q4 2025,Education,not_achieved,Unemployed,Completed
BEN-000342,Tech,Q1 2026,Entrepreneurship,active,Unemployed,Completed
BEN-000365,Tech,Q4 2025,Employment,active,Unemployed,Completed
BEN-000386,Tech,Q4 2025,Community Impact,active,Unemployed,Completed
BEN-000387,Tech,Q1 2026,Education,achieved,In Training,Completed
BEN-000401,Tech,Q4 2025,Employment,not_achieved,Unemployed,Completed
BEN-000437,Tech,Q4 2025,Entrepreneurship,not_achieved,Self-Employed,Completed
BEN-000469,Tech,Q1 2025,Education,achieved,In Training,Completed
BEN-000486,Tech,Q1 2025,Entrepreneurship,achieved,Self-Employed,Completed
BEN-000492,Tech,Q4 2025,Education,achieved,In Training,Completed
BEN-000500,Tech,Q2 2025,Employment,active,Unemployed,Completed
BEN-000551,Tech,Q1 2026,Community Impact,achieved,Employed,Completed
BEN-000557,Tech,Q1 2026,Education,active,Unemployed,Completed
BEN-000564,Tech,Q1 2026,Employment,achieved,Employed,Completed
BEN-000589,Tech,Q4 2025,Employment,achieved,Employed,Completed
BEN-000593,Tech,Q2 2026,Community Impact,achieved,Employed,Completed
BEN-000606,Tech,Q2 2026,Employment,achieved,Employed,Completed
BEN-000624,Tech,Q1 2025,Education,active,Unemployed,Completed
BEN-000672,Tech,Q1 2026,Employment,achieved,Employed,Completed
BEN-000676,Tech,Q1 2026,Entrepreneurship,achieved,Self-Employed,Completed
BEN-000687,Tech,Q2 2026,Employment,achieved,Employed,Completed
BEN-000694,Tech,Q2 2026,Entrepreneurship,achieved,Self-Employed,Completed
BEN-000715,Tech,Q4 2025,Entrepreneurship,active,Employed,Completed
BEN-000731,Tech,Q3 2025,Entrepreneurship,achieved,Self-Employed,Completed
BEN-000734,Tech,Q4 2025,Employment,achieved,Employed,Completed
BEN-000740,Tech,Q3 2025,Education,achieved,In Training,Completed
BEN-000749,Tech,Q1 2025,Community Impact,active,Self-Employed,Completed
BEN-000770,Tech,Q4 2025,Education,active,Self-Employed,Completed
BEN-000771,Tech,Q1 2026,Employment,achieved,Employed,Completed
BEN-000791,Tech,Q3 2025,Employment,achieved,Employed,Completed
BEN-000792,Tech,Q1 2026,Entrepreneurship,active,Unemployed,Completed
BEN-000801,Tech,Q4 2025,Employment,not_achieved,Unemployed,Completed
BEN-000810,Tech,Q4 2025,Entrepreneurship,achieved,Self-Employed,Completed
BEN-000818,Tech,Q3 2025,Community Impact,active,Employed,Completed
BEN-000847,Tech,Q2 2025,Employment,not_achieved,Employed,Completed
BEN-000853,Tech,Q3 2025,Employment,achieved,Employed,Completed
BEN-000883,Tech,Q3 2025,Employment,achieved,Employed,Completed
BEN-000890,Tech,Q1 2026,Education,achieved,In Training,Completed
BEN-000892,Tech,Q4 2025,Entrepreneurship,active,Unemployed,Completed
BEN-000915,Tech,Q1 2026,Employment,achieved,Employed,Completed
BEN-000917,Tech,Q4 2025,Education,achieved,In Training,Completed
BEN-000920,Tech,Q1 2026,Employment,not_achieved,Unemployed,Completed
BEN-000952,Tech,Q1 2026,Employment,not_achieved,Employed,Completed
BEN-000970,Tech,Q1 2026,Education,achieved,In Training,Completed
BEN-000971,Tech,Q2 2025,Entrepreneurship,achieved,Self-Employed,Completed
BEN-000978,Tech,Q2 2025,Employment,achieved,Employed,Completed
BEN-000989,Tech,Q4 2025,Education,achieved,In Training,Completed
BEN-001005,Tech,Q3 2025,Education,achieved,In Training,Completed
BEN-001026,Tech,Q3 2025,Entrepreneurship,active,Unemployed,Completed
BEN-001034,Tech,Q4 2025,Community Impact,active,Unemployed,Completed
BEN-001047,Tech,Q3 2025,Education,active,Self-Employed,Completed
BEN-001061,Tech,Q1 2026,Employment,achieved,Employed,Completed
BEN-001067,Tech,Q4 2025,Education,achieved,Unemployed,Completed
BEN-001091,Tech,Q2 2026,Community Impact,achieved,Employed,Completed
BEN-001094,Tech,Q1 2025,Employment,achieved,Employed,Completed
BEN-001102,Tech,Q4 2025,Community Impact,achieved,Employed,Completed
BEN-001120,Tech,Q4 2025,Community Impact,achieved,Unemployed,Completed
BEN-001155,Tech,Q3 2025,Community Impact,achieved,Employed,Completed
BEN-001161,Tech,Q1 2025,Entrepreneurship,achieved,Self-Employed,Completed
BEN-001162,Tech,Q1 2025,Employment,active,Employed,Completed
BEN-001165,Tech,Q3 2025,Community Impact,achieved,Self-Employed,Completed
BEN-001206,Tech,Q1 2025,Employment,achieved,Employed,Completed
BEN-001207,Tech,Q1 2025,Employment,achieved,Employed,Completed
BEN-001223,Tech,Q1 2026,Community Impact,achieved,Employed,Completed
BEN-001240,Tech,Q2 2026,Employment,achieved,Employed,Completed
BEN-001248,Tech,Q2 2025,Employment,active,Unemployed,Completed
BEN-001264,Tech,Q2 2026,Employment,achieved,Employed,Completed
BEN-001266,Tech,Q2 2025,Employment,active,Employed,Completed
BEN-001271,Tech,Q1 2025,Education,active,Unemployed,Completed
BEN-001288,Tech,Q2 2026,Employment,achieved,Employed,Completed
BEN-001290,Tech,Q1 2025,Employment,achieved,Employed,Completed
BEN-001303,Tech,Q2 2025,Entrepreneurship,active,Self-Employed,Completed
BEN-001305,Tech,Q3 2025,Community Impact,active,Unemployed,Completed
BEN-001310,Tech,Q3 2025,Employment,achieved,Employed,Completed
BEN-001312,Tech,Q1 2025,Entrepreneurship,achieved,Self-Employed,Completed
BEN-001327,Tech,Q1 2025,Education,active,Employed,Completed
BEN-001335,Tech,Q1 2025,Community Impact,achieved,Unemployed,Completed
BEN-001347,Tech,Q1 2026,Employment,achieved,Employed,Completed
BEN-001355,Tech,Q3 2025,Education,active,Self-Employed,Completed
BEN-001360,Tech,Q3 2025,Entrepreneurship,achieved,Self-Employed,Completed
BEN-001361,Tech,Q4 2025,Employment,achieved,Employed,Completed
BEN-001364,Tech,Q1 2026,Education,achieved,In Training,Completed
BEN-001377,Tech,Q2 2026,Entrepreneurship,active,Employed,Completed
BEN-001387,Tech,Q3 2025,Employment,achieved,Employed,Completed
BEN-001400,Tech,Q4 2025,Education,not_achieved,Unemployed,Completed
BEN-001407,Tech,Q1 2025,Education,active,Unemployed,Completed
BEN-001422,Tech,Q3 2025,Education,achieved,In Training,Completed
BEN-001425,Tech,Q1 2026,Employment,achieved,Employed,Completed
BEN-001432,Tech,Q3 2025,Employment,active,Unemployed,Completed
BEN-001441,Tech,Q4 2025,Education,active,Employed,Completed
BEN-001450,Tech,Q3 2025,Entrepreneurship,achieved,Self-Employed,Completed
BEN-001481,Tech,Q3 2025,Community Impact,achieved,Self-Employed,Completed
BEN-001497,Tech,Q3 2025,Community Impact,active,Self-Employed,Completed
BEN-001510,Tech,Q2 2025,Entrepreneurship,achieved,Self-Employed,Completed
BEN-001519,Tech,Q2 2026,Community Impact,achieved,Employed,Completed
BEN-001535,Tech,Q4 2025,Education,achieved,In Training,Completed
BEN-001537,Tech,Q4 2025,Entrepreneurship,achieved,Self-Employed,Completed
BEN-001540,Tech,Q2 2025,Community Impact,achieved,Unemployed,Completed
BEN-001545,Tech,Q1 2025,Employment,achieved,Employed,Completed
BEN-001554,Tech,Q1 2025,Education,achieved,In Training,Completed
BEN-001560,Tech,Q3 2025,Education,achieved,Unemployed,Completed
BEN-001561,Tech,Q3 2025,Community Impact,achieved,Employed,Completed
BEN-001563,Tech,Q3 2025,Education,active,Unemployed,Completed
BEN-001576,Tech,Q3 2025,Entrepreneurship,achieved,Self-Employed,Completed
BEN-001577,Tech,Q1 2026,Community Impact,achieved,Employed,Completed
BEN-001610,Tech,Q1 2025,Education,active,Unemployed,Completed
BEN-001617,Tech,Q2 2026,Education,active,Self-Employed,Completed
BEN-001652,Tech,Q2 2026,Education,active,Unemployed,Completed
BEN-001664,Tech,Q1 2025,Entrepreneurship,achieved,Self-Employed,Completed
BEN-001685,Tech,Q2 2025,Community Impact,achieved,Unemployed,Completed
BEN-001687,Tech,Q2 2025,Education,achieved,In Training,Completed
BEN-001714,Tech,Q1 2026,Employment,achieved,Employed,Completed
BEN-001721,Tech,Q1 2026,Entrepreneurship,active,Employed,Completed
BEN-001729,Tech,Q3 2025,Employment,active,Employed,Completed
BEN-001738,Tech,Q1 2025,Employment,achieved,Employed,Completed
BEN-001761,Tech,Q2 2025,Education,achieved,Unemployed,Completed
BEN-001776,Tech,Q2 2025,Employment,achieved,Employed,Completed
BEN-001791,Tech,Q3 2025,Education,achieved,In Training,Completed
BEN-001803,Tech,Q1 2026,Employment,active,Unemployed,Completed
BEN-001804,Tech,Q2 2025,Education,active,Unemployed,Completed
BEN-001819,Tech,Q1 2025,Employment,active,Employed,Completed
BEN-001820,Tech,Q2 2026,Entrepreneurship,achieved,Self-Employed,Completed
BEN-001826,Tech,Q1 2026,Education,active,Self-Employed,Completed
BEN-001845,Tech,Q2 2025,Entrepreneurship,achieved,Self-Employed,Completed
BEN-001859,Tech,Q1 2026,Entrepreneurship,active,Self-Employed,Completed
BEN-001868,Tech,Q3 2025,Education,achieved,Unemployed,Completed
BEN-001878,Tech,Q3 2025,Education,active,Employed,Completed
BEN-001888,Tech,Q1 2026,Education,achieved,Unemployed,Completed
BEN-001897,Tech,Q1 2026,Community Impact,active,Self-Employed,Completed
BEN-001899,Tech,Q2 2025,Employment,achieved,Employed,Completed
BEN-001903,Tech,Q4 2025,Employment,achieved,Employed,Completed
BEN-001907,Tech,Q2 2026,Employment,active,Self-Employed,Completed
BEN-001909,Tech,Q1 2026,Employment,achieved,Employed,Completed
BEN-001912,Tech,Q1 2026,Community Impact,achieved,Self-Employed,Completed
BEN-001924,Tech,Q1 2026,Employment,achieved,Employed,Completed
BEN-001946,Tech,Q1 2026,Employment,active,Unemployed,Completed
BEN-001955,Tech,Q4 2025,Education,active,Employed,Completed
BEN-001977,Tech,Q3 2025,Employment,active,Unemployed,Completed
BEN-001984,Tech,Q4 2025,Education,achieved,Unemployed,Completed
BEN-001998,Tech,Q1 2026,Education,achieved,Unemployed,Completed
BEN-002011,Tech,Q4 2025,Education,achieved,In Training,Completed
BEN-002029,Tech,Q3 2025,Entrepreneurship,achieved,Self-Employed,Completed
BEN-002039,Tech,Q4 2025,Entrepreneurship,active,Unemployed,Completed
BEN-002043,Tech,Q2 2025,Entrepreneurship,not_achieved,Employed,Completed
BEN-002044,Tech,Q3 2025,Employment,achieved,Employed,Completed
BEN-002077,Tech,Q2 2026,Employment,achieved,Employed,Completed
BEN-002092,Tech,Q4 2025,Employment,achieved,Employed,Completed
BEN-002102,Tech,Q1 2026,Education,active,Unemployed,Completed
BEN-002103,Tech,Q1 2025,Entrepreneurship,achieved,Self-Employed,Completed
BEN-002104,Tech,Q1 2026,Employment,active,Self-Employed,Completed
BEN-002113,Tech,Q2 2025,Community Impact,achieved,Self-Employed,Completed
BEN-002114,Tech,Q3 2025,Employment,achieved,Employed,Completed
BEN-002116,Tech,Q4 2025,Community Impact,active,Employed,Completed
BEN-002119,Tech,Q2 2026,Community Impact,active,Self-Employed,Completed
BEN-002120,Tech,Q1 2026,Employment,active,Self-Employed,Completed
BEN-002142,Tech,Q2 2026,Education,achieved,Unemployed,Completed
BEN-002145,Tech,Q1 2026,Entrepreneurship,active,Employed,Completed
BEN-002175,Tech,Q2 2025,Community Impact,achieved,Employed,Completed
BEN-002181,Tech,Q1 2025,Community Impact,achieved,Self-Employed,Completed
BEN-002185,Tech,Q2 2026,Employment,achieved,Employed,Completed
BEN-002225,Tech,Q3 2025,Employment,achieved,Employed,Completed
BEN-002228,Tech,Q4 2025,Employment,achieved,Employed,Completed
BEN-002233,Tech,Q4 2025,Entrepreneurship,active,Unemployed,Completed
BEN-002234,Tech,Q1 2026,Education,achieved,In Training,Completed
BEN-002245,Tech,Q2 2026,Community Impact,achieved,Self-Employed,Completed
BEN-002264,Tech,Q1 2026,Employment,active,Unemployed,Completed
BEN-002271,Tech,Q4 2025,Employment,not_achieved,Unemployed,Completed
BEN-002279,Tech,Q1 2025,Entrepreneurship,active,Unemployed,Completed
BEN-002281,Tech,Q3 2025,Community Impact,active,Self-Employed,Completed
BEN-002283,Tech,Q3 2025,Entrepreneurship,active,Unemployed,Completed
BEN-002295,Tech,Q3 2025,Entrepreneurship,active,Employed,Completed
BEN-002297,Tech,Q1 2026,Education,achieved,In Training,Completed
BEN-002304,Tech,Q3 2025,Community Impact,achieved,Unemployed,Completed
BEN-002317,Tech,Q1 2026,Education,achieved,In Training,Completed
BEN-002329,Tech,Q3 2025,Community Impact,achieved,Employed,Completed
BEN-002339,Tech,Q2 2025,Employment,achieved,Employed,Completed
BEN-002346,Tech,Q3 2025,Community Impact,not_achieved,Employed,Completed
BEN-002350,Tech,Q2 2026,Entrepreneurship,achieved,Self-Employed,Completed
BEN-002421,Tech,Q4 2025,Education,achieved,In Training,Completed
BEN-002423,Tech,Q2 2026,Education,achieved,In Training,Completed
BEN-002427,Tech,Q2 2026,Community Impact,active,Self-Employed,Completed
BEN-002436,Tech,Q2 2025,Community Impact,active,Unemployed,Completed
BEN-002454,Tech,Q2 2025,Education,active,Employed,Completed
BEN-002467,Tech,Q2 2026,Employment,achieved,Employed,Completed
BEN-002477,Tech,Q3 2025,Education,active,Unemployed,Completed
BEN-002492,Tech,Q4 2025,Education,achieved,Unemployed,Completed
BEN-002516,Tech,Q1 2026,Entrepreneurship,achieved,Self-Employed,Completed
BEN-002526,Tech,Q1 2026,Community Impact,active,Employed,Completed
BEN-002547,Tech,Q2 2026,Employment,achieved,Employed,Completed
BEN-002554,Tech,Q2 2026,Employment,active,Employed,Completed
BEN-002593,Tech,Q4 2025,Employment,achieved,Employed,Completed
BEN-002612,Tech,Q1 2026,Employment,active,Employed,Completed
BEN-002620,Tech,Q4 2025,Education,not_achieved,Self-Employed,Completed
BEN-002621,Tech,Q2 2025,Community Impact,achieved,Unemployed,Completed
BEN-002645,Tech,Q3 2025,Education,achieved,Unemployed,Completed
BEN-002650,Tech,Q4 2025,Community Impact,achieved,Unemployed,Completed
BEN-002658,Tech,Q2 2025,Community Impact,not_achieved,Unemployed,Completed
BEN-002665,Tech,Q1 2026,Community Impact,achieved,Employed,Completed
BEN-002672,Tech,Q1 2025,Community Impact,active,Unemployed,Completed
BEN-002679,Tech,Q2 2025,Education,active,Employed,Completed
BEN-002694,Tech,Q3 2025,Employment,achieved,Employed,Completed
BEN-002738,Tech,Q3 2025,Education,achieved,In Training,Completed
BEN-002750,Tech,Q2 2025,Employment,achieved,Employed,Completed
BEN-002752,Tech,Q4 2025,Education,active,Unemployed,Completed
BEN-002759,Tech,Q4 2025,Education,active,Unemployed,Completed
BEN-002788,Tech,Q2 2026,Community Impact,achieved,Unemployed,Completed
BEN-002805,Tech,Q2 2025,Education,achieved,In Training,Completed
BEN-002809,Tech,Q4 2025,Community Impact,achieved,Unemployed,Completed
BEN-002819,Tech,Q3 2025,Education,achieved,In Training,Completed
BEN-002823,Tech,Q1 2026,Entrepreneurship,achieved,Self-Employed,Completed
BEN-002837,Tech,Q1 2026,Employment,achieved,Employed,Completed
BEN-002854,Tech,Q2 2025,Education,achieved,Unemployed,Completed
BEN-002857,Tech,Q1 2026,Employment,active,Self-Employed,Completed
BEN-002861,Tech,Q4 2025,Entrepreneurship,achieved,Self-Employed,Completed
BEN-002887,Tech,Q2 2025,Entrepreneurship,active,Unemployed,Completed
BEN-002894,Tech,Q4 2025,Community Impact,not_achieved,Employed,Completed
BEN-002902,Tech,Q3 2025,Employment,active,Employed,Completed
BEN-002904,Tech,Q2 2025,Employment,achieved,Employed,Completed
BEN-002929,Tech,Q1 2026,Employment,active,Unemployed,Completed
BEN-002942,Tech,Q4 2025,Employment,achieved,Employed,Completed
BEN-002952,Tech,Q3 2025,Employment,achieved,Employed,Completed
BEN-002953,Tech,Q1 2025,Community Impact,active,Unemployed,Completed
BEN-002959,Tech,Q3 2025,Entrepreneurship,achieved,Self-Employed,Completed
BEN-002978,Tech,Q1 2026,Entrepreneurship,active,Self-Employed,Completed
BEN-002983,Tech,Q3 2025,Community Impact,achieved,Self-Employed,Completed
BEN-002986,Tech,Q2 2026,Employment,active,Self-Employed,Completed
BEN-002998,Tech,Q4 2025,Community Impact,active,Employed,Completed
BEN-003023,Tech,Q4 2025,Community Impact,achieved,Self-Employed,Completed
BEN-003037,Tech,Q1 2026,Education,achieved,Unemployed,Completed
BEN-003043,Tech,Q2 2025,Education,not_achieved,Self-Employed,Completed
BEN-003045,Tech,Q3 2025,Education,active,Unemployed,Completed
BEN-003052,Tech,Q1 2026,Entrepreneurship,achieved,Self-Employed,Completed
BEN-003070,Tech,Q3 2025,Entrepreneurship,achieved,Self-Employed,Completed
BEN-003078,Tech,Q4 2025,Employment,not_achieved,Self-Employed,Completed
BEN-003097,Tech,Q4 2025,Entrepreneurship,achieved,Self-Employed,Completed
BEN-003100,Tech,Q2 2026,Education,active,Unemployed,Completed
BEN-003112,Tech,Q1 2026,Community Impact,not_achieved,Unemployed,Completed
BEN-003116,Tech,Q4 2025,Employment,achieved,Employed,Completed
BEN-003121,Tech,Q1 2026,Employment,achieved,Employed,Completed
BEN-003124,Tech,Q3 2025,Education,achieved,Unemployed,Completed
BEN-003137,Tech,Q1 2026,Employment,achieved,Employed,Completed
BEN-003142,Tech,Q1 2026,Employment,active,Unemployed,Completed
BEN-003149,Tech,Q4 2025,Entrepreneurship,achieved,Self-Employed,Completed
BEN-003165,Tech,Q4 2025,Employment,active,Unemployed,Completed
BEN-003169,Tech,Q4 2025,Education,achieved,Unemployed,Completed
BEN-003170,Tech,Q4 2025,Employment,active,Employed,Completed
BEN-003188,Tech,Q2 2025,Employment,active,Employed,Completed
BEN-003200,Tech,Q3 2025,Community Impact,achieved,Unemployed,Completed
BEN-003222,Tech,Q1 2025,Entrepreneurship,not_achieved,Unemployed,Completed
BEN-003236,Tech,Q4 2025,Entrepreneurship,achieved,Self-Employed,Completed
BEN-003251,Tech,Q4 2025,Education,achieved,In Training,Completed
BEN-003286,Tech,Q4 2025,Education,achieved,Unemployed,Completed
BEN-003300,Tech,Q2 2025,Employment,active,Self-Employed,Completed
BEN-003302,Tech,Q3 2025,Employment,achieved,Employed,Completed
BEN-003321,Tech,Q4 2025,Entrepreneurship,active,Unemployed,Completed
BEN-003327,Tech,Q4 2025,Community Impact,not_achieved,Employed,Completed
BEN-003336,Tech,Q1 2026,Employment,achieved,Employed,Completed
BEN-003337,Tech,Q4 2025,Community Impact,achieved,Employed,Completed
BEN-003353,Tech,Q2 2026,Community Impact,achieved,Unemployed,Completed
BEN-003365,Tech,Q4 2025,Education,active,Unemployed,Completed
BEN-003382,Tech,Q3 2025,Employment,active,Unemployed,Completed
BEN-003388,Tech,Q1 2026,Education,achieved,Unemployed,Completed
BEN-003398,Tech,Q1 2025,Employment,achieved,Employed,Completed
BEN-003414,Tech,Q2 2026,Entrepreneurship,achieved,Self-Employed,Completed
BEN-003429,Tech,Q2 2025,Entrepreneurship,not_achieved,Unemployed,Completed
BEN-003430,Tech,Q4 2025,Employment,active,Employed,Completed
BEN-003433,Tech,Q2 2026,Education,active,Self-Employed,Completed
BEN-003438,Tech,Q1 2026,Employment,active,Self-Employed,Completed
BEN-003442,Tech,Q4 2025,Education,active,Self-Employed,Completed
BEN-003446,Tech,Q1 2026,Education,achieved,Unemployed,Completed
BEN-003460,Tech,Q1 2026,Entrepreneurship,achieved,Self-Employed,Completed
BEN-003507,Tech,Q1 2026,Education,active,Self-Employed,Completed
BEN-003511,Tech,Q4 2025,Employment,achieved,Employed,Completed
BEN-003512,Tech,Q2 2025,Community Impact,active,Unemployed,Completed
BEN-003553,Tech,Q2 2025,Entrepreneurship,achieved,Self-Employed,Completed
BEN-003554,Tech,Q1 2026,Community Impact,not_achieved,Self-Employed,Completed
BEN-003556,Tech,Q2 2026,Community Impact,achieved,Employed,Completed
BEN-003564,Tech,Q1 2026,Entrepreneurship,active,Self-Employed,Completed
BEN-003570,Tech,Q3 2025,Employment,achieved,Employed,Completed
BEN-003575,Tech,Q2 2026,Education,achieved,Unemployed,Completed
BEN-003581,Tech,Q1 2026,Entrepreneurship,achieved,Self-Employed,Completed
BEN-003603,Tech,Q2 2025,Entrepreneurship,achieved,Self-Employed,Completed
BEN-003608,Tech,Q2 2025,Community Impact,achieved,Employed,Completed
BEN-003610,Tech,Q2 2025,Employment,active,Unemployed,Completed
BEN-003611,Tech,Q2 2026,Employment,active,Unemployed,Completed
BEN-003616,Tech,Q1 2026,Education,achieved,Unemployed,Completed
BEN-003623,Tech,Q1 2026,Entrepreneurship,active,Unemployed,Completed
BEN-003637,Tech,Q2 2025,Community Impact,achieved,Unemployed,Completed
BEN-003672,Tech,Q3 2025,Education,active,Self-Employed,Completed
BEN-003686,Tech,Q4 2025,Education,achieved,Unemployed,Completed
BEN-003703,Tech,Q1 2025,Employment,achieved,Employed,Completed
BEN-003706,Tech,Q2 2025,Education,achieved,Unemployed,Completed
BEN-003738,Tech,Q2 2025,Community Impact,active,Unemployed,Completed
BEN-003759,Tech,Q2 2026,Education,achieved,In Training,Completed
BEN-003763,Tech,Q3 2025,Employment,achieved,Employed,Completed
BEN-003772,Tech,Q2 2026,Employment,not_achieved,Unemployed,Completed
BEN-003776,Tech,Q1 2026,Community Impact,achieved,Self-Employed,Completed
BEN-003779,Tech,Q1 2026,Employment,active,Unemployed,Completed
BEN-003788,Tech,Q2 2025,Education,achieved,In Training,Completed
BEN-003796,Tech,Q3 2025,Education,achieved,Unemployed,Completed
BEN-003816,Tech,Q2 2025,Entrepreneurship,not_achieved,Employed,Completed
BEN-003823,Tech,Q4 2025,Education,achieved,In Training,Completed
BEN-003825,Tech,Q1 2026,Education,achieved,In Training,Completed
BEN-003838,Tech,Q3 2025,Education,achieved,Unemployed,Completed
BEN-003840,Tech,Q2 2026,Employment,active,Employed,Completed
BEN-003847,Tech,Q3 2025,Employment,achieved,Employed,Completed
BEN-003853,Tech,Q4 2025,Community Impact,achieved,Employed,Completed
BEN-003857,Tech,Q2 2026,Community Impact,achieved,Self-Employed,Completed
BEN-003869,Tech,Q1 2026,Community Impact,achieved,Self-Employed,Completed
BEN-003897,Tech,Q1 2026,Entrepreneurship,achieved,Self-Employed,Completed
BEN-003899,Tech,Q3 2025,Community Impact,achieved,Unemployed,Completed
BEN-003907,Tech,Q1 2026,Education,achieved,In Training,Completed
BEN-003925,Tech,Q2 2026,Community Impact,active,Self-Employed,Completed
BEN-003935,Tech,Q1 2026,Entrepreneurship,achieved,Self-Employed,Completed
BEN-003957,Tech,Q4 2025,Employment,not_achieved,Unemployed,Completed
BEN-003964,Tech,Q1 2026,Community Impact,achieved,Self-Employed,Completed
BEN-004008,Tech,Q2 2025,Entrepreneurship,active,Employed,Completed
BEN-004011,Tech,Q1 2026,Education,achieved,Unemployed,Completed
BEN-004034,Tech,Q4 2025,Community Impact,achieved,Unemployed,Completed
BEN-004035,Tech,Q4 2025,Education,active,Self-Employed,Completed
BEN-004050,Tech,Q4 2025,Employment,active,Self-Employed,Completed
BEN-004054,Tech,Q4 2025,Entrepreneurship,active,Unemployed,Completed
BEN-004056,Tech,Q1 2026,Employment,active,Unemployed,Completed
BEN-004058,Tech,Q3 2025,Entrepreneurship,achieved,Self-Employed,Completed
BEN-004069,Tech,Q4 2025,Education,achieved,Unemployed,Completed
BEN-004073,Tech,Q3 2025,Community Impact,achieved,Employed,Completed
BEN-004075,Tech,Q3 2025,Entrepreneurship,achieved,Self-Employed,Completed
BEN-004078,Tech,Q3 2025,Entrepreneurship,achieved,Self-Employed,Completed
BEN-004117,Tech,Q1 2026,Education,achieved,Unemployed,Completed
BEN-004121,Tech,Q1 2026,Education,active,Self-Employed,Completed
BEN-004127,Tech,Q3 2025,Employment,not_achieved,Employed,Completed
BEN-004145,Tech,Q2 2025,Community Impact,active,Employed,Completed
BEN-004147,Tech,Q2 2025,Employment,achieved,Employed,Completed
BEN-004150,Tech,Q4 2025,Community Impact,active,Self-Employed,Completed
BEN-004169,Tech,Q2 2026,Employment,active,Unemployed,Completed
BEN-004175,Tech,Q1 2026,Employment,achieved,Employed,Completed
BEN-004180,Tech,Q2 2025,Education,achieved,Unemployed,Completed
BEN-004189,Tech,Q1 2025,Entrepreneurship,achieved,Self-Employed,Completed
BEN-004197,Tech,Q1 2026,Community Impact,achieved,Self-Employed,Completed
BEN-004215,Tech,Q4 2025,Entrepreneurship,active,Unemployed,Completed
BEN-004244,Tech,Q1 2026,Community Impact,active,Employed,Completed
BEN-004257,Tech,Q3 2025,Employment,not_achieved,Unemployed,Completed
BEN-004260,Tech,Q2 2025,Community Impact,not_achieved,Unemployed,Completed
BEN-004275,Tech,Q3 2025,Entrepreneurship,achieved,Self-Employed,Completed
BEN-004335,Tech,Q1 2026,Employment,achieved,Employed,Completed
BEN-004338,Tech,Q1 2025,Education,achieved,Unemployed,Completed
BEN-004342,Tech,Q2 2025,Education,achieved,Unemployed,Completed
BEN-004353,Tech,Q1 2025,Education,achieved,In Training,Completed
BEN-004397,Tech,Q4 2025,Employment,active,Unemployed,Completed
BEN-004402,Tech,Q4 2025,Education,achieved,Unemployed,Completed
BEN-004408,Tech,Q4 2025,Employment,achieved,Employed,Completed
BEN-004413,Tech,Q4 2025,Employment,achieved,Employed,Completed
BEN-004423,Tech,Q1 2026,Community Impact,not_achieved,Employed,Completed
BEN-004444,Tech,Q4 2025,Education,achieved,In Training,Completed
BEN-004448,Tech,Q4 2025,Employment,not_achieved,Unemployed,Completed
BEN-004450,Tech,Q1 2025,Employment,achieved,Employed,Completed
BEN-004467,Tech,Q3 2025,Employment,not_achieved,Unemployed,Completed
BEN-004505,Tech,Q4 2025,Education,achieved,In Training,Completed
BEN-004511,Tech,Q2 2025,Entrepreneurship,achieved,Self-Employed,Completed
BEN-004513,Tech,Q2 2026,Education,active,Employed,Completed
BEN-004532,Tech,Q2 2025,Community Impact,achieved,Employed,Completed
BEN-004536,Tech,Q2 2026,Employment,achieved,Employed,Completed
BEN-004539,Tech,Q3 2025,Entrepreneurship,not_achieved,Unemployed,Completed
BEN-004549,Tech,Q2 2026,Community Impact,not_achieved,Unemployed,Completed
BEN-004550,Tech,Q2 2025,Entrepreneurship,not_achieved,Unemployed,Completed
BEN-004567,Tech,Q2 2025,Employment,active,Unemployed,Completed
BEN-004612,Tech,Q3 2025,Entrepreneurship,achieved,Self-Employed,Completed
BEN-004615,Tech,Q2 2025,Employment,active,Unemployed,Completed
BEN-004620,Tech,Q3 2025,Education,achieved,In Training,Completed
BEN-004624,Tech,Q1 2025,Education,active,Unemployed,Completed
BEN-004625,Tech,Q1 2025,Employment,achieved,Employed,Completed
BEN-004638,Tech,Q2 2025,Employment,achieved,Employed,Completed
BEN-004640,Tech,Q2 2026,Employment,achieved,Employed,Completed
BEN-004719,Tech,Q3 2025,Employment,active,Unemployed,Completed
BEN-004751,Tech,Q4 2025,Entrepreneurship,achieved,Self-Employed,Completed
BEN-004769,Tech,Q3 2025,Employment,achieved,Employed,Completed
BEN-004771,Tech,Q1 2026,Entrepreneurship,achieved,Self-Employed,Completed
BEN-004774,Tech,Q3 2025,Entrepreneurship,achieved,Self-Employed,Completed
BEN-004790,Tech,Q4 2025,Employment,active,Self-Employed,Completed
BEN-004795,Tech,Q1 2026,Employment,achieved,Employed,Completed
BEN-004799,Tech,Q1 2026,Employment,achieved,Employed,Completed
BEN-004809,Tech,Q2 2025,Employment,active,Unemployed,Completed
BEN-004835,Tech,Q3 2025,Employment,active,Unemployed,Completed
BEN-004845,Tech,Q4 2025,Employment,achieved,Employed,Completed
BEN-004864,Tech,Q2 2025,Employment,achieved,Employed,Completed
BEN-004868,Tech,Q3 2025,Education,active,Unemployed,Completed
BEN-004880,Tech,Q1 2026,Employment,achieved,Employed,Completed
BEN-004902,Tech,Q4 2025,Community Impact,achieved,Self-Employed,Completed
BEN-004937,Tech,Q2 2025,Education,not_achieved,Self-Employed,Completed
BEN-004957,Tech,Q4 2025,Community Impact,achieved,Self-Employed,Completed
BEN-004988,Tech,Q1 2025,Community Impact,achieved,Unemployed,Completed
BEN-004995,Tech,Q2 2026,Community Impact,achieved,Unemployed,Completed
BEN-005003,Tech,Q4 2025,Entrepreneurship,active,Unemployed,Completed
BEN-005015,Tech,Q3 2025,Entrepreneurship,achieved,Self-Employed,Completed
BEN-005036,Tech,Q3 2025,Employment,achieved,Employed,Completed
BEN-005069,Tech,Q2 2026,Education,not_achieved,Self-Employed,Completed
BEN-005071,Tech,Q2 2025,Education,achieved,In Training,Completed
BEN-005092,Tech,Q4 2025,Education,not_achieved,Self-Employed,Completed
BEN-005099,Tech,Q2 2025,Entrepreneurship,achieved,Self-Employed,Completed
BEN-005119,Tech,Q1 2025,Education,achieved,In Training,Completed
BEN-005144,Tech,Q1 2026,Employment,achieved,Employed,Completed
BEN-005149,Tech,Q3 2025,Community Impact,achieved,Employed,Completed
BEN-005157,Tech,Q4 2025,Employment,achieved,Employed,Completed
BEN-005186,Tech,Q2 2025,Community Impact,active,Self-Employed,Completed
BEN-005204,Tech,Q3 2025,Employment,active,Unemployed,Completed
BEN-005209,Tech,Q4 2025,Employment,achieved,Employed,Completed
BEN-005211,Tech,Q1 2026,Community Impact,active,Employed,Completed
BEN-005228,Tech,Q1 2026,Entrepreneurship,achieved,Self-Employed,Completed
BEN-005229,Tech,Q2 2025,Education,active,Unemployed,Completed
BEN-005248,Tech,Q4 2025,Employment,not_achieved,Self-Employed,Completed
BEN-005250,Tech,Q2 2025,Education,not_achieved,Unemployed,Completed
BEN-005254,Tech,Q2 2026,Employment,achieved,Employed,Completed
BEN-005255,Tech,Q1 2026,Community Impact,not_achieved,Unemployed,Completed
BEN-005268,Tech,Q1 2026,Entrepreneurship,achieved,Self-Employed,Completed
BEN-005288,Tech,Q1 2026,Education,achieved,In Training,Completed
BEN-005290,Tech,Q2 2026,Education,achieved,Unemployed,Completed
BEN-005310,Tech,Q3 2025,Education,achieved,In Training,Completed
BEN-005323,Tech,Q4 2025,Employment,achieved,Employed,Completed
BEN-005324,Tech,Q4 2025,Education,not_achieved,Unemployed,Completed
BEN-005343,Tech,Q2 2025,Entrepreneurship,active,Unemployed,Completed
BEN-005350,Tech,Q4 2025,Community Impact,active,Unemployed,Completed
BEN-005376,Tech,Q1 2026,Education,not_achieved,Unemployed,Completed
BEN-005391,Tech,Q4 2025,Employment,active,Unemployed,Completed
BEN-005395,Tech,Q1 2025,Education,active,Unemployed,Completed
BEN-005411,Tech,Q1 2025,Community Impact,not_achieved,Unemployed,Completed
BEN-005413,Tech,Q1 2025,Community Impact,active,Employed,Completed
BEN-005426,Tech,Q4 2025,Employment,active,Employed,Completed
BEN-005429,Tech,Q4 2025,Employment,active,Employed,Completed
BEN-005444,Tech,Q1 2026,Entrepreneurship,achieved,Self-Employed,Completed
BEN-005472,Tech,Q1 2026,Education,active,Unemployed,Completed
BEN-005523,Tech,Q1 2026,Education,active,Unemployed,Completed
BEN-005529,Tech,Q1 2026,Education,active,Unemployed,Completed
BEN-005537,Tech,Q2 2026,Employment,active,Unemployed,Completed
BEN-005540,Tech,Q1 2026,Education,achieved,Unemployed,Completed
BEN-005559,Tech,Q3 2025,Community Impact,achieved,Self-Employed,Completed
BEN-005560,Tech,Q3 2025,Community Impact,achieved,Employed,Completed
BEN-005567,Tech,Q1 2026,Education,achieved,In Training,Completed
BEN-005589,Tech,Q1 2025,Education,achieved,Unemployed,Completed
BEN-005600,Tech,Q2 2026,Employment,active,Unemployed,Completed
BEN-005609,Tech,Q4 2025,Employment,achieved,Employed,Completed
BEN-005611,Tech,Q3 2025,Employment,active,Unemployed,Completed
BEN-005623,Tech,Q3 2025,Employment,achieved,Employed,Completed
BEN-005628,Tech,Q1 2026,Entrepreneurship,active,Employed,Completed
BEN-005643,Tech,Q3 2025,Education,achieved,In Training,Completed
BEN-005650,Tech,Q2 2025,Education,not_achieved,Self-Employed,Completed
BEN-005653,Tech,Q4 2025,Education,achieved,Unemployed,Completed
BEN-005663,Tech,Q2 2025,Education,active,Unemployed,Completed
BEN-005681,Tech,Q4 2025,Community Impact,achieved,Unemployed,Completed
BEN-005728,Tech,Q4 2025,Employment,achieved,Employed,Completed
BEN-005734,Tech,Q2 2026,Employment,active,Unemployed,Completed
BEN-005737,Tech,Q4 2025,Entrepreneurship,active,Unemployed,Completed
BEN-005753,Tech,Q1 2025,Employment,active,Employed,Completed
BEN-005757,Tech,Q3 2025,Education,active,Self-Employed,Completed
BEN-005758,Tech,Q1 2026,Entrepreneurship,achieved,Self-Employed,Completed
BEN-005764,Tech,Q1 2026,Employment,active,Employed,Completed
BEN-005774,Tech,Q4 2025,Education,achieved,Unemployed,Completed
BEN-005791,Tech,Q2 2026,Employment,active,Employed,Completed
BEN-005805,Tech,Q4 2025,Entrepreneurship,achieved,Self-Employed,Completed
BEN-005810,Tech,Q2 2026,Employment,achieved,Employed,Completed
BEN-005811,Tech,Q1 2026,Community Impact,achieved,Self-Employed,Completed
BEN-005831,Tech,Q2 2025,Employment,active,Employed,Completed
BEN-005837,Tech,Q2 2026,Employment,active,Self-Employed,Completed
BEN-005846,Tech,Q4 2025,Education,achieved,Unemployed,Completed
BEN-005860,Tech,Q2 2025,Education,active,Unemployed,Completed
BEN-005863,Tech,Q3 2025,Employment,achieved,Employed,Completed
BEN-005870,Tech,Q4 2025,Education,active,Self-Employed,Completed
BEN-005894,Tech,Q4 2025,Education,active,Unemployed,Completed
BEN-005899,Tech,Q3 2025,Entrepreneurship,active,Unemployed,Completed
BEN-005908,Tech,Q3 2025,Education,achieved,Unemployed,Completed
BEN-005912,Tech,Q1 2026,Education,active,Unemployed,Completed
BEN-005938,Tech,Q4 2025,Education,not_achieved,Self-Employed,Completed
BEN-005942,Tech,Q3 2025,Entrepreneurship,not_achieved,Unemployed,Completed
BEN-005963,Tech,Q4 2025,Employment,achieved,Employed,Completed
BEN-005965,Tech,Q1 2026,Entrepreneurship,active,Unemployed,Completed
BEN-005970,Tech,Q3 2025,Employment,achieved,Employed,Completed
BEN-006020,Tech,Q4 2025,Employment,active,Unemployed,Completed
BEN-006034,Tech,Q3 2025,Education,achieved,Unemployed,Completed
BEN-006051,Tech,Q1 2026,Community Impact,achieved,Unemployed,Completed
BEN-006057,Tech,Q4 2025,Education,achieved,Unemployed,Completed
BEN-006071,Tech,Q2 2026,Employment,achieved,Employed,Completed
BEN-006076,Tech,Q3 2025,Community Impact,achieved,Unemployed,Completed
BEN-006079,Tech,Q4 2025,Community Impact,not_achieved,Unemployed,Completed
BEN-006083,Tech,Q4 2025,Employment,not_achieved,Self-Employed,Completed
BEN-006089,Tech,Q2 2025,Community Impact,active,Employed,Completed
BEN-006090,Tech,Q4 2025,Education,active,Self-Employed,Completed
BEN-006097,Tech,Q2 2026,Entrepreneurship,achieved,Self-Employed,Completed
BEN-006111,Tech,Q2 2026,Employment,active,Unemployed,Completed
BEN-006112,Tech,Q2 2026,Education,achieved,Unemployed,Completed
BEN-006150,Tech,Q4 2025,Entrepreneurship,active,Unemployed,Completed
BEN-006159,Tech,Q4 2025,Community Impact,achieved,Employed,Completed
BEN-006169,Tech,Q2 2025,Education,achieved,Unemployed,Completed
BEN-006170,Tech,Q2 2026,Entrepreneurship,active,Employed,Completed
BEN-006188,Tech,Q3 2025,Employment,achieved,Employed,Completed
BEN-006219,Tech,Q1 2026,Entrepreneurship,active,Self-Employed,Completed
BEN-006227,Tech,Q1 2026,Employment,achieved,Employed,Completed
BEN-006236,Tech,Q4 2025,Education,not_achieved,Employed,Completed
BEN-006240,Tech,Q2 2025,Entrepreneurship,active,Employed,Completed
BEN-006242,Tech,Q1 2026,Entrepreneurship,active,Self-Employed,Completed
BEN-006243,Tech,Q4 2025,Employment,achieved,Employed,Completed
BEN-006255,Tech,Q3 2025,Employment,achieved,Employed,Completed
BEN-006266,Tech,Q4 2025,Employment,active,Self-Employed,Completed
BEN-006276,Tech,Q3 2025,Community Impact,active,Employed,Completed
BEN-006292,Tech,Q2 2025,Entrepreneurship,active,Employed,Completed
BEN-006337,Tech,Q1 2026,Community Impact,achieved,Self-Employed,Completed
BEN-006371,Tech,Q1 2026,Employment,not_achieved,Self-Employed,Completed
BEN-006386,Tech,Q2 2025,Entrepreneurship,active,Self-Employed,Completed
BEN-006387,Tech,Q4 2025,Education,active,Unemployed,Completed
BEN-006408,Tech,Q2 2025,Education,achieved,In Training,Completed
BEN-006415,Tech,Q1 2026,Employment,achieved,Employed,Completed
BEN-006426,Tech,Q4 2025,Education,achieved,Unemployed,Completed
BEN-006428,Tech,Q2 2026,Community Impact,achieved,Unemployed,Completed
BEN-006430,Tech,Q3 2025,Entrepreneurship,achieved,Self-Employed,Completed
BEN-006433,Tech,Q2 2026,Education,not_achieved,Self-Employed,Completed
BEN-006439,Tech,Q4 2025,Entrepreneurship,achieved,Self-Employed,Completed
BEN-006440,Tech,Q4 2025,Entrepreneurship,achieved,Self-Employed,Completed
BEN-006469,Tech,Q2 2025,Community Impact,active,Unemployed,Completed
BEN-006487,Tech,Q2 2025,Education,achieved,In Training,Completed
BEN-006497,Tech,Q1 2025,Employment,achieved,Employed,Completed
BEN-006510,Tech,Q1 2026,Entrepreneurship,active,Unemployed,Completed
BEN-006550,Tech,Q1 2026,Education,achieved,In Training,Completed
BEN-006552,Tech,Q2 2026,Entrepreneurship,achieved,Self-Employed,Completed
BEN-006587,Tech,Q1 2026,Community Impact,achieved,Self-Employed,Completed
BEN-006611,Tech,Q4 2025,Employment,active,Unemployed,Completed
BEN-006626,Tech,Q3 2025,Entrepreneurship,active,Unemployed,Completed
BEN-006628,Tech,Q2 2026,Education,achieved,In Training,Completed
BEN-006634,Tech,Q4 2025,Employment,achieved,Employed,Completed
BEN-006641,Tech,Q2 2025,Employment,achieved,Employed,Completed
BEN-006649,Tech,Q2 2025,Education,achieved,Unemployed,Completed
BEN-006659,Tech,Q4 2025,Entrepreneurship,achieved,Self-Employed,Completed
BEN-006663,Tech,Q2 2025,Education,achieved,Unemployed,Completed
BEN-006681,Tech,Q3 2025,Community Impact,active,Unemployed,Completed
BEN-006682,Tech,Q3 2025,Education,active,Unemployed,Completed
BEN-006708,Tech,Q4 2025,Employment,achieved,Employed,Completed
BEN-006717,Tech,Q4 2025,Community Impact,not_achieved,Unemployed,Completed
BEN-006722,Tech,Q2 2025,Employment,not_achieved,Unemployed,Completed
BEN-006773,Tech,Q1 2026,Employment,achieved,Employed,Completed
BEN-006776,Tech,Q4 2025,Community Impact,active,Unemployed,Completed
BEN-006781,Tech,Q3 2025,Employment,active,Unemployed,Completed
BEN-006782,Tech,Q2 2026,Community Impact,active,Self-Employed,Completed
BEN-006783,Tech,Q4 2025,Education,achieved,In Training,Completed
BEN-006826,Tech,Q4 2025,Employment,achieved,Employed,Completed
BEN-006829,Tech,Q4 2025,Community Impact,active,Unemployed,Completed
BEN-006844,Tech,Q4 2025,Employment,achieved,Employed,Completed
BEN-006864,Tech,Q2 2025,Employment,active,Employed,Completed
BEN-006871,Tech,Q3 2025,Employment,active,Unemployed,Completed
BEN-006887,Tech,Q2 2025,Community Impact,active,Employed,Completed
BEN-006897,Tech,Q2 2025,Employment,achieved,Employed,Completed
BEN-006898,Tech,Q4 2025,Community Impact,achieved,Employed,Completed
BEN-006903,Tech,Q4 2025,Community Impact,achieved,Self-Employed,Completed
BEN-006918,Tech,Q1 2025,Employment,active,Self-Employed,Completed
BEN-006934,Tech,Q3 2025,Employment,achieved,Employed,Completed
BEN-006943,Tech,Q3 2025,Community Impact,achieved,Unemployed,Completed
BEN-006978,Tech,Q2 2025,Education,achieved,In Training,Completed
BEN-006982,Tech,Q4 2025,Education,active,Employed,Completed
BEN-006994,Tech,Q1 2026,Employment,achieved,Employed,Completed
BEN-007009,Tech,Q4 2025,Community Impact,active,Unemployed,Completed
BEN-007023,Tech,Q1 2026,Employment,achieved,Employed,Completed
BEN-007024,Tech,Q2 2025,Education,achieved,In Training,Completed
BEN-007058,Tech,Q1 2026,Employment,not_achieved,Employed,Completed
BEN-007074,Tech,Q3 2025,Employment,achieved,Employed,Completed
BEN-007084,Tech,Q1 2025,Employment,achieved,Employed,Completed
BEN-007094,Tech,Q3 2025,Education,achieved,In Training,Completed
BEN-007108,Tech,Q4 2025,Entrepreneurship,achieved,Self-Employed,Completed
BEN-007147,Tech,Q2 2025,Entrepreneurship,achieved,Self-Employed,Completed
BEN-007193,Tech,Q2 2026,Entrepreneurship,active,Employed,Completed
BEN-007202,Tech,Q4 2025,Education,achieved,Unemployed,Completed
BEN-007207,Tech,Q3 2025,Entrepreneurship,not_achieved,Employed,Completed
BEN-007218,Tech,Q4 2025,Employment,active,Employed,Completed
BEN-007224,Tech,Q1 2025,Employment,achieved,Employed,Completed
BEN-007228,Tech,Q2 2025,Entrepreneurship,active,Unemployed,Completed
BEN-007234,Tech,Q3 2025,Entrepreneurship,achieved,Self-Employed,Completed
BEN-007247,Tech,Q1 2026,Entrepreneurship,achieved,Self-Employed,Completed
BEN-007248,Tech,Q4 2025,Entrepreneurship,achieved,Self-Employed,Completed
BEN-007250,Tech,Q3 2025,Education,achieved,In Training,Completed
BEN-007252,Tech,Q2 2025,Education,achieved,In Training,Completed
BEN-007253,Tech,Q1 2026,Education,achieved,Unemployed,Completed
BEN-007257,Tech,Q2 2026,Entrepreneurship,achieved,Self-Employed,Completed
BEN-007275,Tech,Q4 2025,Employment,achieved,Employed,Completed
BEN-007279,Tech,Q4 2025,Entrepreneurship,active,Employed,Completed
BEN-007280,Tech,Q4 2025,Entrepreneurship,not_achieved,Self-Employed,Completed
BEN-007302,Tech,Q2 2026,Employment,achieved,Employed,Completed
BEN-007305,Tech,Q3 2025,Entrepreneurship,achieved,Self-Employed,Completed
BEN-007320,Tech,Q3 2025,Education,achieved,In Training,Completed
BEN-007337,Tech,Q2 2026,Employment,achieved,Employed,Completed
BEN-007345,Tech,Q3 2025,Community Impact,active,Self-Employed,Completed
BEN-007364,Tech,Q2 2025,Education,achieved,In Training,Completed
BEN-007382,Tech,Q2 2026,Education,achieved,In Training,Completed
BEN-007384,Tech,Q1 2026,Community Impact,active,Self-Employed,Completed
BEN-007404,Tech,Q2 2025,Education,achieved,In Training,Completed
BEN-007410,Tech,Q2 2025,Employment,achieved,Employed,Completed
BEN-007413,Tech,Q3 2025,Employment,not_achieved,Unemployed,Completed
BEN-007437,Tech,Q1 2025,Community Impact,achieved,Employed,Completed
BEN-007443,Tech,Q4 2025,Employment,active,Unemployed,Completed
BEN-007491,Tech,Q3 2025,Community Impact,not_achieved,Unemployed,Completed
BEN-007496,Tech,Q3 2025,Community Impact,achieved,Unemployed,Completed
BEN-007516,Tech,Q2 2026,Entrepreneurship,achieved,Self-Employed,Completed
BEN-007525,Tech,Q1 2026,Community Impact,active,Self-Employed,Completed
BEN-007542,Tech,Q2 2025,Employment,achieved,Employed,Completed
BEN-007549,Tech,Q2 2025,Education,achieved,In Training,Completed
BEN-007563,Tech,Q1 2026,Community Impact,achieved,Self-Employed,Completed
BEN-007567,Tech,Q4 2025,Employment,achieved,Employed,Completed
BEN-007573,Tech,Q1 2026,Education,achieved,Unemployed,Completed
BEN-007580,Tech,Q4 2025,Entrepreneurship,achieved,Self-Employed,Completed
BEN-007598,Tech,Q3 2025,Education,achieved,Unemployed,Completed
BEN-007610,Tech,Q1 2026,Community Impact,active,Self-Employed,Completed
BEN-007614,Tech,Q2 2025,Community Impact,active,Unemployed,Completed
BEN-007615,Tech,Q4 2025,Employment,achieved,Employed,Completed
BEN-007620,Tech,Q2 2025,Entrepreneurship,achieved,Self-Employed,Completed
BEN-007621,Tech,Q1 2026,Employment,achieved,Employed,Completed
BEN-007631,Tech,Q2 2026,Entrepreneurship,not_achieved,Self-Employed,Completed
BEN-007659,Tech,Q2 2026,Entrepreneurship,active,Self-Employed,Completed
BEN-007683,Tech,Q3 2025,Employment,achieved,Employed,Completed
BEN-007686,Tech,Q4 2025,Entrepreneurship,active,Unemployed,Completed
BEN-007730,Tech,Q2 2026,Entrepreneurship,achieved,Self-Employed,Completed
BEN-007763,Tech,Q2 2026,Employment,achieved,Employed,Completed
BEN-007765,Tech,Q4 2025,Community Impact,achieved,Self-Employed,Completed
BEN-007771,Tech,Q1 2025,Entrepreneurship,achieved,Self-Employed,Completed
BEN-007787,Tech,Q3 2025,Community Impact,achieved,Employed,Completed
BEN-007821,Tech,Q1 2026,Employment,not_achieved,Self-Employed,Completed
BEN-007837,Tech,Q4 2025,Education,active,Self-Employed,Completed
BEN-007844,Tech,Q2 2025,Employment,not_achieved,Self-Employed,Completed
BEN-007871,Tech,Q1 2026,Education,achieved,Unemployed,Completed
BEN-007883,Tech,Q1 2026,Employment,achieved,Employed,Completed
BEN-007888,Tech,Q4 2025,Community Impact,achieved,Unemployed,Completed
BEN-007899,Tech,Q4 2025,Employment,active,Unemployed,Completed
BEN-007907,Tech,Q1 2026,Employment,achieved,Employed,Completed
BEN-007928,Tech,Q1 2026,Entrepreneurship,achieved,Self-Employed,Completed
BEN-007933,Tech,Q2 2025,Employment,achieved,Employed,Completed
BEN-007950,Tech,Q1 2025,Employment,achieved,Employed,Completed
BEN-007963,Tech,Q2 2025,Education,not_achieved,Self-Employed,Completed
BEN-007964,Tech,Q1 2026,Employment,active,Unemployed,Completed
BEN-007972,Tech,Q2 2025,Entrepreneurship,active,Unemployed,Completed
BEN-007990,Tech,Q2 2025,Employment,active,Unemployed,Completed
BEN-007991,Tech,Q2 2025,Employment,achieved,Employed,Completed
BEN-008003,Tech,Q1 2026,Education,achieved,In Training,Completed
BEN-008011,Tech,Q2 2025,Education,achieved,Unemployed,Completed
BEN-008015,Tech,Q4 2025,Employment,achieved,Employed,Completed
BEN-008026,Tech,Q1 2026,Employment,achieved,Employed,Completed
BEN-008035,Tech,Q4 2025,Entrepreneurship,achieved,Self-Employed,Completed
BEN-008052,Tech,Q1 2026,Entrepreneurship,active,Unemployed,Completed
BEN-008072,Tech,Q2 2025,Education,active,Unemployed,Completed
BEN-008079,Tech,Q4 2025,Community Impact,achieved,Employed,Completed
BEN-008096,Tech,Q1 2026,Entrepreneurship,not_achieved,Self-Employed,Completed
BEN-008099,Tech,Q1 2026,Community Impact,achieved,Unemployed,Completed
BEN-008103,Tech,Q2 2025,Education,achieved,In Training,Completed
BEN-008122,Tech,Q1 2026,Entrepreneurship,active,Self-Employed,Completed
BEN-008126,Tech,Q1 2026,Employment,achieved,Employed,Completed
BEN-008127,Tech,Q1 2025,Employment,active,Unemployed,Completed
BEN-008145,Tech,Q3 2025,Employment,achieved,Employed,Completed
BEN-008230,Tech,Q4 2025,Community Impact,achieved,Employed,Completed
BEN-008233,Tech,Q3 2025,Education,achieved,Unemployed,Completed
BEN-008247,Tech,Q2 2026,Education,not_achieved,Unemployed,Completed
BEN-008251,Tech,Q4 2025,Entrepreneurship,achieved,Self-Employed,Completed
BEN-008268,Tech,Q4 2025,Entrepreneurship,active,Employed,Completed
BEN-008276,Tech,Q1 2026,Community Impact,achieved,Self-Employed,Completed
BEN-008279,Tech,Q3 2025,Education,active,Self-Employed,Completed
BEN-008285,Tech,Q4 2025,Entrepreneurship,achieved,Self-Employed,Completed
BEN-008289,Tech,Q2 2025,Employment,not_achieved,Unemployed,Completed
BEN-008291,Tech,Q3 2025,Employment,achieved,Employed,Completed
BEN-008292,Tech,Q1 2026,Entrepreneurship,achieved,Self-Employed,Completed
BEN-008304,Tech,Q1 2026,Education,achieved,Unemployed,Completed
BEN-008307,Tech,Q3 2025,Employment,active,Unemployed,Completed
BEN-008313,Tech,Q3 2025,Community Impact,active,Unemployed,Completed
BEN-008315,Tech,Q1 2026,Education,active,Employed,Completed
BEN-008325,Tech,Q1 2025,Entrepreneurship,achieved,Self-Employed,Completed
BEN-008366,Tech,Q4 2025,Entrepreneurship,active,Unemployed,Completed
BEN-008371,Tech,Q4 2025,Education,achieved,Unemployed,Completed
BEN-008377,Tech,Q4 2025,Community Impact,active,Self-Employed,Completed
BEN-008386,Tech,Q3 2025,Education,achieved,In Training,Completed
BEN-008395,Tech,Q3 2025,Community Impact,achieved,Employed,Completed
BEN-008399,Tech,Q2 2025,Education,achieved,In Training,Completed
BEN-008407,Tech,Q2 2025,Education,active,Self-Employed,Completed
BEN-008411,Tech,Q4 2025,Employment,active,Self-Employed,Completed
BEN-008414,Tech,Q1 2026,Employment,active,Self-Employed,Completed
BEN-008415,Tech,Q2 2025,Community Impact,achieved,Employed,Completed
BEN-008420,Tech,Q1 2026,Entrepreneurship,not_achieved,Unemployed,Completed
BEN-008433,Tech,Q1 2026,Employment,achieved,Employed,Completed
BEN-008436,Tech,Q1 2025,Entrepreneurship,achieved,Self-Employed,Completed
BEN-008442,Tech,Q3 2025,Entrepreneurship,achieved,Self-Employed,Completed
BEN-008446,Tech,Q1 2026,Community Impact,achieved,Self-Employed,Completed
BEN-008462,Tech,Q3 2025,Education,achieved,Unemployed,Completed
BEN-008468,Tech,Q2 2026,Community Impact,achieved,Unemployed,Completed
BEN-008479,Tech,Q2 2026,Employment,achieved,Employed,Completed
BEN-008480,Tech,Q2 2025,Employment,achieved,Employed,Completed
BEN-008491,Tech,Q2 2025,Community Impact,achieved,Employed,Completed
BEN-008498,Tech,Q1 2026,Employment,achieved,Employed,Completed
BEN-008500,Tech,Q4 2025,Education,achieved,In Training,Completed
BEN-008502,Tech,Q1 2025,Employment,active,Unemployed,Completed
BEN-008518,Tech,Q1 2026,Community Impact,achieved,Unemployed,Completed
BEN-008523,Tech,Q1 2025,Education,active,Employed,Completed
BEN-008528,Tech,Q1 2026,Community Impact,achieved,Employed,Completed
BEN-008543,Tech,Q3 2025,Community Impact,active,Self-Employed,Completed
BEN-008546,Tech,Q1 2026,Employment,achieved,Employed,Completed
BEN-008560,Tech,Q1 2026,Community Impact,achieved,Employed,Completed
BEN-008592,Tech,Q2 2026,Community Impact,achieved,Employed,Completed
BEN-008594,Tech,Q2 2025,Education,achieved,Unemployed,Completed
BEN-008602,Tech,Q4 2025,Community Impact,achieved,Unemployed,Completed
BEN-008612,Tech,Q3 2025,Employment,active,Employed,Completed
BEN-008620,Tech,Q3 2025,Employment,achieved,Employed,Completed
BEN-008647,Tech,Q2 2026,Employment,achieved,Employed,Completed
BEN-008700,Tech,Q2 2026,Employment,achieved,Employed,Completed
BEN-008707,Tech,Q1 2025,Employment,not_achieved,Self-Employed,Completed
BEN-008713,Tech,Q1 2026,Employment,achieved,Employed,Completed
BEN-008715,Tech,Q1 2026,Education,active,Unemployed,Completed
BEN-008718,Tech,Q2 2025,Employment,achieved,Employed,Completed
BEN-008719,Tech,Q1 2025,Education,achieved,Unemployed,Completed
BEN-008722,Tech,Q2 2025,Entrepreneurship,not_achieved,Self-Employed,Completed
BEN-008723,Tech,Q2 2026,Community Impact,achieved,Self-Employed,Completed
BEN-008727,Tech,Q4 2025,Employment,active,Unemployed,Completed
BEN-008742,Tech,Q4 2025,Employment,active,Self-Employed,Completed
BEN-008753,Tech,Q4 2025,Community Impact,active,Unemployed,Completed
BEN-008757,Tech,Q3 2025,Employment,achieved,Employed,Completed
BEN-008786,Tech,Q4 2025,Education,achieved,In Training,Completed
BEN-008798,Tech,Q1 2026,Education,achieved,Unemployed,Completed
BEN-008799,Tech,Q1 2025,Employment,achieved,Employed,Completed
BEN-008810,Tech,Q2 2026,Community Impact,achieved,Self-Employed,Completed
BEN-008818,Tech,Q1 2026,Education,achieved,Unemployed,Completed
BEN-008840,Tech,Q3 2025,Education,achieved,In Training,Completed
BEN-008844,Tech,Q4 2025,Employment,not_achieved,Employed,Completed
BEN-008847,Tech,Q4 2025,Employment,active,Unemployed,Completed
BEN-008849,Tech,Q3 2025,Education,achieved,Unemployed,Completed
BEN-008869,Tech,Q3 2025,Employment,achieved,Employed,Completed
BEN-008871,Tech,Q2 2025,Community Impact,achieved,Self-Employed,Completed
BEN-008890,Tech,Q4 2025,Employment,achieved,Employed,Completed
BEN-008918,Tech,Q3 2025,Education,achieved,In Training,Completed
BEN-008924,Tech,Q3 2025,Entrepreneurship,active,Unemployed,Completed
BEN-008931,Tech,Q1 2025,Employment,achieved,Employed,Completed
BEN-008947,Tech,Q1 2026,Employment,achieved,Employed,Completed
BEN-008954,Tech,Q2 2025,Community Impact,active,Self-Employed,Completed
BEN-008956,Tech,Q3 2025,Education,achieved,Unemployed,Completed
BEN-008972,Tech,Q3 2025,Employment,achieved,Employed,Completed
BEN-008987,Tech,Q2 2026,Entrepreneurship,achieved,Self-Employed,Completed
BEN-009001,Tech,Q4 2025,Entrepreneurship,achieved,Self-Employed,Completed
BEN-009012,Tech,Q1 2025,Community Impact,active,Unemployed,Completed
BEN-009051,Tech,Q3 2025,Employment,active,Employed,Completed
BEN-009085,Tech,Q2 2025,Education,not_achieved,Self-Employed,Completed
BEN-009102,Tech,Q1 2025,Education,achieved,In Training,Completed
BEN-009103,Tech,Q3 2025,Employment,achieved,Employed,Completed
BEN-009107,Tech,Q1 2025,Employment,achieved,Employed,Completed
BEN-009110,Tech,Q2 2025,Education,achieved,Unemployed,Completed
BEN-009118,Tech,Q4 2025,Employment,achieved,Employed,Completed
BEN-009122,Tech,Q2 2025,Education,achieved,In Training,Completed
BEN-009126,Tech,Q1 2026,Entrepreneurship,active,Unemployed,Completed
BEN-009133,Tech,Q4 2025,Education,not_achieved,Self-Employed,Completed
BEN-009168,Tech,Q2 2025,Employment,active,Unemployed,Completed
BEN-009181,Tech,Q1 2026,Entrepreneurship,achieved,Self-Employed,Completed
BEN-009194,Tech,Q1 2026,Entrepreneurship,active,Self-Employed,Completed
BEN-009234,Tech,Q4 2025,Entrepreneurship,achieved,Self-Employed,Completed
BEN-009263,Tech,Q4 2025,Employment,active,Unemployed,Completed
BEN-009264,Tech,Q4 2025,Community Impact,active,Self-Employed,Completed
BEN-009270,Tech,Q1 2026,Entrepreneurship,achieved,Self-Employed,Completed
BEN-009271,Tech,Q1 2026,Education,achieved,In Training,Completed
BEN-009275,Tech,Q4 2025,Entrepreneurship,active,Self-Employed,Completed
BEN-009276,Tech,Q4 2025,Community Impact,achieved,Unemployed,Completed
BEN-009279,Tech,Q4 2025,Entrepreneurship,not_achieved,Employed,Completed
BEN-009286,Tech,Q3 2025,Employment,achieved,Employed,Completed
BEN-009288,Tech,Q4 2025,Employment,achieved,Employed,Completed
BEN-009298,Tech,Q2 2026,Employment,achieved,Employed,Completed
BEN-009333,Tech,Q4 2025,Education,achieved,Unemployed,Completed
BEN-009341,Tech,Q3 2025,Entrepreneurship,active,Unemployed,Completed
BEN-009342,Tech,Q4 2025,Education,achieved,In Training,Completed
BEN-009350,Tech,Q2 2025,Education,achieved,Unemployed,Completed
BEN-009369,Tech,Q4 2025,Employment,achieved,Employed,Completed
BEN-009374,Tech,Q4 2025,Community Impact,achieved,Self-Employed,Completed
BEN-009377,Tech,Q3 2025,Employment,active,Unemployed,Completed
BEN-009386,Tech,Q1 2026,Entrepreneurship,active,Unemployed,Completed
BEN-009388,Tech,Q2 2025,Community Impact,active,Unemployed,Completed
BEN-009389,Tech,Q4 2025,Entrepreneurship,achieved,Self-Employed,Completed
BEN-009394,Tech,Q4 2025,Community Impact,active,Employed,Completed
BEN-009395,Tech,Q1 2026,Education,not_achieved,Unemployed,Completed
BEN-009397,Tech,Q2 2025,Entrepreneurship,achieved,Self-Employed,Completed
BEN-009407,Tech,Q1 2026,Entrepreneurship,active,Unemployed,Completed
BEN-009416,Tech,Q4 2025,Employment,achieved,Employed,Completed
BEN-009430,Tech,Q3 2025,Community Impact,achieved,Unemployed,Completed
BEN-009432,Tech,Q2 2025,Entrepreneurship,achieved,Self-Employed,Completed
BEN-009458,Tech,Q1 2026,Entrepreneurship,achieved,Self-Employed,Completed
BEN-009465,Tech,Q2 2026,Education,not_achieved,Employed,Completed
BEN-009471,Tech,Q1 2026,Employment,achieved,Employed,Completed
BEN-009475,Tech,Q3 2025,Education,achieved,In Training,Completed
BEN-009495,Tech,Q4 2025,Employment,active,Unemployed,Completed
BEN-009504,Tech,Q1 2026,Community Impact,active,Self-Employed,Completed
BEN-009524,Tech,Q4 2025,Employment,achieved,Employed,Completed
BEN-009529,Tech,Q4 2025,Education,achieved,In Training,Completed
BEN-009533,Tech,Q1 2025,Employment,achieved,Employed,Completed
BEN-009546,Tech,Q2 2025,Education,active,Self-Employed,Completed
BEN-009550,Tech,Q3 2025,Community Impact,achieved,Self-Employed,Completed
BEN-009557,Tech,Q2 2025,Employment,active,Self-Employed,Completed
BEN-009560,Tech,Q3 2025,Employment,achieved,Employed,Completed
BEN-009563,Tech,Q3 2025,Community Impact,achieved,Unemployed,Completed
BEN-009583,Tech,Q4 2025,Education,active,Employed,Completed
BEN-009591,Tech,Q1 2026,Education,achieved,In Training,Completed
BEN-009609,Tech,Q1 2026,Education,achieved,Unemployed,Completed
BEN-009624,Tech,Q4 2025,Community Impact,achieved,Unemployed,Completed
BEN-009675,Tech,Q3 2025,Employment,active,Employed,Completed
BEN-009693,Tech,Q2 2025,Community Impact,achieved,Self-Employed,Completed
BEN-009704,Tech,Q4 2025,Entrepreneurship,achieved,Self-Employed,Completed
BEN-009705,Tech,Q1 2026,Community Impact,active,Unemployed,Completed
BEN-009706,Tech,Q3 2025,Community Impact,achieved,Employed,Completed
BEN-009711,Tech,Q4 2025,Community Impact,active,Employed,Completed
BEN-009718,Tech,Q2 2025,Employment,achieved,Employed,Completed
BEN-009734,Tech,Q4 2025,Education,achieved,Unemployed,Completed
BEN-009747,Tech,Q3 2025,Community Impact,achieved,Employed,Completed
BEN-009762,Tech,Q1 2025,Employment,achieved,Employed,Completed
BEN-009768,Tech,Q3 2025,Employment,active,Unemployed,Completed
BEN-009780,Tech,Q3 2025,Employment,achieved,Employed,Completed
BEN-009793,Tech,Q1 2025,Employment,achieved,Employed,Completed
BEN-009800,Tech,Q4 2025,Community Impact,achieved,Self-Employed,Completed
BEN-009814,Tech,Q2 2025,Community Impact,not_achieved,Unemployed,Completed
BEN-009845,Tech,Q4 2025,Education,achieved,In Training,Completed
BEN-009859,Tech,Q3 2025,Education,achieved,Unemployed,Completed
BEN-009874,Tech,Q3 2025,Community Impact,active,Unemployed,Completed
BEN-009899,Tech,Q4 2025,Community Impact,active,Self-Employed,Completed
BEN-009906,Tech,Q1 2025,Education,achieved,In Training,Completed
BEN-009907,Tech,Q2 2025,Employment,achieved,Employed,Completed
BEN-009919,Tech,Q2 2025,Employment,achieved,Employed,Completed
BEN-009930,Tech,Q4 2025,Community Impact,achieved,Employed,Completed
BEN-009933,Tech,Q1 2026,Community Impact,achieved,Self-Employed,Completed
BEN-009940,Tech,Q4 2025,Employment,achieved,Employed,Completed
BEN-009944,Tech,Q4 2025,Employment,active,Unemployed,Completed
BEN-009988,Tech,Q1 2025,Entrepreneurship,achieved,Self-Employed,Completed
