beneficiary_id,first_name,last_name,gender,county,program,activity,sessions_attended,sessions_expected,participation_rate,completion_status,enrollment_date,reporting_period,status
BEN-000001,Brian,Odhiambo,Male,NAIROBI,Plus,Community Service,4,7,57.1,Completed,2025-11-20,Q4 2025,completed
BEN-000002,Caroline,Baya,Female,Meru,Plus,Mentorship,14,18,77.8,In Progress,2026-09-25,Q3 2026,active
BEN-000004,Mumbi,Otieno,Female,Kakamega,Plus,Financial Literacy,6,10,60.0,Completed,2025-07-28,Q3 2025,completed
BEN-000005,Halima,Gitau,Female,Nairobi,Plus,Leadership,8,10,80.0,Completed,2025-12-08,Q4 2025,completed
BEN-000006,Diana,Charo,Female,KAJIADO,Plus,Community Service,7,7,100.0,Completed,2026-04-03,Q2 2026,completed
BEN-000010,Chebet,Nduta,Female,Kajiado,Plus,Entrepreneurship,7,10,70.0,Completed,2026-05-31,Q2 2026,completed
BEN-000011,Joy,Hassan,Female,Mombasa,Plus,Mentorship,15,18,83.3,In Progress,2026-07-03,Q3 2026,active
BEN-000016,Kilonzo,Kiptoo,Male,NAIROBI,Plus,Entrepreneurship,10,15,66.7,complete,2025-11-16,Q4 2025,completed
BEN-000017,Faith,Njoroge,f,Nakuru,Plus,Community Service,4,6,66.7,In Progress,2026-06-07,Q2 2026,active
BEN-000019,David,Chebet,Male,Mombasa,Plus,Health & Wellness,8,8,100.0,In Progress,2026-05-06,Q2 2026,active
BEN-000021,Halima,Nduta,Female,Kajiado,Plus,Mentorship,12,15,80.0,Completed,2025-07-07,Q3 2025,completed
BEN-000022,Cheruiyot,Bett,Male,Uasin Gishu,Plus,Community Service,7,7,100.0,Completed,2025-10-16,Q4 2025,completed
BEN-000024,Joy,Matano,Female,Kiambu,Plus,Community Service,5,6,83.3,Completed,2025-08-12,Q3 2025,completed
BEN-000025,Halima,Matano,Female,Bungoma,Plus,Health & Wellness,8,10,80.0,Completed,2025-04-01,Q2 2025,completed
BEN-000028,Emmanuel,Ochieng,Male,Uasin Gishu,Plus,Community Service,5,6,83.3,Completed,2026-03-12,Q1 2026,completed
BEN-000031,Zawadi,Mbogo,Female,Kiambu,Plus,Leadership,7,10,70.0,Completed,2026-03-08,Q1 2026,completed
BEN-000034,Musyoka,Wafula,Male,Nairobi,Plus,Health & Wellness,7,10,70.0,In Progress,2026-08-25,Q3 2026,active
BEN-000037,Jerop,Kimani,Female,Nakuru,Plus,Mentorship,15,19,78.9,COMPLETED,2026-05-09,Q2 2026,completed
BEN-000040,Joseph,Chebet,Male,Nakuru,Plus,Mentorship,10,12,83.3,Completed,2025-10-24,Q4 2025,completed
BEN-000042,Diana,Charo,Female,Nyeri,Plus,Health & Wellness,4,6,66.7,DROPPED,2025-04-19,Q2 2025,dropped_out
BEN-000043,Wangari,Maina,Female,Kisumu,Plus,Mentorship,13,19,68.4,In Progress,2026-08-10,Q3 2026,active
BEN-000046,Anthony,Muthoni,Male,Nyeri,Plus,Leadership,9,11,81.8,Completed,2025-12-29,Q4 2025,completed
BEN-000047,Cherono,Wekesa,Female,Kilifi,Plus,Health & Wellness,7,8,87.5,Completed,2025-12-09,Q4 2025,completed
BEN-000053,Nasieku,Rotich,Female,Meru,Plus,Financial Literacy,8,10,80.0,In Progress,2026-01-15,Q1 2026,active
BEN-000054,Barasa,Barasa,Male,NAIROBI,Plus,Entrepreneurship,11,15,73.3,complete,2025-12-22,Q4 2025,completed
BEN-000058,Kelvin,Koech,M,Mombasa,Plus,Leadership,5,12,41.7,Completed,2025-12-17,Q4 2025,completed
BEN-000060,Nicholas,Wanjiku,Male,Bungoma,Plus,Leadership,7,10,70.0,Completed,2026-05-17,Q2 2026,completed
BEN-000061,Isaac,Njoroge,Male,Nairobi,Plus,Life Skills,8,12,66.7,Completed,2025-02-24,Q1 2025,completed
BEN-000064,Faith,Kamau,Female,Kiambu,Plus,Life Skills,8,10,80.0,In Progress,2026-09-15,Q3 2026,active
BEN-000065,Kamau,Gitau,Male,Bungoma,Plus,Community Service,7,9,77.8,In Progress,2026-04-08,Q2 2026,active
BEN-000066,Jerop,Mutua,Female,Nairobi,Plus,Life Skills,7,10,70.0,Completed,2025-03-29,Q1 2025,completed
BEN-000067,Caroline,Wafula,Female,Kilifi,Plus,Financial Literacy,3,8,37.5,Dropped,2025-09-18,Q3 2025,dropped_out
BEN-000068,Rotich,Onyango,Male,Muranga,Plus,Leadership,7,12,58.3,Completed,2025-10-08,Q4 2025,completed
BEN-000069,Patrick,Mohamed,Male,Kakamega,Plus,Health & Wellness,6,7,85.7,Completed,2025-12-25,Q4 2025,completed
BEN-000075,Akinyi,Njoroge,Female,kiambu,Plus,Entrepreneurship,7,14,50.0,Dropped,2026-03-11,Q1 2026,dropped_out
BEN-000077,Awuor,Kiptoo,Female,Nairobi,Plus,Leadership,11,12,91.7,Completed,2025-04-13,Q2 2025,completed
BEN-000078,Barasa,Kilonzo,Male,Nyeri,Plus,Mentorship,8,13,61.5,Dropped,2025-08-30,Q3 2025,dropped_out
BEN-000082,Gathoni,Maina,Female,Nairobi,Plus,Mentorship,14,14,100.0,Completed,2025-07-11,Q3 2025,completed
BEN-000089,Omondi,Cheruiyot,Male,Nairobi,Plus,Financial Literacy,9,9,100.0,In Progress,2026-05-18,Q2 2026,active
BEN-000090,Timothy,Nyambane,Male,Machakos,Plus,Financial Literacy,10,10,100.0,Completed,2025-07-07,Q3 2025,completed
BEN-000092,Patrick,Musyoka,Male,Mombasa,Plus,Life Skills,7,13,53.8,In Progress,2026-07-12,Q3 2026,active
BEN-000094,Halima,Juma,Female,Kisumu,Plus,Health & Wellness,4,7,57.1,In Progress,2026-07-21,Q3 2026,active
BEN-000095,Kiptoo,Chebet,Male,Mombasa,Plus,Life Skills,6,10,60.0,In Progress,2026-08-25,Q3 2026,active
BEN-000098,Wekesa,Bett,Male,Nairobi,Plus,Leadership,9,9,100.0,Completed,2026-04-19,Q2 2026,completed
BEN-000101,Nkatha,Odhiambo,Female,Machakos,Plus,Community Service,5,8,62.5,Completed,2025-10-31,Q4 2025,completed
BEN-000103,Victor,Baya,Male,Machakos,Plus,Entrepreneurship,12,13,92.3,Completed,2025-08-06,Q3 2025,completed
BEN-000104,Kevin,Chebet,Male,Uasin Gishu,Plus,Financial Literacy,10,10,100.0,Completed,2025-07-26,Q3 2025,completed
BEN-000106,Nasieku,Omondi,Female,Mombasa,Plus,Community Service,4,6,66.7,In Progress,2026-09-17,Q3 2026,active
BEN-000107,Mercy,Wafula,Female,Kiambu,Plus,Entrepreneurship,9,12,75.0,Completed,2026-05-14,Q2 2026,completed
BEN-000109,Wangari,Matano,Female,Nakuru,Plus,Entrepreneurship,14,16,87.5,Completed,2025-03-08,Q1 2025,completed
BEN-000110,Rotich,Njenga,Male,Uasin Gishu,Plus,Community Service,2,6,33.3,Dropped,2026-01-02,Q1 2026,dropped_out
BEN-000115,Chepkoech,Musyoka,Female,Kilifi,Plus,Health & Wellness,7,9,77.8,In Progress,2026-01-18,Q1 2026,active
BEN-000116,Joseph,Mbogo,Male,Nairobi,Plus,Life Skills,13,14,92.9,complete,2025-08-11,Q3 2025,completed
BEN-000118,Nasieku,Barasa,Female,Nakuru,Plus,Mentorship,10,20,50.0,In Progress,2026-05-24,Q2 2026,active
BEN-000123,Musyoka,Baya,Male,Muranga,Plus,Life Skills,11,12,91.7,Completed,2026-05-30,Q2 2026,completed
BEN-000126,Faith,Nduta,Female,Machakos,Plus,Leadership,5,9,55.6,Completed,2026-04-10,Q2 2026,completed
BEN-000128,Victor,Njoroge,Male,Meru,Plus,Entrepreneurship,11,11,100.0,Completed,2026-05-11,Q2 2026,completed
BEN-000129,Joseph,Kamau,Male,machakos,Plus,Community Service,4,7,57.1,In Progress,2026-09-18,Q3 2026,active
BEN-000130,Mumbi,Mutua,Female,Kajiado,Plus,Financial Literacy,8,11,72.7,Completed,2026-04-20,Q2 2026,completed
BEN-000132,Kipchoge,Charo,Male,Nyeri,Plus,Health & Wellness,5,9,55.6,In Progress,2026-05-31,Q2 2026,active
BEN-000133,Nyambura,Chebet,Female,Mombasa,Plus,Entrepreneurship,11,14,78.6,Completed,2025-09-30,Q3 2025,completed
BEN-000134,Ali,Owino,Male,Kajiado,Plus,Health & Wellness,4,6,66.7,In Progress,2026-09-10,Q3 2026,active
BEN-000135,Nasieku,Nyambane,FEMALE,Uasin Gishu County,Plus,Financial Literacy,8,10,80.0,Completed,2025-09-15,Q3 2025,completed
BEN-000137,Jerop,Cheruiyot,Female,Kilifi,Plus,Community Service,5,6,83.3,Completed,2025-10-13,Q4 2025,completed
BEN-000138,Rotich,Bett,Male,MURANGA,Plus,Entrepreneurship,13,13,100.0,In Progress,2026-01-07,Q1 2026,active
BEN-000139,Chebet,Kariuki,Female,Kakamega,Plus,Life Skills,7,12,58.3,In Progress,2026-07-24,Q3 2026,active
BEN-000142,Baraka,Odhiambo,Male,Kiambu County,Plus,Mentorship,6,12,50.0,In Progress,2026-09-17,Q3 2026,active
BEN-000144,Nasieku,Mutua,Female,Nairobi,Plus,Life Skills,12,12,100.0,Completed,2025-06-30,Q2 2025,completed
BEN-000145,Jerop,Maina,Female,Kajiado,Plus,Mentorship,9,13,69.2,In Progress,2026-02-02,Q1 2026,active
BEN-000149,Zawadi,Wekesa,Female,Nairobi,Plus,Mentorship,12,14,85.7,In Progress,2026-09-19,Q3 2026,active
BEN-000151,Vincent,Mutua,m,KIAMBU,Plus,Community Service,7,8,87.5,In Progress,2026-02-17,Q1 2026,active
BEN-000155,Kiptoo,Kariuki,Male,Nyeri,Plus,Mentorship,17,19,89.5,Completed,2025-09-30,Q3 2025,completed
BEN-000163,Musyoka,Rotich,Male,Kiambu,Plus,Community Service,4,8,50.0,Dropped,2026-03-20,Q1 2026,dropped_out
BEN-000165,Odhiambo,Nduta,Male,Muranga,Plus,Entrepreneurship,10,14,71.4,Completed,2026-05-04,Q2 2026,completed
BEN-000166,Barasa,Juma,Male,Kisumu,Plus,Community Service,7,9,77.8,Completed,2025-12-13,Q4 2025,completed
BEN-000167,Esther,Mohamed,Female,Nakuru,Plus,Mentorship,10,17,58.8,Dropped,2025-02-09,Q1 2025,dropped_out
BEN-000168,Awuor,Owino,Female,Meru,Plus,Health & Wellness,8,10,80.0,Completed,2026-02-05,Q1 2026,completed
BEN-000169,Kagure,Kilonzo,Female,Muranga,Plus,Mentorship,13,14,92.9,In Progress,2026-07-30,Q3 2026,active
BEN-000172,Brian,Mbogo,Male,Kiambu,Plus,Leadership,12,12,100.0,In Progress,2026-06-12,Q2 2026,active
BEN-000174,Wanjiku,Juma,Female,Machakos,Plus,Life Skills,6,11,54.5,Completed,2026-02-23,Q1 2026,completed
BEN-000175,Simon,Abdi,Male,Kilifi,Plus,Health & Wellness,5,8,62.5,Completed,2025-10-20,Q4 2025,completed
BEN-000176,Beatrice,Rotich,Female,Kakamega,Plus,Financial Literacy,5,9,55.6,In Progress,2026-08-07,Q3 2026,active
BEN-000178,Odhiambo,Kamau,Male,Kisumu,Plus,Community Service,6,10,60.0,In Progress,2026-05-24,Q2 2026,active
BEN-000180,Juma,Mohamed,MALE,Nairobi,Plus,Financial Literacy,9,12,75.0,Completed,2025-01-14,Q1 2025,completed
BEN-000186,Caroline,Kilonzo,Female,Kakamega,Plus,Entrepreneurship,10,16,62.5,Completed,2026-02-06,Q1 2026,completed
BEN-000187,Gathoni,Charo,Female,Uasin Gishu,Plus,Leadership,7,9,77.8,In Progress,2026-08-17,Q3 2026,active
BEN-000192,David,Njoroge,Male,Meru,Plus,Health & Wellness,7,7,100.0,Completed,2025-10-12,Q4 2025,completed
BEN-000202,Caroline,Bett,Female,Kakamega,Plus,Mentorship,7,12,58.3,In Progress,2026-05-07,Q2 2026,active
BEN-000209,Wekesa,Barasa,Male,Mombasa,Plus,Financial Literacy,10,12,83.3,Completed,2025-12-12,Q4 2025,completed
BEN-000215,Neema,Baya,Female,Kisii,Plus,Entrepreneurship,11,15,73.3,COMPLETED,2026-01-07,Q1 2026,completed
BEN-000219,Vincent,Otieno,Male,Nairobi,Plus,Community Service,6,9,66.7,In Progress,2026-04-29,Q2 2026,active
BEN-000220,Omondi,Barasa,Male,Muranga,Plus,Health & Wellness,4,10,40.0,DROPPED,2026-01-20,Q1 2026,dropped_out
BEN-000223,Jerop,Musyoka,Female,Nakuru,Plus,Community Service,6,7,85.7,Completed,2025-03-23,Q1 2025,completed
BEN-000232,Rotich,Katana,Male,Nakuru,Plus,Entrepreneurship,13,15,86.7,In Progress,2026-08-08,Q3 2026,active
BEN-000233,Wangari,Odhiambo,female,Kiambu,Plus,Leadership,8,10,80.0,In Progress,2026-01-23,Q1 2026,active
BEN-000234,Zawadi,Kuria,Female,Kiambu,Plus,Health & Wellness,6,7,85.7,In Progress,2026-08-20,Q3 2026,active
BEN-000235,Ali,Kiptoo,Male,Meru,Plus,Mentorship,15,18,83.3,In Progress,2026-06-23,Q2 2026,active
BEN-000237,Francis,Kilonzo,Male,Nairobi,Plus,Community Service,6,8,75.0,Completed,2025-11-11,Q4 2025,completed
BEN-000242,Purity,Achieng,Female,Kajiado,Plus,Community Service,7,9,77.8,Completed,2026-03-24,Q1 2026,completed
BEN-000244,Esther,Mutiso,Female,Kilifi,Plus,Life Skills,8,14,57.1,In Progress,2026-04-14,Q2 2026,active
BEN-000246,Samuel,Kamau,Male,Nairobi,Plus,Life Skills,9,11,81.8,Completed,2025-08-01,Q3 2025,completed
BEN-000248,Diana,Nduta,Female,Kakamega,Plus,Leadership,5,10,50.0,In Progress,2026-08-05,Q3 2026,active
BEN-000250,Isaac,Njoroge,Male,Nairobi,Plus,Health & Wellness,8,8,100.0,Completed,2025-08-13,Q3 2025,completed
BEN-000252,Caroline,Otieno,Female,Machakos,Plus,Life Skills,12,13,92.3,In Progress,2026-04-02,Q2 2026,active
BEN-000255,Anyango,Charo,Female,Muranga County,Plus,Health & Wellness,5,7,71.4,DROPPED,2026-02-19,Q1 2026,dropped_out
BEN-000256,Chepkoech,Abdi,Female,Mombasa,Plus,Mentorship,9,13,69.2,In Progress,2026-06-29,Q2 2026,active
BEN-000259,Caroline,Kiptoo,Female,Kisii,Plus,Community Service,8,9,88.9,Completed,2025-05-09,Q2 2025,completed
BEN-000262,Musyoka,Chebet,M,Muranga,Plus,Leadership,8,11,72.7,In Progress,2026-06-20,Q2 2026,active
BEN-000263,Nyambura,Barasa,Female,Kakamega,Plus,Mentorship,13,16,81.2,In Progress,2026-08-27,Q3 2026,active
BEN-000264,Kagure,Gitau,Female,Nairobi,Plus,Mentorship,11,19,57.9,In Progress,2026-09-01,Q3 2026,active
BEN-000266,Anyango,Odhiambo,Female,Kiambu,Plus,Life Skills,13,13,100.0,Completed,2025-11-07,Q4 2025,completed
BEN-000267,Joy,Barasa,Female,Nakuru,Plus,Financial Literacy,6,11,54.5,In Progress,2026-08-18,Q3 2026,active
BEN-000268,Victor,Ngugi,Male,Kajiado,Plus,Financial Literacy,3,8,37.5,Dropped,2025-02-01,Q1 2025,dropped_out
BEN-000273,Amina,Charo,Female,MACHAKOS,Plus,Health & Wellness,3,7,42.9,Dropped,2025-07-03,Q3 2025,dropped_out
BEN-000275,Neema,Odhiambo,Female,Nakuru,Plus,Entrepreneurship,15,15,100.0,Completed,2025-11-04,Q4 2025,completed
BEN-000276,Awuor,Kariuki,Female,Kiambu,Plus,Health & Wellness,4,6,66.7,In Progress,2026-08-23,Q3 2026,active
BEN-000277,Diana,Mwakio,Female,Uasin Gishu,Plus,Entrepreneurship,12,13,92.3,Completed,2025-12-08,Q4 2025,completed
BEN-000278,Kipchoge,Onyango,Male,meru,Plus,Leadership,7,12,58.3,Dropped,2026-04-07,Q2 2026,dropped_out
BEN-000282,Achieng,Omondi,Female,Nairobi,Plus,Mentorship,13,20,65.0,Completed,2025-04-06,Q2 2025,completed
BEN-000283,Sharon,Charo,Female,Kakamega,Plus,Life Skills,13,14,92.9,Completed,2026-03-25,Q1 2026,completed
BEN-000285,Ali,Wafula,Male,Machakos,Plus,Leadership,6,8,75.0,Completed,2025-10-26,Q4 2025,completed
BEN-000286,Akinyi,Muthoni,Female,Muranga,Plus,Mentorship,17,19,89.5,COMPLETED,2025-11-04,Q4 2025,completed
BEN-000287,Nyambura,Charo,Female,Kilifi,Plus,Health & Wellness,5,6,83.3,In Progress,2026-03-22,Q1 2026,active
BEN-000288,Anthony,Gitau,M,Meru,Plus,Financial Literacy,9,11,81.8,Completed,2026-01-02,Q1 2026,completed
BEN-000292,Naisula,Nyambane,Female,Nairobi,Plus,Life Skills,4,10,40.0,Completed,2026-01-22,Q1 2026,completed
BEN-000294,Joseph,Kuria,Male,Meru,Plus,Financial Literacy,5,9,55.6,Dropped,2025-07-14,Q3 2025,dropped_out
BEN-000296,Naisula,Ochieng,Female,Bungoma,Plus,Mentorship,9,13,69.2,In Progress,2026-05-25,Q2 2026,active
BEN-000308,Kiptoo,Kilonzo,Male,Kajiado,Plus,Leadership,4,8,50.0,In Progress,2026-09-25,Q3 2026,active
BEN-000311,Caroline,Owino,Female,Uasin Gishu,Plus,Community Service,9,10,90.0,In Progress,2026-07-26,Q3 2026,active
BEN-000312,Wangari,Ochieng,Female,Kisii,Plus,Entrepreneurship,7,15,46.7,In Progress,2026-01-05,Q1 2026,active
BEN-000315,Nkatha,Mbogo,Female,Kilifi,Plus,Health & Wellness,3,10,30.0,Dropped,2025-11-19,Q4 2025,dropped_out
BEN-000317,Dennis,Njenga,Male,Mombasa,Plus,Entrepreneurship,9,10,90.0,Completed,2026-03-18,Q1 2026,completed
BEN-000319,Emmanuel,Mohamed,Male,Kakamega,Plus,Life Skills,9,13,69.2,In Progress,2026-09-03,Q3 2026,active
BEN-000320,Korir,Odhiambo,Male,Nairobi,Plus,Life Skills,8,10,80.0,In Progress,2026-03-26,Q1 2026,active
BEN-000321,Sharon,Kiptoo,Female,KISII,Plus,Financial Literacy,7,8,87.5,Completed,2025-09-27,Q3 2025,completed
BEN-000325,Halima,Kimani,Female,Nakuru,Plus,Life Skills,13,13,100.0,Completed,2025-11-07,Q4 2025,completed
BEN-000327,Odhiambo,Kariuki,m,Nairobi,Plus,Financial Literacy,9,12,75.0,In Progress,2026-08-24,Q3 2026,active
BEN-000328,Mohamed,Musyoka,Male,UASIN_GISHU,Plus,Financial Literacy,5,8,62.5,Dropped,2025-07-19,Q3 2025,dropped_out
BEN-000331,Diana,Kuria,Female,Nairobi County,Plus,Entrepreneurship,11,11,100.0,Completed,2025-10-11,Q4 2025,completed
BEN-000335,Otieno,Ochieng,Male,Nakuru,Plus,Life Skills,10,13,76.9,In Progress,2026-01-07,Q1 2026,active
BEN-000337,Victor,Gitau,Male,Kilifi,Plus,Health & Wellness,7,8,87.5,Completed,2025-10-04,Q4 2025,completed
BEN-000340,Abdi,Mutiso,Male,Mombasa,Plus,Health & Wellness,8,9,88.9,complete,2026-05-25,Q2 2026,completed
BEN-000341,Joy,Odhiambo,Female,Nairobi,Plus,Entrepreneurship,11,16,68.8,Completed,2025-09-03,Q3 2025,completed
BEN-000345,Diana,Abdi,Female,Meru,Plus,Mentorship,8,20,40.0,Dropped,2025-08-10,Q3 2025,dropped_out
BEN-000347,Nkatha,Owino,Female,Meru,Plus,Mentorship,7,14,50.0,Dropped,2025-09-14,Q3 2025,dropped_out
BEN-000348,Omondi,Mutua,Male,Mombasa,Plus,Life Skills,11,13,84.6,Completed,2026-06-03,Q2 2026,completed
BEN-000349,Joy,Mwakio,Female,Nairobi,Plus,Leadership,11,12,91.7,In Progress,2026-08-23,Q3 2026,active
BEN-000350,Kelvin,Nduta,Male,Nairobi,Plus,Mentorship,19,20,95.0,Completed,2026-03-05,Q1 2026,completed
BEN-000353,Ali,Onyango,Male,Mombasa,Plus,Life Skills,10,11,90.9,In Progress,2026-06-08,Q2 2026,active
BEN-000355,Collins,Matano,Male,Kakamega,Plus,Mentorship,10,19,52.6,Dropped,2025-11-07,Q4 2025,dropped_out
BEN-000356,Sharon,Matano,Female,Kilifi,Plus,Leadership,7,9,77.8,Completed,2025-03-17,Q1 2025,completed
BEN-000360,Cherono,Barasa,Female,Bungoma,Plus,Entrepreneurship,11,16,68.8,Completed,2025-06-01,Q2 2025,completed
BEN-000362,Wekesa,Kuria,Male,Meru,Plus,Financial Literacy,9,11,81.8,complete,2026-06-26,Q2 2026,completed
BEN-000364,Joy,Mohamed,Female,Nairobi,Plus,Community Service,4,7,57.1,DROPPED,2025-03-09,Q1 2025,dropped_out
BEN-000366,Anyango,Owino,Female,Nakuru,Plus,Financial Literacy,8,9,88.9,In Progress,2026-02-18,Q1 2026,active
BEN-000367,Brenda,Ochieng,Female,Mombasa,Plus,Life Skills,10,14,71.4,Completed,2025-01-12,Q1 2025,completed
BEN-000368,Achieng,Muthoni,Female,Meru County,Plus,Entrepreneurship,9,10,90.0,In Progress,2026-07-15,Q3 2026,active
BEN-000370,James,Odhiambo,male,Mombasa,Plus,Life Skills,5,11,45.5,Dropped,2025-02-24,Q1 2025,dropped_out
BEN-000373,Achieng,Bett,Female,KAKAMEGA,Plus,Life Skills,5,13,38.5,Dropped,2025-03-05,Q1 2025,dropped_out
BEN-000375,Halima,Matano,Female,Kisumu,Plus,Financial Literacy,7,11,63.6,COMPLETED,2025-04-06,Q2 2025,completed
BEN-000376,Brenda,Gitau,Female,Nyeri,Plus,Health & Wellness,4,6,66.7,Dropped,2025-11-24,Q4 2025,dropped_out
BEN-000379,Timothy,Mwakio,Male,Kisumu,Plus,Leadership,4,9,44.4,Dropped,2025-07-06,Q3 2025,dropped_out
BEN-000380,Collins,Mutiso,Male,Nairobi,Plus,Health & Wellness,8,8,100.0,Completed,2025-07-19,Q3 2025,completed
BEN-000382,Neema,Musyoka,FEMALE,Nakuru,Plus,Health & Wellness,5,8,62.5,Dropped,2026-03-16,Q1 2026,dropped_out
BEN-000385,Kagure,Wekesa,Female,Meru,Plus,Life Skills,11,12,91.7,Completed,2025-05-19,Q2 2025,completed
BEN-000388,Cynthia,Kiptoo,F,Bungoma,Plus,Financial Literacy,11,11,100.0,In Progress,2026-09-22,Q3 2026,active
BEN-000391,Korir,Chebet,Male,Bungoma,Plus,Entrepreneurship,13,15,86.7,Completed,2026-03-18,Q1 2026,completed
BEN-000394,Kagure,Owino,Female,Kilifi,Plus,Mentorship,8,14,57.1,Completed,2025-10-03,Q4 2025,completed
BEN-000397,Emmanuel,Matano,Male,Machakos,Plus,Entrepreneurship,9,10,90.0,In Progress,2026-04-20,Q2 2026,active
BEN-000398,Baraka,Musyoka,MALE,Machakos,Plus,Financial Literacy,4,8,50.0,Dropped,2026-03-20,Q1 2026,dropped_out
BEN-000399,Collins,Rotich,male,NAIROBI,Plus,Leadership,8,8,100.0,In Progress,2026-07-26,Q3 2026,active
BEN-000401,Joseph,Gitau,Male,Meru,Plus,Mentorship,16,19,84.2,In Progress,2026-03-18,Q1 2026,active
BEN-000402,Wanjiru,Nyambane,Female,Kiambu,Plus,Entrepreneurship,5,11,45.5,Completed,2025-10-20,Q4 2025,completed
BEN-000406,Juma,Mohamed,Male,Nakuru,Plus,Community Service,8,10,80.0,In Progress,2026-08-30,Q3 2026,active
BEN-000409,Sharon,Koech,Female,Nakuru,Plus,Mentorship,9,13,69.2,In Progress,2026-02-13,Q1 2026,active
BEN-000410,Ali,Charo,MALE,Nairobi,Plus,Mentorship,12,13,92.3,In Progress,2026-07-23,Q3 2026,active
BEN-000411,Kelvin,Maina,Male,Uasin Gishu,Plus,Leadership,10,10,100.0,Completed,2026-03-12,Q1 2026,completed
BEN-000412,Cheruiyot,Ochieng,Male,Nakuru,Plus,Leadership,7,8,87.5,complete,2025-06-18,Q2 2025,completed
BEN-000415,Otieno,Ochieng,Male,Kilifi,Plus,Life Skills,8,11,72.7,Completed,2025-04-29,Q2 2025,completed
BEN-000416,Brenda,Charo,Female,Nyeri,Plus,Health & Wellness,5,6,83.3,Completed,2025-09-05,Q3 2025,completed
BEN-000417,Ali,Musyoka,Male,Nairobi,Plus,Life Skills,10,14,71.4,Completed,2025-03-09,Q1 2025,completed
BEN-000420,Beatrice,Mutiso,Female,Nakuru,Plus,Community Service,7,8,87.5,In Progress,2026-09-05,Q3 2026,active
BEN-000423,Purity,Mwakio,Female,uasin gishu,Plus,Financial Literacy,4,10,40.0,Dropped,2026-06-23,Q2 2026,dropped_out
BEN-000427,Simon,Kamau,MALE,NAIROBI,Plus,Financial Literacy,10,11,90.9,Completed,2026-05-17,Q2 2026,completed
BEN-000428,Mercy,Ngugi,FEMALE,Nakuru,Plus,Community Service,8,9,88.9,In Progress,2026-04-11,Q2 2026,active
BEN-000431,Wangari,Mwangi,Female,Machakos,Plus,Entrepreneurship,6,14,42.9,Dropped,2026-03-21,Q1 2026,dropped_out
BEN-000432,James,Onyango,Male,Kisumu,Plus,Financial Literacy,5,8,62.5,In Progress,2026-09-26,Q3 2026,active
BEN-000436,Odhiambo,Kuria,Male,Kajiado,Plus,Leadership,8,10,80.0,Completed,2026-03-13,Q1 2026,completed
BEN-000437,Musyoka,Mutiso,Male,Muranga,Plus,Leadership,6,8,75.0,In Progress,2026-05-13,Q2 2026,active
BEN-000439,Anyango,Wafula,Female,Nairobi,Plus,Mentorship,11,15,73.3,Completed,2026-02-07,Q1 2026,completed
BEN-000442,Wanjiru,Mbogo,Female,Machakos,Plus,Life Skills,4,13,30.8,Dropped,2025-02-10,Q1 2025,dropped_out
BEN-000443,Daniel,Charo,Male,Nakuru County,Plus,Life Skills,6,13,46.2,Dropped,2025-12-31,Q4 2025,dropped_out
BEN-000444,Joseph,Maina,Male,Bungoma,Plus,Health & Wellness,4,7,57.1,In Progress,2026-07-18,Q3 2026,active
BEN-000448,Nkatha,Mutiso,FEMALE,Mombasa,Plus,Health & Wellness,8,10,80.0,In Progress,2026-04-20,Q2 2026,active
BEN-000450,Sharon,Barasa,female,Kajiado,Plus,Leadership,8,11,72.7,Completed,2025-10-15,Q4 2025,completed
BEN-000452,Sharon,Mohamed,Female,Kakamega,Plus,Leadership,5,11,45.5,Dropped,2025-05-18,Q2 2025,dropped_out
BEN-000454,Emily,Mwakio,Female,KISII,Plus,Community Service,5,10,50.0,Dropped,2026-05-08,Q2 2026,dropped_out
BEN-000455,Mutua,Juma,Male,Kakamega,Plus,Entrepreneurship,12,14,85.7,complete,2025-06-15,Q2 2025,completed
BEN-000456,Akinyi,Achieng,Female,Kakamega,Plus,Life Skills,10,12,83.3,In Progress,2026-09-22,Q3 2026,active
BEN-000457,Achieng,Bett,Female,Nairobi,Plus,Financial Literacy,6,10,60.0,complete,2026-04-24,Q2 2026,completed
BEN-000458,Odhiambo,Nduta,Male,Kiambu,Plus,Health & Wellness,5,7,71.4,complete,2025-10-20,Q4 2025,completed
BEN-000462,Gathoni,Gitau,Female,Mombasa,Plus,Leadership,11,12,91.7,In Progress,2026-05-08,Q2 2026,active
BEN-000466,Mohamed,Korir,Male,Mombasa,Plus,Financial Literacy,7,12,58.3,Completed,2025-09-20,Q3 2025,completed
BEN-000473,John,Mohamed,Male,Mombasa,Plus,Life Skills,10,14,71.4,In Progress,2026-02-16,Q1 2026,active
BEN-000476,Korir,Korir,Male,Nakuru,Plus,Entrepreneurship,14,14,100.0,In Progress,2026-07-15,Q3 2026,active
BEN-000477,James,Ochieng,Male,Bungoma,Plus,Entrepreneurship,10,12,83.3,Completed,2025-01-02,Q1 2025,completed
BEN-000480,Isaac,Owino,Male,Kakamega,Plus,Financial Literacy,6,11,54.5,In Progress,2026-08-25,Q3 2026,active
BEN-000483,Gathoni,Odhiambo,Female,Nyeri,Plus,Mentorship,8,18,44.4,Completed,2025-02-18,Q1 2025,completed
BEN-000484,Daniel,Mohamed,Male,Nairobi,Plus,Leadership,12,12,100.0,In Progress,2026-07-25,Q3 2026,active
BEN-000486,Nkatha,Chebet,Female,Bungoma,Plus,Health & Wellness,7,9,77.8,Completed,2025-07-15,Q3 2025,completed
BEN-000487,Rotich,Hassan,Male,Kakamega,Plus,Community Service,6,9,66.7,Completed,2025-05-25,Q2 2025,completed
BEN-000491,Isaac,Korir,Male,Kisii,Plus,Entrepreneurship,11,11,100.0,Completed,2026-04-02,Q2 2026,completed
BEN-000492,Wanjiku,Chebet,Female,Nairobi,Plus,Mentorship,13,14,92.9,In Progress,2026-06-01,Q2 2026,active
BEN-000496,Cherono,Njoroge,Female,Nairobi,Plus,Mentorship,11,13,84.6,Completed,2025-07-02,Q3 2025,completed
BEN-000497,Anyango,Ochieng,Female,Nairobi,Plus,Financial Literacy,9,9,100.0,In Progress,2026-06-17,Q2 2026,active
BEN-000498,Anthony,Mwangi,Male,Nairobi,Plus,Health & Wellness,7,7,100.0,Completed,2025-01-27,Q1 2025,completed
BEN-000500,Chebet,Wekesa,Female,Mombasa,Plus,Health & Wellness,7,8,87.5,In Progress,2026-07-18,Q3 2026,active
BEN-000503,Mumbi,Wafula,Female,Nairobi,Plus,Community Service,5,7,71.4,Completed,2025-07-29,Q3 2025,completed
BEN-000504,Wangari,Kilonzo,Female,Machakos,Plus,Financial Literacy,7,10,70.0,Completed,2025-12-28,Q4 2025,completed
BEN-000506,Sharon,Chebet,f,Nairobi,Plus,Mentorship,12,19,63.2,Completed,2025-10-04,Q4 2025,completed
BEN-000507,Beatrice,Nyambane,Female,Nairobi,Plus,Mentorship,6,13,46.2,Dropped,2026-06-10,Q2 2026,dropped_out
BEN-000520,Abdi,Kuria,Male,bungoma,Plus,Leadership,5,8,62.5,In Progress,2026-08-09,Q3 2026,active
BEN-000521,Neema,Mbogo,Female,Nairobi,Plus,Community Service,5,7,71.4,In Progress,2026-03-02,Q1 2026,active
BEN-000530,Halima,Muthoni,Female,Kisii,Plus,Life Skills,6,13,46.2,DROPPED,2025-08-28,Q3 2025,dropped_out
BEN-000531,Esther,Odhiambo,Female,Kajiado,Plus,Life Skills,7,11,63.6,Dropped,2025-03-22,Q1 2025,dropped_out
BEN-000534,Emmanuel,Kimani,Male,Nairobi,Plus,Financial Literacy,8,8,100.0,Completed,2025-11-18,Q4 2025,completed
BEN-000535,Mutua,Hassan,Male,machakos,Plus,Health & Wellness,4,6,66.7,In Progress,2026-08-09,Q3 2026,active
BEN-000537,Nyambura,Muthoni,Female,Nairobi,Plus,Leadership,8,8,100.0,Completed,2025-09-25,Q3 2025,completed
BEN-000538,John,Hassan,Male,Kiambu,Plus,Financial Literacy,12,12,100.0,Completed,2025-03-27,Q1 2025,completed
BEN-000542,Peter,Mohamed,Male,Meru,Plus,Life Skills,10,14,71.4,In Progress,2026-05-01,Q2 2026,active
BEN-000543,Wangari,Mbogo,Female,Nairobi,Plus,Community Service,4,7,57.1,Completed,2025-09-15,Q3 2025,completed
BEN-000545,Faith,Kuria,female,Bungoma,Plus,Financial Literacy,6,8,75.0,In Progress,2026-05-30,Q2 2026,active
BEN-000548,Peter,Mutiso,Male,Kiambu,Plus,Mentorship,16,20,80.0,In Progress,2026-07-04,Q3 2026,active
BEN-000549,Mohamed,Barasa,Male,Bungoma,Plus,Financial Literacy,3,8,37.5,dropped out,2025-06-18,Q2 2025,dropped_out
BEN-000550,Njeri,Matano,Female,Machakos,Plus,Leadership,6,9,66.7,In Progress,2026-06-01,Q2 2026,active
BEN-000552,Ali,Mutiso,Male,Uasin Gishu,Plus,Leadership,6,11,54.5,In Progress,2026-04-03,Q2 2026,active
BEN-000553,Timothy,Rotich,male,Meru County,Plus,Leadership,7,9,77.8,Completed,2025-06-28,Q2 2025,completed
BEN-000557,Akinyi,Odhiambo,Female,Nairobi,Plus,Entrepreneurship,11,14,78.6,Completed,2025-09-04,Q3 2025,completed
BEN-000558,Brian,Wekesa,Male,Nakuru,Plus,Life Skills,10,12,83.3,In Progress,2026-04-22,Q2 2026,active
BEN-000560,Boniface,Maina,Male,Kisii,Plus,Financial Literacy,5,10,50.0,In Progress,2026-05-07,Q2 2026,active
BEN-000562,Chepkoech,Bett,Female,Uasin Gishu,Plus,Mentorship,18,20,90.0,Completed,2025-04-15,Q2 2025,completed
BEN-000563,Cynthia,Wanjiku,Female,Machakos,Plus,Mentorship,9,12,75.0,Completed,2026-01-08,Q1 2026,completed
BEN-000564,Esther,Wekesa,Female,Kilifi,Plus,Community Service,5,9,55.6,Completed,2025-10-18,Q4 2025,completed
BEN-000566,Akinyi,Wafula,Female,Nakuru,Plus,Community Service,4,6,66.7,In Progress,2026-07-10,Q3 2026,active
BEN-000570,Anthony,Achieng,Male,Nairobi,Plus,Life Skills,9,14,64.3,In Progress,2026-06-14,Q2 2026,active
BEN-000571,Wanjiru,Mwangi,female,Kisumu,Plus,Health & Wellness,8,10,80.0,Completed,2025-02-09,Q1 2025,completed
BEN-000575,Wekesa,Katana,male,nairobi,Plus,Mentorship,16,18,88.9,In Progress,2026-09-07,Q3 2026,active
BEN-000576,Emmanuel,Mwakio,Male,NAIROBI,Plus,Community Service,6,8,75.0,Completed,2026-01-13,Q1 2026,completed
BEN-000578,Otieno,Mutiso,Male,Nairobi,Plus,Health & Wellness,9,9,100.0,complete,2026-06-08,Q2 2026,completed
BEN-000584,Abdi,Wanjiku,Male,Kisii,Plus,Mentorship,11,15,73.3,Completed,2025-12-16,Q4 2025,completed
BEN-000585,Purity,Wanjiku,Female,Kakamega,Plus,Leadership,5,8,62.5,Completed,2026-04-21,Q2 2026,completed
BEN-000586,Nkatha,Nduta,Female,Bungoma,Plus,Leadership,8,10,80.0,COMPLETED,2026-05-25,Q2 2026,completed
BEN-000588,Nasieku,Abdi,Female,Nakuru,Plus,Mentorship,9,20,45.0,Dropped,2026-05-24,Q2 2026,dropped_out
BEN-000589,Francis,Baya,Male,Kajiado,Plus,Financial Literacy,9,10,90.0,In Progress,2026-08-11,Q3 2026,active
BEN-000593,Simon,Abdi,Male,Kiambu,Plus,Leadership,11,12,91.7,Completed,2025-03-05,Q1 2025,completed
BEN-000594,Kiptoo,Njenga,Male,Meru,Plus,Life Skills,8,10,80.0,In Progress,2026-08-27,Q3 2026,active
BEN-000597,Akinyi,Mohamed,Female,kilifi,Plus,Mentorship,12,19,63.2,Completed,2025-03-27,Q1 2025,completed
BEN-000598,Wekesa,Juma,Male,Nakuru,Plus,Mentorship,9,14,64.3,Completed,2025-01-01,Q1 2025,completed
BEN-000600,Mutua,Rotich,Male,Kajiado,Plus,Life Skills,9,11,81.8,Completed,2025-10-28,Q4 2025,completed
BEN-000602,Baraka,Omondi,MALE,Nairobi,Plus,Financial Literacy,10,12,83.3,COMPLETED,2026-01-19,Q1 2026,completed
BEN-000605,Amina,Kiptoo,Female,Nakuru,Plus,Life Skills,8,13,61.5,Completed,2025-11-15,Q4 2025,completed
BEN-000609,Emmanuel,Kimani,Male,Kakamega,Plus,Financial Literacy,6,10,60.0,Dropped,2025-06-30,Q2 2025,dropped_out
BEN-000619,Wanjiru,Onyango,Female,Nakuru,Plus,Health & Wellness,8,8,100.0,In Progress,2026-06-20,Q2 2026,active
BEN-000621,Cherono,Kuria,Female,Kiambu,Plus,Life Skills,11,11,100.0,Completed,2026-05-10,Q2 2026,completed
BEN-000623,Kagure,Juma,Female,Uasin Gishu,Plus,Leadership,6,12,50.0,Dropped,2025-09-12,Q3 2025,dropped_out
BEN-000624,Chepkoech,Katana,Female,Kiambu County,Plus,Leadership,8,10,80.0,Completed,2026-01-22,Q1 2026,completed
BEN-000626,Nasieku,Korir,Female,Kiambu County,Plus,Financial Literacy,9,10,90.0,Completed,2026-03-26,Q1 2026,completed
BEN-000629,Rotich,Onyango,Male,NAIROBI,Plus,Leadership,10,12,83.3,In Progress,2026-05-16,Q2 2026,active
BEN-000630,Otieno,Ngugi,Male,Muranga,Plus,Entrepreneurship,14,14,100.0,In Progress,2026-07-02,Q3 2026,active
BEN-000634,Chebet,Wanjiku,Female,Nairobi,Plus,Entrepreneurship,10,12,83.3,In Progress,2026-07-27,Q3 2026,active
BEN-000639,Beatrice,Njenga,Female,Nakuru,Plus,Community Service,8,10,80.0,In Progress,2026-04-19,Q2 2026,active
BEN-000640,Cherono,Mwangi,Female,Kilifi,Plus,Community Service,2,8,25.0,Dropped,2025-12-29,Q4 2025,dropped_out
BEN-000643,Zawadi,Owino,Female,KILIFI,Plus,Life Skills,7,11,63.6,In Progress,2026-09-18,Q3 2026,active
BEN-000645,Zawadi,Nduta,Female,Uasin Gishu,Plus,Life Skills,9,14,64.3,Dropped,2025-06-29,Q2 2025,dropped_out
BEN-000646,Gathoni,Mwangi,Female,Kiambu,Plus,Leadership,11,12,91.7,COMPLETED,2026-04-15,Q2 2026,completed
BEN-000647,Cheruiyot,Mwakio,Male,Nyeri,Plus,Entrepreneurship,10,13,76.9,In Progress,2026-03-19,Q1 2026,active
BEN-000648,Neema,Njenga,Female,Kajiado,Plus,Life Skills,7,10,70.0,In Progress,2026-08-04,Q3 2026,active
BEN-000649,John,Korir,Male,Kiambu,Plus,Mentorship,16,18,88.9,COMPLETED,2025-12-22,Q4 2025,completed
BEN-000650,Jerop,Njoroge,Female,Mombasa,Plus,Leadership,11,12,91.7,In Progress,2026-08-08,Q3 2026,active
BEN-000651,Nasieku,Mohamed,Female,Meru,Plus,Entrepreneurship,9,16,56.2,Dropped,2026-03-03,Q1 2026,dropped_out
BEN-000654,Amina,Musyoka,Female,Nairobi,Plus,Community Service,7,10,70.0,Completed,2025-04-22,Q2 2025,completed
BEN-000655,Wanjiku,Chebet,Female,Mombasa,Plus,Community Service,4,6,66.7,Completed,2025-11-25,Q4 2025,completed
BEN-000656,Mumbi,Barasa,Female,Bungoma,Plus,Entrepreneurship,10,14,71.4,Completed,2025-01-15,Q1 2025,completed
BEN-000660,Rotich,Kamau,Male,nairobi,Plus,Community Service,6,8,75.0,Completed,2025-09-19,Q3 2025,completed
BEN-000661,Mohamed,Cheruiyot,Male,Mombasa,Plus,Entrepreneurship,12,14,85.7,In Progress,2026-09-10,Q3 2026,active
BEN-000663,Daniel,Mwangi,Male,Kilifi,Plus,Mentorship,14,15,93.3,complete,2025-05-31,Q2 2025,completed
BEN-000664,Collins,Ochieng,Male,Bungoma,Plus,Mentorship,13,18,72.2,In Progress,2026-04-08,Q2 2026,active
BEN-000667,Purity,Barasa,Female,Nyeri,Plus,Entrepreneurship,13,13,100.0,In Progress,2026-06-20,Q2 2026,active
BEN-000671,Awuor,Barasa,Female,Muranga,Plus,Life Skills,7,12,58.3,Completed,2025-04-09,Q2 2025,completed
BEN-000673,Anyango,Barasa,Female,Kakamega,Plus,Mentorship,11,17,64.7,Dropped,2025-10-07,Q4 2025,dropped_out
BEN-000674,Ali,Korir,Male,Nyeri,Plus,Financial Literacy,9,11,81.8,complete,2026-01-15,Q1 2026,completed
BEN-000679,Ali,Cheruiyot,Male,Uasin Gishu,Plus,Entrepreneurship,10,10,100.0,In Progress,2026-02-08,Q1 2026,active
BEN-000680,Awuor,Chebet,Female,KIAMBU,Plus,Life Skills,13,13,100.0,In Progress,2026-08-23,Q3 2026,active
BEN-000684,Nkatha,Odhiambo,Female,Muranga,Plus,Life Skills,7,14,50.0,Dropped,2026-01-16,Q1 2026,dropped_out
BEN-000686,Akinyi,Mutiso,Female,Nakuru,Plus,Financial Literacy,8,10,80.0,In Progress,2026-09-29,Q3 2026,active
BEN-000688,Diana,Njenga,Female,Nairobi,Plus,Community Service,8,8,100.0,Completed,2025-04-10,Q2 2025,completed
BEN-000692,Ali,Kilonzo,Male,Machakos,Plus,Leadership,7,10,70.0,In Progress,2026-05-18,Q2 2026,active
BEN-000695,Mohamed,Njoroge,Male,Kisii,Plus,Financial Literacy,6,9,66.7,In Progress,2026-09-11,Q3 2026,active
BEN-000696,Grace,Maina,Female,Kisumu,Plus,Financial Literacy,7,9,77.8,COMPLETED,2025-12-05,Q4 2025,completed
BEN-000699,Joseph,Barasa,Male,Nakuru,Plus,Life Skills,8,10,80.0,Completed,2026-03-19,Q1 2026,completed
BEN-000700,Wangari,Barasa,Female,Kakamega,Plus,Entrepreneurship,7,11,63.6,Dropped,2025-01-26,Q1 2025,dropped_out
BEN-000702,Mutua,Achieng,Male,Bungoma,Plus,Health & Wellness,5,9,55.6,Dropped,2025-11-10,Q4 2025,dropped_out
BEN-000703,Faith,Mbogo,Female,Mombasa,Plus,Financial Literacy,7,12,58.3,In Progress,2026-07-21,Q3 2026,active
BEN-000704,Kagure,Ochieng,Female,nyeri,Plus,Community Service,6,8,75.0,In Progress,2026-09-03,Q3 2026,active
BEN-000705,Mumbi,Musyoka,Female,Nairobi,Plus,Leadership,7,8,87.5,Completed,2025-02-22,Q1 2025,completed
BEN-000706,Akinyi,Wanjiku,Female,kisumu,Plus,Entrepreneurship,6,13,46.2,Dropped,2025-10-29,Q4 2025,dropped_out
BEN-000709,Kagure,Owino,Female,Mombasa,Plus,Financial Literacy,5,11,45.5,Dropped,2025-11-05,Q4 2025,dropped_out
BEN-000711,Joseph,Barasa,Male,Kisumu,Plus,Leadership,5,10,50.0,Dropped,2025-02-15,Q1 2025,dropped_out
BEN-000715,Mumbi,Omondi,Female,bungoma,Plus,Financial Literacy,5,8,62.5,Dropped,2026-02-18,Q1 2026,dropped_out
BEN-000718,Vincent,Mbogo,Male,meru,Plus,Mentorship,11,18,61.1,Dropped,2026-04-09,Q2 2026,dropped_out
BEN-000723,Joy,Baya,Female,Uasin Gishu,Plus,Life Skills,11,13,84.6,COMPLETED,2026-02-20,Q1 2026,completed
BEN-000726,Isaac,Gitau,Male,Nairobi,Plus,Financial Literacy,7,12,58.3,In Progress,2026-03-25,Q1 2026,active
BEN-000728,Mutua,Onyango,Male,Machakos County,Plus,Leadership,10,12,83.3,In Progress,2026-06-22,Q2 2026,active
BEN-000730,Wekesa,Matano,Male,Meru,Plus,Financial Literacy,3,9,33.3,Dropped,2025-04-05,Q2 2025,dropped_out
BEN-000733,Isaac,Mwakio,Male,Nyeri,Plus,Health & Wellness,4,6,66.7,Completed,2025-08-28,Q3 2025,completed
BEN-000738,Cynthia,Mutiso,Female,Nairobi,Plus,Health & Wellness,5,8,62.5,DROPPED,2025-09-05,Q3 2025,dropped_out
BEN-000742,Baraka,Kimani,Male,Nairobi,Plus,Community Service,8,9,88.9,Completed,2025-12-27,Q4 2025,completed
BEN-000746,John,Katana,Male,Nyeri,Plus,Community Service,6,10,60.0,Completed,2025-12-19,Q4 2025,completed
BEN-000747,Anyango,Cheruiyot,FEMALE,Mombasa,Plus,Entrepreneurship,9,11,81.8,Completed,2026-01-06,Q1 2026,completed
BEN-000751,Zawadi,Ochieng,Female,Nairobi,Plus,Entrepreneurship,10,10,100.0,Completed,2026-03-06,Q1 2026,completed
BEN-000752,Nicholas,Mbogo,Male,Nairobi,Plus,Health & Wellness,4,6,66.7,In Progress,2026-02-20,Q1 2026,active
BEN-000753,Nyambura,Mohamed,Female,Muranga,Plus,Community Service,7,10,70.0,Completed,2025-05-02,Q2 2025,completed
BEN-000754,Baraka,Wanjiku,Male,Kisumu,Plus,Health & Wellness,6,9,66.7,In Progress,2026-06-10,Q2 2026,active
BEN-000755,Njeri,Kariuki,Female,Nyeri,Plus,Financial Literacy,11,12,91.7,Completed,2025-01-08,Q1 2025,completed
BEN-000756,Njeri,Mutiso,f,Meru,Plus,Mentorship,12,14,85.7,Completed,2025-08-29,Q3 2025,completed
BEN-000762,Joseph,Kariuki,Male,Nairobi,Plus,Entrepreneurship,11,15,73.3,complete,2026-02-05,Q1 2026,completed
BEN-000764,Otieno,Muthoni,Male,Kiambu,Plus,Health & Wellness,8,9,88.9,In Progress,2026-08-28,Q3 2026,active
BEN-000765,Barasa,Achieng,Male,Machakos,Plus,Leadership,5,8,62.5,Dropped,2026-04-09,Q2 2026,dropped_out
BEN-000769,Kelvin,Musyoka,Male,Nairobi,Plus,Leadership,11,11,100.0,Completed,2026-03-26,Q1 2026,completed
BEN-000770,John,Omondi,Male,Uasin Gishu,Plus,Financial Literacy,6,10,60.0,Completed,2025-09-07,Q3 2025,completed
BEN-000772,Njeri,Rotich,Female,Machakos,Plus,Health & Wellness,7,8,87.5,In Progress,2026-07-25,Q3 2026,active
BEN-000773,Barasa,Katana,Male,Nyeri,Plus,Entrepreneurship,11,15,73.3,In Progress,2026-08-24,Q3 2026,active
BEN-000774,Achieng,Kimani,Female,Nairobi,Plus,Entrepreneurship,11,15,73.3,COMPLETED,2025-02-24,Q1 2025,completed
BEN-000776,Beatrice,Muthoni,f,Kisii,Plus,Entrepreneurship,12,15,80.0,In Progress,2026-06-01,Q2 2026,active
BEN-000777,Nyambura,Otieno,Female,Kajiado,Plus,Leadership,4,8,50.0,Completed,2025-06-25,Q2 2025,completed
BEN-000779,Emily,Bett,Female,Nairobi,Plus,Entrepreneurship,14,14,100.0,In Progress,2026-07-15,Q3 2026,active
BEN-000780,Nyambura,Korir,Female,Muranga,Plus,Financial Literacy,8,11,72.7,In Progress,2026-04-16,Q2 2026,active
BEN-000782,Wanjiru,Rotich,Female,Mombasa,Plus,Financial Literacy,10,10,100.0,Completed,2026-01-03,Q1 2026,completed
BEN-000785,Ali,Wafula,Male,Kisumu,Plus,Community Service,3,8,37.5,Dropped,2025-06-14,Q2 2025,dropped_out
BEN-000788,Boniface,Njoroge,Male,Kakamega,Plus,Life Skills,7,11,63.6,In Progress,2026-09-03,Q3 2026,active
BEN-000791,Victor,Matano,Male,Kiambu,Plus,Mentorship,16,20,80.0,In Progress,2026-07-06,Q3 2026,active
BEN-000794,Cynthia,Maina,Female,Kiambu,Plus,Leadership,9,9,100.0,Completed,2025-10-19,Q4 2025,completed
BEN-000796,Musyoka,Barasa,Male,Kajiado County,Plus,Financial Literacy,7,8,87.5,Completed,2025-07-12,Q3 2025,completed
BEN-000797,Halima,Njenga,Female,Machakos,Plus,Mentorship,6,12,50.0,DROPPED,2025-09-04,Q3 2025,dropped_out
BEN-000799,Wangari,Hassan,Female,Bungoma,Plus,Financial Literacy,7,10,70.0,complete,2026-02-16,Q1 2026,completed
BEN-000803,Onyango,Cheruiyot,Male,Nakuru,Plus,Entrepreneurship,6,16,37.5,Dropped,2026-06-18,Q2 2026,dropped_out
BEN-000815,Beatrice,Kimani,f,Nairobi,Plus,Health & Wellness,9,9,100.0,COMPLETED,2025-12-20,Q4 2025,completed
BEN-000817,Brenda,Kimani,Female,Mombasa,Plus,Life Skills,6,10,60.0,Dropped,2025-07-04,Q3 2025,dropped_out
BEN-000819,Halima,Baya,F,Kajiado,Plus,Financial Literacy,5,10,50.0,Dropped,2025-09-10,Q3 2025,dropped_out
BEN-000821,Mutua,Mutiso,Male,Kisumu,Plus,Mentorship,9,16,56.2,DROPPED,2025-09-13,Q3 2025,dropped_out
BEN-000824,Rotich,Owino,Male,Kisumu,Plus,Mentorship,17,20,85.0,In Progress,2026-06-17,Q2 2026,active
BEN-000829,Nyambura,Ngugi,Female,Nairobi,Plus,Financial Literacy,8,8,100.0,In Progress,2026-09-08,Q3 2026,active
BEN-000831,Patrick,Owino,Male,Machakos,Plus,Entrepreneurship,9,15,60.0,In Progress,2026-08-27,Q3 2026,active
BEN-000832,Cherono,Kamau,Female,Nairobi,Plus,Financial Literacy,7,12,58.3,Completed,2026-04-04,Q2 2026,completed
BEN-000833,Victor,Juma,Male,Kiambu,Plus,Leadership,9,12,75.0,In Progress,2026-09-22,Q3 2026,active
BEN-000834,Nyambura,Gitau,Female,Kilifi,Plus,Life Skills,7,11,63.6,In Progress,2026-06-03,Q2 2026,active
BEN-000839,Akinyi,Muthoni,Female,Mombasa,Plus,Leadership,7,11,63.6,dropped out,2026-05-26,Q2 2026,dropped_out
BEN-000842,Awuor,Omondi,Female,Uasin Gishu,Plus,Health & Wellness,8,10,80.0,In Progress,2026-03-31,Q1 2026,active
BEN-000845,Anyango,Musyoka,Female,Kisumu,Plus,Mentorship,14,20,70.0,Completed,2025-02-17,Q1 2025,completed
BEN-000846,Odhiambo,Juma,Male,Kisumu,Plus,Community Service,3,6,50.0,Dropped,2025-01-19,Q1 2025,dropped_out
BEN-000848,Halima,Onyango,female,Kakamega,Plus,Mentorship,11,18,61.1,COMPLETED,2025-10-09,Q4 2025,completed
BEN-000850,Nicholas,Kamau,Male,Machakos,Plus,Financial Literacy,10,11,90.9,In Progress,2026-07-16,Q3 2026,active
BEN-000851,Wanjiru,Wekesa,Female,Nairobi,Plus,Life Skills,7,14,50.0,In Progress,2026-03-01,Q1 2026,active
BEN-000853,Wanjiku,Odhiambo,Female,Nairobi,Plus,Mentorship,8,16,50.0,Dropped,2026-01-26,Q1 2026,dropped_out
BEN-000854,Kipchoge,Mwakio,Male,Uasin Gishu,Plus,Mentorship,12,12,100.0,Completed,2026-02-08,Q1 2026,completed
BEN-000855,Boniface,Kuria,Male,Machakos,Plus,Financial Literacy,7,9,77.8,Completed,2026-03-27,Q1 2026,completed
BEN-000856,Barasa,Owino,Male,Meru,Plus,Entrepreneurship,9,15,60.0,Dropped,2026-02-16,Q1 2026,dropped_out
BEN-000857,Peter,Maina,Male,Nairobi,Plus,Financial Literacy,10,10,100.0,Completed,2025-04-21,Q2 2025,completed
BEN-000859,Stephen,Owino,Male,Nakuru,Plus,Financial Literacy,5,8,62.5,Dropped,2025-09-16,Q3 2025,dropped_out
BEN-000861,Otieno,Owino,Male,Uasin Gishu,Plus,Financial Literacy,9,10,90.0,Completed,2026-05-23,Q2 2026,completed
BEN-000863,Samuel,Rotich,Male,Kakamega,Plus,Community Service,5,9,55.6,In Progress,2026-04-20,Q2 2026,active
BEN-000864,Mohamed,Abdi,Male,Nairobi,Plus,Financial Literacy,8,11,72.7,In Progress,2026-09-08,Q3 2026,active
BEN-000865,Mumbi,Njoroge,Female,Uasin Gishu,Plus,Financial Literacy,9,9,100.0,Completed,2025-05-23,Q2 2025,completed
BEN-000867,Mercy,Wekesa,Female,Nakuru,Plus,Financial Literacy,9,12,75.0,Completed,2026-02-15,Q1 2026,completed
BEN-000872,Stephen,Barasa,Male,muranga,Plus,Entrepreneurship,11,16,68.8,Completed,2026-02-11,Q1 2026,completed
BEN-000875,Kipchoge,Muthoni,Male,Kiambu,Plus,Community Service,9,10,90.0,In Progress,2026-07-20,Q3 2026,active
BEN-000879,Zawadi,Mutua,Female,Kajiado,Plus,Health & Wellness,9,9,100.0,In Progress,2026-05-27,Q2 2026,active
BEN-000881,Odhiambo,Barasa,Male,Kakamega,Plus,Mentorship,12,16,75.0,Completed,2025-11-24,Q4 2025,completed
BEN-000883,Kendi,Njoroge,Female,Kiambu,Plus,Leadership,10,12,83.3,In Progress,2026-02-04,Q1 2026,active
BEN-000890,Nasieku,Wanjiku,Female,Muranga,Plus,Mentorship,8,19,42.1,Completed,2025-08-20,Q3 2025,completed
BEN-000891,Diana,Baya,Female,Kisii,Plus,Leadership,6,8,75.0,Completed,2025-12-08,Q4 2025,completed
BEN-000897,David,Ngugi,Male,Uasin Gishu,Plus,Community Service,3,6,50.0,Dropped,2026-03-12,Q1 2026,dropped_out
BEN-000899,Neema,Kimani,Female,Kakamega,Plus,Entrepreneurship,8,10,80.0,Completed,2025-08-18,Q3 2025,completed
BEN-000900,Sharon,Koech,Female,Muranga,Plus,Mentorship,11,13,84.6,In Progress,2026-07-01,Q3 2026,active
BEN-000901,Kamau,Mbogo,Male,Mombasa,Plus,Mentorship,12,14,85.7,Completed,2026-05-29,Q2 2026,completed
BEN-000902,Atieno,Musyoka,Female,Uasin Gishu,Plus,Financial Literacy,10,12,83.3,In Progress,2026-06-26,Q2 2026,active
BEN-000903,Zawadi,Wafula,Female,Kisumu,Plus,Financial Literacy,5,9,55.6,Dropped,2025-08-20,Q3 2025,dropped_out
BEN-000913,Ali,Chebet,Male,Mombasa,Plus,Life Skills,7,12,58.3,Dropped,2025-10-04,Q4 2025,dropped_out
BEN-000914,Purity,Maina,Female,Uasin Gishu,Plus,Entrepreneurship,11,15,73.3,Completed,2025-12-26,Q4 2025,completed
BEN-000917,Boniface,Odhiambo,Male,Kajiado,Plus,Life Skills,9,11,81.8,Completed,2025-10-05,Q4 2025,completed
BEN-000921,Halima,Abdi,Female,Muranga,Plus,Community Service,6,9,66.7,Completed,2025-12-30,Q4 2025,completed
BEN-000922,Halima,Baya,Female,Muranga,Plus,Health & Wellness,6,7,85.7,Completed,2026-02-11,Q1 2026,completed
BEN-000928,Atieno,Bett,Female,Kisii,Plus,Community Service,5,7,71.4,In Progress,2026-02-11,Q1 2026,active
BEN-000932,Kamau,Kimani,Male,Nairobi,Plus,Mentorship,13,16,81.2,Completed,2025-12-16,Q4 2025,completed
BEN-000933,Mercy,Achieng,Female,Nairobi,Plus,Community Service,8,8,100.0,In Progress,2026-09-20,Q3 2026,active
BEN-000934,Zawadi,Rotich,Female,Nakuru,Plus,Health & Wellness,7,10,70.0,In Progress,2026-09-01,Q3 2026,active
BEN-000936,Kilonzo,Kiptoo,Male,nairobi,Plus,Life Skills,11,11,100.0,complete,2026-01-19,Q1 2026,completed
BEN-000937,Purity,Korir,Female,Nakuru,Plus,Health & Wellness,5,7,71.4,Completed,2025-04-21,Q2 2025,completed
BEN-000941,Korir,Odhiambo,Male,Kajiado,Plus,Life Skills,4,12,33.3,Dropped,2025-12-29,Q4 2025,dropped_out
BEN-000943,Cherono,Omondi,Female,Nakuru,Plus,Financial Literacy,8,9,88.9,In Progress,2026-08-05,Q3 2026,active
BEN-000944,Naisula,Koech,FEMALE,Mombasa,Plus,Financial Literacy,8,10,80.0,Completed,2026-03-22,Q1 2026,completed
BEN-000946,Joy,Kuria,Female,Kiambu,Plus,Life Skills,9,10,90.0,Completed,2025-05-13,Q2 2025,completed
BEN-000950,Nasieku,Kiptoo,Female,Kiambu,Plus,Community Service,9,9,100.0,In Progress,2026-08-25,Q3 2026,active
BEN-000952,Musyoka,Omondi,Male,Nairobi,Plus,Mentorship,13,13,100.0,Completed,2025-10-31,Q4 2025,completed
BEN-000963,Wanjiru,Bett,Female,Nairobi County,Plus,Entrepreneurship,8,11,72.7,In Progress,2026-08-20,Q3 2026,active
BEN-000965,Sharon,Mwakio,F,Nairobi,Plus,Health & Wellness,6,10,60.0,In Progress,2026-03-12,Q1 2026,active
BEN-000969,Francis,Kuria,Male,Uasin Gishu,Plus,Entrepreneurship,6,10,60.0,Completed,2025-12-02,Q4 2025,completed
BEN-000970,Kelvin,Mbogo,Male,Muranga,Plus,Community Service,6,8,75.0,Completed,2025-07-18,Q3 2025,completed
BEN-000972,Kiptoo,Odhiambo,Male,Kiambu,Plus,Entrepreneurship,13,16,81.2,Completed,2026-01-27,Q1 2026,completed
BEN-000974,Chepkoech,Wafula,Female,Bungoma,Plus,Life Skills,6,12,50.0,Dropped,2025-07-27,Q3 2025,dropped_out
BEN-000977,Gathoni,Koech,Female,Kilifi,Plus,Leadership,8,10,80.0,Completed,2025-07-14,Q3 2025,completed
BEN-000978,Ali,Kiptoo,Male,Kiambu,Plus,Community Service,6,7,85.7,In Progress,2026-07-17,Q3 2026,active
BEN-000984,Awuor,Abdi,f,Nakuru,Plus,Financial Literacy,5,11,45.5,Dropped,2025-07-24,Q3 2025,dropped_out
BEN-000985,Cynthia,Bett,Female,Kiambu County,Plus,Leadership,8,11,72.7,Completed,2025-05-22,Q2 2025,completed
BEN-000986,Cynthia,Njenga,Female,Meru,Plus,Entrepreneurship,8,15,53.3,In Progress,2026-07-16,Q3 2026,active
BEN-000990,Cherono,Korir,Female,Kakamega,Plus,Health & Wellness,8,9,88.9,Completed,2025-12-27,Q4 2025,completed
BEN-000991,Wanjiku,Maina,Female,Nairobi,Plus,Health & Wellness,5,8,62.5,Dropped,2026-01-18,Q1 2026,dropped_out
BEN-000993,Cheruiyot,Otieno,Male,Nakuru,Plus,Community Service,6,9,66.7,In Progress,2026-05-08,Q2 2026,active
BEN-000994,Samuel,Mbogo,Male,Muranga,Plus,Financial Literacy,7,9,77.8,In Progress,2026-07-23,Q3 2026,active
BEN-000995,Esther,Onyango,Female,Machakos,Plus,Community Service,9,10,90.0,In Progress,2026-08-07,Q3 2026,active
BEN-000996,Nkatha,Rotich,Female,Kiambu,Plus,Financial Literacy,9,11,81.8,In Progress,2026-05-03,Q2 2026,active
BEN-000999,Cherono,Kiptoo,Female,Machakos,Plus,Leadership,7,10,70.0,In Progress,2026-07-07,Q3 2026,active
BEN-001000,Musyoka,Koech,m,Kisumu,Plus,Mentorship,8,18,44.4,DROPPED,2025-04-22,Q2 2025,dropped_out
BEN-001002,Simon,Njoroge,male,Kiambu,Plus,Entrepreneurship,10,14,71.4,Completed,2026-04-28,Q2 2026,completed
BEN-001007,Chebet,Bett,Female,Bungoma,Plus,Leadership,10,12,83.3,In Progress,2026-01-13,Q1 2026,active
BEN-001010,Kipchoge,Odhiambo,Male,Kisumu County,Plus,Mentorship,12,13,92.3,Completed,2026-06-20,Q2 2026,completed
BEN-001014,Esther,Wanjiku,Female,Nyeri,Plus,Financial Literacy,6,10,60.0,Dropped,2025-12-30,Q4 2025,dropped_out
BEN-001015,Sharon,Mbogo,Female,Machakos,Plus,Leadership,7,9,77.8,Completed,2025-12-29,Q4 2025,completed
BEN-001016,Zawadi,Mutua,Female,Kisii,Plus,Health & Wellness,6,7,85.7,Completed,2025-04-01,Q2 2025,completed
BEN-001017,Kevin,Baya,M,BUNGOMA,Plus,Entrepreneurship,11,15,73.3,In Progress,2026-06-13,Q2 2026,active
BEN-001020,Barasa,Musyoka,Male,Nairobi,Plus,Financial Literacy,11,11,100.0,In Progress,2026-09-22,Q3 2026,active
BEN-001022,Nicholas,Mutiso,Male,Nairobi,Plus,Community Service,5,6,83.3,Completed,2026-01-04,Q1 2026,completed
BEN-001023,Victor,Mbogo,Male,Kajiado,Plus,Financial Literacy,8,9,88.9,Completed,2025-11-03,Q4 2025,completed
BEN-001026,Nyambura,Katana,female,nakuru,Plus,Leadership,3,10,30.0,Dropped,2025-07-14,Q3 2025,dropped_out
BEN-001031,Nkatha,Matano,FEMALE,Nyeri,Plus,Life Skills,9,13,69.2,Completed,2025-09-03,Q3 2025,completed
BEN-001035,Zawadi,Rotich,Female,Machakos,Plus,Community Service,9,10,90.0,complete,2026-03-28,Q1 2026,completed
BEN-001036,Emmanuel,Gitau,Male,Meru,Plus,Life Skills,11,13,84.6,Completed,2025-12-22,Q4 2025,completed
BEN-001038,Diana,Ngugi,Female,Nairobi,Plus,Health & Wellness,6,8,75.0,Completed,2025-05-10,Q2 2025,completed
BEN-001041,Jerop,Mwakio,Female,Nairobi,Plus,Community Service,9,9,100.0,Completed,2026-06-24,Q2 2026,completed
BEN-001043,Anyango,Charo,Female,Kiambu,Plus,Financial Literacy,6,8,75.0,Completed,2025-10-16,Q4 2025,completed
BEN-001044,Joy,Maina,Female,Nairobi,Plus,Health & Wellness,7,8,87.5,In Progress,2026-09-28,Q3 2026,active
BEN-001046,Brian,Mutua,Male,Nakuru,Plus,Leadership,8,10,80.0,In Progress,2026-09-11,Q3 2026,active
BEN-001048,Diana,Baya,Female,Nairobi,Plus,Mentorship,19,20,95.0,Completed,2025-10-20,Q4 2025,completed
BEN-001050,Sharon,Kimani,Female,Kiambu,Plus,Entrepreneurship,4,10,40.0,In Progress,2026-08-05,Q3 2026,active
BEN-001051,Onyango,Omondi,Male,NAIROBI,Plus,Mentorship,8,15,53.3,In Progress,2026-01-15,Q1 2026,active
BEN-001054,Kendi,Wafula,F,Uasin Gishu,Plus,Health & Wellness,6,10,60.0,Dropped,2025-07-10,Q3 2025,dropped_out
BEN-001055,Abdi,Mbogo,Male,Nairobi,Plus,Health & Wellness,4,8,50.0,In Progress,2026-04-23,Q2 2026,active
BEN-001056,Baraka,Juma,Male,Kisumu,Plus,Leadership,6,12,50.0,Completed,2026-03-01,Q1 2026,completed
BEN-001059,Diana,Kariuki,Female,Kiambu,Plus,Health & Wellness,4,9,44.4,Dropped,2025-09-06,Q3 2025,dropped_out
BEN-001060,Timothy,Hassan,Male,Uasin Gishu,Plus,Mentorship,14,16,87.5,In Progress,2026-01-29,Q1 2026,active
BEN-001061,Brenda,Barasa,Female,Nairobi,Plus,Community Service,7,10,70.0,In Progress,2026-05-17,Q2 2026,active
BEN-001064,Kevin,Kuria,Male,KISUMU,Plus,Life Skills,6,11,54.5,Dropped,2025-11-25,Q4 2025,dropped_out
BEN-001066,Wanjiku,Katana,Female,Nairobi,Plus,Financial Literacy,11,12,91.7,In Progress,2026-09-04,Q3 2026,active
BEN-001068,Simon,Gitau,Male,Nairobi,Plus,Entrepreneurship,13,16,81.2,Completed,2025-10-13,Q4 2025,completed
BEN-001069,Mercy,Mutua,Female,Kisii,Plus,Entrepreneurship,5,14,35.7,COMPLETED,2025-11-23,Q4 2025,completed
BEN-001072,Diana,Musyoka,Female,Kiambu,Plus,Health & Wellness,5,7,71.4,In Progress,2026-09-22,Q3 2026,active
BEN-001073,Diana,Wafula,Female,Nairobi,Plus,Leadership,9,9,100.0,In Progress,2026-07-03,Q3 2026,active
BEN-001075,Njeri,Kimani,Female,Nakuru,Plus,Life Skills,9,14,64.3,In Progress,2026-07-02,Q3 2026,active
BEN-001081,Grace,Musyoka,Female,Kisumu,Plus,Life Skills,9,10,90.0,Completed,2025-12-08,Q4 2025,completed
BEN-001084,Joy,Gitau,Female,Bungoma,Plus,Leadership,5,12,41.7,Dropped,2026-03-07,Q1 2026,dropped_out
BEN-001086,Otieno,Kariuki,M,Kiambu,Plus,Mentorship,9,13,69.2,Completed,2025-06-17,Q2 2025,completed
BEN-001088,Anthony,Juma,Male,Kiambu,Plus,Leadership,8,8,100.0,Completed,2025-07-08,Q3 2025,completed
BEN-001089,Amina,Mutua,Female,Nairobi,Plus,Leadership,8,11,72.7,In Progress,2026-08-19,Q3 2026,active
BEN-001090,Naisula,Maina,Female,Nairobi,Plus,Community Service,7,9,77.8,Completed,2025-11-22,Q4 2025,completed
BEN-001092,Kevin,Kuria,M,Kisumu,Plus,Community Service,7,8,87.5,In Progress,2026-09-26,Q3 2026,active
BEN-001095,Baraka,Njoroge,Male,Mombasa,Plus,Leadership,7,8,87.5,Completed,2025-12-05,Q4 2025,completed
BEN-001098,Barasa,Korir,M,Mombasa,Plus,Community Service,3,6,50.0,Dropped,2025-10-27,Q4 2025,dropped_out
BEN-001100,Nicholas,Maina,Male,Nyeri,Plus,Mentorship,8,12,66.7,Completed,2025-12-19,Q4 2025,completed
BEN-001102,Gathoni,Kiptoo,Female,Nairobi,Plus,Entrepreneurship,15,16,93.8,Completed,2025-10-28,Q4 2025,completed
BEN-001110,Esther,Kiptoo,Female,Kakamega,Plus,Health & Wellness,5,6,83.3,Completed,2026-02-02,Q1 2026,completed
BEN-001114,Nyambura,Wekesa,Female,Muranga,Plus,Entrepreneurship,7,10,70.0,In Progress,2026-04-22,Q2 2026,active
BEN-001116,Beatrice,Wafula,female,Nakuru,Plus,Life Skills,10,13,76.9,Completed,2025-11-17,Q4 2025,completed
BEN-001120,Cherono,Muthoni,Female,Nairobi,Plus,Health & Wellness,8,9,88.9,Completed,2025-07-16,Q3 2025,completed
BEN-001121,Amina,Mbogo,Female,Kajiado,Plus,Leadership,8,10,80.0,Completed,2025-01-24,Q1 2025,completed
BEN-001126,Kiptoo,Onyango,M,Kajiado,Plus,Leadership,9,9,100.0,In Progress,2026-09-04,Q3 2026,active
BEN-001127,Atieno,Wekesa,Female,Uasin Gishu,Plus,Life Skills,11,13,84.6,In Progress,2026-08-01,Q3 2026,active
BEN-001128,Abdi,Kuria,Male,Nakuru,Plus,Health & Wellness,8,10,80.0,In Progress,2026-01-22,Q1 2026,active
BEN-001129,Grace,Matano,Female,Kajiado,Plus,Health & Wellness,5,6,83.3,In Progress,2026-09-12,Q3 2026,active
BEN-001131,Jerop,Omondi,Female,Kiambu,Plus,Community Service,3,6,50.0,Dropped,2025-04-24,Q2 2025,dropped_out
BEN-001133,Emily,Katana,FEMALE,Kakamega,Plus,Leadership,8,10,80.0,Completed,2026-04-21,Q2 2026,completed
BEN-001135,Kelvin,Odhiambo,Male,Kiambu,Plus,Life Skills,11,11,100.0,In Progress,2026-07-04,Q3 2026,active
BEN-001136,Wanjiru,Kiptoo,Female,Kisii,Plus,Life Skills,4,10,40.0,Dropped,2026-02-22,Q1 2026,dropped_out
BEN-001137,Kilonzo,Achieng,Male,Mombasa,Plus,Entrepreneurship,9,11,81.8,Completed,2026-02-18,Q1 2026,completed
BEN-001142,Otieno,Ochieng,Male,Uasin Gishu,Plus,Community Service,7,7,100.0,Completed,2025-11-02,Q4 2025,completed
BEN-001145,Cynthia,Odhiambo,Female,Nakuru,Plus,Financial Literacy,9,12,75.0,complete,2025-07-17,Q3 2025,completed
BEN-001146,Achieng,Kilonzo,Female,Kajiado,Plus,Life Skills,14,14,100.0,Completed,2025-09-13,Q3 2025,completed
BEN-001148,Mohamed,Bett,m,Kakamega,Plus,Financial Literacy,7,9,77.8,Completed,2025-11-01,Q4 2025,completed
BEN-001154,Korir,Matano,Male,Nairobi,Plus,Mentorship,19,19,100.0,Completed,2026-05-20,Q2 2026,completed
BEN-001156,Atieno,Wafula,Female,Nakuru,Plus,Life Skills,11,14,78.6,Completed,2025-10-12,Q4 2025,completed
BEN-001157,Kagure,Odhiambo,Female,Kajiado,Plus,Mentorship,15,20,75.0,Completed,2025-07-02,Q3 2025,completed
BEN-001158,Kipchoge,Rotich,MALE,Nairobi,Plus,Life Skills,6,11,54.5,Completed,2025-11-10,Q4 2025,completed
BEN-001160,Chebet,Wanjiku,Female,Meru,Plus,Life Skills,6,10,60.0,complete,2025-12-27,Q4 2025,completed
BEN-001162,Kilonzo,Ngugi,Male,Kiambu,Plus,Community Service,5,6,83.3,In Progress,2026-06-27,Q2 2026,active
BEN-001163,Mercy,Baya,Female,Kakamega,Plus,Leadership,7,8,87.5,Completed,2025-06-24,Q2 2025,completed
BEN-001164,Dennis,Mutua,Male,NAIROBI,Plus,Entrepreneurship,7,10,70.0,In Progress,2026-09-24,Q3 2026,active
BEN-001165,Kendi,Onyango,Female,Kilifi,Plus,Community Service,2,7,28.6,Dropped,2025-07-18,Q3 2025,dropped_out
BEN-001167,Zawadi,Baya,FEMALE,Kisumu,Plus,Financial Literacy,6,8,75.0,Completed,2025-07-04,Q3 2025,completed
BEN-001168,Chebet,Matano,female,Mombasa,Plus,Health & Wellness,5,7,71.4,Dropped,2026-01-09,Q1 2026,dropped_out
BEN-001169,Victor,Njoroge,Male,Kajiado,Plus,Leadership,5,8,62.5,COMPLETED,2025-08-18,Q3 2025,completed
BEN-001171,Baraka,Otieno,Male,Meru,Plus,Life Skills,6,13,46.2,DROPPED,2025-07-24,Q3 2025,dropped_out
BEN-001177,Akinyi,Kiptoo,Female,Nyeri,Plus,Life Skills,4,11,36.4,Dropped,2026-03-18,Q1 2026,dropped_out
BEN-001178,Wangari,Hassan,Female,Machakos,Plus,Mentorship,8,15,53.3,In Progress,2026-04-15,Q2 2026,active
BEN-001183,Simon,Njenga,Male,Nairobi,Plus,Mentorship,16,16,100.0,Completed,2025-11-29,Q4 2025,completed
BEN-001189,Francis,Bett,Male,Kakamega,Plus,Life Skills,8,13,61.5,Dropped,2025-07-02,Q3 2025,dropped_out
BEN-001190,Nicholas,Matano,Male,Nairobi,Plus,Mentorship,12,14,85.7,Completed,2025-11-09,Q4 2025,completed
BEN-001191,Gathoni,Abdi,Female,mombasa,Plus,Entrepreneurship,8,12,66.7,In Progress,2026-05-16,Q2 2026,active
BEN-001199,Diana,Mutiso,Female,Nyeri,Plus,Community Service,3,8,37.5,Dropped,2025-10-14,Q4 2025,dropped_out
BEN-001200,Gathoni,Njenga,Female,Muranga,Plus,Life Skills,7,13,53.8,In Progress,2026-04-18,Q2 2026,active
BEN-001205,Nkatha,Owino,Female,Kisumu,Plus,Entrepreneurship,4,10,40.0,Dropped,2026-06-30,Q2 2026,dropped_out
BEN-001210,Diana,Kilonzo,Female,BUNGOMA,Plus,Entrepreneurship,7,14,50.0,Completed,2025-05-03,Q2 2025,completed
BEN-001212,Nyambura,Mohamed,Female,Nyeri,Plus,Community Service,5,6,83.3,Completed,2026-03-18,Q1 2026,completed
BEN-001213,Boniface,Otieno,male,Meru,Plus,Financial Literacy,5,9,55.6,In Progress,2026-08-12,Q3 2026,active
BEN-001215,Halima,Maina,Female,Nairobi,Plus,Community Service,9,10,90.0,Completed,2026-06-09,Q2 2026,completed
BEN-001216,Wekesa,Cheruiyot,male,Kajiado,Plus,Financial Literacy,6,10,60.0,In Progress,2026-04-13,Q2 2026,active
BEN-001217,Beatrice,Mwakio,FEMALE,Nakuru,Plus,Leadership,8,9,88.9,In Progress,2026-03-05,Q1 2026,active
BEN-001219,Anthony,Kuria,Male,Nairobi,Plus,Entrepreneurship,6,11,54.5,Dropped,2026-01-01,Q1 2026,dropped_out
BEN-001220,Esther,Achieng,Female,Kisumu,Plus,Community Service,6,9,66.7,In Progress,2026-03-06,Q1 2026,active
BEN-001223,Kilonzo,Mwangi,Male,Kakamega,Plus,Leadership,6,8,75.0,In Progress,2026-06-24,Q2 2026,active
BEN-001228,Jerop,Muthoni,Female,Meru,Plus,Entrepreneurship,10,10,100.0,In Progress,2026-08-25,Q3 2026,active
BEN-001231,Omondi,Baya,Male,MOMBASA,Plus,Life Skills,12,14,85.7,In Progress,2026-07-04,Q3 2026,active
BEN-001232,Grace,Matano,Female,Nyeri,Plus,Leadership,6,8,75.0,Completed,2025-11-18,Q4 2025,completed
BEN-001236,Emily,Ochieng,Female,Kisii,Plus,Life Skills,10,14,71.4,In Progress,2026-07-02,Q3 2026,active
BEN-001241,Abdi,Maina,Male,Kakamega,Plus,Community Service,6,10,60.0,Dropped,2026-03-23,Q1 2026,dropped_out
BEN-001242,Awuor,Nduta,Female,Mombasa,Plus,Health & Wellness,4,7,57.1,Dropped,2025-05-04,Q2 2025,dropped_out
BEN-001243,Naisula,Korir,Female,Machakos,Plus,Financial Literacy,7,11,63.6,Dropped,2025-02-04,Q1 2025,dropped_out
BEN-001248,Francis,Korir,Male,Nairobi,Plus,Mentorship,16,18,88.9,In Progress,2026-09-07,Q3 2026,active
BEN-001249,Wangari,Kariuki,Female,Nairobi,Plus,Leadership,8,8,100.0,In Progress,2026-07-05,Q3 2026,active
BEN-001251,Akinyi,Omondi,Female,Machakos,Plus,Mentorship,11,14,78.6,Completed,2025-07-15,Q3 2025,completed
BEN-001252,Kelvin,Ochieng,Male,Kajiado,Plus,Community Service,4,9,44.4,Dropped,2025-11-14,Q4 2025,dropped_out
BEN-001260,Nyambura,Mbogo,Female,Mombasa,Plus,Entrepreneurship,13,16,81.2,Completed,2026-04-03,Q2 2026,completed
BEN-001263,Onyango,Barasa,Male,Nakuru,Plus,Mentorship,16,18,88.9,Completed,2025-09-26,Q3 2025,completed
BEN-001266,Joy,Odhiambo,Female,Meru County,Plus,Life Skills,5,12,41.7,Dropped,2026-01-20,Q1 2026,dropped_out
BEN-001271,Nyambura,Kuria,Female,Meru,Plus,Life Skills,7,10,70.0,COMPLETED,2026-02-03,Q1 2026,completed
BEN-001272,Purity,Matano,Female,Bungoma,Plus,Financial Literacy,6,9,66.7,In Progress,2026-03-28,Q1 2026,active
BEN-001273,Rotich,Wanjiku,Male,Nairobi,Plus,Health & Wellness,5,6,83.3,Completed,2025-09-30,Q3 2025,completed
BEN-001277,Njeri,Wafula,Female,Bungoma,Plus,Financial Literacy,9,11,81.8,In Progress,2026-03-04,Q1 2026,active
BEN-001282,Samuel,Cheruiyot,Male,Nairobi,Plus,Life Skills,10,10,100.0,In Progress,2026-04-02,Q2 2026,active
BEN-001286,Chebet,Matano,Female,Bungoma,Plus,Mentorship,18,19,94.7,Completed,2025-12-05,Q4 2025,completed
BEN-001288,Naisula,Wafula,Female,meru,Plus,Community Service,8,10,80.0,Completed,2025-05-30,Q2 2025,completed
BEN-001289,Diana,Wekesa,Female,Kiambu,Plus,Financial Literacy,8,9,88.9,Completed,2025-05-27,Q2 2025,completed
BEN-001293,Isaac,Achieng,Male,Uasin Gishu,Plus,Community Service,7,9,77.8,Completed,2025-12-17,Q4 2025,completed
BEN-001294,Peter,Mwangi,Male,Bungoma,Plus,Leadership,5,10,50.0,Dropped,2025-09-15,Q3 2025,dropped_out
BEN-001295,Barasa,Matano,Male,Kisii,Plus,Mentorship,11,15,73.3,In Progress,2026-08-20,Q3 2026,active
BEN-001296,Korir,Kamau,Male,Nyeri,Plus,Community Service,5,8,62.5,Dropped,2025-08-01,Q3 2025,dropped_out
BEN-001297,Brian,Nduta,Male,Muranga,Plus,Life Skills,10,10,100.0,In Progress,2026-07-14,Q3 2026,active
BEN-001304,Purity,Nduta,Female,Mombasa,Plus,Leadership,7,9,77.8,Completed,2025-08-30,Q3 2025,completed
BEN-001306,Nasieku,Mohamed,Female,Kisumu,Plus,Mentorship,10,12,83.3,Completed,2025-12-18,Q4 2025,completed
BEN-001310,Naisula,Kilonzo,Female,Kajiado,Plus,Health & Wellness,5,9,55.6,In Progress,2026-07-04,Q3 2026,active
BEN-001311,Anyango,Ochieng,Female,Machakos,Plus,Community Service,6,6,100.0,Completed,2025-10-08,Q4 2025,completed
BEN-001313,Esther,Juma,Female,Meru,Plus,Community Service,7,10,70.0,In Progress,2026-06-17,Q2 2026,active
BEN-001314,Halima,Kiptoo,Female,Nairobi,Plus,Entrepreneurship,8,13,61.5,Dropped,2026-01-24,Q1 2026,dropped_out
BEN-001318,John,Chebet,Male,Kisumu,Plus,Leadership,5,8,62.5,Dropped,2025-07-24,Q3 2025,dropped_out
BEN-001321,Beatrice,Ochieng,Female,Machakos,Plus,Community Service,7,7,100.0,Completed,2026-04-17,Q2 2026,completed
BEN-001322,Samuel,Otieno,Male,NYERI,Plus,Mentorship,8,12,66.7,In Progress,2026-08-31,Q3 2026,active
BEN-001325,Brenda,Cheruiyot,Female,Machakos,Plus,Mentorship,14,18,77.8,Completed,2025-09-13,Q3 2025,completed
BEN-001327,Mohamed,Mutua,Male,Uasin Gishu,Plus,Life Skills,13,13,100.0,In Progress,2026-04-20,Q2 2026,active
BEN-001328,Halima,Mwangi,Female,Kakamega,Plus,Life Skills,7,13,53.8,Dropped,2025-10-13,Q4 2025,dropped_out
BEN-001329,Kamau,Chebet,Male,Bungoma,Plus,Community Service,3,6,50.0,Dropped,2025-10-31,Q4 2025,dropped_out
BEN-001330,Kendi,Koech,Female,Nairobi,Plus,Mentorship,10,12,83.3,In Progress,2026-05-28,Q2 2026,active
BEN-001331,Kevin,Njoroge,Male,Kajiado,Plus,Entrepreneurship,7,13,53.8,Completed,2026-02-23,Q1 2026,completed
BEN-001332,Peter,Achieng,Male,Kisumu,Plus,Financial Literacy,5,10,50.0,Dropped,2025-12-07,Q4 2025,dropped_out
BEN-001333,Awuor,Korir,Female,Kakamega,Plus,Mentorship,14,18,77.8,Completed,2025-02-11,Q1 2025,completed
BEN-001336,Anyango,Njoroge,Female,Nairobi,Plus,Community Service,7,10,70.0,Completed,2026-04-03,Q2 2026,completed
BEN-001340,Nasieku,Mwakio,Female,Nakuru,Plus,Leadership,10,12,83.3,Completed,2026-04-22,Q2 2026,completed
BEN-001343,Diana,Njoroge,Female,Uasin Gishu,Plus,Leadership,8,9,88.9,Completed,2026-04-26,Q2 2026,completed
BEN-001349,Kiptoo,Matano,Male,Kisumu,Plus,Financial Literacy,10,12,83.3,Completed,2026-05-11,Q2 2026,completed
BEN-001350,Grace,Ngugi,Female,Muranga,Plus,Health & Wellness,5,7,71.4,In Progress,2026-02-26,Q1 2026,active
BEN-001351,David,Mutiso,Male,bungoma,Plus,Community Service,4,6,66.7,Completed,2026-02-18,Q1 2026,completed
BEN-001352,Beatrice,Kariuki,f,Nairobi,Plus,Entrepreneurship,12,12,100.0,complete,2026-06-09,Q2 2026,completed
BEN-001353,Halima,Mwangi,Female,Nakuru,Plus,Health & Wellness,5,8,62.5,Completed,2026-06-01,Q2 2026,completed
BEN-001355,Nyambura,Mutiso,Female,Kisumu,Plus,Community Service,4,6,66.7,Completed,2025-05-27,Q2 2025,completed
BEN-001356,Anyango,Wafula,Female,Nyeri,Plus,Mentorship,11,14,78.6,Completed,2025-07-26,Q3 2025,completed
BEN-001357,Esther,Njenga,Female,Nakuru,Plus,Mentorship,10,12,83.3,In Progress,2026-06-25,Q2 2026,active
BEN-001362,Mumbi,Kamau,Female,Kisumu,Plus,Leadership,6,11,54.5,COMPLETED,2026-02-07,Q1 2026,completed
BEN-001364,Chebet,Maina,Female,Nairobi County,Plus,Entrepreneurship,7,12,58.3,Dropped,2026-03-02,Q1 2026,dropped_out
BEN-001368,Nasieku,Chebet,Female,Machakos,Plus,Mentorship,12,19,63.2,Completed,2025-09-25,Q3 2025,completed
BEN-001373,Boniface,Korir,Male,Kajiado,Plus,Financial Literacy,8,10,80.0,Completed,2025-11-28,Q4 2025,completed
BEN-001374,Juma,Rotich,Male,kakamega,Plus,Entrepreneurship,10,10,100.0,In Progress,2026-08-15,Q3 2026,active
BEN-001376,Kilonzo,Rotich,Male,Nairobi,Plus,Entrepreneurship,13,15,86.7,Completed,2026-02-23,Q1 2026,completed
BEN-001378,Wekesa,Wafula,Male,Kilifi,Plus,Leadership,7,12,58.3,Dropped,2025-01-29,Q1 2025,dropped_out
BEN-001384,Neema,Wafula,Female,Kilifi,Plus,Financial Literacy,3,8,37.5,Dropped,2025-05-19,Q2 2025,dropped_out
BEN-001386,Mutua,Nduta,Male,Uasin Gishu,Plus,Financial Literacy,8,10,80.0,COMPLETED,2025-04-27,Q2 2025,completed
BEN-001388,John,Chebet,Male,Nairobi,Plus,Entrepreneurship,16,16,100.0,Completed,2025-07-22,Q3 2025,completed
BEN-001391,Nicholas,Otieno,Male,Kisii,Plus,Life Skills,11,11,100.0,In Progress,2026-09-13,Q3 2026,active
BEN-001392,Faith,Omondi,Female,Machakos,Plus,Community Service,4,7,57.1,In Progress,2026-05-22,Q2 2026,active
BEN-001393,Nasieku,Abdi,Female,Kakamega,Plus,Mentorship,15,15,100.0,In Progress,2026-08-26,Q3 2026,active
BEN-001395,Awuor,Njenga,Female,Meru,Plus,Community Service,5,9,55.6,Completed,2025-08-14,Q3 2025,completed
BEN-001397,Mutua,Wekesa,Male,Kisumu,Plus,Health & Wellness,5,7,71.4,Completed,2025-07-13,Q3 2025,completed
BEN-001398,Cherono,Mutua,Female,Nyeri,Plus,Community Service,10,10,100.0,In Progress,2026-06-19,Q2 2026,active
BEN-001399,Mercy,Mwangi,Female,Machakos,Plus,Entrepreneurship,5,10,50.0,dropped out,2025-02-27,Q1 2025,dropped_out
BEN-001400,Esther,Onyango,Female,Kisumu,Plus,Mentorship,12,20,60.0,Completed,2026-04-18,Q2 2026,completed
BEN-001401,Ali,Matano,Male,Mombasa,Plus,Leadership,4,8,50.0,In Progress,2026-08-30,Q3 2026,active
BEN-001402,Nyambura,Kariuki,Female,Uasin Gishu,Plus,Mentorship,11,18,61.1,Completed,2025-11-13,Q4 2025,completed
BEN-001405,Kagure,Njoroge,Female,Mombasa,Plus,Life Skills,8,10,80.0,In Progress,2026-05-09,Q2 2026,active
BEN-001407,Chepkoech,Mutua,Female,machakos,Plus,Leadership,5,8,62.5,Completed,2026-06-07,Q2 2026,completed
BEN-001410,Dennis,Mutua,Male,Nakuru,Plus,Leadership,8,9,88.9,Completed,2026-03-10,Q1 2026,completed
BEN-001411,Vincent,Muthoni,Male,Mombasa,Plus,Community Service,8,10,80.0,In Progress,2026-05-02,Q2 2026,active
BEN-001413,Diana,Rotich,Female,Bungoma,Plus,Entrepreneurship,6,15,40.0,Dropped,2026-01-08,Q1 2026,dropped_out
BEN-001414,Kendi,Hassan,Female,Kajiado,Plus,Community Service,4,6,66.7,Completed,2025-04-15,Q2 2025,completed
BEN-001415,Baraka,Katana,Male,Nyeri,Plus,Life Skills,12,13,92.3,In Progress,2026-08-07,Q3 2026,active
BEN-001416,Brian,Katana,Male,Mombasa,Plus,Community Service,8,8,100.0,Completed,2026-06-28,Q2 2026,completed
BEN-001419,Samuel,Musyoka,Male,Kisumu,Plus,Life Skills,8,11,72.7,In Progress,2026-05-16,Q2 2026,active
BEN-001420,Naisula,Musyoka,Female,Kajiado County,Plus,Entrepreneurship,8,13,61.5,In Progress,2026-09-29,Q3 2026,active
BEN-001421,Simon,Kamau,m,Kilifi,Plus,Mentorship,13,20,65.0,In Progress,2026-07-21,Q3 2026,active
BEN-001424,Daniel,Achieng,Male,Nairobi,Plus,Entrepreneurship,10,10,100.0,Completed,2025-09-12,Q3 2025,completed
BEN-001425,James,Rotich,Male,Mombasa County,Plus,Leadership,7,11,63.6,In Progress,2026-06-28,Q2 2026,active
BEN-001427,Awuor,Mutiso,Female,Nyeri,Plus,Entrepreneurship,14,14,100.0,In Progress,2026-07-11,Q3 2026,active
BEN-001428,Halima,Charo,Female,Meru,Plus,Mentorship,7,12,58.3,Completed,2025-07-16,Q3 2025,completed
BEN-001430,Mumbi,Bett,FEMALE,Mombasa,Plus,Life Skills,6,14,42.9,In Progress,2026-09-03,Q3 2026,active
BEN-001431,Abdi,Barasa,Male,Kisumu,Plus,Financial Literacy,3,8,37.5,Dropped,2025-01-23,Q1 2025,dropped_out
BEN-001432,Vincent,Mbogo,Male,Kisumu,Plus,Community Service,3,7,42.9,dropped out,2025-11-23,Q4 2025,dropped_out
BEN-001435,Patrick,Mutua,Male,NYERI,Plus,Mentorship,13,14,92.9,Completed,2026-02-11,Q1 2026,completed
BEN-001437,John,Kamau,Male,Kiambu,Plus,Life Skills,5,10,50.0,In Progress,2026-05-01,Q2 2026,active
BEN-001438,Halima,Onyango,Female,Meru,Plus,Mentorship,17,18,94.4,In Progress,2026-08-05,Q3 2026,active
BEN-001441,Timothy,Achieng,Male,Kajiado,Plus,Life Skills,5,12,41.7,Dropped,2025-03-19,Q1 2025,dropped_out
BEN-001442,Mercy,Bett,F,Kisii,Plus,Mentorship,11,15,73.3,Completed,2026-02-08,Q1 2026,completed
BEN-001445,Faith,Wekesa,Female,Kakamega,Plus,Financial Literacy,7,11,63.6,In Progress,2026-05-06,Q2 2026,active
BEN-001446,Abdi,Chebet,Male,Nakuru,Plus,Leadership,8,8,100.0,Completed,2026-01-02,Q1 2026,completed
BEN-001453,Awuor,Katana,Female,Bungoma,Plus,Health & Wellness,7,9,77.8,In Progress,2026-08-05,Q3 2026,active
BEN-001455,Kiptoo,Kariuki,Male,Meru,Plus,Mentorship,12,17,70.6,In Progress,2026-06-07,Q2 2026,active
BEN-001457,Kiptoo,Kariuki,Male,muranga,Plus,Health & Wellness,7,8,87.5,COMPLETED,2025-12-15,Q4 2025,completed
BEN-001458,Musyoka,Charo,Male,Nairobi,Plus,Life Skills,7,11,63.6,Completed,2025-09-10,Q3 2025,completed
BEN-001464,Joseph,Mutiso,Male,Kisii,Plus,Health & Wellness,4,6,66.7,In Progress,2026-07-26,Q3 2026,active
BEN-001465,Halima,Nduta,FEMALE,Uasin Gishu County,Plus,Leadership,12,12,100.0,Completed,2025-10-15,Q4 2025,completed
BEN-001467,Kilonzo,Koech,Male,Kisii,Plus,Entrepreneurship,7,13,53.8,Completed,2025-04-15,Q2 2025,completed
BEN-001470,Odhiambo,Mutua,Male,Nairobi County,Plus,Health & Wellness,6,10,60.0,Dropped,2025-01-07,Q1 2025,dropped_out
BEN-001472,Chepkoech,Gitau,F,Bungoma,Plus,Financial Literacy,8,10,80.0,Completed,2025-06-01,Q2 2025,completed
BEN-001474,Cherono,Rotich,female,Mombasa,Plus,Community Service,4,7,57.1,Dropped,2025-02-21,Q1 2025,dropped_out
BEN-001478,Esther,Achieng,Female,Machakos,Plus,Entrepreneurship,11,11,100.0,In Progress,2026-01-04,Q1 2026,active
BEN-001479,Atieno,Muthoni,Female,kisumu,Plus,Life Skills,12,14,85.7,Completed,2025-08-08,Q3 2025,completed
BEN-001484,Akinyi,Mwangi,Female,Meru,Plus,Community Service,8,9,88.9,In Progress,2026-02-04,Q1 2026,active
BEN-001487,Wekesa,Rotich,Male,Kisii,Plus,Entrepreneurship,10,14,71.4,Completed,2025-11-06,Q4 2025,completed
BEN-001488,John,Nduta,Male,Kiambu,Plus,Life Skills,13,14,92.9,Completed,2026-06-12,Q2 2026,completed
BEN-001489,Cherono,Korir,Female,Mombasa,Plus,Life Skills,10,11,90.9,In Progress,2026-04-23,Q2 2026,active
BEN-001491,Stephen,Omondi,Male,Mombasa,Plus,Entrepreneurship,12,16,75.0,Completed,2025-08-17,Q3 2025,completed
BEN-001493,Faith,Mwakio,Female,Nairobi,Plus,Entrepreneurship,12,15,80.0,In Progress,2026-08-25,Q3 2026,active
BEN-001494,Isaac,Rotich,Male,Kajiado,Plus,Leadership,7,10,70.0,In Progress,2026-05-24,Q2 2026,active
BEN-001501,James,Korir,Male,Uasin Gishu,Plus,Health & Wellness,10,10,100.0,In Progress,2026-06-05,Q2 2026,active
BEN-001502,Ali,Omondi,Male,Muranga County,Plus,Community Service,6,8,75.0,Completed,2025-07-10,Q3 2025,completed
BEN-001503,Wekesa,Omondi,Male,Nairobi,Plus,Mentorship,9,15,60.0,dropped out,2026-02-23,Q1 2026,dropped_out
BEN-001504,Wekesa,Chebet,Male,Kajiado,Plus,Health & Wellness,4,6,66.7,COMPLETED,2026-05-13,Q2 2026,completed
BEN-001505,Wangari,Rotich,Female,Nairobi,Plus,Leadership,8,10,80.0,Completed,2025-01-03,Q1 2025,completed
BEN-001506,Chebet,Muthoni,FEMALE,Kisumu,Plus,Health & Wellness,6,6,100.0,Completed,2026-01-01,Q1 2026,completed
BEN-001507,Beatrice,Mutiso,Female,Nyeri,Plus,Health & Wellness,3,7,42.9,Dropped,2025-08-21,Q3 2025,dropped_out
BEN-001509,Wangari,Baya,Female,Bungoma,Plus,Leadership,9,10,90.0,Completed,2026-03-23,Q1 2026,completed
BEN-001511,Vincent,Chebet,Male,Kisumu,Plus,Community Service,9,9,100.0,Completed,2025-07-08,Q3 2025,completed
BEN-001513,Naisula,Kimani,Female,NAKURU,Plus,Mentorship,8,12,66.7,Dropped,2025-02-13,Q1 2025,dropped_out
BEN-001514,Jerop,Kilonzo,Female,Kiambu,Plus,Financial Literacy,10,11,90.9,In Progress,2026-09-16,Q3 2026,active
BEN-001515,Anthony,Katana,Male,Kisii,Plus,Community Service,8,9,88.9,Completed,2025-12-23,Q4 2025,completed
BEN-001518,Emmanuel,Muthoni,Male,Nairobi,Plus,Community Service,5,7,71.4,In Progress,2026-09-14,Q3 2026,active
BEN-001520,Mumbi,Wanjiku,Female,Nakuru,Plus,Financial Literacy,5,8,62.5,complete,2026-03-04,Q1 2026,completed
BEN-001522,Nasieku,Kimani,Female,Kajiado,Plus,Life Skills,14,14,100.0,In Progress,2026-08-12,Q3 2026,active
BEN-001524,Chebet,Abdi,female,Mombasa,Plus,Entrepreneurship,13,14,92.9,Completed,2025-08-19,Q3 2025,completed
BEN-001525,Neema,Bett,Female,Kiambu,Plus,Leadership,11,11,100.0,Completed,2026-01-23,Q1 2026,completed
BEN-001527,Gathoni,Wanjiku,Female,Nyeri,Plus,Health & Wellness,5,6,83.3,Completed,2025-10-10,Q4 2025,completed
BEN-001528,Kendi,Kilonzo,Female,kajiado,Plus,Leadership,10,12,83.3,Completed,2026-03-20,Q1 2026,completed
BEN-001530,Nasieku,Wanjiku,Female,Nairobi,Plus,Entrepreneurship,11,14,78.6,Completed,2026-01-30,Q1 2026,completed
BEN-001533,David,Ngugi,Male,Mombasa,Plus,Community Service,4,6,66.7,In Progress,2026-09-09,Q3 2026,active
BEN-001535,Mercy,Wafula,Female,Kiambu,Plus,Community Service,5,7,71.4,In Progress,2026-08-05,Q3 2026,active
BEN-001537,Mutua,Abdi,Male,Kakamega,Plus,Life Skills,9,14,64.3,Completed,2026-05-02,Q2 2026,completed
BEN-001540,Nasieku,Rotich,Female,Nairobi,Plus,Life Skills,13,13,100.0,Completed,2025-07-19,Q3 2025,completed
BEN-001542,Caroline,Barasa,Female,Kiambu,Plus,Health & Wellness,8,10,80.0,Completed,2025-11-27,Q4 2025,completed
BEN-001544,Baraka,Bett,Male,Meru County,Plus,Financial Literacy,12,12,100.0,In Progress,2026-07-10,Q3 2026,active
BEN-001545,Nicholas,Mutiso,Male,Kajiado,Plus,Financial Literacy,7,9,77.8,In Progress,2026-06-13,Q2 2026,active
BEN-001546,Victor,Wekesa,Male,Nairobi,Plus,Leadership,10,11,90.9,In Progress,2026-07-30,Q3 2026,active
BEN-001547,Mumbi,Barasa,Female,Muranga,Plus,Leadership,4,11,36.4,Dropped,2025-06-09,Q2 2025,dropped_out
BEN-001548,Chebet,Mbogo,Female,NYERI,Plus,Financial Literacy,8,8,100.0,In Progress,2026-03-29,Q1 2026,active
BEN-001549,Cherono,Mutiso,Female,Nyeri,Plus,Financial Literacy,3,10,30.0,Dropped,2025-05-23,Q2 2025,dropped_out
BEN-001551,Emily,Baya,Female,Nairobi,Plus,Health & Wellness,4,9,44.4,Completed,2026-03-19,Q1 2026,completed
BEN-001555,Emily,Onyango,Female,Kiambu,Plus,Financial Literacy,11,12,91.7,Completed,2026-03-31,Q1 2026,completed
BEN-001556,Wangari,Koech,Female,Nairobi,Plus,Health & Wellness,6,7,85.7,Completed,2025-02-13,Q1 2025,completed
BEN-001559,Kamau,Njoroge,Male,Mombasa,Plus,Mentorship,11,15,73.3,In Progress,2026-05-22,Q2 2026,active
BEN-001560,Kiptoo,Musyoka,Male,Kisumu,Plus,Entrepreneurship,7,13,53.8,In Progress,2026-07-18,Q3 2026,active
BEN-001561,Dennis,Mutua,Male,Kilifi,Plus,Community Service,4,10,40.0,In Progress,2026-08-18,Q3 2026,active
BEN-001562,Emmanuel,Kimani,Male,Nakuru,Plus,Community Service,6,9,66.7,Completed,2025-10-28,Q4 2025,completed
BEN-001564,Mercy,Juma,Female,Nairobi,Plus,Financial Literacy,9,11,81.8,In Progress,2026-09-29,Q3 2026,active
BEN-001565,Mutua,Cheruiyot,Male,Nairobi,Plus,Leadership,9,9,100.0,Completed,2025-12-18,Q4 2025,completed
BEN-001572,Cynthia,Matano,Female,Kiambu,Plus,Life Skills,12,13,92.3,Completed,2025-11-29,Q4 2025,completed
BEN-001574,Brian,Owino,Male,Bungoma,Plus,Health & Wellness,4,7,57.1,In Progress,2026-07-05,Q3 2026,active
BEN-001577,Barasa,Katana,Male,Mombasa,Plus,Health & Wellness,7,8,87.5,In Progress,2026-04-22,Q2 2026,active
BEN-001581,Dennis,Matano,Male,Kajiado,Plus,Entrepreneurship,12,16,75.0,In Progress,2026-01-22,Q1 2026,active
BEN-001583,Anthony,Korir,Male,Bungoma,Plus,Leadership,6,10,60.0,Completed,2025-08-20,Q3 2025,completed
BEN-001586,Daniel,Odhiambo,Male,Mombasa,Plus,Entrepreneurship,9,12,75.0,complete,2026-01-19,Q1 2026,completed
BEN-001587,Chepkoech,Baya,Female,Kiambu,Plus,Financial Literacy,11,12,91.7,In Progress,2026-05-10,Q2 2026,active
BEN-001588,Vincent,Katana,Male,Nairobi,Plus,Entrepreneurship,12,14,85.7,In Progress,2026-06-24,Q2 2026,active
BEN-001591,Neema,Kimani,Female,Kiambu,Plus,Life Skills,9,12,75.0,Completed,2025-09-14,Q3 2025,completed
BEN-001592,Daniel,Omondi,Male,Nairobi,Plus,Financial Literacy,10,11,90.9,In Progress,2026-03-01,Q1 2026,active
BEN-001593,Wekesa,Mwangi,Male,Mombasa,Plus,Life Skills,8,11,72.7,In Progress,2026-04-07,Q2 2026,active
BEN-001594,Diana,Cheruiyot,Female,nairobi,Plus,Mentorship,16,17,94.1,Completed,2025-05-21,Q2 2025,completed
BEN-001596,John,Wanjiku,Male,Nyeri,Plus,Financial Literacy,7,11,63.6,In Progress,2026-06-25,Q2 2026,active
BEN-001602,Caroline,Cheruiyot,Female,Nairobi,Plus,Mentorship,14,14,100.0,In Progress,2026-07-13,Q3 2026,active
BEN-001605,Nasieku,Njoroge,Female,Meru,Plus,Community Service,3,7,42.9,Dropped,2025-07-09,Q3 2025,dropped_out
BEN-001606,Francis,Mwangi,Male,Kiambu,Plus,Mentorship,11,18,61.1,Completed,2026-01-29,Q1 2026,completed
BEN-001609,Kendi,Mutua,Female,Nakuru,Plus,Life Skills,10,12,83.3,Completed,2026-03-02,Q1 2026,completed
BEN-001611,Faith,Charo,female,Uasin Gishu,Plus,Life Skills,11,14,78.6,In Progress,2026-07-04,Q3 2026,active
BEN-001613,Awuor,Nduta,Female,Nyeri,Plus,Community Service,6,9,66.7,Dropped,2026-01-29,Q1 2026,dropped_out
BEN-001615,Barasa,Musyoka,Male,nyeri,Plus,Health & Wellness,8,10,80.0,Completed,2026-02-20,Q1 2026,completed
BEN-001617,Otieno,Koech,Male,Nairobi,Plus,Financial Literacy,8,12,66.7,Completed,2026-03-21,Q1 2026,completed
BEN-001618,Dennis,Kimani,Male,Mombasa,Plus,Life Skills,8,10,80.0,In Progress,2026-09-01,Q3 2026,active
BEN-001620,Achieng,Musyoka,Female,Kiambu,Plus,Financial Literacy,4,8,50.0,In Progress,2026-06-13,Q2 2026,active
BEN-001621,Chepkoech,Kimani,Female,Bungoma,Plus,Entrepreneurship,5,11,45.5,Completed,2026-04-17,Q2 2026,completed
BEN-001622,Nkatha,Barasa,Female,Muranga,Plus,Mentorship,18,18,100.0,In Progress,2026-05-25,Q2 2026,active
BEN-001623,Halima,Charo,Female,Kiambu,Plus,Entrepreneurship,12,12,100.0,In Progress,2026-08-05,Q3 2026,active
BEN-001625,Emily,Mwakio,Female,Nairobi,Plus,Financial Literacy,8,12,66.7,Completed,2026-04-17,Q2 2026,completed
BEN-001626,Zawadi,Ochieng,Female,Machakos,Plus,Financial Literacy,10,12,83.3,In Progress,2026-03-15,Q1 2026,active
BEN-001627,Anyango,Hassan,Female,Muranga,Plus,Mentorship,10,16,62.5,Completed,2026-01-03,Q1 2026,completed
BEN-001628,Ali,Maina,M,Kajiado,Plus,Entrepreneurship,12,12,100.0,In Progress,2026-09-18,Q3 2026,active
BEN-001630,Caroline,Odhiambo,Female,Nyeri,Plus,Leadership,11,12,91.7,complete,2025-11-05,Q4 2025,completed
BEN-001631,Wekesa,Wanjiku,Male,Nakuru,Plus,Financial Literacy,12,12,100.0,In Progress,2026-09-18,Q3 2026,active
BEN-001632,Diana,Mwakio,Female,NYERI,Plus,Mentorship,15,20,75.0,Completed,2025-09-28,Q3 2025,completed
BEN-001634,Akinyi,Musyoka,Female,Nyeri,Plus,Leadership,8,11,72.7,COMPLETED,2025-07-08,Q3 2025,completed
BEN-001637,Faith,Mwakio,Female,Nairobi,Plus,Community Service,6,9,66.7,Completed,2026-01-10,Q1 2026,completed
BEN-001639,Chepkoech,Matano,Female,Kilifi,Plus,Financial Literacy,7,11,63.6,In Progress,2026-05-09,Q2 2026,active
BEN-001640,Achieng,Korir,Female,Mombasa,Plus,Financial Literacy,6,12,50.0,In Progress,2026-02-02,Q1 2026,active
BEN-001641,Chebet,Omondi,Female,Nairobi,Plus,Mentorship,16,16,100.0,Completed,2026-01-28,Q1 2026,completed
BEN-001642,Nasieku,Wekesa,Female,Machakos,Plus,Leadership,8,9,88.9,Completed,2025-10-29,Q4 2025,completed
BEN-001646,Esther,Omondi,Female,Nairobi,Plus,Community Service,8,9,88.9,Completed,2025-10-20,Q4 2025,completed
BEN-001649,Cherono,Abdi,Female,Uasin Gishu,Plus,Entrepreneurship,7,10,70.0,In Progress,2026-09-03,Q3 2026,active
BEN-001650,Dennis,Juma,Male,Bungoma,Plus,Community Service,6,7,85.7,Completed,2026-04-26,Q2 2026,completed
BEN-001653,Barasa,Nduta,Male,Kisumu,Plus,Leadership,5,11,45.5,Completed,2025-01-05,Q1 2025,completed
BEN-001655,Mumbi,Musyoka,Female,Muranga,Plus,Life Skills,6,10,60.0,Completed,2025-10-08,Q4 2025,completed
BEN-001660,Patrick,Musyoka,Male,Kilifi,Plus,Mentorship,16,18,88.9,In Progress,2026-08-29,Q3 2026,active
BEN-001662,Wanjiku,Kiptoo,Female,Machakos,Plus,Entrepreneurship,10,12,83.3,Completed,2025-11-20,Q4 2025,completed
BEN-001663,Wangari,Mbogo,Female,Kilifi,Plus,Life Skills,8,13,61.5,Completed,2025-05-07,Q2 2025,completed
BEN-001664,Omondi,Ochieng,Male,Kiambu,Plus,Health & Wellness,5,8,62.5,Completed,2025-11-05,Q4 2025,completed
BEN-001665,Wangari,Nduta,Female,Meru,Plus,Health & Wellness,6,9,66.7,Dropped,2026-01-09,Q1 2026,dropped_out
BEN-001666,Wangari,Otieno,Female,Nairobi,Plus,Health & Wellness,7,9,77.8,In Progress,2026-03-28,Q1 2026,active
BEN-001668,Caroline,Ochieng,Female,Kisumu,Plus,Mentorship,14,18,77.8,Completed,2025-11-02,Q4 2025,completed
BEN-001669,Faith,Cheruiyot,Female,KIAMBU,Plus,Mentorship,12,13,92.3,Completed,2026-03-27,Q1 2026,completed
BEN-001674,Akinyi,Rotich,Female,Kisii,Plus,Entrepreneurship,12,14,85.7,In Progress,2026-06-27,Q2 2026,active
BEN-001677,Mumbi,Charo,Female,Nairobi,Plus,Financial Literacy,9,11,81.8,Completed,2025-03-19,Q1 2025,completed
BEN-001678,Kilonzo,Barasa,Male,Nairobi,Plus,Entrepreneurship,13,13,100.0,In Progress,2026-06-23,Q2 2026,active
BEN-001683,Chepkoech,Onyango,Female,Mombasa,Plus,Leadership,6,12,50.0,Completed,2025-08-08,Q3 2025,completed
BEN-001684,Purity,Abdi,Female,Mombasa,Plus,Leadership,6,8,75.0,Completed,2026-02-23,Q1 2026,completed
BEN-001685,Jerop,Mwakio,Female,Kajiado,Plus,Life Skills,10,10,100.0,In Progress,2026-03-22,Q1 2026,active
BEN-001689,Nasieku,Owino,Female,Kajiado,Plus,Mentorship,15,16,93.8,In Progress,2026-03-14,Q1 2026,active
BEN-001692,Akinyi,Wekesa,Female,Uasin Gishu,Plus,Mentorship,12,19,63.2,In Progress,2026-05-01,Q2 2026,active
BEN-001698,Esther,Mutua,Female,Nyeri,Plus,Financial Literacy,5,9,55.6,Dropped,2025-10-03,Q4 2025,dropped_out
BEN-001700,Chebet,Mbogo,Female,Nakuru,Plus,Entrepreneurship,6,13,46.2,Completed,2026-06-14,Q2 2026,completed
BEN-001703,Anthony,Rotich,Male,Kiambu,Plus,Health & Wellness,2,8,25.0,Dropped,2025-08-08,Q3 2025,dropped_out
BEN-001704,Purity,Owino,Female,Nakuru,Plus,Entrepreneurship,14,15,93.3,Completed,2025-09-02,Q3 2025,completed
BEN-001706,Brian,Muthoni,Male,Kakamega,Plus,Life Skills,11,14,78.6,Completed,2025-10-29,Q4 2025,completed
BEN-001707,Abdi,Muthoni,m,Nairobi,Plus,Community Service,9,9,100.0,In Progress,2026-02-07,Q1 2026,active
BEN-001710,Onyango,Juma,Male,Muranga,Plus,Leadership,4,10,40.0,Dropped,2025-11-26,Q4 2025,dropped_out
BEN-001716,Emily,Chebet,Female,Kiambu,Plus,Entrepreneurship,9,11,81.8,complete,2026-06-12,Q2 2026,completed
BEN-001722,Baraka,Mutiso,Male,Nyeri,Plus,Entrepreneurship,12,13,92.3,Completed,2025-10-09,Q4 2025,completed
BEN-001723,Anyango,Hassan,Female,Meru,Plus,Life Skills,8,12,66.7,In Progress,2026-01-30,Q1 2026,active
BEN-001725,Brian,Hassan,Male,Nairobi,Plus,Financial Literacy,7,9,77.8,In Progress,2026-07-18,Q3 2026,active
BEN-001727,Amina,Wekesa,Female,Kajiado,Plus,Mentorship,9,12,75.0,Completed,2025-02-10,Q1 2025,completed
BEN-001729,Cherono,Kamau,Female,Nairobi,Plus,Leadership,7,8,87.5,Completed,2025-12-22,Q4 2025,completed
BEN-001731,Collins,Odhiambo,m,Kiambu,Plus,Health & Wellness,5,6,83.3,Completed,2025-02-05,Q1 2025,completed
BEN-001732,Sharon,Hassan,Female,meru,Plus,Health & Wellness,10,10,100.0,Completed,2025-07-21,Q3 2025,completed
BEN-001733,Purity,Musyoka,Female,Nairobi,Plus,Health & Wellness,7,9,77.8,complete,2025-06-11,Q2 2025,completed
BEN-001735,Chepkoech,Koech,female,Nairobi,Plus,Community Service,7,7,100.0,Completed,2025-12-29,Q4 2025,completed
BEN-001736,Njeri,Kiptoo,Female,Nairobi,Plus,Health & Wellness,6,10,60.0,In Progress,2026-03-18,Q1 2026,active
BEN-001739,Nyambura,Kiptoo,Female,Kisumu,Plus,Health & Wellness,3,9,33.3,Completed,2025-04-23,Q2 2025,completed
BEN-001742,Cheruiyot,Njoroge,Male,Kisumu,Plus,Mentorship,5,13,38.5,Dropped,2025-02-24,Q1 2025,dropped_out
BEN-001744,Kagure,Kamau,F,Mombasa,Plus,Mentorship,16,16,100.0,Completed,2026-04-11,Q2 2026,completed
BEN-001747,Juma,Katana,Male,Nairobi,Plus,Community Service,6,6,100.0,In Progress,2026-09-12,Q3 2026,active
BEN-001750,David,Korir,Male,Meru,Plus,Life Skills,11,13,84.6,complete,2025-07-02,Q3 2025,completed
BEN-001756,Diana,Kamau,Female,Kakamega,Plus,Mentorship,8,13,61.5,In Progress,2026-01-27,Q1 2026,active
BEN-001760,Emmanuel,Kilonzo,Male,Mombasa,Plus,Health & Wellness,8,10,80.0,Completed,2025-05-31,Q2 2025,completed
BEN-001761,Beatrice,Kiptoo,f,Kilifi,Plus,Entrepreneurship,8,11,72.7,In Progress,2026-08-28,Q3 2026,active
BEN-001762,Mutua,Maina,Male,Mombasa,Plus,Life Skills,8,11,72.7,In Progress,2026-08-18,Q3 2026,active
BEN-001763,Dennis,Ochieng,Male,Kisumu,Plus,Life Skills,9,12,75.0,In Progress,2026-09-03,Q3 2026,active
BEN-001764,Collins,Barasa,Male,Kisumu,Plus,Health & Wellness,4,10,40.0,Dropped,2025-12-20,Q4 2025,dropped_out
BEN-001765,Musyoka,Otieno,Male,Meru,Plus,Life Skills,9,11,81.8,In Progress,2026-07-12,Q3 2026,active
BEN-001766,Patrick,Kiptoo,Male,Kisii,Plus,Life Skills,9,11,81.8,In Progress,2026-04-30,Q2 2026,active
BEN-001768,Patrick,Barasa,Male,Kilifi,Plus,Entrepreneurship,11,13,84.6,In Progress,2026-09-13,Q3 2026,active
BEN-001771,Korir,Nyambane,Male,Machakos,Plus,Mentorship,18,18,100.0,In Progress,2026-07-13,Q3 2026,active
BEN-001775,Brian,Mutua,Male,Nairobi,Plus,Community Service,9,10,90.0,In Progress,2026-01-22,Q1 2026,active
BEN-001779,Ali,Mohamed,Male,Mombasa,Plus,Community Service,8,9,88.9,In Progress,2026-06-22,Q2 2026,active
BEN-001781,Naisula,Gitau,Female,MOMBASA,Plus,Health & Wellness,5,8,62.5,In Progress,2026-09-07,Q3 2026,active
BEN-001784,Nkatha,Koech,Female,nairobi,Plus,Community Service,7,8,87.5,Completed,2025-09-16,Q3 2025,completed
BEN-001787,Anyango,Charo,Female,muranga,Plus,Mentorship,10,13,76.9,Completed,2026-03-10,Q1 2026,completed
BEN-001789,Juma,Achieng,Male,Nairobi,Plus,Leadership,9,9,100.0,Completed,2025-01-02,Q1 2025,completed
BEN-001790,Faith,Katana,Female,Nairobi County,Plus,Entrepreneurship,15,15,100.0,In Progress,2026-09-03,Q3 2026,active
BEN-001792,Amina,Katana,Female,Kisumu,Plus,Health & Wellness,8,10,80.0,COMPLETED,2026-01-20,Q1 2026,completed
BEN-001793,Mercy,Charo,Female,Kisumu County,Plus,Health & Wellness,4,6,66.7,Completed,2026-03-23,Q1 2026,completed
BEN-001796,Diana,Korir,Female,Mombasa,Plus,Life Skills,9,10,90.0,In Progress,2026-07-04,Q3 2026,active
BEN-001798,Omondi,Wanjiku,Male,Kilifi,Plus,Financial Literacy,7,9,77.8,In Progress,2026-09-28,Q3 2026,active
BEN-001799,Omondi,Kuria,Male,Meru,Plus,Life Skills,8,14,57.1,Dropped,2026-05-16,Q2 2026,dropped_out
BEN-001800,Diana,Maina,Female,Nyeri,Plus,Community Service,3,6,50.0,Dropped,2026-03-07,Q1 2026,dropped_out
BEN-001801,Halima,Korir,Female,nairobi,Plus,Life Skills,6,11,54.5,DROPPED,2025-05-18,Q2 2025,dropped_out
BEN-001802,Brenda,Odhiambo,FEMALE,Kiambu,Plus,Health & Wellness,8,8,100.0,In Progress,2026-06-15,Q2 2026,active
BEN-001806,Diana,Wanjiku,Female,Kiambu,Plus,Leadership,6,9,66.7,Completed,2026-03-11,Q1 2026,completed
BEN-001807,Peter,Ochieng,Male,Kisii,Plus,Life Skills,7,11,63.6,In Progress,2026-09-02,Q3 2026,active
BEN-001808,Abdi,Charo,Male,Kiambu,Plus,Health & Wellness,4,7,57.1,Completed,2026-02-07,Q1 2026,completed
BEN-001809,Awuor,Achieng,Female,Nairobi,Plus,Leadership,7,9,77.8,In Progress,2026-08-12,Q3 2026,active
BEN-001810,Diana,Baya,female,Mombasa,Plus,Community Service,6,7,85.7,Completed,2025-07-11,Q3 2025,completed
BEN-001812,Nasieku,Nyambane,Female,Kiambu,Plus,Health & Wellness,8,8,100.0,In Progress,2026-06-30,Q2 2026,active
BEN-001813,Baraka,Odhiambo,Male,Uasin Gishu,Plus,Life Skills,7,14,50.0,Completed,2026-02-03,Q1 2026,completed
BEN-001818,Beatrice,Baya,Female,Kakamega,Plus,Mentorship,12,18,66.7,In Progress,2026-09-20,Q3 2026,active
BEN-001819,Kilonzo,Kuria,Male,Nairobi,Plus,Entrepreneurship,10,13,76.9,Completed,2026-06-17,Q2 2026,completed
BEN-001820,Vincent,Owino,Male,Uasin Gishu,Plus,Leadership,5,12,41.7,Completed,2026-05-19,Q2 2026,completed
BEN-001822,Samuel,Juma,Male,Muranga,Plus,Entrepreneurship,9,14,64.3,Dropped,2025-12-27,Q4 2025,dropped_out
BEN-001824,Emmanuel,Nyambane,Male,Kilifi,Plus,Financial Literacy,8,10,80.0,In Progress,2026-06-28,Q2 2026,active
BEN-001829,Timothy,Nyambane,Male,Kiambu,Plus,Mentorship,10,14,71.4,Completed,2025-12-26,Q4 2025,completed
BEN-001831,Mohamed,Bett,Male,Kisii,Plus,Entrepreneurship,13,15,86.7,Completed,2025-01-15,Q1 2025,completed
BEN-001834,Achieng,Muthoni,Female,Nyeri,Plus,Community Service,8,10,80.0,In Progress,2026-08-12,Q3 2026,active
BEN-001835,Nicholas,Charo,Male,Kisumu,Plus,Entrepreneurship,5,11,45.5,Dropped,2025-10-02,Q4 2025,dropped_out
BEN-001836,Esther,Njoroge,Female,Nakuru,Plus,Life Skills,9,11,81.8,In Progress,2026-03-16,Q1 2026,active
BEN-001839,Halima,Barasa,Female,Uasin Gishu,Plus,Life Skills,10,13,76.9,In Progress,2026-04-27,Q2 2026,active
BEN-001841,Patrick,Barasa,Male,Meru,Plus,Health & Wellness,8,9,88.9,In Progress,2026-07-27,Q3 2026,active
BEN-001848,Amina,Baya,Female,Nairobi,Plus,Health & Wellness,8,9,88.9,Completed,2026-02-20,Q1 2026,completed
BEN-001851,Beatrice,Onyango,Female,Kisii,Plus,Entrepreneurship,13,15,86.7,Completed,2025-03-12,Q1 2025,completed
BEN-001855,Collins,Abdi,Male,Meru,Plus,Community Service,10,10,100.0,In Progress,2026-08-05,Q3 2026,active
BEN-001857,Awuor,Odhiambo,Female,KIAMBU,Plus,Community Service,7,10,70.0,In Progress,2026-08-29,Q3 2026,active
BEN-001860,Kagure,Odhiambo,Female,Nairobi,Plus,Life Skills,14,14,100.0,Completed,2025-06-10,Q2 2025,completed
BEN-001864,Cynthia,Maina,Female,Bungoma,Plus,Life Skills,7,11,63.6,Completed,2025-08-28,Q3 2025,completed
BEN-001867,Stephen,Bett,Male,muranga,Plus,Health & Wellness,8,9,88.9,In Progress,2026-04-29,Q2 2026,active
BEN-001868,Kagure,Katana,Female,Nairobi,Plus,Financial Literacy,7,9,77.8,Completed,2026-01-30,Q1 2026,completed
BEN-001870,Awuor,Kuria,Female,Nairobi,Plus,Mentorship,10,13,76.9,Completed,2025-08-06,Q3 2025,completed
BEN-001873,Faith,Mohamed,Female,Machakos,Plus,Entrepreneurship,8,11,72.7,Completed,2025-02-21,Q1 2025,completed
BEN-001874,Mumbi,Juma,Female,Nairobi,Plus,Community Service,8,10,80.0,In Progress,2026-05-31,Q2 2026,active
BEN-001875,Mumbi,Ochieng,Female,Uasin Gishu,Plus,Financial Literacy,9,10,90.0,Completed,2025-06-27,Q2 2025,completed
BEN-001876,Kelvin,Hassan,Male,Uasin Gishu,Plus,Financial Literacy,7,10,70.0,In Progress,2026-01-13,Q1 2026,active
BEN-001881,Kagure,Ochieng,Female,Kilifi,Plus,Community Service,2,6,33.3,dropped out,2025-12-17,Q4 2025,dropped_out
BEN-001884,Nicholas,Kimani,Male,Meru,Plus,Health & Wellness,7,9,77.8,In Progress,2026-04-17,Q2 2026,active
BEN-001885,Kelvin,Achieng,Male,Machakos,Plus,Community Service,7,8,87.5,In Progress,2026-08-31,Q3 2026,active
BEN-001886,Onyango,Mbogo,Male,Kisii,Plus,Community Service,5,6,83.3,Completed,2025-12-01,Q4 2025,completed
BEN-001889,Wanjiku,Katana,Female,Kilifi,Plus,Health & Wellness,3,7,42.9,Dropped,2025-08-28,Q3 2025,dropped_out
BEN-001891,John,Bett,Male,Mombasa,Plus,Entrepreneurship,8,11,72.7,COMPLETED,2025-10-19,Q4 2025,completed
BEN-001892,Samuel,Barasa,m,Mombasa,Plus,Mentorship,12,20,60.0,Completed,2026-06-03,Q2 2026,completed
BEN-001893,Achieng,Otieno,Female,Nairobi,Plus,Mentorship,14,20,70.0,Completed,2025-11-19,Q4 2025,completed
BEN-001894,Sharon,Omondi,Female,Kilifi,Plus,Leadership,8,12,66.7,In Progress,2026-01-03,Q1 2026,active
BEN-001897,Mutua,Kilonzo,Male,Bungoma,Plus,Health & Wellness,4,7,57.1,Dropped,2025-05-23,Q2 2025,dropped_out
BEN-001898,Jerop,Korir,Female,Uasin Gishu,Plus,Mentorship,13,16,81.2,Completed,2026-06-27,Q2 2026,completed
BEN-001901,Simon,Koech,Male,Nyeri,Plus,Financial Literacy,6,12,50.0,Dropped,2026-06-28,Q2 2026,dropped_out
BEN-001902,Onyango,Koech,Male,Machakos,Plus,Health & Wellness,6,6,100.0,In Progress,2026-04-28,Q2 2026,active
BEN-001904,Kagure,Mohamed,Female,Nairobi,Plus,Entrepreneurship,10,11,90.9,Completed,2025-04-10,Q2 2025,completed
BEN-001906,Kelvin,Mwangi,Male,Muranga,Plus,Community Service,8,10,80.0,In Progress,2026-07-29,Q3 2026,active
BEN-001913,Halima,Hassan,Female,Mombasa,Plus,Health & Wellness,6,6,100.0,Completed,2025-05-09,Q2 2025,completed
BEN-001920,Nyambura,Mutiso,Female,kajiado,Plus,Leadership,6,8,75.0,Completed,2025-07-16,Q3 2025,completed
BEN-001922,Anyango,Rotich,Female,Uasin Gishu,Plus,Health & Wellness,6,6,100.0,In Progress,2026-08-04,Q3 2026,active
BEN-001924,Simon,Gitau,Male,Uasin Gishu,Plus,Leadership,8,10,80.0,Completed,2026-05-21,Q2 2026,completed
BEN-001932,Nicholas,Mohamed,Male,kisumu,Plus,Life Skills,10,11,90.9,Completed,2025-04-20,Q2 2025,completed
BEN-001933,Mohamed,Matano,m,MOMBASA,Plus,Mentorship,10,15,66.7,Completed,2025-08-16,Q3 2025,completed
BEN-001935,Emily,Matano,female,Nairobi,Plus,Leadership,7,8,87.5,complete,2026-03-10,Q1 2026,completed
BEN-001936,Rotich,Maina,Male,Meru,Plus,Leadership,9,12,75.0,In Progress,2026-07-31,Q3 2026,active
BEN-001937,Beatrice,Otieno,female,Nairobi,Plus,Leadership,10,12,83.3,In Progress,2026-08-14,Q3 2026,active
BEN-001939,Beatrice,Nyambane,Female,MOMBASA,Plus,Community Service,4,8,50.0,Completed,2025-09-02,Q3 2025,completed
BEN-001943,Musyoka,Kiptoo,Male,Nakuru,Plus,Community Service,6,8,75.0,Completed,2025-10-27,Q4 2025,completed
BEN-001944,Nicholas,Juma,Male,Mombasa,Plus,Life Skills,5,11,45.5,Dropped,2025-12-26,Q4 2025,dropped_out
BEN-001946,Naisula,Juma,Female,KIAMBU,Plus,Leadership,8,8,100.0,In Progress,2026-04-27,Q2 2026,active
BEN-001947,Purity,Korir,Female,Kilifi,Plus,Community Service,4,6,66.7,Completed,2025-03-03,Q1 2025,completed
BEN-001949,Kipchoge,Hassan,Male,Uasin Gishu,Plus,Mentorship,7,13,53.8,Completed,2026-01-01,Q1 2026,completed
BEN-001950,Grace,Baya,Female,Nairobi,Plus,Life Skills,10,12,83.3,Completed,2025-08-13,Q3 2025,completed
BEN-001952,Baraka,Abdi,Male,Uasin Gishu,Plus,Mentorship,9,12,75.0,In Progress,2026-05-29,Q2 2026,active
BEN-001953,Daniel,Odhiambo,Male,Mombasa,Plus,Community Service,7,8,87.5,In Progress,2026-02-14,Q1 2026,active
BEN-001954,Akinyi,Owino,Female,Kisumu,Plus,Community Service,9,10,90.0,Completed,2025-11-15,Q4 2025,completed
BEN-001955,Anthony,Otieno,Male,Nairobi,Plus,Health & Wellness,9,10,90.0,COMPLETED,2025-08-08,Q3 2025,completed
BEN-001957,Anyango,Nyambane,Female,Nairobi,Plus,Health & Wellness,6,7,85.7,In Progress,2026-04-17,Q2 2026,active
BEN-001958,Nasieku,Kilonzo,Female,Kiambu,Plus,Financial Literacy,10,11,90.9,Completed,2026-02-28,Q1 2026,completed
BEN-001959,Brian,Kimani,Male,Uasin Gishu,Plus,Life Skills,7,11,63.6,In Progress,2026-03-06,Q1 2026,active
BEN-001962,Naisula,Wekesa,Female,Kiambu,Plus,Life Skills,12,12,100.0,In Progress,2026-04-17,Q2 2026,active
BEN-001963,Anyango,Hassan,Female,Kakamega County,Plus,Health & Wellness,6,9,66.7,Dropped,2025-08-01,Q3 2025,dropped_out
BEN-001966,Kendi,Njoroge,Female,Kajiado,Plus,Mentorship,18,19,94.7,In Progress,2026-04-08,Q2 2026,active
BEN-001967,John,Muthoni,Male,Kisumu,Plus,Health & Wellness,5,6,83.3,In Progress,2026-02-19,Q1 2026,active
BEN-001968,Kilonzo,Mbogo,Male,Kisumu,Plus,Mentorship,17,20,85.0,In Progress,2026-07-06,Q3 2026,active
BEN-001970,Atieno,Katana,Female,Kakamega,Plus,Leadership,9,12,75.0,In Progress,2026-06-10,Q2 2026,active
BEN-001971,Isaac,Ngugi,MALE,Bungoma,Plus,Entrepreneurship,10,15,66.7,Completed,2025-10-18,Q4 2025,completed
BEN-001972,Nkatha,Nyambane,Female,Kilifi,Plus,Health & Wellness,6,6,100.0,In Progress,2026-06-28,Q2 2026,active
BEN-001973,Simon,Bett,Male,Nairobi,Plus,Health & Wellness,5,7,71.4,In Progress,2026-04-01,Q2 2026,active
BEN-001977,Grace,Maina,Female,Nyeri,Plus,Leadership,6,10,60.0,In Progress,2026-07-21,Q3 2026,active
BEN-001978,Halima,Bett,female,Nairobi,Plus,Health & Wellness,5,6,83.3,In Progress,2026-06-03,Q2 2026,active
BEN-001984,Awuor,Bett,Female,Kiambu,Plus,Community Service,3,6,50.0,Dropped,2025-05-10,Q2 2025,dropped_out
BEN-001987,Diana,Mutiso,Female,Kakamega,Plus,Mentorship,11,20,55.0,In Progress,2026-06-12,Q2 2026,active
BEN-001990,Ali,Mwakio,Male,Nairobi,Plus,Leadership,7,9,77.8,Completed,2025-06-21,Q2 2025,completed
BEN-001992,Wangari,Mohamed,Female,Kajiado,Plus,Community Service,7,9,77.8,In Progress,2026-07-05,Q3 2026,active
BEN-001993,Korir,Cheruiyot,Male,Meru,Plus,Leadership,9,12,75.0,Completed,2026-02-16,Q1 2026,completed
BEN-001995,Joy,Maina,Female,Nakuru,Plus,Community Service,6,7,85.7,In Progress,2026-07-13,Q3 2026,active
BEN-001999,Samuel,Koech,Male,Nairobi,Plus,Leadership,8,9,88.9,In Progress,2026-08-22,Q3 2026,active
BEN-002000,Simon,Onyango,Male,Nyeri,Plus,Financial Literacy,12,12,100.0,In Progress,2026-07-29,Q3 2026,active
BEN-002001,Kamau,Abdi,Male,Nyeri,Plus,Entrepreneurship,5,14,35.7,Dropped,2025-11-22,Q4 2025,dropped_out
BEN-002004,Diana,Matano,Female,Kakamega,Plus,Entrepreneurship,14,16,87.5,In Progress,2026-04-15,Q2 2026,active
BEN-002007,Nicholas,Wanjiku,Male,Kilifi,Plus,Health & Wellness,7,10,70.0,Completed,2025-11-27,Q4 2025,completed
BEN-002010,Emily,Baya,Female,Kisii,Plus,Mentorship,10,15,66.7,Completed,2025-05-12,Q2 2025,completed
BEN-002012,Anthony,Mutua,Male,Nyeri,Plus,Health & Wellness,6,7,85.7,In Progress,2026-06-23,Q2 2026,active
BEN-002013,Victor,Mutua,Male,UASIN_GISHU,Plus,Community Service,4,8,50.0,In Progress,2026-08-26,Q3 2026,active
BEN-002016,Boniface,Kiptoo,Male,Mombasa,Plus,Financial Literacy,5,10,50.0,Dropped,2025-04-12,Q2 2025,dropped_out
BEN-002022,Vincent,Odhiambo,Male,Nakuru,Plus,Financial Literacy,9,11,81.8,In Progress,2026-06-03,Q2 2026,active
BEN-002023,Anyango,Onyango,Female,Kilifi,Plus,Mentorship,10,15,66.7,Completed,2026-02-17,Q1 2026,completed
BEN-002025,Mercy,Kilonzo,Female,Nairobi,Plus,Health & Wellness,6,6,100.0,In Progress,2026-03-28,Q1 2026,active
BEN-002026,Omondi,Onyango,Male,Nyeri,Plus,Life Skills,9,14,64.3,Dropped,2025-05-04,Q2 2025,dropped_out
BEN-002027,Mohamed,Charo,Male,Nairobi,Plus,Life Skills,7,10,70.0,Completed,2025-07-28,Q3 2025,completed
BEN-002029,Mutua,Wanjiku,Male,Nyeri,Plus,Life Skills,7,10,70.0,Completed,2026-01-21,Q1 2026,completed
BEN-002030,Otieno,Njenga,Male,KISUMU,Plus,Entrepreneurship,7,14,50.0,In Progress,2026-09-07,Q3 2026,active
BEN-002032,Sharon,Kuria,Female,Nakuru,Plus,Community Service,10,10,100.0,In Progress,2026-02-16,Q1 2026,active
BEN-002033,Kagure,Kilonzo,Female,Nakuru,Plus,Life Skills,9,13,69.2,Completed,2025-05-12,Q2 2025,completed
BEN-002035,Wekesa,Barasa,Male,Uasin Gishu,Plus,Mentorship,8,13,61.5,Completed,2025-02-27,Q1 2025,completed
BEN-002037,Chebet,Wekesa,Female,KISII,Plus,Mentorship,6,14,42.9,Dropped,2025-12-11,Q4 2025,dropped_out
BEN-002039,Kelvin,Muthoni,Male,Kilifi,Plus,Mentorship,7,13,53.8,dropped out,2025-11-23,Q4 2025,dropped_out
BEN-002041,Nyambura,Kilonzo,Female,Nairobi,Plus,Financial Literacy,11,11,100.0,Completed,2025-03-05,Q1 2025,completed
BEN-002047,Rotich,Kuria,male,Machakos,Plus,Financial Literacy,7,9,77.8,In Progress,2026-08-28,Q3 2026,active
BEN-002050,Otieno,Juma,Male,Machakos,Plus,Life Skills,5,11,45.5,Dropped,2026-03-13,Q1 2026,dropped_out
BEN-002051,Diana,Mohamed,Female,Mombasa,Plus,Financial Literacy,7,8,87.5,Completed,2025-09-10,Q3 2025,completed
BEN-002057,Beatrice,Njenga,Female,Kiambu,Plus,Financial Literacy,6,8,75.0,Completed,2025-12-28,Q4 2025,completed
BEN-002062,Vincent,Musyoka,Male,BUNGOMA,Plus,Entrepreneurship,14,15,93.3,In Progress,2026-05-15,Q2 2026,active
BEN-002064,Collins,Mbogo,Male,Uasin Gishu,Plus,Financial Literacy,10,12,83.3,Completed,2025-12-13,Q4 2025,completed
BEN-002066,Kilonzo,Matano,Male,Meru,Plus,Life Skills,7,10,70.0,In Progress,2026-09-27,Q3 2026,active
BEN-002067,Kilonzo,Musyoka,Male,Kakamega,Plus,Entrepreneurship,9,12,75.0,In Progress,2026-08-30,Q3 2026,active
BEN-002069,Cheruiyot,Maina,Male,Nairobi,Plus,Health & Wellness,7,7,100.0,In Progress,2026-05-14,Q2 2026,active
BEN-002070,Chebet,Baya,Female,Bungoma,Plus,Life Skills,5,12,41.7,Dropped,2026-06-13,Q2 2026,dropped_out
BEN-002071,Kilonzo,Mwangi,Male,Mombasa,Plus,Health & Wellness,5,7,71.4,In Progress,2026-05-03,Q2 2026,active
BEN-002075,Esther,Musyoka,Female,Muranga County,Plus,Financial Literacy,5,8,62.5,COMPLETED,2025-10-27,Q4 2025,completed
BEN-002076,Kiptoo,Njenga,Male,Kisumu,Plus,Health & Wellness,3,9,33.3,dropped out,2025-10-25,Q4 2025,dropped_out
BEN-002077,Wanjiku,Mwakio,Female,Nairobi,Plus,Life Skills,10,10,100.0,Completed,2025-12-30,Q4 2025,completed
BEN-002082,Wangari,Owino,Female,Nairobi,Plus,Health & Wellness,7,9,77.8,In Progress,2026-06-26,Q2 2026,active
BEN-002084,David,Mbogo,Male,Machakos,Plus,Community Service,4,7,57.1,Completed,2025-07-02,Q3 2025,completed
BEN-002085,Nasieku,Wafula,Female,Kisii,Plus,Life Skills,8,10,80.0,In Progress,2026-05-26,Q2 2026,active
BEN-002090,Collins,Chebet,Male,Kisumu,Plus,Community Service,4,7,57.1,In Progress,2026-01-13,Q1 2026,active
BEN-002091,Amina,Odhiambo,Female,Uasin Gishu,Plus,Entrepreneurship,12,15,80.0,Completed,2026-03-12,Q1 2026,completed
BEN-002094,Chepkoech,Achieng,Female,Meru,Plus,Mentorship,14,16,87.5,Completed,2026-06-21,Q2 2026,completed
BEN-002099,Wekesa,Koech,Male,mombasa,Plus,Community Service,5,7,71.4,Completed,2025-07-10,Q3 2025,completed
BEN-002101,Caroline,Koech,Female,Uasin Gishu,Plus,Life Skills,7,10,70.0,In Progress,2026-01-29,Q1 2026,active
BEN-002102,Musyoka,Musyoka,Male,Uasin Gishu County,Plus,Mentorship,12,13,92.3,Completed,2025-05-22,Q2 2025,completed
BEN-002103,Kiptoo,Kimani,Male,Kajiado County,Plus,Life Skills,6,12,50.0,Dropped,2025-12-09,Q4 2025,dropped_out
BEN-002104,Mumbi,Odhiambo,Female,Nairobi,Plus,Financial Literacy,10,11,90.9,Completed,2025-12-27,Q4 2025,completed
BEN-002105,Halima,Mutiso,Female,NAIROBI,Plus,Mentorship,19,19,100.0,In Progress,2026-04-15,Q2 2026,active
BEN-002106,Anyango,Gitau,FEMALE,Kakamega,Plus,Financial Literacy,5,9,55.6,In Progress,2026-06-04,Q2 2026,active
BEN-002108,Mumbi,Wafula,Female,Kajiado,Plus,Health & Wellness,10,10,100.0,complete,2026-02-23,Q1 2026,completed
BEN-002110,Cherono,Mutua,Female,Meru County,Plus,Leadership,11,12,91.7,In Progress,2026-07-20,Q3 2026,active
BEN-002112,Wekesa,Baya,Male,Muranga,Plus,Leadership,9,12,75.0,COMPLETED,2026-03-22,Q1 2026,completed
BEN-002113,Mercy,Owino,Female,Nyeri,Plus,Life Skills,9,11,81.8,Completed,2025-10-12,Q4 2025,completed
BEN-002117,Ali,Wafula,Male,Nyeri,Plus,Financial Literacy,9,9,100.0,In Progress,2026-02-21,Q1 2026,active
BEN-002119,Chebet,Nduta,Female,Kiambu,Plus,Community Service,8,9,88.9,Completed,2026-01-28,Q1 2026,completed
BEN-002120,Kelvin,Odhiambo,Male,Bungoma,Plus,Entrepreneurship,6,16,37.5,Dropped,2025-07-13,Q3 2025,dropped_out
BEN-002121,Njeri,Kimani,Female,Nairobi,Plus,Entrepreneurship,10,11,90.9,Completed,2025-01-11,Q1 2025,completed
BEN-002124,Ali,Kilonzo,Male,Muranga,Plus,Mentorship,9,16,56.2,DROPPED,2026-05-07,Q2 2026,dropped_out
BEN-002129,Baraka,Njoroge,Male,Nairobi,Plus,Life Skills,9,10,90.0,Completed,2025-08-08,Q3 2025,completed
BEN-002131,Kipchoge,Charo,Male,Kiambu,Plus,Health & Wellness,5,10,50.0,Completed,2025-02-27,Q1 2025,completed
BEN-002135,Juma,Kiptoo,Male,kakamega,Plus,Community Service,8,8,100.0,In Progress,2026-04-05,Q2 2026,active
BEN-002136,Mumbi,Baya,Female,Meru,Plus,Entrepreneurship,12,13,92.3,Completed,2025-05-12,Q2 2025,completed
BEN-002138,Odhiambo,Katana,Male,Mombasa,Plus,Life Skills,9,13,69.2,Completed,2026-05-23,Q2 2026,completed
BEN-002139,Gathoni,Kuria,FEMALE,Machakos,Plus,Leadership,9,9,100.0,Completed,2025-07-30,Q3 2025,completed
BEN-002141,Mercy,Mbogo,Female,Nairobi,Plus,Financial Literacy,8,10,80.0,In Progress,2026-06-13,Q2 2026,active
BEN-002142,Peter,Odhiambo,Male,Kiambu,Plus,Leadership,6,11,54.5,Dropped,2026-05-09,Q2 2026,dropped_out
BEN-002145,Onyango,Cheruiyot,Male,Mombasa,Plus,Financial Literacy,7,11,63.6,Dropped,2025-03-16,Q1 2025,dropped_out
BEN-002146,Akinyi,Rotich,Female,Nyeri,Plus,Financial Literacy,6,9,66.7,Completed,2025-12-17,Q4 2025,completed
BEN-002147,Wanjiru,Musyoka,Female,Mombasa,Plus,Entrepreneurship,11,12,91.7,Completed,2026-02-14,Q1 2026,completed
BEN-002148,Joy,Musyoka,Female,Kisii,Plus,Financial Literacy,11,11,100.0,In Progress,2026-04-20,Q2 2026,active
BEN-002152,Omondi,Njenga,Male,Nairobi,Plus,Life Skills,8,10,80.0,Completed,2025-10-15,Q4 2025,completed
BEN-002153,Cheruiyot,Ochieng,Male,Nakuru,Plus,Community Service,3,6,50.0,In Progress,2026-06-05,Q2 2026,active
BEN-002154,Nkatha,Kariuki,Female,Meru,Plus,Mentorship,12,15,80.0,Completed,2025-05-26,Q2 2025,completed
BEN-002155,Diana,Juma,Female,Nakuru,Plus,Community Service,6,7,85.7,Completed,2025-07-25,Q3 2025,completed
BEN-002156,Stephen,Omondi,M,KILIFI,Plus,Leadership,6,10,60.0,Dropped,2025-03-17,Q1 2025,dropped_out
BEN-002157,Mohamed,Ngugi,Male,Nairobi,Plus,Community Service,7,8,87.5,Completed,2025-11-18,Q4 2025,completed
BEN-002159,Kelvin,Owino,male,Nakuru,Plus,Life Skills,6,11,54.5,Dropped,2025-10-14,Q4 2025,dropped_out
BEN-002161,Chepkoech,Ochieng,Female,Nairobi,Plus,Community Service,6,6,100.0,In Progress,2026-08-30,Q3 2026,active
BEN-002164,Achieng,Mohamed,Female,Nairobi,Plus,Community Service,9,9,100.0,In Progress,2026-07-08,Q3 2026,active
BEN-002166,Timothy,Rotich,Male,Nyeri,Plus,Health & Wellness,8,10,80.0,In Progress,2026-07-24,Q3 2026,active
BEN-002168,John,Kamau,Male,Nakuru,Plus,Financial Literacy,7,10,70.0,In Progress,2026-05-11,Q2 2026,active
BEN-002171,Simon,Nyambane,Male,Nakuru,Plus,Mentorship,11,17,64.7,In Progress,2026-02-07,Q1 2026,active
BEN-002176,Chebet,Musyoka,Female,Meru,Plus,Community Service,6,9,66.7,Completed,2025-09-05,Q3 2025,completed
BEN-002178,Nasieku,Otieno,Female,Mombasa,Plus,Community Service,5,7,71.4,In Progress,2026-08-13,Q3 2026,active
BEN-002182,Juma,Hassan,Male,Nairobi,Plus,Mentorship,14,16,87.5,Completed,2025-04-08,Q2 2025,completed
BEN-002183,Cynthia,Kimani,Female,Nairobi,Plus,Leadership,5,8,62.5,Completed,2026-03-30,Q1 2026,completed
BEN-002184,Sharon,Bett,Female,Kakamega,Plus,Financial Literacy,5,9,55.6,In Progress,2026-04-07,Q2 2026,active
BEN-002185,Wangari,Korir,Female,Muranga,Plus,Entrepreneurship,7,13,53.8,Dropped,2025-11-19,Q4 2025,dropped_out
BEN-002186,Mercy,Barasa,F,Nakuru,Plus,Financial Literacy,10,11,90.9,In Progress,2026-09-24,Q3 2026,active
BEN-002198,Jerop,Ngugi,Female,Kisii,Plus,Health & Wellness,6,7,85.7,In Progress,2026-09-24,Q3 2026,active
BEN-002199,Caroline,Kilonzo,Female,Mombasa,Plus,Life Skills,7,14,50.0,Dropped,2026-01-14,Q1 2026,dropped_out
BEN-002200,Akinyi,Nduta,Female,Nairobi,Plus,Community Service,4,7,57.1,Dropped,2025-05-12,Q2 2025,dropped_out
BEN-002203,John,Rotich,Male,Kisumu,Plus,Life Skills,10,11,90.9,Completed,2026-06-05,Q2 2026,completed
BEN-002205,Wanjiku,Wekesa,Female,kiambu,Plus,Life Skills,9,10,90.0,Completed,2025-08-13,Q3 2025,completed
BEN-002207,Awuor,Katana,Female,Muranga,Plus,Mentorship,12,15,80.0,Completed,2025-06-25,Q2 2025,completed
BEN-002208,Nyambura,Baya,Female,Kisii,Plus,Entrepreneurship,9,11,81.8,Completed,2026-02-17,Q1 2026,completed
BEN-002213,Gathoni,Njenga,Female,Nairobi,Plus,Life Skills,11,11,100.0,In Progress,2026-09-27,Q3 2026,active
BEN-002215,Nkatha,Charo,Female,Uasin Gishu,Plus,Leadership,3,10,30.0,Completed,2025-01-12,Q1 2025,completed
BEN-002218,Faith,Musyoka,Female,Machakos,Plus,Leadership,10,12,83.3,Completed,2025-12-23,Q4 2025,completed
BEN-002219,Juma,Achieng,Male,Kiambu County,Plus,Community Service,9,9,100.0,Completed,2025-06-29,Q2 2025,completed
BEN-002220,Joy,Ngugi,Female,Nairobi,Plus,Leadership,6,8,75.0,Completed,2025-10-27,Q4 2025,completed
BEN-002221,Wanjiru,Ochieng,Female,Nakuru,Plus,Community Service,3,6,50.0,Dropped,2025-10-05,Q4 2025,dropped_out
BEN-002224,Akinyi,Chebet,Female,NAIROBI,Plus,Financial Literacy,7,8,87.5,Completed,2025-11-12,Q4 2025,completed
BEN-002226,Simon,Otieno,Male,Nairobi County,Plus,Financial Literacy,8,10,80.0,Completed,2025-11-24,Q4 2025,completed
BEN-002228,Timothy,Owino,Male,Kilifi,Plus,Leadership,5,10,50.0,DROPPED,2026-01-06,Q1 2026,dropped_out
BEN-002230,Kiptoo,Matano,Male,Meru,Plus,Health & Wellness,6,8,75.0,In Progress,2026-07-12,Q3 2026,active
BEN-002232,Onyango,Musyoka,Male,Nairobi,Plus,Financial Literacy,5,8,62.5,Completed,2025-01-19,Q1 2025,completed
BEN-002233,Kendi,Otieno,Female,Kilifi,Plus,Community Service,6,9,66.7,In Progress,2026-08-31,Q3 2026,active
BEN-002234,Cheruiyot,Wanjiku,Male,Kiambu,Plus,Life Skills,10,11,90.9,In Progress,2026-05-24,Q2 2026,active
BEN-002238,Musyoka,Odhiambo,Male,Nairobi,Plus,Life Skills,11,12,91.7,complete,2026-06-12,Q2 2026,completed
BEN-002239,Anyango,Matano,female,Nairobi,Plus,Life Skills,11,13,84.6,Completed,2025-07-10,Q3 2025,completed
BEN-002240,Beatrice,Wanjiku,Female,Nairobi,Plus,Leadership,8,11,72.7,In Progress,2026-09-23,Q3 2026,active
BEN-002242,Patrick,Kiptoo,Male,Nyeri,Plus,Health & Wellness,5,8,62.5,In Progress,2026-05-13,Q2 2026,active
BEN-002244,Wangari,Chebet,Female,Kiambu,Plus,Leadership,8,9,88.9,Completed,2025-07-27,Q3 2025,completed
BEN-002245,Samuel,Kiptoo,Male,Nyeri,Plus,Health & Wellness,5,6,83.3,Completed,2025-09-05,Q3 2025,completed
BEN-002246,Barasa,Nduta,Male,Kisii County,Plus,Mentorship,12,12,100.0,Completed,2026-03-22,Q1 2026,completed
BEN-002249,Kamau,Ochieng,Male,Kajiado,Plus,Financial Literacy,7,12,58.3,In Progress,2026-08-23,Q3 2026,active
BEN-002251,Amina,Odhiambo,Female,Nairobi,Plus,Financial Literacy,11,11,100.0,In Progress,2026-01-14,Q1 2026,active
BEN-002252,Awuor,Bett,Female,Kisumu,Plus,Life Skills,8,11,72.7,Completed,2025-07-25,Q3 2025,completed
BEN-002260,Chepkoech,Mbogo,Female,Nairobi,Plus,Mentorship,14,14,100.0,Completed,2025-10-12,Q4 2025,completed
BEN-002262,Rotich,Nyambane,Male,Nakuru,Plus,Entrepreneurship,9,16,56.2,In Progress,2026-07-12,Q3 2026,active
BEN-002269,Mercy,Ochieng,female,Kakamega,Plus,Health & Wellness,4,9,44.4,In Progress,2026-07-05,Q3 2026,active
BEN-002274,Jerop,Maina,Female,Mombasa,Plus,Financial Literacy,7,10,70.0,In Progress,2026-04-08,Q2 2026,active
BEN-002277,Wanjiku,Kuria,Female,Kajiado,Plus,Financial Literacy,10,10,100.0,Completed,2025-06-12,Q2 2025,completed
BEN-002278,Cynthia,Ochieng,Female,Kiambu,Plus,Mentorship,15,17,88.2,Completed,2026-01-18,Q1 2026,completed
BEN-002279,Brenda,Bett,Female,Kiambu,Plus,Life Skills,10,13,76.9,Completed,2025-03-26,Q1 2025,completed
BEN-002281,Sharon,Abdi,Female,Nyeri,Plus,Entrepreneurship,8,10,80.0,In Progress,2026-05-10,Q2 2026,active
BEN-002287,Cynthia,Wekesa,Female,Nakuru,Plus,Entrepreneurship,14,14,100.0,Completed,2025-06-22,Q2 2025,completed
BEN-002288,Vincent,Muthoni,Male,Uasin Gishu,Plus,Leadership,7,12,58.3,Completed,2026-04-15,Q2 2026,completed
BEN-002289,Otieno,Wanjiku,Male,Nairobi,Plus,Leadership,10,12,83.3,In Progress,2026-04-26,Q2 2026,active
BEN-002290,Emily,Muthoni,Female,Kisumu,Plus,Community Service,7,10,70.0,In Progress,2026-03-02,Q1 2026,active
BEN-002295,Collins,Achieng,Male,Kiambu,Plus,Health & Wellness,8,9,88.9,Completed,2026-02-04,Q1 2026,completed
BEN-002296,Anthony,Njoroge,Male,Bungoma,Plus,Health & Wellness,7,8,87.5,In Progress,2026-09-06,Q3 2026,active
BEN-002297,Kamau,Otieno,Male,Kajiado,Plus,Entrepreneurship,16,16,100.0,Completed,2025-04-08,Q2 2025,completed
BEN-002298,Cheruiyot,Odhiambo,Male,Meru,Plus,Entrepreneurship,12,12,100.0,Completed,2025-07-30,Q3 2025,completed
BEN-002299,Halima,Mutiso,Female,Kisii,Plus,Health & Wellness,5,9,55.6,Completed,2025-04-10,Q2 2025,completed
BEN-002301,Neema,Mutiso,female,Nairobi,Plus,Leadership,7,10,70.0,Completed,2026-01-12,Q1 2026,completed
BEN-002302,Omondi,Baya,Male,Bungoma,Plus,Leadership,9,12,75.0,Completed,2026-01-19,Q1 2026,completed
BEN-002303,Neema,Musyoka,Female,Nairobi,Plus,Mentorship,12,17,70.6,In Progress,2026-09-22,Q3 2026,active
BEN-002304,Akinyi,Njoroge,Female,Kisii County,Plus,Leadership,7,9,77.8,In Progress,2026-04-16,Q2 2026,active
BEN-002305,Timothy,Kilonzo,Male,Nakuru,Plus,Financial Literacy,7,8,87.5,Completed,2026-03-19,Q1 2026,completed
BEN-002306,Mercy,Kariuki,Female,Kisii,Plus,Entrepreneurship,10,13,76.9,In Progress,2026-08-27,Q3 2026,active
BEN-002308,Korir,Mwangi,Male,Meru,Plus,Leadership,6,11,54.5,Dropped,2025-10-24,Q4 2025,dropped_out
BEN-002311,Cherono,Abdi,Female,Nairobi,Plus,Community Service,7,10,70.0,In Progress,2026-06-24,Q2 2026,active
BEN-002312,Grace,Kimani,F,Nairobi,Plus,Life Skills,10,13,76.9,Completed,2026-05-10,Q2 2026,completed
BEN-002314,Jerop,Odhiambo,Female,Uasin Gishu,Plus,Health & Wellness,7,9,77.8,In Progress,2026-09-21,Q3 2026,active
BEN-002315,Wanjiku,Kimani,Female,Kajiado,Plus,Health & Wellness,5,7,71.4,In Progress,2026-07-03,Q3 2026,active
BEN-002321,Mercy,Njenga,Female,Nairobi,Plus,Life Skills,12,13,92.3,Completed,2025-04-23,Q2 2025,completed
BEN-002322,Sharon,Nyambane,Female,Nyeri,Plus,Leadership,4,8,50.0,Dropped,2025-12-29,Q4 2025,dropped_out
BEN-002325,Joy,Gitau,Female,Kiambu,Plus,Life Skills,10,13,76.9,Completed,2025-10-06,Q4 2025,completed
BEN-002326,Achieng,Wekesa,Female,Muranga,Plus,Community Service,7,8,87.5,Completed,2025-07-20,Q3 2025,completed
BEN-002329,Sharon,Mwangi,Female,Nairobi,Plus,Leadership,5,11,45.5,Dropped,2025-11-13,Q4 2025,dropped_out
BEN-002330,Daniel,Achieng,Male,Kisumu,Plus,Community Service,8,9,88.9,In Progress,2026-04-02,Q2 2026,active
BEN-002332,Abdi,Owino,Male,bungoma,Plus,Community Service,9,9,100.0,complete,2025-08-13,Q3 2025,completed
BEN-002335,Sharon,Cheruiyot,Female,Nairobi,Plus,Leadership,8,8,100.0,In Progress,2026-07-13,Q3 2026,active
BEN-002336,Odhiambo,Odhiambo,Male,Nyeri,Plus,Community Service,7,10,70.0,COMPLETED,2025-06-02,Q2 2025,completed
BEN-002337,Mumbi,Chebet,Female,Nakuru,Plus,Financial Literacy,8,11,72.7,In Progress,2026-07-21,Q3 2026,active
BEN-002338,Wanjiru,Bett,Female,Nairobi,Plus,Life Skills,13,13,100.0,Completed,2025-11-19,Q4 2025,completed
BEN-002345,Mutua,Nduta,Male,Kisumu,Plus,Financial Literacy,5,8,62.5,In Progress,2026-05-20,Q2 2026,active
BEN-002347,Njeri,Ochieng,Female,Muranga,Plus,Leadership,9,11,81.8,Completed,2026-03-21,Q1 2026,completed
BEN-002348,Otieno,Bett,Male,Nairobi,Plus,Entrepreneurship,11,14,78.6,In Progress,2026-03-13,Q1 2026,active
BEN-002351,Wanjiku,Charo,Female,Nairobi,Plus,Community Service,5,6,83.3,Completed,2025-09-13,Q3 2025,completed
BEN-002352,Simon,Otieno,Male,Kakamega,Plus,Community Service,7,9,77.8,Completed,2025-06-15,Q2 2025,completed
BEN-002357,Daniel,Baya,Male,Uasin Gishu,Plus,Financial Literacy,9,12,75.0,Completed,2025-07-13,Q3 2025,completed
BEN-002366,Victor,Onyango,MALE,Uasin Gishu,Plus,Health & Wellness,6,9,66.7,Completed,2025-02-25,Q1 2025,completed
BEN-002368,Faith,Baya,Female,Bungoma,Plus,Life Skills,10,14,71.4,In Progress,2026-09-06,Q3 2026,active
BEN-002373,Zawadi,Kamau,Female,Kakamega,Plus,Health & Wellness,9,10,90.0,In Progress,2026-08-06,Q3 2026,active
BEN-002374,Chepkoech,Juma,Female,Bungoma,Plus,Community Service,7,10,70.0,Completed,2025-10-22,Q4 2025,completed
BEN-002376,Isaac,Mbogo,Male,Kiambu,Plus,Health & Wellness,4,6,66.7,complete,2026-02-12,Q1 2026,completed
BEN-002380,Faith,Barasa,Female,Uasin Gishu,Plus,Community Service,5,6,83.3,Completed,2026-03-02,Q1 2026,completed
BEN-002381,Baraka,Kuria,male,Mombasa,Plus,Mentorship,18,18,100.0,Completed,2026-03-13,Q1 2026,completed
BEN-002382,Anyango,Abdi,Female,NAIROBI,Plus,Life Skills,13,13,100.0,In Progress,2026-08-28,Q3 2026,active
BEN-002386,Patrick,Njoroge,Male,Nyeri,Plus,Health & Wellness,7,7,100.0,In Progress,2026-01-29,Q1 2026,active
BEN-002390,Samuel,Ochieng,Male,BUNGOMA,Plus,Financial Literacy,9,11,81.8,In Progress,2026-04-26,Q2 2026,active
BEN-002393,Odhiambo,Korir,Male,Kisii,Plus,Community Service,6,8,75.0,Completed,2026-06-04,Q2 2026,completed
BEN-002396,David,Mutua,Male,Muranga,Plus,Mentorship,9,13,69.2,In Progress,2026-03-03,Q1 2026,active
BEN-002397,Nicholas,Kariuki,Male,Kisumu,Plus,Life Skills,8,10,80.0,Completed,2025-07-21,Q3 2025,completed
BEN-002398,Juma,Rotich,Male,Muranga,Plus,Community Service,7,8,87.5,In Progress,2026-06-15,Q2 2026,active
BEN-002399,Francis,Njoroge,Male,Mombasa,Plus,Life Skills,6,14,42.9,Dropped,2025-07-31,Q3 2025,dropped_out
BEN-002400,Mutua,Ngugi,male,Bungoma,Plus,Entrepreneurship,7,11,63.6,In Progress,2026-08-29,Q3 2026,active
BEN-002401,Naisula,Maina,Female,Bungoma,Plus,Community Service,6,7,85.7,In Progress,2026-05-19,Q2 2026,active
BEN-002403,Brenda,Kilonzo,Female,Kiambu,Plus,Financial Literacy,7,9,77.8,In Progress,2026-02-27,Q1 2026,active
BEN-002405,Mohamed,Kariuki,Male,Kisumu,Plus,Community Service,5,6,83.3,Completed,2025-04-10,Q2 2025,completed
BEN-002406,Barasa,Abdi,Male,Nairobi,Plus,Leadership,8,12,66.7,In Progress,2026-02-09,Q1 2026,active
BEN-002411,Abdi,Kariuki,Male,Uasin Gishu,Plus,Financial Literacy,8,9,88.9,In Progress,2026-07-07,Q3 2026,active
BEN-002413,Barasa,Onyango,Male,Kajiado,Plus,Community Service,5,6,83.3,In Progress,2026-05-27,Q2 2026,active
BEN-002421,Purity,Kuria,Female,Nairobi County,Plus,Leadership,5,9,55.6,Completed,2025-08-15,Q3 2025,completed
BEN-002422,Atieno,Rotich,Female,Kakamega,Plus,Mentorship,7,18,38.9,Dropped,2026-04-04,Q2 2026,dropped_out
BEN-002425,Nicholas,Wafula,Male,Nakuru,Plus,Leadership,8,12,66.7,In Progress,2026-09-22,Q3 2026,active
BEN-002426,Purity,Odhiambo,Female,Nyeri,Plus,Community Service,6,6,100.0,In Progress,2026-04-24,Q2 2026,active
BEN-002429,Chebet,Njoroge,Female,Nairobi,Plus,Entrepreneurship,7,10,70.0,In Progress,2026-09-15,Q3 2026,active
BEN-002430,Chebet,Kimani,Female,Uasin Gishu,Plus,Entrepreneurship,14,14,100.0,Completed,2025-03-06,Q1 2025,completed
BEN-002432,Diana,Mutiso,Female,Kiambu,Plus,Community Service,7,8,87.5,In Progress,2026-07-24,Q3 2026,active
BEN-002433,Rotich,Cheruiyot,Male,Machakos,Plus,Health & Wellness,6,9,66.7,In Progress,2026-09-30,Q3 2026,active
BEN-002438,Jerop,Mohamed,Female,Nakuru,Plus,Health & Wellness,6,7,85.7,Completed,2025-02-05,Q1 2025,completed
BEN-002440,Ali,Hassan,M,Machakos,Plus,Financial Literacy,11,11,100.0,In Progress,2026-07-02,Q3 2026,active
BEN-002442,Joy,Onyango,Female,Machakos,Plus,Life Skills,4,10,40.0,Dropped,2026-05-08,Q2 2026,dropped_out
BEN-002444,Chepkoech,Nyambane,Female,Kiambu,Plus,Entrepreneurship,10,16,62.5,Completed,2026-06-11,Q2 2026,completed
BEN-002451,Brenda,Kuria,Female,Kiambu,Plus,Entrepreneurship,16,16,100.0,In Progress,2026-09-17,Q3 2026,active
BEN-002452,Kelvin,Kuria,Male,Nairobi,Plus,Financial Literacy,9,12,75.0,Completed,2026-04-13,Q2 2026,completed
BEN-002455,Mercy,Charo,F,Kakamega,Plus,Leadership,10,11,90.9,In Progress,2026-07-10,Q3 2026,active
BEN-002457,Cheruiyot,Owino,Male,Uasin Gishu,Plus,Life Skills,9,10,90.0,Completed,2025-08-11,Q3 2025,completed
BEN-002458,Joy,Bett,Female,Nairobi,Plus,Mentorship,7,12,58.3,Dropped,2026-02-02,Q1 2026,dropped_out
BEN-002462,Cherono,Mohamed,Female,Kiambu,Plus,Financial Literacy,5,10,50.0,Dropped,2025-09-21,Q3 2025,dropped_out
BEN-002463,Chepkoech,Wafula,Female,Bungoma,Plus,Financial Literacy,5,9,55.6,Completed,2025-07-27,Q3 2025,completed
BEN-002468,Mohamed,Juma,Male,Kajiado,Plus,Entrepreneurship,11,15,73.3,In Progress,2026-04-08,Q2 2026,active
BEN-002469,David,Nyambane,Male,Nairobi,Plus,Mentorship,10,15,66.7,DROPPED,2026-02-01,Q1 2026,dropped_out
BEN-002477,Mutua,Mwangi,Male,Kisumu,Plus,Financial Literacy,6,8,75.0,Completed,2025-05-02,Q2 2025,completed
BEN-002478,Purity,Wanjiku,F,Kiambu,Plus,Health & Wellness,4,8,50.0,Dropped,2025-09-10,Q3 2025,dropped_out
BEN-002480,Cherono,Katana,Female,Mombasa,Plus,Health & Wellness,6,7,85.7,Completed,2025-11-13,Q4 2025,completed
BEN-002482,Diana,Kamau,Female,Kiambu,Plus,Leadership,5,9,55.6,Dropped,2026-04-22,Q2 2026,dropped_out
BEN-002497,Gathoni,Kariuki,Female,Mombasa,Plus,Life Skills,8,13,61.5,Dropped,2025-11-15,Q4 2025,dropped_out
BEN-002503,Mumbi,Onyango,Female,Machakos,Plus,Leadership,9,10,90.0,In Progress,2026-02-07,Q1 2026,active
BEN-002508,Odhiambo,Achieng,Male,Nakuru,Plus,Financial Literacy,10,10,100.0,Completed,2026-05-31,Q2 2026,completed
BEN-002510,Simon,Wafula,Male,Kisumu,Plus,Financial Literacy,8,10,80.0,In Progress,2026-07-29,Q3 2026,active
BEN-002511,Abdi,Gitau,Male,Nairobi,Plus,Leadership,8,10,80.0,Completed,2025-06-20,Q2 2025,completed
BEN-002514,Korir,Achieng,Male,Kiambu,Plus,Financial Literacy,10,10,100.0,Completed,2026-02-12,Q1 2026,completed
BEN-002518,Omondi,Mutiso,Male,Nairobi,Plus,Leadership,4,11,36.4,Dropped,2026-01-25,Q1 2026,dropped_out
BEN-002521,John,Kamau,Male,Kiambu,Plus,Mentorship,7,17,41.2,In Progress,2026-08-27,Q3 2026,active
BEN-002523,Mutua,Koech,Male,Machakos,Plus,Health & Wellness,5,7,71.4,In Progress,2026-03-22,Q1 2026,active
BEN-002525,Kiptoo,Kariuki,Male,Machakos,Plus,Entrepreneurship,12,15,80.0,Completed,2026-01-03,Q1 2026,completed
BEN-002530,Dennis,Nyambane,m,Kajiado,Plus,Life Skills,11,11,100.0,Completed,2025-05-17,Q2 2025,completed
BEN-002536,Stephen,Matano,Male,Kisumu,Plus,Life Skills,6,10,60.0,Completed,2026-03-06,Q1 2026,completed
BEN-002537,Kelvin,Baya,Male,Nairobi,Plus,Financial Literacy,7,11,63.6,Completed,2026-03-15,Q1 2026,completed
BEN-002538,Stephen,Kuria,Male,Bungoma,Plus,Financial Literacy,12,12,100.0,In Progress,2026-07-12,Q3 2026,active
BEN-002539,Omondi,Wekesa,m,Kisumu,Plus,Life Skills,6,10,60.0,Completed,2026-03-02,Q1 2026,completed
BEN-002542,Wangari,Hassan,Female,Meru,Plus,Community Service,4,7,57.1,In Progress,2026-06-09,Q2 2026,active
BEN-002543,Chebet,Odhiambo,Female,Nairobi,Plus,Mentorship,19,19,100.0,Completed,2025-09-04,Q3 2025,completed
BEN-002544,Cherono,Chebet,Female,Meru,Plus,Financial Literacy,4,9,44.4,Dropped,2026-06-04,Q2 2026,dropped_out
BEN-002551,Mumbi,Mbogo,Female,Uasin Gishu,Plus,Leadership,7,12,58.3,In Progress,2026-07-18,Q3 2026,active
BEN-002553,Grace,Kiptoo,Female,Kakamega,Plus,Mentorship,15,18,83.3,Completed,2025-05-29,Q2 2025,completed
BEN-002558,Atieno,Chebet,Female,Kiambu,Plus,Financial Literacy,11,11,100.0,Completed,2025-08-17,Q3 2025,completed
BEN-002560,Onyango,Kilonzo,Male,Kiambu,Plus,Community Service,8,10,80.0,Completed,2025-11-10,Q4 2025,completed
BEN-002561,Collins,Barasa,Male,Nairobi,Plus,Mentorship,12,16,75.0,Completed,2025-05-22,Q2 2025,completed
BEN-002562,Onyango,Otieno,Male,Uasin Gishu,Plus,Entrepreneurship,8,10,80.0,Completed,2025-06-29,Q2 2025,completed
BEN-002564,Wanjiku,Rotich,Female,Mombasa,Plus,Entrepreneurship,9,11,81.8,In Progress,2026-09-04,Q3 2026,active
BEN-002565,Kendi,Wafula,Female,Kakamega,Plus,Leadership,6,8,75.0,In Progress,2026-07-17,Q3 2026,active
BEN-002569,Diana,Mwangi,Female,Kakamega,Plus,Health & Wellness,9,10,90.0,In Progress,2026-05-06,Q2 2026,active
BEN-002571,Naisula,Owino,Female,Mombasa,Plus,Financial Literacy,10,12,83.3,In Progress,2026-08-19,Q3 2026,active
BEN-002572,Chebet,Kimani,Female,Mombasa,Plus,Financial Literacy,4,9,44.4,Dropped,2025-09-30,Q3 2025,dropped_out
BEN-002574,Abdi,Katana,Male,NAIROBI,Plus,Life Skills,14,14,100.0,Completed,2025-11-25,Q4 2025,completed
BEN-002576,Nkatha,Mbogo,Female,Nairobi,Plus,Health & Wellness,6,6,100.0,Completed,2026-02-07,Q1 2026,completed
BEN-002577,Chepkoech,Hassan,Female,Kajiado,Plus,Community Service,4,10,40.0,Dropped,2025-09-10,Q3 2025,dropped_out
BEN-002578,Joy,Omondi,Female,Nairobi,Plus,Entrepreneurship,7,13,53.8,In Progress,2026-08-01,Q3 2026,active
BEN-002579,Otieno,Abdi,Male,nyeri,Plus,Life Skills,13,13,100.0,Completed,2025-04-22,Q2 2025,completed
BEN-002584,Naisula,Mohamed,Female,Kilifi,Plus,Health & Wellness,4,6,66.7,In Progress,2026-06-17,Q2 2026,active
BEN-002585,Nkatha,Chebet,Female,Meru,Plus,Financial Literacy,10,10,100.0,In Progress,2026-04-28,Q2 2026,active
BEN-002586,Otieno,Bett,Male,NAIROBI,Plus,Entrepreneurship,5,10,50.0,Dropped,2026-04-08,Q2 2026,dropped_out
BEN-002588,Faith,Abdi,Female,Uasin Gishu,Plus,Entrepreneurship,9,12,75.0,In Progress,2026-09-28,Q3 2026,active
BEN-002589,Baraka,Kimani,Male,MACHAKOS,Plus,Community Service,7,7,100.0,In Progress,2026-04-01,Q2 2026,active
BEN-002590,Joy,Mwakio,FEMALE,Machakos,Plus,Leadership,5,12,41.7,Dropped,2025-12-26,Q4 2025,dropped_out
BEN-002591,Wanjiku,Mwakio,Female,nyeri,Plus,Leadership,10,11,90.9,Completed,2026-03-11,Q1 2026,completed
BEN-002592,Jerop,Kuria,Female,Uasin Gishu,Plus,Community Service,8,9,88.9,In Progress,2026-09-02,Q3 2026,active
BEN-002596,Brian,Kimani,male,Kilifi,Plus,Financial Literacy,10,11,90.9,In Progress,2026-06-13,Q2 2026,active
BEN-002598,Odhiambo,Barasa,Male,Nairobi,Plus,Life Skills,7,13,53.8,Dropped,2026-02-11,Q1 2026,dropped_out
BEN-002599,Gathoni,Bett,Female,Kajiado,Plus,Community Service,9,10,90.0,In Progress,2026-06-01,Q2 2026,active
BEN-002603,Simon,Nduta,Male,Nakuru,Plus,Life Skills,12,13,92.3,Completed,2026-01-24,Q1 2026,completed
BEN-002605,Halima,Muthoni,Female,Kakamega,Plus,Life Skills,11,12,91.7,complete,2025-10-09,Q4 2025,completed
BEN-002607,Halima,Njoroge,Female,Nairobi,Plus,Life Skills,9,11,81.8,Completed,2026-01-25,Q1 2026,completed
BEN-002611,Victor,Wanjiku,Male,Nairobi,Plus,Community Service,6,8,75.0,Completed,2025-12-28,Q4 2025,completed
BEN-002612,Mumbi,Hassan,Female,Machakos,Plus,Community Service,5,6,83.3,COMPLETED,2025-07-26,Q3 2025,completed
BEN-002613,Wanjiru,Njenga,female,Mombasa,Plus,Mentorship,10,13,76.9,In Progress,2026-07-09,Q3 2026,active
BEN-002616,Boniface,Njenga,Male,Nairobi,Plus,Financial Literacy,7,12,58.3,DROPPED,2025-05-21,Q2 2025,dropped_out
BEN-002622,Vincent,Mohamed,Male,Nairobi,Plus,Mentorship,17,17,100.0,In Progress,2026-09-27,Q3 2026,active
BEN-002625,Akinyi,Hassan,Female,Nyeri,Plus,Life Skills,11,12,91.7,Completed,2026-03-18,Q1 2026,completed
BEN-002626,Kagure,Mwakio,Female,Nairobi,Plus,Entrepreneurship,8,11,72.7,Completed,2026-02-06,Q1 2026,completed
BEN-002629,Isaac,Mwangi,Male,Bungoma,Plus,Mentorship,14,17,82.4,Completed,2025-11-27,Q4 2025,completed
BEN-002630,Amina,Chebet,Female,Kisumu,Plus,Leadership,8,12,66.7,Completed,2025-09-01,Q3 2025,completed
BEN-002631,Kiptoo,Mutua,Male,Mombasa,Plus,Life Skills,9,10,90.0,In Progress,2026-07-16,Q3 2026,active
BEN-002640,Nkatha,Odhiambo,Female,Uasin Gishu,Plus,Financial Literacy,8,8,100.0,Completed,2025-08-04,Q3 2025,completed
BEN-002642,Wanjiku,Kimani,Female,Nairobi,Plus,Leadership,6,9,66.7,In Progress,2026-08-16,Q3 2026,active
BEN-002643,Diana,Nyambane,Female,Uasin Gishu,Plus,Life Skills,10,12,83.3,Completed,2025-10-20,Q4 2025,completed
BEN-002645,Rotich,Onyango,Male,Kisumu,Plus,Community Service,5,9,55.6,In Progress,2026-07-23,Q3 2026,active
BEN-002654,Njeri,Korir,Female,Kakamega County,Plus,Health & Wellness,6,7,85.7,In Progress,2026-08-03,Q3 2026,active
BEN-002655,David,Bett,Male,Nairobi,Plus,Entrepreneurship,10,14,71.4,Completed,2026-05-22,Q2 2026,completed
BEN-002656,John,Korir,Male,Machakos,Plus,Life Skills,8,11,72.7,In Progress,2026-02-21,Q1 2026,active
BEN-002657,Achieng,Matano,Female,Nairobi,Plus,Mentorship,12,14,85.7,Completed,2026-02-09,Q1 2026,completed
BEN-002658,Barasa,Mutiso,Male,Nairobi,Plus,Community Service,9,9,100.0,Completed,2025-12-29,Q4 2025,completed
BEN-002660,Akinyi,Bett,Female,Nakuru,Plus,Life Skills,8,11,72.7,In Progress,2026-09-14,Q3 2026,active
BEN-002661,Juma,Ochieng,Male,Nairobi,Plus,Leadership,7,8,87.5,In Progress,2026-01-30,Q1 2026,active
BEN-002666,Ali,Kilonzo,Male,Nyeri,Plus,Leadership,10,11,90.9,In Progress,2026-07-07,Q3 2026,active
BEN-002670,Nyambura,Koech,Female,Kisumu,Plus,Health & Wellness,5,7,71.4,In Progress,2026-09-03,Q3 2026,active
BEN-002672,Nasieku,Kimani,Female,Kiambu,Plus,Entrepreneurship,13,16,81.2,In Progress,2026-07-04,Q3 2026,active
BEN-002675,Wekesa,Kimani,Male,Nairobi,Plus,Financial Literacy,8,9,88.9,In Progress,2026-01-24,Q1 2026,active
BEN-002679,Vincent,Onyango,Male,KIAMBU,Plus,Mentorship,15,18,83.3,Completed,2026-04-21,Q2 2026,completed
BEN-002680,Awuor,Gitau,Female,Mombasa,Plus,Entrepreneurship,5,12,41.7,Dropped,2025-10-20,Q4 2025,dropped_out
BEN-002681,Purity,Gitau,Female,Kisumu,Plus,Financial Literacy,4,8,50.0,Dropped,2025-02-02,Q1 2025,dropped_out
BEN-002683,Onyango,Gitau,Male,KAJIADO,Plus,Leadership,10,12,83.3,In Progress,2026-07-06,Q3 2026,active
BEN-002684,John,Otieno,Male,Mombasa,Plus,Mentorship,11,16,68.8,In Progress,2026-07-13,Q3 2026,active
BEN-002686,Brenda,Korir,Female,Mombasa,Plus,Community Service,7,8,87.5,Completed,2025-11-06,Q4 2025,completed
BEN-002694,Naisula,Abdi,Female,Nakuru,Plus,Health & Wellness,8,10,80.0,Completed,2025-10-02,Q4 2025,completed
BEN-002695,Joy,Juma,Female,Uasin Gishu,Plus,Health & Wellness,5,9,55.6,Completed,2025-12-26,Q4 2025,completed
BEN-002696,Brian,Mutua,Male,Kajiado,Plus,Life Skills,6,13,46.2,Completed,2025-07-09,Q3 2025,completed
BEN-002701,Peter,Abdi,MALE,Nakuru,Plus,Entrepreneurship,6,13,46.2,Dropped,2025-07-04,Q3 2025,dropped_out
BEN-002702,Ali,Korir,Male,Nairobi,Plus,Health & Wellness,5,10,50.0,Completed,2025-11-30,Q4 2025,completed
BEN-002705,Juma,Mutiso,Male,Uasin Gishu,Plus,Entrepreneurship,8,14,57.1,In Progress,2026-06-04,Q2 2026,active
BEN-002707,Stephen,Koech,Male,Nairobi,Plus,Entrepreneurship,15,15,100.0,In Progress,2026-07-01,Q3 2026,active
BEN-002709,Francis,Kuria,Male,Nakuru,Plus,Community Service,8,10,80.0,Completed,2026-05-11,Q2 2026,completed
BEN-002714,Isaac,Barasa,Male,Muranga,Plus,Life Skills,11,11,100.0,Completed,2025-04-21,Q2 2025,completed
BEN-002718,Nicholas,Bett,Male,Nairobi,Plus,Community Service,4,6,66.7,In Progress,2026-07-24,Q3 2026,active
BEN-002721,Emily,Korir,Female,Kilifi,Plus,Mentorship,6,12,50.0,Completed,2025-07-20,Q3 2025,completed
BEN-002725,Jerop,Baya,Female,Uasin Gishu,Plus,Health & Wellness,5,8,62.5,Dropped,2025-09-10,Q3 2025,dropped_out
BEN-002729,Brian,Onyango,Male,Muranga,Plus,Mentorship,12,20,60.0,In Progress,2026-04-29,Q2 2026,active
BEN-002730,Rotich,Njenga,Male,nyeri,Plus,Health & Wellness,9,9,100.0,In Progress,2026-03-10,Q1 2026,active
BEN-002731,Naisula,Kilonzo,Female,Kiambu,Plus,Health & Wellness,5,6,83.3,Completed,2025-12-09,Q4 2025,completed
BEN-002734,Kevin,Njenga,Male,Kakamega,Plus,Health & Wellness,5,6,83.3,In Progress,2026-08-27,Q3 2026,active
BEN-002735,Collins,Barasa,Male,Kajiado,Plus,Life Skills,6,11,54.5,Dropped,2025-10-28,Q4 2025,dropped_out
BEN-002736,Francis,Muthoni,Male,Nairobi,Plus,Financial Literacy,7,11,63.6,Completed,2025-01-06,Q1 2025,completed
BEN-002737,Neema,Koech,Female,Nyeri,Plus,Community Service,9,9,100.0,Completed,2025-07-22,Q3 2025,completed
BEN-002739,Caroline,Korir,Female,Kisumu,Plus,Entrepreneurship,11,15,73.3,In Progress,2026-04-29,Q2 2026,active
BEN-002743,Akinyi,Kimani,Female,Nakuru,Plus,Mentorship,10,16,62.5,In Progress,2026-08-20,Q3 2026,active
BEN-002746,Joseph,Charo,Male,Nairobi,Plus,Entrepreneurship,12,15,80.0,In Progress,2026-06-16,Q2 2026,active
BEN-002747,Brenda,Hassan,Female,Machakos,Plus,Health & Wellness,9,10,90.0,In Progress,2026-07-05,Q3 2026,active
BEN-002755,Wanjiku,Koech,Female,Kilifi,Plus,Health & Wellness,6,8,75.0,In Progress,2026-09-07,Q3 2026,active
BEN-002756,Gathoni,Koech,Female,Kajiado,Plus,Community Service,5,8,62.5,Completed,2025-10-18,Q4 2025,completed
BEN-002757,Beatrice,Ochieng,Female,Kisumu,Plus,Health & Wellness,4,7,57.1,Dropped,2025-06-11,Q2 2025,dropped_out
BEN-002763,Beatrice,Kilonzo,Female,MERU,Plus,Health & Wellness,9,9,100.0,In Progress,2026-07-04,Q3 2026,active
BEN-002767,Achieng,Kilonzo,Female,Machakos,Plus,Life Skills,9,13,69.2,Completed,2025-04-10,Q2 2025,completed
BEN-002768,Kilonzo,Hassan,Male,Kisumu,Plus,Life Skills,13,13,100.0,In Progress,2026-04-17,Q2 2026,active
BEN-002769,Victor,Cheruiyot,Male,Meru County,Plus,Mentorship,17,18,94.4,In Progress,2026-07-12,Q3 2026,active
BEN-002770,Cynthia,Gitau,Female,Meru,Plus,Leadership,7,12,58.3,In Progress,2026-07-24,Q3 2026,active
BEN-002775,Francis,Mwakio,Male,Kilifi,Plus,Financial Literacy,9,10,90.0,In Progress,2026-01-13,Q1 2026,active
BEN-002780,Juma,Matano,Male,Bungoma,Plus,Health & Wellness,5,8,62.5,Completed,2025-05-04,Q2 2025,completed
BEN-002782,Samuel,Wafula,male,Meru,Plus,Financial Literacy,11,11,100.0,In Progress,2026-08-16,Q3 2026,active
BEN-002786,Francis,Ngugi,Male,Meru,Plus,Life Skills,11,13,84.6,Completed,2026-05-26,Q2 2026,completed
BEN-002788,Kilonzo,Njoroge,Male,Kisii,Plus,Community Service,6,8,75.0,In Progress,2026-02-15,Q1 2026,active
BEN-002796,Kipchoge,Onyango,Male,Kiambu,Plus,Financial Literacy,7,10,70.0,Completed,2025-07-15,Q3 2025,completed
BEN-002799,Abdi,Omondi,Male,muranga,Plus,Mentorship,9,12,75.0,In Progress,2026-08-06,Q3 2026,active
BEN-002804,Akinyi,Musyoka,Female,Kisii,Plus,Leadership,10,11,90.9,In Progress,2026-09-20,Q3 2026,active
BEN-002806,Emmanuel,Mwangi,m,Nakuru,Plus,Entrepreneurship,8,10,80.0,In Progress,2026-04-04,Q2 2026,active
BEN-002808,Njeri,Owino,Female,Meru,Plus,Health & Wellness,6,7,85.7,Completed,2025-12-18,Q4 2025,completed
BEN-002809,Achieng,Njenga,Female,Mombasa,Plus,Entrepreneurship,11,12,91.7,Completed,2025-07-18,Q3 2025,completed
BEN-002813,Nicholas,Matano,Male,Mombasa,Plus,Financial Literacy,8,10,80.0,Completed,2025-11-22,Q4 2025,completed
BEN-002814,Vincent,Owino,Male,Kisumu,Plus,Mentorship,5,15,33.3,Dropped,2025-07-19,Q3 2025,dropped_out
BEN-002818,Achieng,Nyambane,Female,Muranga,Plus,Community Service,5,7,71.4,In Progress,2026-08-26,Q3 2026,active
BEN-002821,Wekesa,Rotich,Male,Machakos,Plus,Entrepreneurship,8,11,72.7,Completed,2026-06-27,Q2 2026,completed
BEN-002831,David,Koech,Male,Nairobi,Plus,Community Service,8,9,88.9,Completed,2026-06-18,Q2 2026,completed
BEN-002835,Nicholas,Cheruiyot,Male,Nairobi,Plus,Financial Literacy,8,10,80.0,In Progress,2026-07-16,Q3 2026,active
BEN-002837,Anyango,Owino,Female,Nairobi,Plus,Life Skills,11,11,100.0,Completed,2026-06-20,Q2 2026,completed
BEN-002838,Mohamed,Katana,Male,Mombasa,Plus,Health & Wellness,3,7,42.9,Dropped,2026-01-17,Q1 2026,dropped_out
BEN-002839,Omondi,Mbogo,Male,Uasin Gishu,Plus,Leadership,5,9,55.6,Dropped,2025-09-18,Q3 2025,dropped_out
BEN-002843,Rotich,Cheruiyot,Male,Machakos,Plus,Entrepreneurship,5,10,50.0,Dropped,2025-11-14,Q4 2025,dropped_out
BEN-002844,Faith,Nyambane,Female,Nyeri,Plus,Financial Literacy,7,9,77.8,In Progress,2026-05-27,Q2 2026,active
BEN-002845,Francis,Mohamed,Male,Kiambu,Plus,Life Skills,10,11,90.9,In Progress,2026-05-08,Q2 2026,active
BEN-002847,Wanjiru,Abdi,Female,Kiambu,Plus,Entrepreneurship,12,13,92.3,In Progress,2026-09-08,Q3 2026,active
BEN-002849,Onyango,Gitau,Male,Muranga,Plus,Life Skills,10,14,71.4,In Progress,2026-06-29,Q2 2026,active
BEN-002853,Grace,Wafula,Female,Mombasa,Plus,Community Service,5,6,83.3,Completed,2025-11-12,Q4 2025,completed
BEN-002854,Brenda,Ochieng,Female,Muranga,Plus,Community Service,5,8,62.5,In Progress,2026-08-06,Q3 2026,active
BEN-002856,Joy,Muthoni,Female,Nairobi,Plus,Mentorship,8,12,66.7,Completed,2025-11-25,Q4 2025,completed
BEN-002859,Kiptoo,Muthoni,Male,Nakuru,Plus,Life Skills,9,13,69.2,Completed,2025-05-06,Q2 2025,completed
BEN-002861,Mercy,Hassan,Female,Kajiado,Plus,Community Service,5,7,71.4,In Progress,2026-06-23,Q2 2026,active
BEN-002867,Diana,Mutua,female,Muranga,Plus,Life Skills,9,11,81.8,complete,2025-10-24,Q4 2025,completed
BEN-002869,Emily,Njoroge,Female,Kiambu County,Plus,Leadership,8,9,88.9,Completed,2025-09-13,Q3 2025,completed
BEN-002870,Brian,Mwangi,m,Kiambu,Plus,Life Skills,7,11,63.6,In Progress,2026-06-21,Q2 2026,active
BEN-002872,Atieno,Wafula,Female,Meru,Plus,Mentorship,10,17,58.8,Dropped,2025-10-20,Q4 2025,dropped_out
BEN-002880,Purity,Wanjiku,Female,Kiambu,Plus,Community Service,5,6,83.3,Completed,2025-02-11,Q1 2025,completed
BEN-002883,Boniface,Matano,Male,Nyeri,Plus,Mentorship,10,14,71.4,In Progress,2026-03-13,Q1 2026,active
BEN-002885,Mohamed,Mutua,Male,Uasin Gishu,Plus,Community Service,4,8,50.0,Dropped,2026-06-21,Q2 2026,dropped_out
BEN-002887,Barasa,Bett,Male,Bungoma,Plus,Health & Wellness,5,8,62.5,Completed,2026-06-17,Q2 2026,completed
BEN-002889,Neema,Kamau,Female,Nairobi,Plus,Health & Wellness,8,10,80.0,In Progress,2026-07-16,Q3 2026,active
BEN-002890,Wekesa,Nyambane,Male,Kajiado,Plus,Health & Wellness,7,8,87.5,In Progress,2026-07-30,Q3 2026,active
BEN-002892,Atieno,Wafula,female,Meru,Plus,Mentorship,8,14,57.1,Dropped,2025-04-04,Q2 2025,dropped_out
BEN-002893,Kendi,Kariuki,female,Meru,Plus,Life Skills,5,10,50.0,Completed,2025-04-06,Q2 2025,completed
BEN-002895,Stephen,Matano,M,Mombasa,Plus,Community Service,6,8,75.0,Completed,2025-10-23,Q4 2025,completed
BEN-002899,Samuel,Njenga,Male,Uasin Gishu,Plus,Financial Literacy,8,9,88.9,In Progress,2026-09-17,Q3 2026,active
BEN-002902,Timothy,Kimani,Male,Machakos,Plus,Health & Wellness,6,7,85.7,Completed,2026-06-27,Q2 2026,completed
BEN-002907,Akinyi,Muthoni,Female,Mombasa,Plus,Mentorship,17,19,89.5,Completed,2026-05-28,Q2 2026,completed
BEN-002908,Kilonzo,Mutiso,Male,Kiambu,Plus,Leadership,11,11,100.0,In Progress,2026-07-08,Q3 2026,active
BEN-002910,Victor,Hassan,Male,Kilifi,Plus,Financial Literacy,10,12,83.3,In Progress,2026-06-25,Q2 2026,active
BEN-002911,Kipchoge,Kilonzo,Male,Nairobi,Plus,Entrepreneurship,9,11,81.8,In Progress,2026-07-31,Q3 2026,active
BEN-002912,Zawadi,Nyambane,Female,Mombasa,Plus,Financial Literacy,7,8,87.5,Completed,2025-09-07,Q3 2025,completed
BEN-002913,Mercy,Wekesa,Female,KISII,Plus,Life Skills,9,11,81.8,In Progress,2026-06-05,Q2 2026,active
BEN-002915,Musyoka,Ngugi,Male,UASIN_GISHU,Plus,Leadership,8,10,80.0,Completed,2025-10-17,Q4 2025,completed
BEN-002917,Kagure,Ochieng,Female,Uasin Gishu,Plus,Mentorship,6,12,50.0,In Progress,2026-07-13,Q3 2026,active
BEN-002921,Njeri,Muthoni,Female,Nakuru,Plus,Life Skills,6,12,50.0,Dropped,2025-04-18,Q2 2025,dropped_out
BEN-002923,Halima,Nduta,Female,Kiambu,Plus,Mentorship,7,15,46.7,Dropped,2025-08-25,Q3 2025,dropped_out
BEN-002925,Awuor,Kimani,Female,Kisii,Plus,Entrepreneurship,7,15,46.7,Dropped,2026-02-06,Q1 2026,dropped_out
BEN-002926,Cynthia,Kilonzo,Female,Nairobi,Plus,Health & Wellness,4,6,66.7,Completed,2025-05-02,Q2 2025,completed
BEN-002927,Jerop,Mutua,Female,Nakuru,Plus,Leadership,6,11,54.5,In Progress,2026-07-02,Q3 2026,active
BEN-002930,Musyoka,Odhiambo,Male,Machakos,Plus,Leadership,7,9,77.8,Completed,2026-03-17,Q1 2026,completed
BEN-002932,Atieno,Maina,Female,Kilifi,Plus,Leadership,8,10,80.0,Completed,2026-03-04,Q1 2026,completed
BEN-002933,Boniface,Baya,Male,Nairobi,Plus,Community Service,4,9,44.4,In Progress,2026-09-21,Q3 2026,active
BEN-002939,Francis,Abdi,Male,Kisii,Plus,Entrepreneurship,10,14,71.4,Completed,2025-11-02,Q4 2025,completed
BEN-002940,Simon,Mbogo,MALE,Uasin Gishu,Plus,Entrepreneurship,10,16,62.5,Completed,2025-04-30,Q2 2025,completed
BEN-002942,Omondi,Mwangi,Male,Kiambu,Plus,Health & Wellness,7,9,77.8,In Progress,2026-06-19,Q2 2026,active
BEN-002948,Zawadi,Mwangi,Female,Nakuru,Plus,Entrepreneurship,11,14,78.6,Completed,2025-11-01,Q4 2025,completed
BEN-002949,Purity,Achieng,Female,Kilifi,Plus,Life Skills,9,12,75.0,Completed,2025-12-26,Q4 2025,completed
BEN-002955,Onyango,Cheruiyot,M,Nakuru,Plus,Life Skills,9,10,90.0,Completed,2026-03-15,Q1 2026,completed
BEN-002957,Kendi,Otieno,Female,Kajiado,Plus,Leadership,8,11,72.7,In Progress,2026-06-27,Q2 2026,active
BEN-002959,Awuor,Mwangi,Female,Kisumu,Plus,Health & Wellness,8,10,80.0,In Progress,2026-08-13,Q3 2026,active
BEN-002961,Atieno,Kiptoo,Female,Meru,Plus,Life Skills,6,13,46.2,Dropped,2025-12-05,Q4 2025,dropped_out
BEN-002967,Nasieku,Mutiso,Female,Kajiado,Plus,Life Skills,11,11,100.0,In Progress,2026-08-10,Q3 2026,active
BEN-002968,Daniel,Kuria,Male,Mombasa,Plus,Financial Literacy,9,9,100.0,Completed,2025-04-02,Q2 2025,completed
BEN-002970,Njeri,Njoroge,Female,Nakuru,Plus,Health & Wellness,8,10,80.0,Completed,2025-08-18,Q3 2025,completed
BEN-002971,Boniface,Achieng,Male,Machakos,Plus,Life Skills,7,12,58.3,In Progress,2026-05-18,Q2 2026,active
BEN-002972,Mohamed,Kuria,m,Machakos,Plus,Leadership,6,10,60.0,In Progress,2026-08-23,Q3 2026,active
BEN-002973,Zawadi,Owino,Female,Kiambu,Plus,Financial Literacy,8,8,100.0,Completed,2025-10-20,Q4 2025,completed
BEN-002977,Joseph,Koech,male,Kajiado,Plus,Life Skills,9,11,81.8,In Progress,2026-08-23,Q3 2026,active
BEN-002978,Joseph,Cheruiyot,Male,kiambu,Plus,Health & Wellness,7,7,100.0,In Progress,2026-07-27,Q3 2026,active
BEN-002979,Francis,Nduta,Male,Nakuru,Plus,Health & Wellness,7,8,87.5,In Progress,2026-06-25,Q2 2026,active
BEN-002982,Francis,Kuria,Male,Nakuru,Plus,Leadership,6,8,75.0,Completed,2025-08-16,Q3 2025,completed
BEN-002983,Kipchoge,Achieng,Male,Nairobi,Plus,Entrepreneurship,14,14,100.0,In Progress,2026-08-24,Q3 2026,active
BEN-002984,Boniface,Wekesa,Male,Nakuru,Plus,Financial Literacy,6,10,60.0,In Progress,2026-06-26,Q2 2026,active
BEN-002985,Cynthia,Abdi,Female,Nairobi,Plus,Entrepreneurship,9,12,75.0,In Progress,2026-08-09,Q3 2026,active
BEN-002986,Joy,Mwangi,Female,Meru,Plus,Health & Wellness,5,6,83.3,Completed,2025-03-14,Q1 2025,completed
BEN-002988,Joseph,Wafula,Male,Bungoma,Plus,Entrepreneurship,7,13,53.8,Completed,2025-08-19,Q3 2025,completed
BEN-002989,Zawadi,Ngugi,Female,Muranga,Plus,Entrepreneurship,9,13,69.2,In Progress,2026-07-30,Q3 2026,active
BEN-002990,Boniface,Ngugi,Male,MERU,Plus,Life Skills,9,13,69.2,In Progress,2026-08-21,Q3 2026,active
BEN-002991,Purity,Gitau,Female,Kakamega,Plus,Life Skills,8,10,80.0,In Progress,2026-04-27,Q2 2026,active
BEN-002992,Kiptoo,Nyambane,Male,Nairobi,Plus,Entrepreneurship,8,10,80.0,In Progress,2026-01-22,Q1 2026,active
BEN-002993,Barasa,Wanjiku,Male,Mombasa,Plus,Life Skills,11,12,91.7,In Progress,2026-09-24,Q3 2026,active
BEN-002995,Jerop,Hassan,Female,Kisumu,Plus,Financial Literacy,8,11,72.7,complete,2025-10-29,Q4 2025,completed
BEN-002996,Kevin,Matano,Male,Meru,Plus,Financial Literacy,5,8,62.5,Dropped,2026-05-08,Q2 2026,dropped_out
BEN-002997,Cynthia,Owino,Female,Kakamega,Plus,Community Service,5,6,83.3,Completed,2026-03-03,Q1 2026,completed
BEN-003001,Achieng,Chebet,Female,Nairobi,Plus,Leadership,7,8,87.5,Completed,2026-06-12,Q2 2026,completed
BEN-003005,Faith,Onyango,Female,Kiambu,Plus,Life Skills,11,12,91.7,In Progress,2026-06-14,Q2 2026,active
BEN-003007,Rotich,Korir,Male,Kisumu,Plus,Leadership,11,11,100.0,Completed,2026-01-31,Q1 2026,completed
BEN-003009,Joy,Mutua,Female,Kajiado,Plus,Community Service,6,8,75.0,In Progress,2026-07-22,Q3 2026,active
BEN-003010,Akinyi,Gitau,Female,Meru,Plus,Health & Wellness,6,6,100.0,In Progress,2026-04-26,Q2 2026,active
BEN-003011,Anyango,Charo,Female,Nairobi,Plus,Life Skills,8,11,72.7,Completed,2025-04-21,Q2 2025,completed
BEN-003013,Anthony,Wekesa,Male,MURANGA,Plus,Community Service,4,6,66.7,Completed,2025-12-15,Q4 2025,completed
BEN-003014,Cherono,Owino,Female,Nyeri,Plus,Mentorship,15,15,100.0,complete,2025-08-01,Q3 2025,completed
BEN-003015,Zawadi,Ochieng,Female,Kilifi,Plus,Community Service,4,10,40.0,DROPPED,2025-08-06,Q3 2025,dropped_out
BEN-003018,Emily,Nyambane,Female,Machakos,Plus,Health & Wellness,7,8,87.5,Completed,2026-02-24,Q1 2026,completed
BEN-003019,Nicholas,Kimani,Male,Kiambu,Plus,Community Service,7,8,87.5,In Progress,2026-01-07,Q1 2026,active
BEN-003020,Omondi,Mutua,Male,Kiambu,Plus,Health & Wellness,5,7,71.4,In Progress,2026-05-17,Q2 2026,active
BEN-003022,Akinyi,Kimani,Female,Nairobi,Plus,Entrepreneurship,9,15,60.0,In Progress,2026-05-13,Q2 2026,active
BEN-003026,Kendi,Mutiso,Female,Bungoma,Plus,Leadership,7,10,70.0,COMPLETED,2025-03-07,Q1 2025,completed
BEN-003032,Wangari,Nduta,Female,Nakuru,Plus,Community Service,9,10,90.0,In Progress,2026-06-19,Q2 2026,active
BEN-003033,Kiptoo,Wafula,Male,Bungoma,Plus,Leadership,6,9,66.7,In Progress,2026-06-25,Q2 2026,active
BEN-003035,Kagure,Maina,Female,Kisumu,Plus,Financial Literacy,8,11,72.7,COMPLETED,2026-03-26,Q1 2026,completed
BEN-003038,Samuel,Ngugi,Male,kilifi,Plus,Financial Literacy,7,11,63.6,Dropped,2025-09-17,Q3 2025,dropped_out
BEN-003039,Isaac,Kiptoo,Male,Kiambu,Plus,Life Skills,7,13,53.8,Completed,2025-10-27,Q4 2025,completed
BEN-003041,Kamau,Kimani,Male,Nairobi,Plus,Entrepreneurship,9,15,60.0,In Progress,2026-09-06,Q3 2026,active
BEN-003042,Peter,Bett,m,Kiambu,Plus,Health & Wellness,5,6,83.3,Completed,2026-02-23,Q1 2026,completed
BEN-003043,Nyambura,Mutiso,Female,Nairobi,Plus,Leadership,7,12,58.3,Dropped,2025-04-16,Q2 2025,dropped_out
BEN-003045,Gathoni,Katana,Female,Meru,Plus,Life Skills,4,11,36.4,Dropped,2025-12-09,Q4 2025,dropped_out
BEN-003046,Esther,Nyambane,Female,Bungoma,Plus,Mentorship,12,14,85.7,In Progress,2026-01-23,Q1 2026,active
BEN-003047,Emily,Charo,Female,Mombasa,Plus,Leadership,9,12,75.0,complete,2026-03-06,Q1 2026,completed
BEN-003054,Mercy,Ngugi,Female,KISII,Plus,Health & Wellness,6,9,66.7,Completed,2026-06-07,Q2 2026,completed
BEN-003059,Njeri,Omondi,Female,Machakos,Plus,Entrepreneurship,9,15,60.0,Completed,2025-04-13,Q2 2025,completed
BEN-003060,David,Kimani,Male,Nakuru,Plus,Financial Literacy,9,11,81.8,complete,2026-02-21,Q1 2026,completed
BEN-003061,Victor,Otieno,Male,Bungoma County,Plus,Entrepreneurship,11,16,68.8,In Progress,2026-04-05,Q2 2026,active
BEN-003062,Jerop,Njoroge,Female,Nakuru,Plus,Life Skills,10,14,71.4,In Progress,2026-06-03,Q2 2026,active
BEN-003063,Awuor,Nduta,Female,Kiambu,Plus,Financial Literacy,7,8,87.5,In Progress,2026-08-26,Q3 2026,active
BEN-003065,Anthony,Ngugi,Male,Nairobi,Plus,Community Service,4,6,66.7,In Progress,2026-02-23,Q1 2026,active
BEN-003067,Samuel,Nyambane,Male,Nakuru,Plus,Financial Literacy,5,8,62.5,In Progress,2026-08-19,Q3 2026,active
BEN-003068,Akinyi,Njenga,female,Bungoma,Plus,Entrepreneurship,12,14,85.7,Completed,2025-09-05,Q3 2025,completed
BEN-003071,Wanjiru,Wekesa,Female,Kisii,Plus,Mentorship,14,17,82.4,complete,2025-03-24,Q1 2025,completed
BEN-003072,Omondi,Gitau,Male,Mombasa,Plus,Leadership,6,8,75.0,Completed,2025-07-14,Q3 2025,completed
BEN-003076,Caroline,Matano,Female,Mombasa,Plus,Leadership,6,12,50.0,Completed,2026-05-31,Q2 2026,completed
BEN-003078,David,Juma,Male,Kakamega,Plus,Life Skills,8,12,66.7,In Progress,2026-04-22,Q2 2026,active
BEN-003079,Beatrice,Kamau,Female,Nairobi,Plus,Life Skills,8,12,66.7,In Progress,2026-09-22,Q3 2026,active
BEN-003084,Victor,Hassan,Male,Meru,Plus,Entrepreneurship,12,14,85.7,In Progress,2026-08-03,Q3 2026,active
BEN-003086,Onyango,Abdi,Male,UASIN_GISHU,Plus,Leadership,9,10,90.0,In Progress,2026-09-07,Q3 2026,active
BEN-003088,Kamau,Juma,Male,Kiambu County,Plus,Leadership,8,11,72.7,In Progress,2026-04-07,Q2 2026,active
BEN-003091,Caroline,Katana,Female,Kisumu,Plus,Life Skills,11,12,91.7,In Progress,2026-07-08,Q3 2026,active
BEN-003093,Neema,Nyambane,Female,Machakos,Plus,Community Service,8,8,100.0,Completed,2025-08-30,Q3 2025,completed
BEN-003094,Juma,Achieng,male,Muranga County,Plus,Leadership,5,9,55.6,In Progress,2026-05-28,Q2 2026,active
BEN-003097,Vincent,Maina,Male,Kiambu,Plus,Financial Literacy,6,8,75.0,Completed,2026-03-19,Q1 2026,completed
BEN-003100,James,Barasa,Male,Kiambu,Plus,Financial Literacy,8,8,100.0,In Progress,2026-06-17,Q2 2026,active
BEN-003101,Neema,Maina,Female,Kiambu,Plus,Financial Literacy,9,10,90.0,In Progress,2026-07-25,Q3 2026,active
BEN-003103,Anyango,Maina,Female,kajiado,Plus,Community Service,6,9,66.7,In Progress,2026-09-10,Q3 2026,active
BEN-003107,Musyoka,Nyambane,M,Kakamega,Plus,Financial Literacy,7,8,87.5,Completed,2026-02-11,Q1 2026,completed
BEN-003108,Kendi,Musyoka,Female,Nairobi,Plus,Financial Literacy,10,12,83.3,complete,2026-01-09,Q1 2026,completed
BEN-003110,Daniel,Onyango,Male,Kajiado,Plus,Financial Literacy,10,11,90.9,In Progress,2026-09-29,Q3 2026,active
BEN-003113,Emily,Wafula,Female,Kajiado,Plus,Leadership,12,12,100.0,In Progress,2026-09-06,Q3 2026,active
BEN-003115,Wanjiku,Mutiso,female,Machakos,Plus,Health & Wellness,4,6,66.7,In Progress,2026-08-24,Q3 2026,active
BEN-003119,Mutua,Katana,Male,Nairobi,Plus,Health & Wellness,4,7,57.1,Completed,2026-01-14,Q1 2026,completed
BEN-003122,Mercy,Bett,Female,Kajiado,Plus,Community Service,3,6,50.0,Dropped,2025-07-23,Q3 2025,dropped_out
BEN-003123,Halima,Maina,Female,Kajiado,Plus,Health & Wellness,8,8,100.0,Completed,2026-01-18,Q1 2026,completed
BEN-003126,Kelvin,Kariuki,Male,KILIFI,Plus,Health & Wellness,7,10,70.0,In Progress,2026-08-21,Q3 2026,active
BEN-003127,Kagure,Gitau,F,Nakuru,Plus,Leadership,7,8,87.5,In Progress,2026-04-01,Q2 2026,active
BEN-003128,Grace,Chebet,Female,Kakamega,Plus,Life Skills,5,12,41.7,Dropped,2025-05-08,Q2 2025,dropped_out
BEN-003131,Onyango,Wanjiku,Male,Uasin Gishu,Plus,Leadership,6,10,60.0,Dropped,2025-07-07,Q3 2025,dropped_out
BEN-003132,Purity,Matano,FEMALE,Nairobi,Plus,Financial Literacy,10,10,100.0,Completed,2026-06-03,Q2 2026,completed
BEN-003133,Esther,Korir,FEMALE,nairobi,Plus,Financial Literacy,10,10,100.0,complete,2025-10-20,Q4 2025,completed
BEN-003136,Diana,Wekesa,Female,Kisumu,Plus,Community Service,8,10,80.0,Completed,2025-05-18,Q2 2025,completed
BEN-003138,Peter,Wekesa,Male,Bungoma,Plus,Financial Literacy,7,9,77.8,Completed,2025-07-20,Q3 2025,completed
BEN-003141,Kiptoo,Nduta,Male,kiambu,Plus,Health & Wellness,7,8,87.5,In Progress,2026-02-28,Q1 2026,active
BEN-003143,Faith,Ngugi,Female,Kilifi,Plus,Financial Literacy,4,11,36.4,Dropped,2025-11-10,Q4 2025,dropped_out
BEN-003145,Awuor,Ochieng,Female,Nairobi,Plus,Health & Wellness,7,9,77.8,Completed,2025-07-15,Q3 2025,completed
BEN-003146,Joy,Hassan,Female,Nairobi,Plus,Community Service,6,10,60.0,Completed,2026-01-03,Q1 2026,completed
BEN-003147,Mercy,Cheruiyot,Female,Kakamega,Plus,Leadership,6,8,75.0,In Progress,2026-09-22,Q3 2026,active
BEN-003151,Emily,Kiptoo,Female,Uasin Gishu,Plus,Leadership,6,12,50.0,Dropped,2025-09-15,Q3 2025,dropped_out
BEN-003155,Nasieku,Mohamed,Female,KAKAMEGA,Plus,Mentorship,8,15,53.3,Completed,2026-03-13,Q1 2026,completed
BEN-003156,Gathoni,Mohamed,Female,nairobi,Plus,Leadership,7,10,70.0,Completed,2025-07-02,Q3 2025,completed
BEN-003157,Omondi,Odhiambo,Male,Nairobi,Plus,Leadership,9,9,100.0,Completed,2025-09-04,Q3 2025,completed
BEN-003158,Emily,Wanjiku,Female,Uasin Gishu,Plus,Health & Wellness,5,8,62.5,Completed,2026-01-03,Q1 2026,completed
BEN-003160,Anthony,Ngugi,Male,Mombasa,Plus,Leadership,6,8,75.0,Completed,2025-03-17,Q1 2025,completed
BEN-003161,Cheruiyot,Wanjiku,Male,Bungoma,Plus,Community Service,7,7,100.0,In Progress,2026-09-06,Q3 2026,active
BEN-003166,David,Korir,Male,Nakuru,Plus,Health & Wellness,8,9,88.9,Completed,2025-09-16,Q3 2025,completed
BEN-003167,Boniface,Juma,Male,Nyeri,Plus,Health & Wellness,6,9,66.7,Completed,2026-03-16,Q1 2026,completed
BEN-003169,Awuor,Onyango,Female,Meru,Plus,Community Service,6,10,60.0,In Progress,2026-01-20,Q1 2026,active
BEN-003172,Collins,Odhiambo,Male,Nairobi,Plus,Mentorship,12,19,63.2,Dropped,2025-08-24,Q3 2025,dropped_out
BEN-003173,Kilonzo,Otieno,Male,Meru,Plus,Mentorship,17,19,89.5,In Progress,2026-04-23,Q2 2026,active
BEN-003174,Onyango,Ochieng,Male,Kakamega,Plus,Financial Literacy,4,10,40.0,Completed,2025-08-13,Q3 2025,completed
BEN-003177,Omondi,Korir,m,nairobi,Plus,Entrepreneurship,11,13,84.6,Completed,2025-02-25,Q1 2025,completed
BEN-003178,Gathoni,Gitau,Female,Kiambu,Plus,Health & Wellness,3,6,50.0,Completed,2026-05-08,Q2 2026,completed
BEN-003180,Akinyi,Kamau,F,Kiambu,Plus,Health & Wellness,3,6,50.0,Dropped,2026-01-18,Q1 2026,dropped_out
BEN-003184,Akinyi,Achieng,Female,Kiambu,Plus,Entrepreneurship,12,13,92.3,Completed,2026-05-24,Q2 2026,completed
BEN-003185,Emmanuel,Gitau,Male,Nyeri,Plus,Health & Wellness,8,10,80.0,In Progress,2026-09-23,Q3 2026,active
BEN-003187,Odhiambo,Baya,Male,Kilifi,Plus,Mentorship,8,19,42.1,DROPPED,2026-01-12,Q1 2026,dropped_out
BEN-003189,Kagure,Mwakio,Female,Kisumu,Plus,Health & Wellness,5,7,71.4,Completed,2025-02-13,Q1 2025,completed
BEN-003190,Caroline,Nyambane,Female,Uasin Gishu,Plus,Leadership,10,10,100.0,Completed,2026-03-10,Q1 2026,completed
BEN-003191,Juma,Baya,Male,Muranga,Plus,Leadership,12,12,100.0,In Progress,2026-06-08,Q2 2026,active
BEN-003196,Baraka,Baya,Male,Nairobi,Plus,Leadership,9,10,90.0,In Progress,2026-07-14,Q3 2026,active
BEN-003198,Achieng,Nyambane,Female,Nairobi,Plus,Community Service,10,10,100.0,Completed,2025-09-10,Q3 2025,completed
BEN-003199,Diana,Musyoka,Female,Machakos,Plus,Entrepreneurship,10,15,66.7,In Progress,2026-07-12,Q3 2026,active
BEN-003201,Nicholas,Mwangi,Male,Machakos,Plus,Entrepreneurship,9,14,64.3,In Progress,2026-06-27,Q2 2026,active
BEN-003204,Cherono,Ochieng,Female,Machakos,Plus,Leadership,10,12,83.3,In Progress,2026-09-09,Q3 2026,active
BEN-003206,Mutua,Otieno,Male,Nakuru,Plus,Financial Literacy,7,9,77.8,Completed,2026-02-15,Q1 2026,completed
BEN-003207,Peter,Cheruiyot,Male,Nakuru,Plus,Community Service,4,8,50.0,In Progress,2026-03-13,Q1 2026,active
BEN-003208,Sharon,Kimani,female,Bungoma,Plus,Life Skills,11,11,100.0,In Progress,2026-04-27,Q2 2026,active
BEN-003209,Omondi,Wafula,Male,Kiambu,Plus,Entrepreneurship,12,13,92.3,In Progress,2026-09-06,Q3 2026,active
BEN-003211,Esther,Abdi,Female,Meru,Plus,Leadership,4,9,44.4,Dropped,2026-01-09,Q1 2026,dropped_out
BEN-003212,Wangari,Omondi,Female,Mombasa,Plus,Leadership,10,12,83.3,In Progress,2026-09-23,Q3 2026,active
BEN-003213,Cynthia,Charo,Female,Kiambu,Plus,Health & Wellness,5,10,50.0,Dropped,2025-10-12,Q4 2025,dropped_out
BEN-003216,Amina,Mbogo,Female,Nyeri,Plus,Life Skills,9,14,64.3,In Progress,2026-02-13,Q1 2026,active
BEN-003218,Anyango,Charo,Female,meru,Plus,Financial Literacy,5,8,62.5,In Progress,2026-03-20,Q1 2026,active
BEN-003219,Onyango,Kimani,Male,Meru,Plus,Leadership,10,11,90.9,In Progress,2026-06-17,Q2 2026,active
BEN-003222,Esther,Gitau,Female,Mombasa,Plus,Community Service,6,8,75.0,Completed,2025-12-21,Q4 2025,completed
BEN-003223,Chebet,Matano,Female,Kiambu,Plus,Life Skills,10,13,76.9,Completed,2025-02-07,Q1 2025,completed
BEN-003225,Korir,Baya,Male,Nairobi,Plus,Financial Literacy,10,12,83.3,Completed,2025-03-15,Q1 2025,completed
BEN-003226,James,Rotich,Male,Kisumu,Plus,Financial Literacy,5,8,62.5,In Progress,2026-09-16,Q3 2026,active
BEN-003231,Wanjiru,Owino,Female,Nakuru,Plus,Mentorship,15,19,78.9,Completed,2025-01-05,Q1 2025,completed
BEN-003233,Nasieku,Nduta,F,Kakamega,Plus,Life Skills,9,13,69.2,Completed,2025-08-23,Q3 2025,completed
BEN-003234,Naisula,Njoroge,Female,Kiambu,Plus,Leadership,10,10,100.0,Completed,2026-03-09,Q1 2026,completed
BEN-003235,Emmanuel,Wafula,Male,Nairobi,Plus,Financial Literacy,12,12,100.0,Completed,2025-09-21,Q3 2025,completed
BEN-003236,Rotich,Kiptoo,Male,Uasin Gishu,Plus,Community Service,4,10,40.0,In Progress,2026-04-15,Q2 2026,active
BEN-003237,Abdi,Kilonzo,Male,nyeri,Plus,Entrepreneurship,11,14,78.6,In Progress,2026-06-28,Q2 2026,active
BEN-003238,Chepkoech,Ochieng,Female,Kisumu,Plus,Financial Literacy,8,10,80.0,Completed,2026-02-16,Q1 2026,completed
BEN-003240,David,Wafula,Male,Nairobi,Plus,Health & Wellness,4,6,66.7,In Progress,2026-08-20,Q3 2026,active
BEN-003242,Jerop,Kuria,Female,Nairobi,Plus,Financial Literacy,12,12,100.0,In Progress,2026-04-22,Q2 2026,active
BEN-003244,Njeri,Juma,Female,Muranga,Plus,Entrepreneurship,12,12,100.0,COMPLETED,2025-01-26,Q1 2025,completed
BEN-003245,Vincent,Kamau,Male,Nairobi,Plus,Mentorship,9,13,69.2,In Progress,2026-01-29,Q1 2026,active
BEN-003246,Amina,Baya,Female,Meru,Plus,Mentorship,10,18,55.6,Completed,2025-10-08,Q4 2025,completed
BEN-003247,Sharon,Mbogo,Female,Bungoma,Plus,Financial Literacy,7,9,77.8,Completed,2025-04-04,Q2 2025,completed
BEN-003250,Boniface,Korir,Male,Nairobi,Plus,Leadership,8,11,72.7,Completed,2025-08-29,Q3 2025,completed
BEN-003252,Mohamed,Mutiso,Male,Nakuru,Plus,Community Service,5,7,71.4,In Progress,2026-07-28,Q3 2026,active
BEN-003253,Kamau,Hassan,Male,Kilifi,Plus,Community Service,4,8,50.0,Completed,2025-09-19,Q3 2025,completed
BEN-003254,Omondi,Kamau,Male,Nyeri County,Plus,Mentorship,14,14,100.0,Completed,2025-07-05,Q3 2025,completed
BEN-003256,Faith,Juma,Female,nairobi,Plus,Leadership,7,9,77.8,Completed,2026-02-23,Q1 2026,completed
BEN-003257,Stephen,Musyoka,Male,Kajiado,Plus,Leadership,8,9,88.9,Completed,2025-05-04,Q2 2025,completed
BEN-003258,Kilonzo,Charo,male,Muranga,Plus,Life Skills,9,12,75.0,In Progress,2026-03-03,Q1 2026,active
BEN-003259,Naisula,Koech,Female,Bungoma,Plus,Mentorship,13,19,68.4,Completed,2025-09-06,Q3 2025,completed
BEN-003260,Emmanuel,Chebet,Male,Nairobi County,Plus,Health & Wellness,5,8,62.5,Dropped,2025-07-04,Q3 2025,dropped_out
BEN-003261,Beatrice,Mbogo,Female,Machakos,Plus,Life Skills,5,10,50.0,In Progress,2026-08-14,Q3 2026,active
BEN-003262,Naisula,Mutiso,Female,Nairobi,Plus,Leadership,9,10,90.0,Completed,2025-06-29,Q2 2025,completed
BEN-003263,Neema,Mutiso,f,Kakamega,Plus,Leadership,3,8,37.5,Dropped,2025-03-29,Q1 2025,dropped_out
BEN-003265,Wangari,Chebet,Female,Nairobi,Plus,Community Service,9,9,100.0,Completed,2025-01-10,Q1 2025,completed
BEN-003268,Nyambura,Abdi,Female,Nairobi,Plus,Health & Wellness,5,7,71.4,Dropped,2025-10-26,Q4 2025,dropped_out
BEN-003270,Chebet,Kilonzo,Female,Machakos,Plus,Financial Literacy,4,8,50.0,Dropped,2025-01-30,Q1 2025,dropped_out
BEN-003273,Mutua,Kiptoo,Male,Nairobi,Plus,Entrepreneurship,7,12,58.3,In Progress,2026-08-28,Q3 2026,active
BEN-003274,Ali,Cheruiyot,Male,Kajiado,Plus,Financial Literacy,8,8,100.0,complete,2025-10-31,Q4 2025,completed
BEN-003277,Kelvin,Katana,Male,Meru,Plus,Life Skills,8,13,61.5,In Progress,2026-07-10,Q3 2026,active
BEN-003278,Beatrice,Kiptoo,Female,Nairobi,Plus,Leadership,9,11,81.8,Completed,2025-01-11,Q1 2025,completed
BEN-003280,Omondi,Achieng,male,Kajiado,Plus,Life Skills,8,11,72.7,In Progress,2026-08-11,Q3 2026,active
BEN-003281,Amina,Abdi,Female,Nairobi,Plus,Financial Literacy,5,10,50.0,Completed,2025-11-24,Q4 2025,completed
BEN-003282,Kelvin,Kariuki,Male,Kiambu,Plus,Community Service,7,7,100.0,Completed,2025-12-02,Q4 2025,completed
BEN-003283,Anthony,Wekesa,Male,Bungoma,Plus,Entrepreneurship,8,15,53.3,In Progress,2026-09-23,Q3 2026,active
BEN-003284,Kilonzo,Njoroge,Male,Kilifi,Plus,Financial Literacy,3,8,37.5,Dropped,2025-01-07,Q1 2025,dropped_out
BEN-003286,Jerop,Wanjiku,Female,Bungoma,Plus,Leadership,5,8,62.5,Completed,2026-06-04,Q2 2026,completed
BEN-003288,Sharon,Mbogo,Female,Machakos,Plus,Life Skills,11,14,78.6,In Progress,2026-08-08,Q3 2026,active
BEN-003290,Akinyi,Kariuki,Female,Kajiado,Plus,Entrepreneurship,6,10,60.0,Completed,2025-06-30,Q2 2025,completed
BEN-003291,Nasieku,Matano,Female,Kajiado,Plus,Community Service,4,7,57.1,In Progress,2026-06-17,Q2 2026,active
BEN-003294,Nyambura,Kiptoo,Female,Nairobi,Plus,Life Skills,8,11,72.7,In Progress,2026-09-21,Q3 2026,active
BEN-003296,Wangari,Kariuki,Female,KAKAMEGA,Plus,Leadership,7,9,77.8,In Progress,2026-09-13,Q3 2026,active
BEN-003297,Chepkoech,Charo,Female,Kakamega,Plus,Financial Literacy,7,12,58.3,In Progress,2026-06-16,Q2 2026,active
BEN-003302,Wangari,Kariuki,Female,Nairobi,Plus,Entrepreneurship,12,14,85.7,Completed,2025-07-10,Q3 2025,completed
BEN-003303,Simon,Wafula,Male,Nyeri,Plus,Financial Literacy,7,10,70.0,In Progress,2026-09-28,Q3 2026,active
BEN-003304,Mohamed,Mwakio,Male,Nairobi,Plus,Life Skills,13,14,92.9,Completed,2025-04-23,Q2 2025,completed
BEN-003306,Wangari,Kimani,Female,Mombasa,Plus,Financial Literacy,5,9,55.6,In Progress,2026-08-16,Q3 2026,active
BEN-003307,Jerop,Musyoka,Female,Kisumu,Plus,Life Skills,9,14,64.3,Completed,2025-11-16,Q4 2025,completed
BEN-003308,Stephen,Ochieng,Male,Bungoma,Plus,Entrepreneurship,10,11,90.9,Completed,2025-08-31,Q3 2025,completed
BEN-003310,Awuor,Maina,Female,Nyeri,Plus,Community Service,9,9,100.0,Completed,2026-02-05,Q1 2026,completed
BEN-003311,Brenda,Abdi,Female,Meru,Plus,Entrepreneurship,10,11,90.9,Completed,2025-09-18,Q3 2025,completed
BEN-003312,Kipchoge,Njoroge,Male,Nakuru County,Plus,Leadership,8,10,80.0,In Progress,2026-01-13,Q1 2026,active
BEN-003313,Dennis,Muthoni,Male,NAKURU,Plus,Mentorship,14,14,100.0,complete,2025-06-23,Q2 2025,completed
BEN-003314,Neema,Mwakio,Female,KILIFI,Plus,Life Skills,8,12,66.7,Completed,2025-07-20,Q3 2025,completed
BEN-003316,Cynthia,Kariuki,Female,Machakos,Plus,Mentorship,7,13,53.8,Dropped,2025-10-12,Q4 2025,dropped_out
BEN-003322,Mohamed,Rotich,Male,Kajiado,Plus,Life Skills,9,11,81.8,In Progress,2026-04-09,Q2 2026,active
BEN-003324,Juma,Onyango,Male,Nairobi,Plus,Financial Literacy,6,10,60.0,Dropped,2025-11-02,Q4 2025,dropped_out
BEN-003326,Wekesa,Musyoka,Male,Nairobi,Plus,Community Service,9,10,90.0,In Progress,2026-07-17,Q3 2026,active
BEN-003327,Cheruiyot,Ochieng,Male,Uasin Gishu,Plus,Financial Literacy,7,11,63.6,In Progress,2026-08-11,Q3 2026,active
BEN-003328,Cynthia,Abdi,female,Nyeri,Plus,Mentorship,10,15,66.7,In Progress,2026-06-02,Q2 2026,active
BEN-003331,Awuor,Matano,Female,Nakuru,Plus,Life Skills,9,10,90.0,COMPLETED,2025-12-28,Q4 2025,completed
BEN-003333,Kendi,Mutiso,Female,KAJIADO,Plus,Leadership,8,10,80.0,Completed,2025-08-22,Q3 2025,completed
BEN-003334,Jerop,Wekesa,Female,Mombasa,Plus,Leadership,10,11,90.9,Completed,2026-03-29,Q1 2026,completed
BEN-003340,Boniface,Korir,Male,Mombasa,Plus,Financial Literacy,9,10,90.0,In Progress,2026-09-08,Q3 2026,active
BEN-003341,Omondi,Muthoni,Male,Kakamega,Plus,Financial Literacy,7,9,77.8,In Progress,2026-07-23,Q3 2026,active
BEN-003342,Nkatha,Bett,Female,Uasin Gishu,Plus,Health & Wellness,9,10,90.0,Completed,2025-06-29,Q2 2025,completed
BEN-003344,Faith,Bett,Female,Kilifi,Plus,Entrepreneurship,7,12,58.3,Dropped,2025-02-22,Q1 2025,dropped_out
BEN-003345,Simon,Nduta,Male,Kakamega,Plus,Mentorship,8,12,66.7,In Progress,2026-04-04,Q2 2026,active
BEN-003346,Korir,Onyango,Male,KAKAMEGA,Plus,Mentorship,10,17,58.8,In Progress,2026-09-30,Q3 2026,active
BEN-003348,Nasieku,Nyambane,Female,Machakos,Plus,Health & Wellness,4,7,57.1,Completed,2025-12-01,Q4 2025,completed
BEN-003350,Onyango,Koech,Male,Muranga,Plus,Mentorship,15,16,93.8,In Progress,2026-06-18,Q2 2026,active
BEN-003354,Vincent,Mwangi,Male,Nairobi,Plus,Community Service,8,10,80.0,COMPLETED,2025-11-15,Q4 2025,completed
BEN-003360,Beatrice,Bett,Female,Machakos,Plus,Financial Literacy,6,9,66.7,Dropped,2025-02-26,Q1 2025,dropped_out
BEN-003362,Simon,Gitau,Male,Nairobi,Plus,Entrepreneurship,15,15,100.0,Completed,2025-11-29,Q4 2025,completed
BEN-003365,Anyango,Owino,Female,Kisumu,Plus,Leadership,5,8,62.5,COMPLETED,2025-11-20,Q4 2025,completed
BEN-003367,Wangari,Baya,FEMALE,Machakos,Plus,Health & Wellness,3,6,50.0,In Progress,2026-09-05,Q3 2026,active
BEN-003368,Wanjiku,Matano,Female,Nairobi,Plus,Leadership,10,12,83.3,In Progress,2026-01-01,Q1 2026,active
BEN-003369,Anthony,Rotich,Male,Mombasa,Plus,Life Skills,11,14,78.6,In Progress,2026-09-04,Q3 2026,active
BEN-003371,Gathoni,Koech,Female,Kiambu,Plus,Health & Wellness,5,6,83.3,Completed,2026-02-12,Q1 2026,completed
BEN-003372,Peter,Otieno,Male,Kilifi,Plus,Financial Literacy,7,8,87.5,Completed,2026-02-06,Q1 2026,completed
BEN-003375,Isaac,Mwakio,Male,Meru,Plus,Life Skills,6,10,60.0,In Progress,2026-06-16,Q2 2026,active
BEN-003376,Kilonzo,Bett,Male,Kiambu,Plus,Mentorship,9,16,56.2,Dropped,2025-10-17,Q4 2025,dropped_out
BEN-003378,Victor,Achieng,Male,Muranga,Plus,Entrepreneurship,14,16,87.5,Completed,2025-08-08,Q3 2025,completed
BEN-003379,Grace,Koech,Female,Kisumu,Plus,Mentorship,12,16,75.0,In Progress,2026-09-26,Q3 2026,active
BEN-003381,Juma,Muthoni,Male,Nairobi,Plus,Health & Wellness,8,8,100.0,Completed,2025-10-09,Q4 2025,completed
BEN-003387,Beatrice,Kariuki,Female,Machakos,Plus,Community Service,5,6,83.3,In Progress,2026-04-12,Q2 2026,active
BEN-003393,Brenda,Baya,Female,Nairobi,Plus,Leadership,8,9,88.9,In Progress,2026-05-25,Q2 2026,active
BEN-003394,Njeri,Achieng,Female,Nakuru,Plus,Entrepreneurship,8,13,61.5,Completed,2025-10-18,Q4 2025,completed
BEN-003398,Kevin,Wafula,Male,Nakuru,Plus,Leadership,6,10,60.0,In Progress,2026-08-15,Q3 2026,active
BEN-003399,Sharon,Mohamed,Female,Nairobi,Plus,Life Skills,11,12,91.7,In Progress,2026-05-14,Q2 2026,active
BEN-003400,Mumbi,Kuria,Female,Uasin Gishu,Plus,Entrepreneurship,11,11,100.0,Completed,2026-06-29,Q2 2026,completed
BEN-003409,Kelvin,Nyambane,Male,Machakos,Plus,Health & Wellness,4,8,50.0,Dropped,2025-09-22,Q3 2025,dropped_out
BEN-003411,Kendi,Charo,Female,KIAMBU,Plus,Community Service,6,7,85.7,Completed,2026-01-10,Q1 2026,completed
BEN-003414,Atieno,Hassan,Female,kilifi,Plus,Entrepreneurship,12,16,75.0,Completed,2025-04-28,Q2 2025,completed
BEN-003417,Mohamed,Koech,Male,Meru,Plus,Mentorship,15,16,93.8,In Progress,2026-09-08,Q3 2026,active
BEN-003420,Vincent,Mbogo,Male,Mombasa,Plus,Leadership,7,9,77.8,Completed,2025-03-18,Q1 2025,completed
BEN-003425,Patrick,Chebet,Male,Kisumu,Plus,Community Service,7,10,70.0,Completed,2025-09-20,Q3 2025,completed
BEN-003431,Vincent,Wafula,Male,Bungoma,Plus,Mentorship,10,20,50.0,In Progress,2026-07-04,Q3 2026,active
BEN-003433,Faith,Onyango,Female,Uasin Gishu,Plus,Leadership,8,10,80.0,In Progress,2026-07-22,Q3 2026,active
BEN-003436,Diana,Korir,F,Nairobi,Plus,Community Service,6,7,85.7,Completed,2025-10-24,Q4 2025,completed
BEN-003441,Mutua,Hassan,Male,Kiambu,Plus,Mentorship,14,14,100.0,Completed,2026-01-18,Q1 2026,completed
BEN-003446,Brenda,Muthoni,Female,Kiambu,Plus,Financial Literacy,7,12,58.3,Dropped,2025-10-29,Q4 2025,dropped_out
BEN-003447,Vincent,Barasa,Male,Nairobi,Plus,Financial Literacy,12,12,100.0,In Progress,2026-08-24,Q3 2026,active
BEN-003448,Wangari,Cheruiyot,Female,Kiambu,Plus,Mentorship,15,19,78.9,COMPLETED,2026-03-23,Q1 2026,completed
BEN-003450,Atieno,Kuria,Female,Bungoma,Plus,Financial Literacy,7,8,87.5,Completed,2025-07-11,Q3 2025,completed
BEN-003452,Kamau,Gitau,M,Machakos,Plus,Life Skills,10,13,76.9,In Progress,2026-04-16,Q2 2026,active
BEN-003455,Mohamed,Wekesa,Male,Bungoma,Plus,Leadership,5,9,55.6,Completed,2026-02-19,Q1 2026,completed
BEN-003458,Ali,Kariuki,Male,Machakos,Plus,Financial Literacy,10,12,83.3,In Progress,2026-09-07,Q3 2026,active
BEN-003460,Boniface,Bett,male,Kakamega,Plus,Leadership,7,11,63.6,Completed,2025-12-28,Q4 2025,completed
BEN-003464,Wanjiru,Kuria,Female,Nairobi,Plus,Health & Wellness,7,10,70.0,Completed,2025-10-16,Q4 2025,completed
BEN-003465,Anthony,Mohamed,Male,Nairobi,Plus,Health & Wellness,10,10,100.0,Completed,2026-03-24,Q1 2026,completed
BEN-003467,Beatrice,Muthoni,Female,Nyeri,Plus,Leadership,6,8,75.0,Completed,2026-05-24,Q2 2026,completed
BEN-003469,Sharon,Odhiambo,Female,Muranga,Plus,Entrepreneurship,14,14,100.0,In Progress,2026-09-23,Q3 2026,active
BEN-003472,Mutua,Baya,Male,Machakos,Plus,Community Service,4,9,44.4,dropped out,2025-07-11,Q3 2025,dropped_out
BEN-003473,Mohamed,Achieng,male,uasin gishu,Plus,Mentorship,14,18,77.8,Completed,2026-01-08,Q1 2026,completed
BEN-003475,Isaac,Mutiso,Male,Muranga,Plus,Mentorship,12,15,80.0,In Progress,2026-06-24,Q2 2026,active
BEN-003478,James,Bett,Male,Kisumu,Plus,Community Service,2,6,33.3,Dropped,2025-10-10,Q4 2025,dropped_out
BEN-003487,Naisula,Mbogo,Female,Kisii,Plus,Entrepreneurship,12,16,75.0,In Progress,2026-09-25,Q3 2026,active
BEN-003489,Diana,Charo,Female,Kiambu,Plus,Life Skills,13,14,92.9,In Progress,2026-07-23,Q3 2026,active
BEN-003491,James,Odhiambo,Male,Mombasa,Plus,Community Service,7,9,77.8,In Progress,2026-06-27,Q2 2026,active
BEN-003492,Simon,Koech,m,Uasin Gishu,Plus,Community Service,5,9,55.6,Dropped,2026-03-07,Q1 2026,dropped_out
BEN-003493,Faith,Korir,Female,Nairobi,Plus,Life Skills,11,13,84.6,In Progress,2026-07-20,Q3 2026,active
BEN-003494,Korir,Kiptoo,Male,Mombasa,Plus,Community Service,4,6,66.7,In Progress,2026-07-14,Q3 2026,active
BEN-003496,Korir,Wafula,Male,Mombasa,Plus,Entrepreneurship,10,11,90.9,In Progress,2026-08-26,Q3 2026,active
BEN-003499,Mumbi,Otieno,F,Mombasa,Plus,Entrepreneurship,11,11,100.0,In Progress,2026-08-20,Q3 2026,active
BEN-003502,Atieno,Matano,Female,Nyeri,Plus,Community Service,6,10,60.0,In Progress,2026-06-17,Q2 2026,active
BEN-003504,Gathoni,Wekesa,Female,Nakuru,Plus,Community Service,6,6,100.0,Completed,2025-11-07,Q4 2025,completed
BEN-003514,Joseph,Otieno,Male,Mombasa,Plus,Leadership,10,12,83.3,Completed,2025-12-10,Q4 2025,completed
BEN-003515,Anyango,Kilonzo,Female,Mombasa,Plus,Community Service,6,7,85.7,Completed,2026-01-27,Q1 2026,completed
BEN-003517,Cynthia,Juma,Female,Nakuru,Plus,Financial Literacy,11,12,91.7,In Progress,2026-07-09,Q3 2026,active
BEN-003518,Daniel,Kiptoo,Male,Nyeri,Plus,Community Service,6,7,85.7,Completed,2026-06-09,Q2 2026,completed
BEN-003520,Samuel,Mutiso,Male,Kisii,Plus,Health & Wellness,6,7,85.7,Completed,2026-02-19,Q1 2026,completed
BEN-003522,Isaac,Njoroge,Male,Nairobi,Plus,Life Skills,10,11,90.9,In Progress,2026-07-05,Q3 2026,active
BEN-003523,Juma,Muthoni,Male,Kajiado,Plus,Community Service,4,6,66.7,In Progress,2026-02-19,Q1 2026,active
BEN-003527,Kendi,Gitau,Female,Nairobi,Plus,Financial Literacy,7,12,58.3,Completed,2025-10-07,Q4 2025,completed
BEN-003528,Faith,Kariuki,Female,Mombasa,Plus,Financial Literacy,8,12,66.7,In Progress,2026-03-08,Q1 2026,active
BEN-003530,Otieno,Maina,Male,Mombasa,Plus,Entrepreneurship,11,15,73.3,Completed,2025-08-18,Q3 2025,completed
BEN-003533,Kendi,Onyango,Female,Mombasa,Plus,Financial Literacy,11,11,100.0,Completed,2025-12-27,Q4 2025,completed
BEN-003534,Barasa,Njoroge,Male,Kisumu,Plus,Leadership,7,11,63.6,Completed,2025-02-05,Q1 2025,completed
BEN-003535,Anyango,Njoroge,Female,Mombasa,Plus,Entrepreneurship,10,11,90.9,In Progress,2026-07-08,Q3 2026,active
BEN-003539,Kipchoge,Kilonzo,Male,Nyeri,Plus,Financial Literacy,7,8,87.5,Completed,2025-08-25,Q3 2025,completed
BEN-003540,Akinyi,Nduta,Female,Muranga,Plus,Leadership,7,12,58.3,In Progress,2026-07-29,Q3 2026,active
BEN-003542,Joseph,Barasa,Male,Nakuru,Plus,Entrepreneurship,7,12,58.3,Dropped,2025-03-03,Q1 2025,dropped_out
BEN-003546,Cynthia,Kariuki,Female,nairobi,Plus,Mentorship,18,18,100.0,In Progress,2026-04-29,Q2 2026,active
BEN-003547,Atieno,Muthoni,Female,Nakuru,Plus,Financial Literacy,9,10,90.0,In Progress,2026-09-16,Q3 2026,active
BEN-003548,Samuel,Musyoka,Male,Kajiado,Plus,Leadership,7,8,87.5,In Progress,2026-08-05,Q3 2026,active
BEN-003550,Mercy,Kiptoo,Female,Nyeri,Plus,Mentorship,13,13,100.0,In Progress,2026-05-05,Q2 2026,active
BEN-003558,Faith,Wanjiku,Female,Muranga,Plus,Entrepreneurship,15,15,100.0,In Progress,2026-09-01,Q3 2026,active
BEN-003561,Jerop,Mutiso,Female,kilifi,Plus,Leadership,7,9,77.8,Completed,2026-03-13,Q1 2026,completed
BEN-003563,Collins,Bett,Male,Machakos,Plus,Leadership,7,9,77.8,Completed,2025-07-16,Q3 2025,completed
BEN-003568,Anyango,Kiptoo,Female,Meru,Plus,Mentorship,16,19,84.2,In Progress,2026-07-16,Q3 2026,active
BEN-003569,Boniface,Matano,Male,Kakamega,Plus,Financial Literacy,4,10,40.0,In Progress,2026-05-07,Q2 2026,active
BEN-003576,Francis,Hassan,Male,Muranga,Plus,Leadership,7,12,58.3,Dropped,2025-10-21,Q4 2025,dropped_out
BEN-003583,John,Wekesa,Male,KISII,Plus,Health & Wellness,8,8,100.0,Completed,2025-09-18,Q3 2025,completed
BEN-003590,Purity,Matano,Female,Nakuru,Plus,Financial Literacy,9,12,75.0,Completed,2025-12-24,Q4 2025,completed
BEN-003591,Naisula,Juma,F,Nairobi,Plus,Entrepreneurship,9,12,75.0,In Progress,2026-04-13,Q2 2026,active
BEN-003593,Brenda,Odhiambo,Female,Kiambu,Plus,Financial Literacy,11,11,100.0,In Progress,2026-01-09,Q1 2026,active
BEN-003595,Odhiambo,Odhiambo,Male,Machakos,Plus,Life Skills,6,10,60.0,Dropped,2025-08-19,Q3 2025,dropped_out
BEN-003596,Patrick,Kariuki,Male,Nairobi,Plus,Life Skills,14,14,100.0,In Progress,2026-08-09,Q3 2026,active
BEN-003598,James,Njenga,Male,Bungoma,Plus,Life Skills,7,13,53.8,In Progress,2026-07-11,Q3 2026,active
BEN-003599,Purity,Njoroge,Female,Kajiado,Plus,Life Skills,11,13,84.6,In Progress,2026-05-04,Q2 2026,active
BEN-003601,Atieno,Barasa,Female,Meru,Plus,Leadership,8,11,72.7,Completed,2025-03-17,Q1 2025,completed
BEN-003606,Kiptoo,Matano,Male,Nairobi,Plus,Life Skills,12,13,92.3,In Progress,2026-06-19,Q2 2026,active
BEN-003607,Caroline,Ngugi,Female,nyeri,Plus,Mentorship,13,13,100.0,Completed,2025-03-26,Q1 2025,completed
BEN-003610,Diana,Barasa,Female,Meru,Plus,Leadership,8,9,88.9,Completed,2025-04-28,Q2 2025,completed
BEN-003613,Onyango,Juma,Male,Nairobi,Plus,Health & Wellness,7,8,87.5,COMPLETED,2026-06-13,Q2 2026,completed
BEN-003615,Cynthia,Baya,female,Meru,Plus,Health & Wellness,3,8,37.5,Dropped,2025-06-14,Q2 2025,dropped_out
BEN-003620,Cynthia,Musyoka,Female,Nakuru,Plus,Entrepreneurship,8,14,57.1,Completed,2025-07-09,Q3 2025,completed
BEN-003626,Cynthia,Mwakio,Female,Nairobi,Plus,Life Skills,5,14,35.7,Dropped,2026-05-22,Q2 2026,dropped_out
BEN-003628,Chepkoech,Wanjiku,Female,Kiambu,Plus,Leadership,4,8,50.0,Dropped,2025-01-04,Q1 2025,dropped_out
BEN-003630,Njeri,Achieng,Female,Machakos,Plus,Entrepreneurship,13,13,100.0,Completed,2025-05-03,Q2 2025,completed
BEN-003631,Nkatha,Mohamed,Female,Nairobi,Plus,Life Skills,10,11,90.9,In Progress,2026-07-18,Q3 2026,active
BEN-003634,Timothy,Rotich,Male,Nakuru,Plus,Financial Literacy,5,10,50.0,dropped out,2026-01-06,Q1 2026,dropped_out
BEN-003637,Sharon,Kamau,Female,kilifi,Plus,Health & Wellness,4,10,40.0,DROPPED,2025-08-23,Q3 2025,dropped_out
BEN-003638,Daniel,Charo,male,Nairobi,Plus,Financial Literacy,10,11,90.9,Completed,2025-04-12,Q2 2025,completed
BEN-003641,Kamau,Nyambane,Male,Meru,Plus,Life Skills,8,10,80.0,Completed,2025-08-05,Q3 2025,completed
BEN-003647,Emmanuel,Mbogo,Male,Nairobi,Plus,Health & Wellness,6,8,75.0,Completed,2025-02-08,Q1 2025,completed
BEN-003648,Abdi,Muthoni,Male,Meru County,Plus,Life Skills,10,13,76.9,COMPLETED,2026-03-22,Q1 2026,completed
BEN-003650,Odhiambo,Mwakio,Male,machakos,Plus,Life Skills,12,13,92.3,In Progress,2026-05-15,Q2 2026,active
BEN-003651,Amina,Maina,F,Uasin Gishu,Plus,Entrepreneurship,11,11,100.0,Completed,2025-05-11,Q2 2025,completed
BEN-003653,Kipchoge,Mutua,Male,Nairobi,Plus,Life Skills,12,13,92.3,In Progress,2026-07-24,Q3 2026,active
BEN-003658,Kagure,Nyambane,Female,Nakuru,Plus,Mentorship,9,13,69.2,Completed,2025-12-24,Q4 2025,completed
BEN-003661,Halima,Matano,F,Kajiado,Plus,Entrepreneurship,9,13,69.2,Completed,2025-02-03,Q1 2025,completed
BEN-003666,Cheruiyot,Wafula,Male,Nairobi,Plus,Leadership,8,9,88.9,In Progress,2026-09-09,Q3 2026,active
BEN-003668,Joseph,Owino,Male,Kilifi,Plus,Entrepreneurship,11,16,68.8,Completed,2025-10-27,Q4 2025,completed
BEN-003669,Faith,Gitau,Female,Nakuru,Plus,Health & Wellness,7,10,70.0,Completed,2025-07-31,Q3 2025,completed
BEN-003671,Chebet,Mwakio,Female,Kisumu,Plus,Financial Literacy,8,12,66.7,In Progress,2026-09-22,Q3 2026,active
BEN-003673,Sharon,Rotich,Female,Kajiado,Plus,Community Service,6,10,60.0,Dropped,2025-10-08,Q4 2025,dropped_out
BEN-003675,Peter,Njenga,Male,Kilifi,Plus,Community Service,5,6,83.3,In Progress,2026-06-08,Q2 2026,active
BEN-003677,Otieno,Bett,M,Nairobi,Plus,Entrepreneurship,14,14,100.0,In Progress,2026-07-15,Q3 2026,active
BEN-003679,Kelvin,Otieno,Male,Kiambu,Plus,Community Service,5,10,50.0,Dropped,2025-08-18,Q3 2025,dropped_out
BEN-003680,John,Wanjiku,Male,Mombasa,Plus,Community Service,4,8,50.0,Dropped,2026-06-29,Q2 2026,dropped_out
BEN-003682,Beatrice,Otieno,Female,Muranga,Plus,Entrepreneurship,7,10,70.0,complete,2025-05-06,Q2 2025,completed
BEN-003683,Wanjiku,Chebet,Female,Machakos,Plus,Life Skills,13,13,100.0,In Progress,2026-09-02,Q3 2026,active
BEN-003686,Kelvin,Mbogo,Male,Nairobi,Plus,Community Service,5,7,71.4,Completed,2026-02-22,Q1 2026,completed
BEN-003687,Halima,Juma,f,Kakamega,Plus,Health & Wellness,3,7,42.9,Completed,2025-12-27,Q4 2025,completed
BEN-003688,Atieno,Wafula,Female,Kakamega County,Plus,Community Service,5,6,83.3,Completed,2025-09-14,Q3 2025,completed
BEN-003694,Ali,Barasa,Male,MERU,Plus,Mentorship,11,15,73.3,Completed,2025-07-08,Q3 2025,completed
BEN-003695,Baraka,Charo,Male,Mombasa,Plus,Life Skills,4,10,40.0,dropped out,2025-07-10,Q3 2025,dropped_out
BEN-003696,Omondi,Nduta,Male,Kiambu,Plus,Community Service,5,8,62.5,In Progress,2026-07-06,Q3 2026,active
BEN-003697,Wanjiru,Onyango,f,Kajiado,Plus,Life Skills,10,13,76.9,complete,2025-05-15,Q2 2025,completed
BEN-003698,Victor,Rotich,Male,Nakuru,Plus,Financial Literacy,4,9,44.4,Completed,2025-08-15,Q3 2025,completed
BEN-003707,Achieng,Hassan,Female,Nairobi,Plus,Financial Literacy,10,10,100.0,complete,2025-05-13,Q2 2025,completed
BEN-003709,Mohamed,Nduta,Male,Nyeri County,Plus,Community Service,7,9,77.8,Completed,2026-02-08,Q1 2026,completed
BEN-003718,Wanjiku,Charo,Female,Kakamega,Plus,Health & Wellness,6,9,66.7,In Progress,2026-07-14,Q3 2026,active
BEN-003719,Kelvin,Njenga,Male,Bungoma,Plus,Health & Wellness,6,9,66.7,In Progress,2026-06-01,Q2 2026,active
BEN-003721,Brenda,Kamau,Female,Muranga,Plus,Financial Literacy,11,12,91.7,Completed,2025-03-02,Q1 2025,completed
BEN-003722,Simon,Baya,Male,Kiambu,Plus,Mentorship,12,12,100.0,In Progress,2026-08-22,Q3 2026,active
BEN-003724,Mutua,Korir,Male,Nairobi,Plus,Financial Literacy,8,10,80.0,Completed,2026-04-21,Q2 2026,completed
BEN-003726,Mutua,Otieno,m,Nairobi,Plus,Leadership,12,12,100.0,Completed,2025-07-17,Q3 2025,completed
BEN-003727,Stephen,Bett,Male,Kiambu,Plus,Mentorship,16,20,80.0,In Progress,2026-09-19,Q3 2026,active
BEN-003728,Musyoka,Kariuki,Male,Nakuru,Plus,Life Skills,9,11,81.8,In Progress,2026-09-26,Q3 2026,active
BEN-003730,Chepkoech,Nyambane,Female,Kiambu,Plus,Health & Wellness,5,6,83.3,In Progress,2026-09-23,Q3 2026,active
BEN-003732,Mumbi,Mwangi,Female,Meru,Plus,Entrepreneurship,10,10,100.0,In Progress,2026-08-09,Q3 2026,active
BEN-003733,Wanjiru,Kimani,F,Kisumu,Plus,Community Service,7,8,87.5,Completed,2026-06-03,Q2 2026,completed
BEN-003734,Anyango,Omondi,Female,Nyeri,Plus,Entrepreneurship,9,14,64.3,In Progress,2026-06-30,Q2 2026,active
BEN-003735,Omondi,Mohamed,Male,Kisumu,Plus,Leadership,9,11,81.8,Completed,2025-11-14,Q4 2025,completed
BEN-003736,Awuor,Ochieng,Female,Kiambu,Plus,Health & Wellness,5,10,50.0,Dropped,2025-08-15,Q3 2025,dropped_out
BEN-003737,Odhiambo,Hassan,Male,MERU,Plus,Mentorship,12,16,75.0,Completed,2025-07-12,Q3 2025,completed
BEN-003738,Dennis,Barasa,Male,Nairobi,Plus,Mentorship,16,16,100.0,Completed,2025-01-26,Q1 2025,completed
BEN-003740,Boniface,Kilonzo,Male,KILIFI,Plus,Financial Literacy,3,10,30.0,Dropped,2025-10-26,Q4 2025,dropped_out
BEN-003741,Barasa,Rotich,Male,Uasin Gishu,Plus,Community Service,9,10,90.0,In Progress,2026-08-31,Q3 2026,active
BEN-003742,Emily,Korir,Female,Kiambu,Plus,Community Service,6,7,85.7,In Progress,2026-09-06,Q3 2026,active
BEN-003743,Diana,Hassan,Female,Kajiado,Plus,Entrepreneurship,13,13,100.0,In Progress,2026-07-16,Q3 2026,active
BEN-003744,Timothy,Chebet,Male,Kajiado,Plus,Leadership,7,12,58.3,Completed,2026-04-03,Q2 2026,completed
BEN-003745,Wanjiku,Kamau,Female,Nairobi,Plus,Health & Wellness,6,10,60.0,Completed,2025-10-07,Q4 2025,completed
BEN-003751,Wangari,Cheruiyot,Female,Nairobi,Plus,Life Skills,11,11,100.0,Completed,2025-05-06,Q2 2025,completed
BEN-003752,Brenda,Kimani,f,Muranga,Plus,Life Skills,11,12,91.7,Completed,2025-04-14,Q2 2025,completed
BEN-003753,Kagure,Ngugi,Female,Kakamega,Plus,Mentorship,15,19,78.9,In Progress,2026-04-17,Q2 2026,active
BEN-003754,Faith,Omondi,Female,NAKURU,Plus,Community Service,9,10,90.0,Completed,2025-06-08,Q2 2025,completed
BEN-003755,Cherono,Mwakio,Female,mombasa,Plus,Community Service,6,7,85.7,In Progress,2026-06-28,Q2 2026,active
BEN-003756,Nyambura,Kariuki,Female,Kiambu,Plus,Financial Literacy,11,11,100.0,In Progress,2026-05-07,Q2 2026,active
BEN-003759,Chepkoech,Mutiso,Female,Kilifi,Plus,Financial Literacy,12,12,100.0,In Progress,2026-09-05,Q3 2026,active
BEN-003760,Stephen,Kuria,Male,Meru,Plus,Entrepreneurship,16,16,100.0,Completed,2025-11-21,Q4 2025,completed
BEN-003761,John,Katana,Male,kiambu,Plus,Financial Literacy,6,8,75.0,In Progress,2026-07-18,Q3 2026,active
BEN-003765,Gathoni,Mohamed,Female,Kajiado,Plus,Health & Wellness,8,8,100.0,Completed,2026-02-01,Q1 2026,completed
BEN-003766,Sharon,Katana,Female,Bungoma,Plus,Leadership,4,8,50.0,Dropped,2025-01-16,Q1 2025,dropped_out
BEN-003769,Anthony,Kimani,Male,Nairobi,Plus,Community Service,5,6,83.3,In Progress,2026-09-28,Q3 2026,active
BEN-003770,Mercy,Korir,Female,Nakuru,Plus,Mentorship,10,14,71.4,Completed,2025-06-22,Q2 2025,completed
BEN-003771,Kelvin,Kamau,Male,Machakos,Plus,Entrepreneurship,10,13,76.9,Completed,2025-08-07,Q3 2025,completed
BEN-003772,Rotich,Wafula,Male,Kajiado,Plus,Mentorship,17,17,100.0,In Progress,2026-07-25,Q3 2026,active
BEN-003773,Njeri,Otieno,Female,Kiambu,Plus,Community Service,4,7,57.1,Completed,2025-03-01,Q1 2025,completed
BEN-003774,Neema,Kimani,Female,Kajiado,Plus,Leadership,8,9,88.9,In Progress,2026-01-17,Q1 2026,active
BEN-003775,Neema,Katana,Female,Kakamega,Plus,Financial Literacy,8,12,66.7,In Progress,2026-05-19,Q2 2026,active
BEN-003776,Ali,Onyango,Male,Kajiado,Plus,Community Service,7,7,100.0,In Progress,2026-06-25,Q2 2026,active
BEN-003778,Achieng,Hassan,Female,Kilifi,Plus,Entrepreneurship,8,15,53.3,In Progress,2026-07-28,Q3 2026,active
BEN-003781,Jerop,Korir,f,Nairobi,Plus,Entrepreneurship,7,14,50.0,Dropped,2025-10-27,Q4 2025,dropped_out
BEN-003783,Wekesa,Achieng,Male,Kiambu,Plus,Community Service,6,6,100.0,Completed,2025-06-22,Q2 2025,completed
BEN-003784,Achieng,Charo,F,Kiambu,Plus,Mentorship,12,17,70.6,Completed,2025-11-09,Q4 2025,completed
BEN-003788,Esther,Mutua,Female,Uasin Gishu,Plus,Financial Literacy,10,10,100.0,In Progress,2026-07-22,Q3 2026,active
BEN-003790,Sharon,Hassan,Female,Bungoma,Plus,Health & Wellness,6,8,75.0,Completed,2025-07-22,Q3 2025,completed
BEN-003796,Nasieku,Musyoka,Female,Kiambu,Plus,Life Skills,12,14,85.7,In Progress,2026-07-20,Q3 2026,active
BEN-003797,Simon,Abdi,Male,Kiambu,Plus,Health & Wellness,8,9,88.9,Completed,2025-11-29,Q4 2025,completed
BEN-003798,Anyango,Mwangi,FEMALE,Bungoma,Plus,Financial Literacy,6,8,75.0,In Progress,2026-05-07,Q2 2026,active
BEN-003799,Abdi,Mwangi,Male,Nairobi,Plus,Life Skills,10,12,83.3,Completed,2025-11-15,Q4 2025,completed
BEN-003801,Peter,Achieng,Male,Nyeri,Plus,Entrepreneurship,11,13,84.6,Completed,2025-12-14,Q4 2025,completed
BEN-003803,Neema,Ngugi,Female,Machakos,Plus,Leadership,8,10,80.0,Completed,2025-06-25,Q2 2025,completed
BEN-003804,Odhiambo,Wekesa,Male,Machakos,Plus,Health & Wellness,8,10,80.0,In Progress,2026-07-18,Q3 2026,active
BEN-003806,Nkatha,Ngugi,Female,Machakos,Plus,Life Skills,6,10,60.0,Completed,2025-06-08,Q2 2025,completed
BEN-003807,Grace,Matano,Female,Nakuru,Plus,Entrepreneurship,15,15,100.0,Completed,2025-05-08,Q2 2025,completed
BEN-003811,Atieno,Owino,Female,kisumu,Plus,Leadership,6,8,75.0,COMPLETED,2025-07-26,Q3 2025,completed
BEN-003812,Mohamed,Odhiambo,Male,Meru,Plus,Entrepreneurship,9,12,75.0,Completed,2025-10-27,Q4 2025,completed
BEN-003813,Halima,Baya,Female,Kisii,Plus,Community Service,5,6,83.3,In Progress,2026-09-13,Q3 2026,active
BEN-003814,Chebet,Mutua,Female,Nairobi,Plus,Entrepreneurship,12,13,92.3,Completed,2025-10-26,Q4 2025,completed
BEN-003815,Anthony,Gitau,M,Nairobi,Plus,Community Service,9,10,90.0,In Progress,2026-04-28,Q2 2026,active
BEN-003816,Kagure,Odhiambo,Female,Kiambu,Plus,Mentorship,12,19,63.2,In Progress,2026-02-14,Q1 2026,active
BEN-003822,Anthony,Mwangi,Male,Machakos,Plus,Community Service,5,7,71.4,In Progress,2026-06-23,Q2 2026,active
BEN-003825,Baraka,Mutua,Male,Machakos,Plus,Life Skills,5,11,45.5,Dropped,2025-10-01,Q4 2025,dropped_out
BEN-003831,Zawadi,Muthoni,Female,Meru County,Plus,Entrepreneurship,7,12,58.3,Completed,2025-07-18,Q3 2025,completed
BEN-003833,Stephen,Njoroge,Male,Nakuru,Plus,Community Service,5,7,71.4,In Progress,2026-06-15,Q2 2026,active
BEN-003834,Sharon,Hassan,Female,MOMBASA,Plus,Life Skills,9,10,90.0,In Progress,2026-07-19,Q3 2026,active
BEN-003836,Korir,Ochieng,Male,Bungoma County,Plus,Financial Literacy,7,9,77.8,Completed,2025-12-27,Q4 2025,completed
BEN-003837,Odhiambo,Ochieng,Male,Kakamega,Plus,Mentorship,10,16,62.5,In Progress,2026-04-19,Q2 2026,active
BEN-003838,Patrick,Charo,Male,Nakuru,Plus,Community Service,3,9,33.3,Dropped,2026-02-25,Q1 2026,dropped_out
BEN-003839,Kilonzo,Njoroge,Male,Kakamega,Plus,Life Skills,11,11,100.0,Completed,2026-04-13,Q2 2026,completed
BEN-003841,Baraka,Hassan,Male,Meru,Plus,Community Service,7,9,77.8,Completed,2025-04-24,Q2 2025,completed
BEN-003843,Timothy,Kilonzo,Male,Nairobi,Plus,Entrepreneurship,7,13,53.8,In Progress,2026-07-02,Q3 2026,active
BEN-003844,Nasieku,Ngugi,Female,Kiambu,Plus,Financial Literacy,4,9,44.4,Dropped,2025-02-02,Q1 2025,dropped_out
BEN-003849,James,Achieng,m,Meru,Plus,Community Service,6,9,66.7,Completed,2025-10-19,Q4 2025,completed
BEN-003850,Mohamed,Mwangi,male,muranga,Plus,Financial Literacy,5,9,55.6,Completed,2026-03-15,Q1 2026,completed
BEN-003851,Cherono,Nduta,Female,Nairobi,Plus,Entrepreneurship,10,10,100.0,Completed,2025-06-29,Q2 2025,completed
BEN-003852,Mohamed,Korir,Male,uasin gishu,Plus,Leadership,6,8,75.0,Completed,2026-02-06,Q1 2026,completed
BEN-003854,Daniel,Musyoka,Male,Nairobi,Plus,Mentorship,12,16,75.0,Completed,2025-04-28,Q2 2025,completed
BEN-003858,Isaac,Baya,Male,Nairobi,Plus,Health & Wellness,6,9,66.7,In Progress,2026-09-09,Q3 2026,active
BEN-003860,Awuor,Cheruiyot,Female,Machakos,Plus,Financial Literacy,7,9,77.8,In Progress,2026-09-28,Q3 2026,active
BEN-003863,Vincent,Nduta,Male,Kiambu,Plus,Mentorship,17,17,100.0,In Progress,2026-08-31,Q3 2026,active
BEN-003864,Wekesa,Kariuki,m,Nairobi,Plus,Financial Literacy,6,9,66.7,Completed,2025-12-18,Q4 2025,completed
BEN-003867,Anyango,Hassan,Female,Nyeri,Plus,Health & Wellness,6,6,100.0,In Progress,2026-02-26,Q1 2026,active
BEN-003868,Korir,Matano,Male,Nairobi,Plus,Mentorship,16,16,100.0,Completed,2025-12-06,Q4 2025,completed
BEN-003875,Gathoni,Achieng,Female,Kiambu,Plus,Mentorship,14,16,87.5,In Progress,2026-09-07,Q3 2026,active
BEN-003876,Wanjiru,Kuria,Female,Bungoma,Plus,Community Service,6,7,85.7,Completed,2026-05-27,Q2 2026,completed
BEN-003879,Amina,Onyango,Female,Nairobi,Plus,Health & Wellness,8,10,80.0,In Progress,2026-09-15,Q3 2026,active
BEN-003880,Esther,Kamau,Female,Kiambu,Plus,Community Service,5,6,83.3,Completed,2025-06-24,Q2 2025,completed
BEN-003881,Cherono,Barasa,Female,Kiambu,Plus,Leadership,8,8,100.0,COMPLETED,2025-02-01,Q1 2025,completed
BEN-003882,Omondi,Musyoka,Male,Machakos,Plus,Community Service,7,10,70.0,Completed,2026-01-02,Q1 2026,completed
BEN-003884,Akinyi,Charo,Female,Uasin Gishu,Plus,Mentorship,11,13,84.6,Completed,2025-06-23,Q2 2025,completed
BEN-003885,Amina,Hassan,Female,KISUMU,Plus,Entrepreneurship,7,13,53.8,Dropped,2025-01-11,Q1 2025,dropped_out
BEN-003896,Naisula,Nyambane,Female,Kiambu,Plus,Health & Wellness,7,10,70.0,Completed,2026-06-21,Q2 2026,completed
BEN-003899,John,Nduta,Male,Nyeri,Plus,Leadership,10,11,90.9,Completed,2025-06-29,Q2 2025,completed
BEN-003900,Rotich,Kuria,Male,uasin gishu,Plus,Community Service,5,10,50.0,Dropped,2026-02-04,Q1 2026,dropped_out
BEN-003901,Cynthia,Achieng,Female,Kakamega,Plus,Financial Literacy,6,8,75.0,In Progress,2026-06-14,Q2 2026,active
BEN-003902,Purity,Rotich,Female,Kilifi,Plus,Financial Literacy,5,10,50.0,Dropped,2025-08-26,Q3 2025,dropped_out
BEN-003904,Samuel,Cheruiyot,Male,Mombasa,Plus,Financial Literacy,8,12,66.7,In Progress,2026-08-12,Q3 2026,active
BEN-003907,Cherono,Barasa,Female,Muranga,Plus,Health & Wellness,3,7,42.9,Dropped,2025-06-18,Q2 2025,dropped_out
BEN-003913,Kendi,Kamau,Female,Mombasa,Plus,Health & Wellness,5,8,62.5,Completed,2026-01-06,Q1 2026,completed
BEN-003914,Nkatha,Chebet,Female,Muranga,Plus,Life Skills,10,14,71.4,In Progress,2026-05-07,Q2 2026,active
BEN-003915,Gathoni,Omondi,Female,Kilifi,Plus,Community Service,3,7,42.9,Dropped,2026-03-09,Q1 2026,dropped_out
BEN-003918,Njeri,Kilonzo,Female,Nairobi,Plus,Mentorship,16,19,84.2,Completed,2025-05-08,Q2 2025,completed
BEN-003923,John,Charo,Male,Nairobi,Plus,Health & Wellness,7,8,87.5,Completed,2025-03-02,Q1 2025,completed
BEN-003924,Esther,Gitau,Female,Nairobi,Plus,Financial Literacy,8,8,100.0,In Progress,2026-06-15,Q2 2026,active
BEN-003927,Cherono,Mutiso,Female,Nairobi,Plus,Life Skills,11,14,78.6,In Progress,2026-08-04,Q3 2026,active
BEN-003931,John,Otieno,m,Kajiado,Plus,Leadership,5,11,45.5,In Progress,2026-09-13,Q3 2026,active
BEN-003932,Cynthia,Katana,Female,Nairobi,Plus,Health & Wellness,5,8,62.5,Dropped,2025-04-20,Q2 2025,dropped_out
BEN-003934,Mercy,Koech,Female,Kisumu,Plus,Leadership,7,11,63.6,In Progress,2026-07-03,Q3 2026,active
BEN-003941,Cheruiyot,Koech,Male,Kisumu,Plus,Entrepreneurship,8,10,80.0,In Progress,2026-09-23,Q3 2026,active
BEN-003944,Baraka,Nyambane,Male,Nairobi,Plus,Mentorship,12,12,100.0,complete,2025-11-02,Q4 2025,completed
BEN-003946,Atieno,Owino,f,Meru,Plus,Entrepreneurship,9,11,81.8,Completed,2026-03-31,Q1 2026,completed
BEN-003947,Awuor,Kariuki,Female,Mombasa,Plus,Community Service,9,9,100.0,Completed,2026-02-12,Q1 2026,completed
BEN-003950,Joy,Onyango,Female,Machakos,Plus,Community Service,8,9,88.9,Completed,2025-10-19,Q4 2025,completed
BEN-003951,Odhiambo,Kariuki,Male,Meru,Plus,Entrepreneurship,9,14,64.3,Dropped,2026-04-20,Q2 2026,dropped_out
BEN-003952,Peter,Abdi,Male,Nairobi,Plus,Health & Wellness,6,10,60.0,In Progress,2026-06-19,Q2 2026,active
BEN-003954,Collins,Nyambane,Male,Kisumu,Plus,Health & Wellness,6,7,85.7,In Progress,2026-01-27,Q1 2026,active
BEN-003958,Simon,Musyoka,Male,KAJIADO,Plus,Entrepreneurship,7,10,70.0,Completed,2025-03-31,Q1 2025,completed
BEN-003959,Kilonzo,Rotich,Male,Nyeri County,Plus,Mentorship,20,20,100.0,In Progress,2026-04-20,Q2 2026,active
BEN-003960,John,Barasa,Male,Nakuru,Plus,Community Service,10,10,100.0,Completed,2026-06-18,Q2 2026,completed
BEN-003961,Samuel,Kariuki,m,Kisumu,Plus,Leadership,7,11,63.6,In Progress,2026-07-22,Q3 2026,active
BEN-003962,Mumbi,Rotich,Female,Kisumu,Plus,Community Service,6,8,75.0,In Progress,2026-05-18,Q2 2026,active
BEN-003966,Diana,Bett,Female,Kajiado,Plus,Leadership,7,8,87.5,In Progress,2026-06-02,Q2 2026,active
BEN-003971,Emily,Musyoka,Female,Bungoma,Plus,Leadership,10,11,90.9,Completed,2025-10-21,Q4 2025,completed
BEN-003972,Emily,Cheruiyot,Female,Bungoma,Plus,Health & Wellness,6,10,60.0,Completed,2026-01-25,Q1 2026,completed
BEN-003977,Kendi,Barasa,Female,Nairobi,Plus,Health & Wellness,10,10,100.0,Completed,2025-05-15,Q2 2025,completed
BEN-003978,Patrick,Maina,Male,Bungoma,Plus,Health & Wellness,7,7,100.0,complete,2026-06-21,Q2 2026,completed
BEN-003980,Joy,Wanjiku,Female,Kisii,Plus,Health & Wellness,8,10,80.0,Completed,2025-10-04,Q4 2025,completed
BEN-003982,Esther,Kilonzo,Female,Kakamega,Plus,Community Service,6,8,75.0,In Progress,2026-04-03,Q2 2026,active
BEN-003983,Anthony,Cheruiyot,Male,Kajiado,Plus,Entrepreneurship,10,13,76.9,In Progress,2026-03-23,Q1 2026,active
BEN-003984,Awuor,Baya,Female,Kisumu,Plus,Health & Wellness,7,10,70.0,In Progress,2026-05-07,Q2 2026,active
BEN-003985,Onyango,Bett,Male,Nairobi,Plus,Life Skills,7,13,53.8,DROPPED,2025-10-07,Q4 2025,dropped_out
BEN-003986,Wanjiru,Wekesa,Female,Nakuru,Plus,Financial Literacy,7,8,87.5,Completed,2025-04-12,Q2 2025,completed
BEN-003987,Boniface,Mwakio,Male,Kakamega,Plus,Leadership,7,11,63.6,Dropped,2025-11-20,Q4 2025,dropped_out
BEN-003990,Caroline,Maina,Female,Machakos,Plus,Mentorship,11,16,68.8,Completed,2026-02-12,Q1 2026,completed
BEN-003994,Nyambura,Omondi,Female,Nairobi,Plus,Health & Wellness,6,9,66.7,In Progress,2026-09-28,Q3 2026,active
BEN-004001,Onyango,Nyambane,Male,Uasin Gishu,Plus,Life Skills,12,12,100.0,In Progress,2026-08-20,Q3 2026,active
BEN-004002,Cynthia,Mutiso,Female,Machakos,Plus,Health & Wellness,5,8,62.5,Completed,2025-10-12,Q4 2025,completed
BEN-004006,Chebet,Wafula,Female,Bungoma,Plus,Mentorship,10,16,62.5,Completed,2025-11-13,Q4 2025,completed
BEN-004008,Zawadi,Chebet,Female,Kakamega,Plus,Community Service,8,9,88.9,Completed,2025-10-10,Q4 2025,completed
BEN-004009,Emily,Matano,Female,mombasa,Plus,Financial Literacy,7,10,70.0,Completed,2026-04-25,Q2 2026,completed
BEN-004010,Onyango,Kilonzo,Male,Nairobi,Plus,Entrepreneurship,13,13,100.0,In Progress,2026-05-12,Q2 2026,active
BEN-004011,Kagure,Mbogo,Female,Meru,Plus,Mentorship,9,16,56.2,In Progress,2026-09-01,Q3 2026,active
BEN-004013,Kagure,Wafula,Female,Nairobi,Plus,Life Skills,10,11,90.9,Completed,2025-07-16,Q3 2025,completed
BEN-004014,Purity,Gitau,Female,Mombasa,Plus,Community Service,7,8,87.5,Completed,2026-01-06,Q1 2026,completed
BEN-004015,Dennis,Matano,Male,Muranga,Plus,Health & Wellness,9,10,90.0,Completed,2026-01-25,Q1 2026,completed
BEN-004016,Joseph,Otieno,Male,Nairobi,Plus,Mentorship,12,19,63.2,Dropped,2025-12-21,Q4 2025,dropped_out
BEN-004019,Kipchoge,Omondi,Male,Meru,Plus,Mentorship,10,14,71.4,In Progress,2026-05-09,Q2 2026,active
BEN-004020,Kamau,Cheruiyot,Male,Kisii,Plus,Health & Wellness,6,9,66.7,In Progress,2026-08-11,Q3 2026,active
BEN-004024,Anyango,Katana,f,Nairobi,Plus,Community Service,6,8,75.0,In Progress,2026-08-11,Q3 2026,active
BEN-004027,Neema,Katana,Female,Muranga,Plus,Life Skills,10,13,76.9,In Progress,2026-07-20,Q3 2026,active
BEN-004031,Nicholas,Owino,Male,Kiambu,Plus,Entrepreneurship,12,15,80.0,In Progress,2026-09-18,Q3 2026,active
BEN-004034,Esther,Owino,Female,Nakuru,Plus,Entrepreneurship,13,14,92.9,In Progress,2026-01-19,Q1 2026,active
BEN-004035,Cynthia,Odhiambo,Female,Meru,Plus,Community Service,3,7,42.9,Dropped,2025-10-09,Q4 2025,dropped_out
BEN-004037,Nicholas,Juma,Male,Muranga,Plus,Entrepreneurship,9,11,81.8,In Progress,2026-07-14,Q3 2026,active
BEN-004038,Kendi,Achieng,female,Kajiado,Plus,Life Skills,6,11,54.5,In Progress,2026-05-14,Q2 2026,active
BEN-004043,Esther,Maina,Female,Kisumu,Plus,Entrepreneurship,8,10,80.0,Completed,2025-10-26,Q4 2025,completed
BEN-004049,Kilonzo,Kiptoo,Male,Nairobi,Plus,Community Service,7,10,70.0,In Progress,2026-04-24,Q2 2026,active
BEN-004050,Kendi,Charo,f,Nairobi,Plus,Financial Literacy,10,12,83.3,Completed,2026-02-11,Q1 2026,completed
BEN-004052,Naisula,Juma,Female,Machakos,Plus,Mentorship,9,14,64.3,In Progress,2026-09-29,Q3 2026,active
BEN-004053,Otieno,Katana,Male,Nairobi,Plus,Financial Literacy,9,12,75.0,Completed,2025-07-29,Q3 2025,completed
BEN-004055,Atieno,Onyango,Female,Kisumu,Plus,Health & Wellness,7,10,70.0,Completed,2025-02-05,Q1 2025,completed
BEN-004056,Vincent,Wafula,Male,Nairobi,Plus,Life Skills,7,13,53.8,In Progress,2026-08-01,Q3 2026,active
BEN-004058,Naisula,Omondi,Female,Bungoma,Plus,Financial Literacy,6,11,54.5,In Progress,2026-08-09,Q3 2026,active
BEN-004060,Kagure,Wafula,Female,Nairobi,Plus,Life Skills,12,12,100.0,In Progress,2026-01-23,Q1 2026,active
BEN-004061,Mercy,Wanjiku,Female,Nairobi,Plus,Community Service,7,8,87.5,Completed,2025-10-26,Q4 2025,completed
BEN-004065,Otieno,Odhiambo,Male,Bungoma,Plus,Community Service,3,7,42.9,Completed,2025-02-18,Q1 2025,completed
BEN-004066,Baraka,Nyambane,Male,KIAMBU,Plus,Health & Wellness,7,9,77.8,Completed,2025-05-31,Q2 2025,completed
BEN-004067,Neema,Kamau,Female,Kakamega,Plus,Health & Wellness,7,10,70.0,Completed,2026-05-17,Q2 2026,completed
BEN-004068,Zawadi,Otieno,Female,Meru,Plus,Mentorship,10,14,71.4,Completed,2025-01-14,Q1 2025,completed
BEN-004071,Amina,Nyambane,Female,mombasa,Plus,Entrepreneurship,9,12,75.0,In Progress,2026-03-22,Q1 2026,active
BEN-004072,Chebet,Odhiambo,Female,Kakamega,Plus,Life Skills,10,14,71.4,Completed,2025-12-18,Q4 2025,completed
BEN-004074,Beatrice,Musyoka,Female,Muranga,Plus,Mentorship,6,12,50.0,Completed,2025-11-12,Q4 2025,completed
BEN-004075,Diana,Chebet,f,meru,Plus,Entrepreneurship,10,12,83.3,In Progress,2026-06-23,Q2 2026,active
BEN-004076,Samuel,Odhiambo,Male,Kakamega,Plus,Community Service,4,8,50.0,Dropped,2025-02-21,Q1 2025,dropped_out
BEN-004080,Diana,Wafula,Female,Kajiado,Plus,Leadership,7,8,87.5,In Progress,2026-07-06,Q3 2026,active
BEN-004081,Joseph,Mwakio,male,Nairobi,Plus,Community Service,6,8,75.0,In Progress,2026-09-12,Q3 2026,active
BEN-004083,Emmanuel,Wafula,Male,Bungoma,Plus,Leadership,9,11,81.8,Completed,2025-11-11,Q4 2025,completed
BEN-004084,Kipchoge,Njoroge,Male,Kakamega,Plus,Health & Wellness,5,10,50.0,In Progress,2026-08-12,Q3 2026,active
BEN-004088,Collins,Cheruiyot,Male,Machakos,Plus,Mentorship,17,20,85.0,In Progress,2026-07-30,Q3 2026,active
BEN-004089,Sharon,Achieng,Female,Kiambu,Plus,Health & Wellness,6,8,75.0,In Progress,2026-08-27,Q3 2026,active
BEN-004091,Kevin,Bett,Male,Kakamega,Plus,Life Skills,8,12,66.7,Completed,2025-07-28,Q3 2025,completed
BEN-004094,Diana,Ochieng,Female,Nakuru,Plus,Health & Wellness,6,8,75.0,In Progress,2026-06-27,Q2 2026,active
BEN-004095,Zawadi,Matano,female,KIAMBU,Plus,Financial Literacy,5,8,62.5,Dropped,2026-03-07,Q1 2026,dropped_out
BEN-004098,Wanjiru,Barasa,Female,Nairobi,Plus,Life Skills,10,10,100.0,In Progress,2026-05-21,Q2 2026,active
BEN-004101,Halima,Juma,Female,mombasa,Plus,Life Skills,6,10,60.0,Dropped,2026-03-20,Q1 2026,dropped_out
BEN-004103,Naisula,Onyango,Female,Mombasa,Plus,Entrepreneurship,10,12,83.3,In Progress,2026-08-06,Q3 2026,active
BEN-004105,Amina,Bett,Female,Kilifi,Plus,Life Skills,8,13,61.5,Dropped,2025-07-18,Q3 2025,dropped_out
BEN-004106,Samuel,Wafula,Male,Muranga,Plus,Financial Literacy,8,12,66.7,In Progress,2026-05-21,Q2 2026,active
BEN-004109,Wanjiru,Nduta,Female,Nyeri,Plus,Financial Literacy,6,8,75.0,Completed,2026-03-28,Q1 2026,completed
BEN-004110,Omondi,Muthoni,Male,Kisumu,Plus,Life Skills,9,14,64.3,In Progress,2026-08-09,Q3 2026,active
BEN-004113,Nkatha,Mohamed,Female,Nairobi,Plus,Leadership,12,12,100.0,In Progress,2026-06-02,Q2 2026,active
BEN-004115,Mercy,Maina,Female,Uasin Gishu,Plus,Entrepreneurship,11,11,100.0,In Progress,2026-08-02,Q3 2026,active
BEN-004116,Sharon,Kamau,Female,Machakos,Plus,Entrepreneurship,14,15,93.3,In Progress,2026-08-17,Q3 2026,active
BEN-004117,Neema,Hassan,Female,Nairobi,Plus,Life Skills,11,12,91.7,In Progress,2026-04-12,Q2 2026,active
BEN-004118,Emily,Odhiambo,Female,Meru,Plus,Mentorship,9,18,50.0,In Progress,2026-06-08,Q2 2026,active
BEN-004120,Anthony,Barasa,Male,Nairobi,Plus,Mentorship,16,18,88.9,Completed,2026-04-15,Q2 2026,completed
BEN-004123,Chepkoech,Hassan,Female,Nyeri,Plus,Community Service,5,7,71.4,Completed,2025-09-09,Q3 2025,completed
BEN-004125,Atieno,Korir,Female,Nairobi,Plus,Life Skills,6,10,60.0,Completed,2026-01-10,Q1 2026,completed
BEN-004129,Timothy,Kuria,Male,Uasin Gishu,Plus,Entrepreneurship,11,12,91.7,In Progress,2026-08-11,Q3 2026,active
BEN-004131,Esther,Hassan,Female,Kiambu,Plus,Life Skills,14,14,100.0,complete,2025-06-07,Q2 2025,completed
BEN-004133,Kilonzo,Njenga,Male,KIAMBU,Plus,Community Service,6,8,75.0,Completed,2026-03-01,Q1 2026,completed
BEN-004134,Samuel,Mwangi,Male,Kakamega,Plus,Health & Wellness,2,6,33.3,Dropped,2025-11-02,Q4 2025,dropped_out
BEN-004138,Korir,Korir,M,Nakuru,Plus,Community Service,5,7,71.4,In Progress,2026-04-09,Q2 2026,active
BEN-004140,Wekesa,Koech,Male,Bungoma,Plus,Leadership,7,9,77.8,Completed,2025-10-27,Q4 2025,completed
BEN-004145,Nyambura,Njenga,Female,Nairobi,Plus,Entrepreneurship,9,10,90.0,In Progress,2026-04-17,Q2 2026,active
BEN-004147,Kagure,Kimani,Female,Machakos,Plus,Entrepreneurship,8,11,72.7,Completed,2025-12-25,Q4 2025,completed
BEN-004148,Atieno,Kamau,Female,Kilifi,Plus,Financial Literacy,6,8,75.0,In Progress,2026-03-31,Q1 2026,active
BEN-004151,Samuel,Onyango,Male,Bungoma,Plus,Health & Wellness,4,6,66.7,Completed,2026-02-14,Q1 2026,completed
BEN-004153,Kevin,Kimani,Male,Meru,Plus,Life Skills,10,11,90.9,COMPLETED,2026-04-20,Q2 2026,completed
BEN-004158,Mutua,Njoroge,Male,Meru,Plus,Community Service,4,9,44.4,COMPLETED,2025-09-23,Q3 2025,completed
BEN-004159,Joseph,Mwangi,Male,Nakuru,Plus,Community Service,6,6,100.0,In Progress,2026-03-26,Q1 2026,active
BEN-004160,Simon,Nyambane,Male,Nakuru,Plus,Mentorship,20,20,100.0,Completed,2025-11-01,Q4 2025,completed
BEN-004163,Cynthia,Ngugi,Female,Uasin Gishu,Plus,Life Skills,13,13,100.0,Completed,2025-09-18,Q3 2025,completed
BEN-004165,Wekesa,Nduta,Male,Mombasa,Plus,Mentorship,13,14,92.9,Completed,2025-05-22,Q2 2025,completed
BEN-004167,Jerop,Barasa,Female,Meru,Plus,Mentorship,10,18,55.6,Dropped,2026-02-04,Q1 2026,dropped_out
BEN-004169,Victor,Matano,Male,Machakos,Plus,Entrepreneurship,10,14,71.4,Completed,2025-12-29,Q4 2025,completed
BEN-004170,Daniel,Katana,Male,Kisumu,Plus,Health & Wellness,6,8,75.0,Completed,2025-12-03,Q4 2025,completed
BEN-004171,Mutua,Koech,Male,Kajiado,Plus,Health & Wellness,7,10,70.0,In Progress,2026-09-02,Q3 2026,active
BEN-004174,Njeri,Kuria,FEMALE,Kisumu,Plus,Entrepreneurship,10,12,83.3,In Progress,2026-08-26,Q3 2026,active
BEN-004178,Purity,Kamau,Female,Nairobi,Plus,Financial Literacy,10,10,100.0,Completed,2025-11-23,Q4 2025,completed
BEN-004182,Kelvin,Wafula,Male,Kakamega,Plus,Leadership,10,11,90.9,Completed,2025-09-28,Q3 2025,completed
BEN-004184,Joseph,Korir,Male,Kiambu,Plus,Health & Wellness,7,7,100.0,Completed,2025-07-03,Q3 2025,completed
BEN-004185,Kilonzo,Katana,Male,Bungoma,Plus,Life Skills,8,11,72.7,Completed,2025-08-07,Q3 2025,completed
BEN-004187,Amina,Chebet,Female,Uasin Gishu County,Plus,Life Skills,11,12,91.7,complete,2026-01-25,Q1 2026,completed
BEN-004189,Kevin,Gitau,Male,Machakos,Plus,Leadership,7,9,77.8,In Progress,2026-04-28,Q2 2026,active
BEN-004190,Wangari,Katana,Female,Machakos,Plus,Health & Wellness,5,8,62.5,Completed,2025-06-25,Q2 2025,completed
BEN-004192,Emily,Otieno,Female,Uasin Gishu,Plus,Leadership,9,11,81.8,Completed,2026-01-24,Q1 2026,completed
BEN-004194,Cheruiyot,Muthoni,Male,Kisumu,Plus,Financial Literacy,4,10,40.0,Dropped,2025-10-08,Q4 2025,dropped_out
BEN-004197,Jerop,Mutiso,Female,Machakos,Plus,Mentorship,9,14,64.3,In Progress,2026-04-18,Q2 2026,active
BEN-004198,Francis,Nyambane,m,Bungoma,Plus,Community Service,5,9,55.6,In Progress,2026-08-22,Q3 2026,active
BEN-004200,Emily,Kuria,Female,Nairobi,Plus,Community Service,7,10,70.0,Completed,2025-02-13,Q1 2025,completed
BEN-004206,Kelvin,Kuria,Male,Kisumu,Plus,Life Skills,9,13,69.2,Completed,2025-07-08,Q3 2025,completed
BEN-004207,Mohamed,Katana,Male,Nakuru,Plus,Community Service,6,7,85.7,In Progress,2026-08-31,Q3 2026,active
BEN-004210,Ali,Juma,Male,Machakos,Plus,Financial Literacy,12,12,100.0,In Progress,2026-09-07,Q3 2026,active
BEN-004211,Kendi,Koech,Female,Kakamega,Plus,Entrepreneurship,5,10,50.0,Dropped,2025-08-10,Q3 2025,dropped_out
BEN-004216,Halima,Musyoka,Female,Machakos,Plus,Leadership,10,12,83.3,In Progress,2026-09-18,Q3 2026,active
BEN-004220,Beatrice,Baya,Female,Nakuru,Plus,Financial Literacy,7,9,77.8,In Progress,2026-07-12,Q3 2026,active
BEN-004222,Mutua,Muthoni,Male,Nairobi,Plus,Life Skills,7,10,70.0,Completed,2025-05-09,Q2 2025,completed
BEN-004224,Beatrice,Musyoka,Female,Kiambu,Plus,Life Skills,11,12,91.7,Completed,2026-03-24,Q1 2026,completed
BEN-004225,Kilonzo,Nduta,Male,Machakos,Plus,Life Skills,8,11,72.7,Completed,2025-08-14,Q3 2025,completed
BEN-004227,Neema,Barasa,Female,Kilifi,Plus,Entrepreneurship,11,16,68.8,Completed,2026-01-17,Q1 2026,completed
BEN-004228,Njeri,Kiptoo,Female,Kajiado,Plus,Health & Wellness,6,7,85.7,In Progress,2026-09-17,Q3 2026,active
BEN-004234,Sharon,Odhiambo,Female,Kilifi,Plus,Mentorship,11,12,91.7,Completed,2025-09-13,Q3 2025,completed
BEN-004235,Brenda,Mbogo,female,Meru,Plus,Leadership,6,8,75.0,In Progress,2026-04-07,Q2 2026,active
BEN-004237,Daniel,Kariuki,Male,Kiambu,Plus,Life Skills,14,14,100.0,In Progress,2026-09-15,Q3 2026,active
BEN-004240,Patrick,Njoroge,Male,Kajiado,Plus,Entrepreneurship,9,13,69.2,In Progress,2026-08-31,Q3 2026,active
BEN-004241,Daniel,Wekesa,Male,Muranga,Plus,Financial Literacy,8,8,100.0,Completed,2025-07-21,Q3 2025,completed
BEN-004245,Otieno,Mbogo,Male,MACHAKOS,Plus,Health & Wellness,6,8,75.0,In Progress,2026-07-06,Q3 2026,active
BEN-004246,Neema,Abdi,Female,Machakos,Plus,Mentorship,10,17,58.8,COMPLETED,2026-03-24,Q1 2026,completed
BEN-004248,Baraka,Kuria,Male,Nakuru,Plus,Health & Wellness,4,7,57.1,In Progress,2026-05-12,Q2 2026,active
BEN-004252,Timothy,Ochieng,Male,Machakos,Plus,Community Service,6,8,75.0,Completed,2026-02-25,Q1 2026,completed
BEN-004253,Jerop,Njenga,Female,Kakamega,Plus,Life Skills,9,10,90.0,In Progress,2026-08-25,Q3 2026,active
BEN-004255,Boniface,Hassan,Male,Mombasa,Plus,Leadership,8,12,66.7,Completed,2025-12-11,Q4 2025,completed
BEN-004257,Rotich,Omondi,Male,Nairobi,Plus,Entrepreneurship,7,11,63.6,Completed,2025-10-18,Q4 2025,completed
BEN-004258,Anthony,Kiptoo,Male,Nakuru,Plus,Community Service,8,10,80.0,Completed,2025-09-04,Q3 2025,completed
BEN-004266,Mumbi,Otieno,F,Kiambu,Plus,Life Skills,6,10,60.0,Dropped,2025-09-24,Q3 2025,dropped_out
BEN-004267,Brenda,Baya,Female,Nairobi County,Plus,Leadership,9,9,100.0,Completed,2025-12-22,Q4 2025,completed
BEN-004268,Emily,Kamau,Female,Machakos,Plus,Financial Literacy,10,12,83.3,In Progress,2026-08-15,Q3 2026,active
BEN-004269,Kevin,Njoroge,Male,Nairobi,Plus,Mentorship,20,20,100.0,In Progress,2026-06-25,Q2 2026,active
BEN-004270,Kiptoo,Barasa,Male,Kiambu,Plus,Entrepreneurship,8,13,61.5,Completed,2025-10-11,Q4 2025,completed
BEN-004272,Brian,Otieno,Male,Kisumu,Plus,Entrepreneurship,11,14,78.6,Completed,2026-01-04,Q1 2026,completed
BEN-004278,Francis,Kamau,M,Kiambu,Plus,Community Service,6,8,75.0,Completed,2025-07-05,Q3 2025,completed
BEN-004279,Faith,Kamau,Female,Meru,Plus,Health & Wellness,4,9,44.4,Dropped,2025-10-21,Q4 2025,dropped_out
BEN-004281,Joy,Rotich,Female,Nairobi,Plus,Leadership,6,8,75.0,In Progress,2026-04-15,Q2 2026,active
BEN-004282,Atieno,Korir,female,Kisii,Plus,Entrepreneurship,6,10,60.0,Dropped,2025-09-25,Q3 2025,dropped_out
BEN-004283,Odhiambo,Katana,Male,Uasin Gishu,Plus,Financial Literacy,5,8,62.5,In Progress,2026-09-01,Q3 2026,active
BEN-004288,Kevin,Nyambane,Male,Nairobi,Plus,Financial Literacy,7,8,87.5,Completed,2025-01-04,Q1 2025,completed
BEN-004289,Mercy,Matano,Female,Kiambu,Plus,Leadership,5,11,45.5,Dropped,2026-05-05,Q2 2026,dropped_out
BEN-004291,Nasieku,Wekesa,Female,Kiambu,Plus,Entrepreneurship,9,13,69.2,Completed,2026-03-17,Q1 2026,completed
BEN-004292,Amina,Kuria,Female,Kilifi,Plus,Entrepreneurship,6,11,54.5,In Progress,2026-05-18,Q2 2026,active
BEN-004293,Stephen,Omondi,Male,Kilifi,Plus,Financial Literacy,10,11,90.9,Completed,2025-09-13,Q3 2025,completed
BEN-004294,Nasieku,Onyango,Female,Machakos,Plus,Life Skills,13,14,92.9,complete,2025-05-26,Q2 2025,completed
BEN-004296,Victor,Ochieng,Male,Mombasa,Plus,Life Skills,6,13,46.2,Dropped,2025-09-03,Q3 2025,dropped_out
BEN-004298,Grace,Kilonzo,Female,NAIROBI,Plus,Mentorship,11,14,78.6,In Progress,2026-08-09,Q3 2026,active
BEN-004299,Akinyi,Owino,Female,Kajiado,Plus,Life Skills,7,10,70.0,Completed,2025-07-21,Q3 2025,completed
BEN-004302,Boniface,Maina,Male,Bungoma,Plus,Financial Literacy,6,8,75.0,In Progress,2026-07-29,Q3 2026,active
BEN-004304,Nasieku,Ochieng,Female,Kakamega,Plus,Mentorship,14,14,100.0,In Progress,2026-06-16,Q2 2026,active
BEN-004306,Juma,Njenga,Male,Kisumu,Plus,Community Service,7,9,77.8,Completed,2026-02-15,Q1 2026,completed
BEN-004307,Odhiambo,Njoroge,Male,Nairobi,Plus,Community Service,6,6,100.0,In Progress,2026-09-25,Q3 2026,active
BEN-004308,Nicholas,Ochieng,Male,Kakamega,Plus,Mentorship,12,17,70.6,In Progress,2026-08-11,Q3 2026,active
BEN-004315,Beatrice,Muthoni,Female,Kisii,Plus,Community Service,10,10,100.0,Completed,2025-11-28,Q4 2025,completed
BEN-004318,Wangari,Kilonzo,Female,Nakuru,Plus,Entrepreneurship,10,16,62.5,Completed,2025-01-26,Q1 2025,completed
BEN-004319,Otieno,Kilonzo,Male,Kajiado,Plus,Entrepreneurship,13,15,86.7,complete,2025-04-10,Q2 2025,completed
BEN-004320,Stephen,Kuria,Male,Machakos,Plus,Community Service,7,8,87.5,Completed,2025-10-27,Q4 2025,completed
BEN-004322,Achieng,Barasa,Female,Nyeri,Plus,Mentorship,13,15,86.7,In Progress,2026-05-31,Q2 2026,active
BEN-004324,Emmanuel,Kimani,Male,Uasin Gishu,Plus,Health & Wellness,7,7,100.0,In Progress,2026-06-08,Q2 2026,active
BEN-004325,Kelvin,Hassan,Male,Uasin Gishu,Plus,Entrepreneurship,8,11,72.7,In Progress,2026-04-03,Q2 2026,active
BEN-004327,Chebet,Kimani,Female,Kilifi,Plus,Mentorship,12,18,66.7,In Progress,2026-08-02,Q3 2026,active
BEN-004329,Anyango,Njoroge,Female,Kisumu,Plus,Financial Literacy,6,9,66.7,In Progress,2026-09-17,Q3 2026,active
BEN-004333,Wangari,Kiptoo,Female,Kakamega,Plus,Leadership,6,8,75.0,In Progress,2026-09-23,Q3 2026,active
BEN-004334,Naisula,Mwangi,Female,Kiambu,Plus,Health & Wellness,8,8,100.0,Completed,2025-07-27,Q3 2025,completed
BEN-004335,Awuor,Wekesa,Female,kiambu,Plus,Mentorship,10,19,52.6,In Progress,2026-04-03,Q2 2026,active
BEN-004337,Awuor,Wekesa,Female,Kisumu,Plus,Entrepreneurship,10,15,66.7,Completed,2025-11-26,Q4 2025,completed
BEN-004338,Vincent,Mutiso,Male,Kilifi,Plus,Community Service,6,8,75.0,In Progress,2026-06-13,Q2 2026,active
BEN-004339,Boniface,Mbogo,Male,Machakos,Plus,Life Skills,10,12,83.3,In Progress,2026-09-01,Q3 2026,active
BEN-004340,Mercy,Juma,F,Kisumu,Plus,Mentorship,9,18,50.0,Completed,2026-02-10,Q1 2026,completed
BEN-004341,Brenda,Mwangi,Female,Kajiado,Plus,Life Skills,9,10,90.0,Completed,2025-09-22,Q3 2025,completed
BEN-004349,Musyoka,Musyoka,Male,NYERI,Plus,Entrepreneurship,10,11,90.9,Completed,2025-07-07,Q3 2025,completed
BEN-004353,Nkatha,Achieng,Female,Meru,Plus,Entrepreneurship,5,11,45.5,Dropped,2026-03-24,Q1 2026,dropped_out
BEN-004355,Kilonzo,Kuria,Male,Meru,Plus,Mentorship,17,17,100.0,Completed,2025-04-11,Q2 2025,completed
BEN-004358,Kilonzo,Omondi,male,Machakos County,Plus,Financial Literacy,11,12,91.7,Completed,2025-09-09,Q3 2025,completed
BEN-004360,Isaac,Rotich,Male,Kisii,Plus,Mentorship,8,17,47.1,Dropped,2025-05-27,Q2 2025,dropped_out
BEN-004362,Beatrice,Charo,Female,Kisii,Plus,Leadership,3,9,33.3,Dropped,2026-06-08,Q2 2026,dropped_out
BEN-004368,Brenda,Bett,Female,Nakuru,Plus,Community Service,5,9,55.6,Completed,2026-01-25,Q1 2026,completed
BEN-004371,Brenda,Cheruiyot,Female,Uasin Gishu,Plus,Entrepreneurship,6,13,46.2,Completed,2025-11-29,Q4 2025,completed
BEN-004372,Diana,Rotich,Female,Kakamega,Plus,Mentorship,8,16,50.0,Dropped,2025-08-26,Q3 2025,dropped_out
BEN-004376,Kagure,Katana,Female,Kakamega,Plus,Mentorship,11,13,84.6,In Progress,2026-05-04,Q2 2026,active
BEN-004377,Nkatha,Cheruiyot,Female,Nakuru,Plus,Health & Wellness,6,8,75.0,In Progress,2026-07-18,Q3 2026,active
BEN-004379,Gathoni,Nyambane,Female,Kakamega,Plus,Financial Literacy,7,9,77.8,Completed,2025-04-29,Q2 2025,completed
BEN-004381,Sharon,Onyango,Female,Meru,Plus,Health & Wellness,8,9,88.9,Completed,2025-04-13,Q2 2025,completed
BEN-004386,Brian,Onyango,Male,Kisumu,Plus,Life Skills,11,14,78.6,Completed,2026-05-15,Q2 2026,completed
BEN-004388,Simon,Kariuki,Male,Kisii,Plus,Financial Literacy,8,10,80.0,Completed,2026-03-11,Q1 2026,completed
BEN-004389,Anyango,Barasa,Female,Nakuru,Plus,Mentorship,12,16,75.0,Completed,2026-01-17,Q1 2026,completed
BEN-004390,Korir,Bett,Male,Kakamega,Plus,Health & Wellness,5,9,55.6,Completed,2025-11-22,Q4 2025,completed
BEN-004392,Kiptoo,Ngugi,Male,Kisumu,Plus,Entrepreneurship,6,11,54.5,Dropped,2026-05-15,Q2 2026,dropped_out
BEN-004396,Kamau,Juma,Male,Meru,Plus,Financial Literacy,6,8,75.0,Completed,2026-04-03,Q2 2026,completed
BEN-004399,Jerop,Kimani,Female,KIAMBU,Plus,Health & Wellness,7,7,100.0,Completed,2025-05-09,Q2 2025,completed
BEN-004400,Kiptoo,Katana,Male,Kajiado,Plus,Life Skills,14,14,100.0,Completed,2025-06-12,Q2 2025,completed
BEN-004403,Barasa,Njoroge,Male,Kilifi,Plus,Life Skills,5,11,45.5,In Progress,2026-09-17,Q3 2026,active
BEN-004405,Barasa,Otieno,Male,Kiambu,Plus,Community Service,6,10,60.0,Dropped,2026-03-05,Q1 2026,dropped_out
BEN-004406,Amina,Matano,Female,Kakamega,Plus,Financial Literacy,6,11,54.5,In Progress,2026-06-04,Q2 2026,active
BEN-004408,Baraka,Barasa,Male,Nakuru,Plus,Leadership,4,10,40.0,Dropped,2025-09-26,Q3 2025,dropped_out
BEN-004410,Akinyi,Ngugi,Female,KAKAMEGA,Plus,Leadership,6,9,66.7,In Progress,2026-07-27,Q3 2026,active
BEN-004412,Collins,Achieng,Male,Nairobi,Plus,Community Service,7,7,100.0,Completed,2026-01-16,Q1 2026,completed
BEN-004416,Esther,Katana,Female,Mombasa,Plus,Mentorship,9,16,56.2,Dropped,2025-09-05,Q3 2025,dropped_out
BEN-004417,Mercy,Mwangi,Female,machakos,Plus,Entrepreneurship,7,12,58.3,DROPPED,2025-10-15,Q4 2025,dropped_out
BEN-004419,Boniface,Katana,Male,Kiambu,Plus,Entrepreneurship,11,16,68.8,complete,2026-04-17,Q2 2026,completed
BEN-004421,Brian,Ngugi,Male,Nakuru,Plus,Financial Literacy,9,12,75.0,In Progress,2026-07-28,Q3 2026,active
BEN-004422,Onyango,Mbogo,Male,nakuru,Plus,Community Service,9,10,90.0,In Progress,2026-02-04,Q1 2026,active
BEN-004423,Emily,Musyoka,Female,Nakuru,Plus,Health & Wellness,5,8,62.5,In Progress,2026-08-17,Q3 2026,active
BEN-004425,Cheruiyot,Mohamed,Male,Nyeri,Plus,Life Skills,8,13,61.5,Completed,2026-03-22,Q1 2026,completed
BEN-004429,Brian,Wanjiku,Male,Machakos County,Plus,Entrepreneurship,11,15,73.3,In Progress,2026-09-12,Q3 2026,active
BEN-004432,Zawadi,Mwakio,Female,Kilifi,Plus,Health & Wellness,7,8,87.5,In Progress,2026-09-27,Q3 2026,active
BEN-004434,Nkatha,Charo,Female,Nairobi,Plus,Health & Wellness,7,8,87.5,In Progress,2026-05-27,Q2 2026,active
BEN-004436,Korir,Wekesa,Male,Kiambu,Plus,Financial Literacy,9,11,81.8,Completed,2025-08-03,Q3 2025,completed
BEN-004439,Wanjiku,Mutiso,Female,Kiambu County,Plus,Mentorship,14,14,100.0,In Progress,2026-09-12,Q3 2026,active
BEN-004441,Akinyi,Muthoni,Female,Nairobi,Plus,Entrepreneurship,5,11,45.5,In Progress,2026-03-09,Q1 2026,active
BEN-004446,Stephen,Onyango,Male,Nairobi,Plus,Life Skills,10,12,83.3,In Progress,2026-07-26,Q3 2026,active
BEN-004447,Abdi,Korir,Male,Uasin Gishu,Plus,Community Service,6,7,85.7,In Progress,2026-07-04,Q3 2026,active
BEN-004450,Njeri,Omondi,Female,Meru,Plus,Entrepreneurship,11,12,91.7,Completed,2025-01-05,Q1 2025,completed
BEN-004452,Zawadi,Gitau,Female,Mombasa,Plus,Financial Literacy,8,10,80.0,In Progress,2026-07-29,Q3 2026,active
BEN-004454,Wekesa,Mwakio,Male,Kajiado,Plus,Life Skills,8,13,61.5,COMPLETED,2025-09-08,Q3 2025,completed
BEN-004455,Abdi,Owino,Male,Nairobi,Plus,Community Service,10,10,100.0,Completed,2025-10-17,Q4 2025,completed
BEN-004459,Achieng,Kamau,Female,Kiambu,Plus,Life Skills,7,11,63.6,Completed,2025-10-15,Q4 2025,completed
BEN-004460,Musyoka,Mutiso,Male,Kakamega,Plus,Mentorship,9,15,60.0,In Progress,2026-07-06,Q3 2026,active
BEN-004462,Naisula,Kimani,Female,Meru,Plus,Financial Literacy,11,12,91.7,Completed,2025-10-13,Q4 2025,completed
BEN-004463,Grace,Onyango,Female,Kiambu,Plus,Life Skills,12,13,92.3,In Progress,2026-08-14,Q3 2026,active
BEN-004464,Vincent,Abdi,Male,kiambu,Plus,Mentorship,10,12,83.3,In Progress,2026-01-22,Q1 2026,active
BEN-004467,Purity,Ngugi,Female,Mombasa,Plus,Mentorship,10,13,76.9,Completed,2025-04-19,Q2 2025,completed
BEN-004475,Peter,Odhiambo,Male,Nakuru,Plus,Leadership,4,8,50.0,Dropped,2025-04-03,Q2 2025,dropped_out
BEN-004477,Purity,Chebet,Female,MACHAKOS,Plus,Mentorship,8,14,57.1,Dropped,2025-07-13,Q3 2025,dropped_out
BEN-004478,Sharon,Wanjiku,Female,Bungoma,Plus,Life Skills,13,14,92.9,Completed,2025-06-13,Q2 2025,completed
BEN-004479,Kagure,Njenga,Female,Machakos,Plus,Life Skills,8,13,61.5,Completed,2025-04-18,Q2 2025,completed
BEN-004480,Vincent,Wekesa,Male,Nairobi,Plus,Financial Literacy,7,10,70.0,In Progress,2026-02-23,Q1 2026,active
BEN-004484,Ali,Mbogo,Male,Kiambu,Plus,Entrepreneurship,7,12,58.3,In Progress,2026-09-03,Q3 2026,active
BEN-004489,Korir,Odhiambo,Male,kajiado,Plus,Health & Wellness,6,10,60.0,Completed,2025-12-29,Q4 2025,completed
BEN-004492,Halima,Rotich,Female,Kiambu,Plus,Financial Literacy,4,8,50.0,Dropped,2026-01-26,Q1 2026,dropped_out
BEN-004493,Nicholas,Njenga,Male,KAJIADO,Plus,Leadership,9,11,81.8,Completed,2025-08-26,Q3 2025,completed
BEN-004495,Naisula,Otieno,Female,Nakuru,Plus,Entrepreneurship,14,15,93.3,Completed,2025-08-18,Q3 2025,completed
BEN-004497,Atieno,Charo,Female,Nyeri,Plus,Entrepreneurship,9,12,75.0,Completed,2025-01-08,Q1 2025,completed
BEN-004498,Cherono,Wafula,FEMALE,Kajiado,Plus,Community Service,5,8,62.5,In Progress,2026-07-09,Q3 2026,active
BEN-004499,Daniel,Mwakio,Male,Kakamega,Plus,Entrepreneurship,15,16,93.8,Completed,2025-06-23,Q2 2025,completed
BEN-004503,Nicholas,Maina,Male,Kilifi,Plus,Leadership,10,12,83.3,Completed,2025-12-18,Q4 2025,completed
BEN-004504,Kilonzo,Katana,Male,KISUMU,Plus,Leadership,7,10,70.0,In Progress,2026-09-10,Q3 2026,active
BEN-004506,Zawadi,Onyango,Female,Machakos,Plus,Life Skills,6,10,60.0,Completed,2025-11-18,Q4 2025,completed
BEN-004507,Rotich,Baya,Male,Machakos,Plus,Leadership,8,12,66.7,Completed,2025-07-11,Q3 2025,completed
BEN-004515,Njeri,Baya,Female,Machakos,Plus,Community Service,7,10,70.0,COMPLETED,2026-03-31,Q1 2026,completed
BEN-004516,Ali,Otieno,Male,Uasin Gishu,Plus,Life Skills,11,13,84.6,Completed,2025-01-09,Q1 2025,completed
BEN-004517,Purity,Kimani,Female,Kajiado,Plus,Life Skills,10,13,76.9,In Progress,2026-08-13,Q3 2026,active
BEN-004520,Korir,Charo,Male,Kakamega,Plus,Community Service,6,10,60.0,In Progress,2026-09-08,Q3 2026,active
BEN-004522,Akinyi,Omondi,Female,Meru,Plus,Mentorship,9,12,75.0,Completed,2025-03-25,Q1 2025,completed
BEN-004524,Zawadi,Nyambane,Female,Kiambu,Plus,Life Skills,11,12,91.7,Completed,2025-08-03,Q3 2025,completed
BEN-004526,Odhiambo,Wekesa,Male,Kilifi,Plus,Life Skills,7,14,50.0,DROPPED,2025-04-17,Q2 2025,dropped_out
BEN-004530,Cheruiyot,Gitau,Male,Kilifi,Plus,Financial Literacy,4,8,50.0,In Progress,2026-08-03,Q3 2026,active
BEN-004532,Sharon,Kariuki,Female,Kakamega County,Plus,Entrepreneurship,15,16,93.8,Completed,2026-02-28,Q1 2026,completed
BEN-004536,Brenda,Gitau,Female,Nairobi,Plus,Mentorship,8,12,66.7,In Progress,2026-01-14,Q1 2026,active
BEN-004538,Barasa,Cheruiyot,Male,Machakos,Plus,Leadership,9,11,81.8,Completed,2025-09-17,Q3 2025,completed
BEN-004542,Awuor,Juma,Female,Kisumu,Plus,Entrepreneurship,7,11,63.6,Dropped,2025-07-24,Q3 2025,dropped_out
BEN-004544,Cherono,Njenga,Female,Kajiado,Plus,Health & Wellness,4,8,50.0,Dropped,2025-03-07,Q1 2025,dropped_out
BEN-004546,Mutua,Bett,Male,Nakuru,Plus,Community Service,5,7,71.4,Completed,2025-07-23,Q3 2025,completed
BEN-004551,Nicholas,Omondi,Male,Nairobi,Plus,Life Skills,6,11,54.5,Dropped,2025-05-08,Q2 2025,dropped_out
BEN-004555,Cheruiyot,Ngugi,Male,Kakamega County,Plus,Community Service,9,10,90.0,In Progress,2026-08-05,Q3 2026,active
BEN-004558,Nyambura,Mbogo,Female,Kajiado,Plus,Community Service,4,8,50.0,Dropped,2026-01-29,Q1 2026,dropped_out
BEN-004559,Chebet,Wanjiku,Female,Nairobi,Plus,Mentorship,9,20,45.0,Dropped,2026-01-23,Q1 2026,dropped_out
BEN-004560,Mohamed,Owino,Male,Kilifi,Plus,Health & Wellness,4,8,50.0,Dropped,2025-12-15,Q4 2025,dropped_out
BEN-004561,Wanjiru,Kamau,Female,Nairobi,Plus,Life Skills,14,14,100.0,Completed,2025-01-14,Q1 2025,completed
BEN-004562,Joseph,Juma,Male,Nairobi,Plus,Health & Wellness,8,9,88.9,In Progress,2026-08-17,Q3 2026,active
BEN-004563,Kagure,Mwakio,Female,nairobi,Plus,Mentorship,10,12,83.3,COMPLETED,2026-04-16,Q2 2026,completed
BEN-004565,Akinyi,Baya,Female,Kajiado,Plus,Financial Literacy,7,9,77.8,Completed,2025-07-12,Q3 2025,completed
BEN-004567,Wekesa,Kamau,Male,Nakuru,Plus,Community Service,2,7,28.6,Dropped,2025-11-30,Q4 2025,dropped_out
BEN-004568,Kagure,Charo,Female,Nairobi,Plus,Entrepreneurship,5,11,45.5,Dropped,2025-04-15,Q2 2025,dropped_out
BEN-004571,Anthony,Charo,Male,Muranga,Plus,Mentorship,10,12,83.3,In Progress,2026-06-08,Q2 2026,active
BEN-004573,Njeri,Kilonzo,Female,Nairobi,Plus,Financial Literacy,7,8,87.5,Completed,2026-01-05,Q1 2026,completed
BEN-004578,Beatrice,Matano,Female,Meru,Plus,Health & Wellness,7,9,77.8,Completed,2026-01-23,Q1 2026,completed
BEN-004580,Chebet,Nyambane,Female,KIAMBU,Plus,Mentorship,11,16,68.8,complete,2025-03-25,Q1 2025,completed
BEN-004582,Akinyi,Otieno,Female,Nairobi,Plus,Entrepreneurship,11,14,78.6,In Progress,2026-09-12,Q3 2026,active
BEN-004583,Sharon,Rotich,Female,Nakuru County,Plus,Mentorship,9,20,45.0,dropped out,2026-01-29,Q1 2026,dropped_out
BEN-004584,Boniface,Juma,Male,Kiambu,Plus,Entrepreneurship,8,11,72.7,In Progress,2026-09-24,Q3 2026,active
BEN-004585,Wanjiku,Kilonzo,F,Nairobi,Plus,Leadership,7,9,77.8,Completed,2025-04-25,Q2 2025,completed
BEN-004586,Zawadi,Rotich,Female,Kisumu,Plus,Community Service,4,6,66.7,In Progress,2026-07-28,Q3 2026,active
BEN-004591,Gathoni,Odhiambo,Female,Nakuru,Plus,Financial Literacy,10,11,90.9,Completed,2026-04-03,Q2 2026,completed
BEN-004594,Jerop,Njenga,Female,Kisii,Plus,Leadership,4,8,50.0,Completed,2025-04-03,Q2 2025,completed
BEN-004595,Kevin,Korir,male,Kiambu,Plus,Entrepreneurship,9,13,69.2,In Progress,2026-09-06,Q3 2026,active
BEN-004596,Achieng,Barasa,Female,Kiambu,Plus,Community Service,7,8,87.5,Completed,2025-08-23,Q3 2025,completed
BEN-004604,Anthony,Mwangi,Male,Uasin Gishu,Plus,Financial Literacy,6,12,50.0,Completed,2025-06-08,Q2 2025,completed
BEN-004607,Cherono,Wafula,Female,Kisii,Plus,Mentorship,17,17,100.0,Completed,2026-03-30,Q1 2026,completed
BEN-004608,Mercy,Mwangi,Female,Nairobi,Plus,Entrepreneurship,10,15,66.7,Dropped,2025-12-01,Q4 2025,dropped_out
BEN-004609,Rotich,Cheruiyot,Male,Nyeri,Plus,Life Skills,9,11,81.8,Completed,2026-02-06,Q1 2026,completed
BEN-004614,Chepkoech,Cheruiyot,Female,Nairobi,Plus,Community Service,3,8,37.5,Dropped,2025-10-18,Q4 2025,dropped_out
BEN-004618,Naisula,Wanjiku,Female,Kilifi,Plus,Life Skills,8,12,66.7,In Progress,2026-04-03,Q2 2026,active
BEN-004620,Sharon,Barasa,Female,Nairobi,Plus,Financial Literacy,6,8,75.0,Completed,2025-08-29,Q3 2025,completed
BEN-004621,Omondi,Bett,Male,Kiambu,Plus,Entrepreneurship,9,10,90.0,Completed,2025-06-15,Q2 2025,completed
BEN-004623,Emily,Nyambane,Female,Muranga,Plus,Mentorship,18,20,90.0,Completed,2026-01-27,Q1 2026,completed
BEN-004625,Halima,Kuria,Female,Nairobi,Plus,Entrepreneurship,14,16,87.5,In Progress,2026-01-31,Q1 2026,active
BEN-004626,Akinyi,Nyambane,Female,Kakamega,Plus,Mentorship,11,15,73.3,Completed,2026-02-27,Q1 2026,completed
BEN-004629,Collins,Nduta,Male,Bungoma,Plus,Community Service,3,6,50.0,Dropped,2025-12-31,Q4 2025,dropped_out
BEN-004630,Kiptoo,Wekesa,Male,Kisumu,Plus,Entrepreneurship,8,14,57.1,In Progress,2026-06-20,Q2 2026,active
BEN-004631,Abdi,Mutiso,Male,Kilifi,Plus,Entrepreneurship,11,16,68.8,In Progress,2026-01-29,Q1 2026,active
BEN-004632,Musyoka,Korir,Male,Kisumu,Plus,Life Skills,9,14,64.3,complete,2025-08-05,Q3 2025,completed
BEN-004633,Isaac,Onyango,Male,Nyeri,Plus,Mentorship,17,18,94.4,In Progress,2026-09-13,Q3 2026,active
BEN-004637,Atieno,Kuria,Female,Machakos,Plus,Health & Wellness,5,6,83.3,Completed,2025-05-22,Q2 2025,completed
BEN-004639,Caroline,Nduta,Female,Meru,Plus,Life Skills,9,12,75.0,Completed,2026-03-15,Q1 2026,completed
BEN-004640,Kagure,Otieno,Female,mombasa,Plus,Financial Literacy,8,8,100.0,In Progress,2026-09-12,Q3 2026,active
BEN-004641,Ali,Korir,Male,Muranga,Plus,Life Skills,9,11,81.8,Completed,2025-12-07,Q4 2025,completed
BEN-004644,Caroline,Kamau,Female,Kiambu,Plus,Community Service,9,10,90.0,Completed,2025-04-25,Q2 2025,completed
BEN-004648,Kendi,Gitau,Female,Kiambu,Plus,Leadership,9,11,81.8,Completed,2025-08-30,Q3 2025,completed
BEN-004651,Victor,Otieno,Male,Kisumu,Plus,Community Service,4,9,44.4,Dropped,2025-12-21,Q4 2025,dropped_out
BEN-004652,Omondi,Odhiambo,Male,Uasin Gishu,Plus,Health & Wellness,3,6,50.0,Dropped,2025-12-08,Q4 2025,dropped_out
BEN-004653,Zawadi,Rotich,Female,Nakuru,Plus,Leadership,11,12,91.7,Completed,2025-10-24,Q4 2025,completed
BEN-004658,Cynthia,Wafula,Female,Nairobi,Plus,Life Skills,8,13,61.5,Completed,2026-01-31,Q1 2026,completed
BEN-004660,Faith,Wanjiku,Female,Kiambu,Plus,Financial Literacy,4,8,50.0,Dropped,2025-12-08,Q4 2025,dropped_out
BEN-004661,Kipchoge,Bett,Male,Nairobi,Plus,Health & Wellness,7,8,87.5,Completed,2025-05-15,Q2 2025,completed
BEN-004663,Otieno,Gitau,Male,Kilifi,Plus,Entrepreneurship,6,14,42.9,Dropped,2026-06-10,Q2 2026,dropped_out
BEN-004666,Wanjiku,Bett,Female,Meru,Plus,Financial Literacy,8,8,100.0,In Progress,2026-07-12,Q3 2026,active
BEN-004667,Mumbi,Kilonzo,Female,Muranga,Plus,Leadership,6,8,75.0,In Progress,2026-09-24,Q3 2026,active
BEN-004672,Chepkoech,Rotich,Female,Kiambu,Plus,Life Skills,10,11,90.9,Completed,2025-06-02,Q2 2025,completed
BEN-004675,Wangari,Rotich,Female,Nairobi,Plus,Leadership,10,10,100.0,In Progress,2026-05-20,Q2 2026,active
BEN-004676,Cheruiyot,Bett,Male,Nakuru,Plus,Mentorship,18,18,100.0,In Progress,2026-09-15,Q3 2026,active
BEN-004679,Samuel,Kimani,Male,Mombasa,Plus,Leadership,7,11,63.6,Dropped,2025-11-06,Q4 2025,dropped_out
BEN-004680,Patrick,Kilonzo,Male,Kiambu,Plus,Community Service,7,8,87.5,In Progress,2026-08-03,Q3 2026,active
BEN-004681,Jerop,Otieno,Female,Nakuru,Plus,Life Skills,10,12,83.3,In Progress,2026-05-24,Q2 2026,active
BEN-004682,Gathoni,Rotich,Female,Mombasa,Plus,Financial Literacy,8,9,88.9,In Progress,2026-09-15,Q3 2026,active
BEN-004684,Brian,Odhiambo,Male,Uasin Gishu,Plus,Leadership,7,10,70.0,Completed,2026-02-24,Q1 2026,completed
BEN-004685,Cynthia,Cheruiyot,female,Nakuru,Plus,Entrepreneurship,10,16,62.5,Completed,2025-04-01,Q2 2025,completed
BEN-004689,Isaac,Rotich,Male,Kiambu,Plus,Financial Literacy,8,10,80.0,In Progress,2026-03-26,Q1 2026,active
BEN-004693,Zawadi,Mwakio,Female,Kilifi,Plus,Financial Literacy,9,9,100.0,In Progress,2026-06-03,Q2 2026,active
BEN-004696,Vincent,Odhiambo,Male,Bungoma,Plus,Life Skills,10,13,76.9,In Progress,2026-06-19,Q2 2026,active
BEN-004697,Timothy,Rotich,Male,Kakamega,Plus,Leadership,6,8,75.0,In Progress,2026-04-23,Q2 2026,active
BEN-004700,Kiptoo,Wafula,Male,Kajiado,Plus,Leadership,3,8,37.5,Dropped,2025-08-31,Q3 2025,dropped_out
BEN-004701,Nicholas,Musyoka,Male,Muranga,Plus,Community Service,6,8,75.0,Completed,2025-11-13,Q4 2025,completed
BEN-004702,Wanjiku,Omondi,Female,Nyeri,Plus,Entrepreneurship,6,13,46.2,Completed,2025-05-22,Q2 2025,completed
BEN-004703,Awuor,Bett,Female,Kakamega,Plus,Entrepreneurship,9,10,90.0,In Progress,2026-01-07,Q1 2026,active
BEN-004707,Amina,Koech,Female,Kiambu,Plus,Leadership,4,11,36.4,Completed,2025-07-03,Q3 2025,completed
BEN-004709,Mutua,Wekesa,Male,Nyeri,Plus,Health & Wellness,6,9,66.7,DROPPED,2026-01-15,Q1 2026,dropped_out
BEN-004713,Baraka,Katana,Male,Nairobi,Plus,Mentorship,16,19,84.2,In Progress,2026-08-10,Q3 2026,active
BEN-004715,Barasa,Bett,Male,Meru,Plus,Entrepreneurship,6,12,50.0,In Progress,2026-03-07,Q1 2026,active
BEN-004717,Barasa,Mwangi,Male,Kajiado,Plus,Life Skills,8,14,57.1,In Progress,2026-02-04,Q1 2026,active
BEN-004719,Faith,Wafula,Female,MOMBASA,Plus,Leadership,10,11,90.9,COMPLETED,2025-04-30,Q2 2025,completed
BEN-004726,Musyoka,Mutiso,Male,Kajiado,Plus,Life Skills,13,14,92.9,Completed,2025-12-09,Q4 2025,completed
BEN-004728,Korir,Onyango,Male,Nairobi,Plus,Leadership,12,12,100.0,In Progress,2026-05-25,Q2 2026,active
BEN-004732,Dennis,Rotich,Male,Mombasa,Plus,Mentorship,11,13,84.6,COMPLETED,2026-05-22,Q2 2026,completed
BEN-004734,Wanjiru,Mwangi,Female,Kiambu,Plus,Entrepreneurship,7,11,63.6,In Progress,2026-01-28,Q1 2026,active
BEN-004738,Naisula,Nyambane,FEMALE,Nairobi,Plus,Financial Literacy,9,12,75.0,Completed,2025-12-14,Q4 2025,completed
BEN-004742,Wangari,Matano,Female,Mombasa,Plus,Mentorship,9,14,64.3,In Progress,2026-08-06,Q3 2026,active
BEN-004744,David,Katana,Male,Kiambu,Plus,Health & Wellness,6,6,100.0,In Progress,2026-07-29,Q3 2026,active
BEN-004747,Kagure,Katana,Female,Bungoma,Plus,Entrepreneurship,8,12,66.7,Completed,2025-01-19,Q1 2025,completed
BEN-004749,Kevin,Kimani,Male,Kisii,Plus,Community Service,2,6,33.3,Dropped,2025-11-22,Q4 2025,dropped_out
BEN-004750,Wanjiku,Gitau,Female,Muranga,Plus,Health & Wellness,4,8,50.0,Completed,2025-06-13,Q2 2025,completed
BEN-004752,Njeri,Wanjiku,Female,Nairobi,Plus,Health & Wellness,5,7,71.4,Completed,2025-11-30,Q4 2025,completed
BEN-004754,Isaac,Bett,Male,Machakos,Plus,Mentorship,14,17,82.4,Completed,2026-03-03,Q1 2026,completed
BEN-004756,Sharon,Mohamed,Female,Kisii,Plus,Leadership,9,11,81.8,In Progress,2026-02-26,Q1 2026,active
BEN-004757,Barasa,Otieno,Male,kisii,Plus,Mentorship,6,17,35.3,In Progress,2026-08-13,Q3 2026,active
BEN-004759,Kiptoo,Baya,Male,Machakos,Plus,Health & Wellness,7,9,77.8,Completed,2025-10-16,Q4 2025,completed
BEN-004760,Mutua,Achieng,Male,Muranga,Plus,Mentorship,11,12,91.7,In Progress,2026-05-12,Q2 2026,active
BEN-004762,Gathoni,Omondi,Female,Nairobi,Plus,Health & Wellness,5,9,55.6,DROPPED,2026-05-14,Q2 2026,dropped_out
BEN-004764,Njeri,Omondi,F,Kakamega,Plus,Leadership,8,10,80.0,Completed,2026-05-31,Q2 2026,completed
BEN-004767,Cynthia,Mutiso,Female,Kiambu,Plus,Mentorship,12,18,66.7,Dropped,2025-10-25,Q4 2025,dropped_out
BEN-004770,Emily,Cheruiyot,Female,Kakamega,Plus,Community Service,5,7,71.4,In Progress,2026-06-21,Q2 2026,active
BEN-004771,Brenda,Juma,Female,Nyeri,Plus,Financial Literacy,9,9,100.0,Completed,2025-07-14,Q3 2025,completed
BEN-004774,Mumbi,Njoroge,Female,machakos,Plus,Mentorship,14,17,82.4,In Progress,2026-09-13,Q3 2026,active
BEN-004777,Simon,Mutua,Male,Nyeri,Plus,Health & Wellness,5,7,71.4,In Progress,2026-08-11,Q3 2026,active
BEN-004778,Joseph,Muthoni,Male,Uasin Gishu,Plus,Mentorship,14,17,82.4,In Progress,2026-07-04,Q3 2026,active
BEN-004779,Mutua,Maina,Male,Machakos,Plus,Mentorship,17,18,94.4,Completed,2026-06-28,Q2 2026,completed
BEN-004782,Baraka,Kimani,Male,Nairobi,Plus,Financial Literacy,10,12,83.3,Completed,2025-12-16,Q4 2025,completed
BEN-004784,Diana,Kilonzo,Female,Uasin Gishu,Plus,Financial Literacy,7,11,63.6,Completed,2025-10-14,Q4 2025,completed
BEN-004787,Njeri,Kamau,Female,Nairobi,Plus,Leadership,11,12,91.7,Completed,2025-01-15,Q1 2025,completed
BEN-004788,Cynthia,Njoroge,Female,Nairobi,Plus,Financial Literacy,7,10,70.0,Completed,2025-08-18,Q3 2025,completed
BEN-004789,Isaac,Kimani,Male,Machakos,Plus,Mentorship,19,20,95.0,Completed,2025-05-11,Q2 2025,completed
BEN-004791,Daniel,Baya,Male,Kakamega,Plus,Health & Wellness,6,7,85.7,Completed,2025-03-31,Q1 2025,completed
BEN-004797,James,Wekesa,Male,Kilifi,Plus,Health & Wellness,6,8,75.0,In Progress,2026-09-11,Q3 2026,active
BEN-004798,Kilonzo,Mwangi,Male,Nairobi,Plus,Life Skills,11,14,78.6,In Progress,2026-02-11,Q1 2026,active
BEN-004799,Odhiambo,Owino,Male,Muranga,Plus,Entrepreneurship,5,11,45.5,Dropped,2025-02-14,Q1 2025,dropped_out
BEN-004800,Esther,Cheruiyot,Female,Mombasa,Plus,Life Skills,10,13,76.9,In Progress,2026-07-27,Q3 2026,active
BEN-004802,Abdi,Kamau,Male,Nakuru,Plus,Financial Literacy,12,12,100.0,In Progress,2026-08-12,Q3 2026,active
BEN-004804,Purity,Otieno,Female,Uasin Gishu,Plus,Life Skills,8,12,66.7,Completed,2025-11-25,Q4 2025,completed
BEN-004805,Caroline,Muthoni,Female,Kajiado,Plus,Financial Literacy,11,12,91.7,In Progress,2026-07-03,Q3 2026,active
BEN-004806,Chepkoech,Chebet,Female,Kakamega,Plus,Health & Wellness,6,7,85.7,Completed,2025-08-17,Q3 2025,completed
BEN-004809,Odhiambo,Kilonzo,Male,Machakos,Plus,Life Skills,8,10,80.0,Completed,2026-04-24,Q2 2026,completed
BEN-004810,Rotich,Charo,Male,Machakos,Plus,Health & Wellness,6,6,100.0,Completed,2025-11-06,Q4 2025,completed
BEN-004812,Nkatha,Wanjiku,Female,KIAMBU,Plus,Mentorship,14,19,73.7,Completed,2026-05-25,Q2 2026,completed
BEN-004813,Kendi,Mutua,Female,Kisumu,Plus,Mentorship,10,14,71.4,Completed,2025-12-01,Q4 2025,completed
BEN-004815,Wangari,Nduta,Female,Nairobi,Plus,Community Service,3,8,37.5,In Progress,2026-08-07,Q3 2026,active
BEN-004819,Nyambura,Nyambane,Female,Kisii,Plus,Health & Wellness,5,6,83.3,In Progress,2026-07-09,Q3 2026,active
BEN-004820,Kilonzo,Wekesa,Male,MOMBASA,Plus,Mentorship,9,14,64.3,In Progress,2026-08-07,Q3 2026,active
BEN-004822,Atieno,Kilonzo,Female,Kajiado,Plus,Life Skills,9,11,81.8,Completed,2026-01-28,Q1 2026,completed
BEN-004823,Patrick,Kiptoo,Male,Nairobi,Plus,Mentorship,8,16,50.0,Dropped,2026-03-16,Q1 2026,dropped_out
BEN-004824,Nkatha,Ochieng,Female,Nairobi County,Plus,Leadership,3,9,33.3,Dropped,2025-06-07,Q2 2025,dropped_out
BEN-004826,Chebet,Cheruiyot,Female,Machakos,Plus,Leadership,11,12,91.7,In Progress,2026-08-13,Q3 2026,active
BEN-004828,Baraka,Odhiambo,Male,Kiambu,Plus,Financial Literacy,7,8,87.5,Completed,2025-08-11,Q3 2025,completed
BEN-004837,Emmanuel,Baya,Male,Kilifi,Plus,Life Skills,10,13,76.9,In Progress,2026-09-15,Q3 2026,active
BEN-004838,Mercy,Gitau,Female,MOMBASA,Plus,Community Service,4,9,44.4,In Progress,2026-08-13,Q3 2026,active
BEN-004839,Wanjiru,Bett,Female,Mombasa,Plus,Community Service,7,9,77.8,Completed,2026-04-09,Q2 2026,completed
BEN-004840,Cherono,Onyango,Female,Machakos,Plus,Life Skills,9,10,90.0,Completed,2025-09-12,Q3 2025,completed
BEN-004841,Jerop,Kimani,Female,Muranga,Plus,Life Skills,11,13,84.6,In Progress,2026-04-30,Q2 2026,active
BEN-004842,Juma,Kiptoo,Male,Machakos,Plus,Entrepreneurship,9,10,90.0,In Progress,2026-07-24,Q3 2026,active
BEN-004843,Mohamed,Muthoni,Male,bungoma,Plus,Health & Wellness,4,9,44.4,Dropped,2026-04-18,Q2 2026,dropped_out
BEN-004844,Anyango,Kiptoo,Female,Nakuru,Plus,Life Skills,10,12,83.3,Completed,2025-06-02,Q2 2025,completed
BEN-004845,Brenda,Mutua,Female,Nairobi County,Plus,Financial Literacy,2,8,25.0,Dropped,2025-10-14,Q4 2025,dropped_out
BEN-004846,Victor,Juma,Male,Nakuru,Plus,Health & Wellness,10,10,100.0,Completed,2025-11-18,Q4 2025,completed
BEN-004849,Samuel,Nduta,Male,Kisii,Plus,Health & Wellness,3,6,50.0,Dropped,2026-03-31,Q1 2026,dropped_out
BEN-004851,Daniel,Cheruiyot,Male,Nairobi County,Plus,Entrepreneurship,9,13,69.2,In Progress,2026-04-23,Q2 2026,active
BEN-004854,Nyambura,Achieng,Female,Nakuru,Plus,Leadership,5,9,55.6,complete,2025-08-26,Q3 2025,completed
BEN-004855,Nasieku,Wafula,Female,Kakamega,Plus,Mentorship,12,14,85.7,Completed,2025-06-21,Q2 2025,completed
BEN-004859,Baraka,Katana,Male,Mombasa,Plus,Community Service,7,8,87.5,In Progress,2026-08-27,Q3 2026,active
BEN-004860,Zawadi,Wanjiku,Female,Kisumu,Plus,Financial Literacy,7,9,77.8,Completed,2026-04-19,Q2 2026,completed
BEN-004862,Timothy,Muthoni,Male,Nairobi,Plus,Entrepreneurship,11,12,91.7,In Progress,2026-07-29,Q3 2026,active
BEN-004864,Wekesa,Cheruiyot,Male,Nairobi,Plus,Life Skills,9,12,75.0,Completed,2026-02-12,Q1 2026,completed
BEN-004865,Kevin,Abdi,Male,Nairobi,Plus,Mentorship,9,13,69.2,In Progress,2026-04-15,Q2 2026,active
BEN-004867,Kagure,Kiptoo,Female,Muranga,Plus,Entrepreneurship,7,10,70.0,In Progress,2026-04-03,Q2 2026,active
BEN-004868,Emily,Nyambane,Female,Nairobi,Plus,Life Skills,8,13,61.5,Dropped,2026-05-01,Q2 2026,dropped_out
BEN-004869,Cherono,Rotich,Female,Meru,Plus,Leadership,8,12,66.7,Completed,2025-10-13,Q4 2025,completed
BEN-004870,Odhiambo,Koech,Male,Meru,Plus,Community Service,7,8,87.5,In Progress,2026-07-01,Q3 2026,active
BEN-004871,Caroline,Chebet,Female,Machakos,Plus,Community Service,7,10,70.0,Completed,2025-08-15,Q3 2025,completed
BEN-004874,Naisula,Ochieng,Female,Machakos,Plus,Community Service,9,10,90.0,Completed,2025-10-30,Q4 2025,completed
BEN-004878,Diana,Kimani,Female,Mombasa,Plus,Community Service,6,10,60.0,In Progress,2026-07-13,Q3 2026,active
BEN-004881,Cheruiyot,Wafula,Male,Kakamega,Plus,Health & Wellness,7,7,100.0,In Progress,2026-08-08,Q3 2026,active
BEN-004883,Halima,Mbogo,Female,Kiambu,Plus,Health & Wellness,7,8,87.5,In Progress,2026-06-20,Q2 2026,active
BEN-004886,Halima,Wafula,Female,Nakuru,Plus,Life Skills,8,12,66.7,In Progress,2026-03-15,Q1 2026,active
BEN-004887,Nasieku,Abdi,Female,Nairobi,Plus,Mentorship,8,15,53.3,Dropped,2025-11-30,Q4 2025,dropped_out
BEN-004889,Wangari,Charo,Female,Meru,Plus,Leadership,5,9,55.6,Completed,2026-06-29,Q2 2026,completed
BEN-004891,Zawadi,Omondi,Female,Kilifi,Plus,Financial Literacy,9,10,90.0,In Progress,2026-03-23,Q1 2026,active
BEN-004895,Caroline,Ngugi,Female,Kiambu,Plus,Leadership,10,10,100.0,Completed,2026-01-04,Q1 2026,completed
BEN-004900,Grace,Hassan,Female,Nairobi,Plus,Financial Literacy,11,12,91.7,Completed,2026-04-12,Q2 2026,completed
BEN-004903,Chebet,Mbogo,Female,Kiambu,Plus,Financial Literacy,6,9,66.7,Completed,2025-07-10,Q3 2025,completed
BEN-004904,Kendi,Owino,Female,Nairobi,Plus,Leadership,8,10,80.0,Completed,2026-05-02,Q2 2026,completed
BEN-004906,Akinyi,Nyambane,Female,Meru,Plus,Leadership,7,8,87.5,In Progress,2026-06-19,Q2 2026,active
BEN-004911,Kevin,Omondi,Male,Nairobi,Plus,Life Skills,10,13,76.9,In Progress,2026-08-09,Q3 2026,active
BEN-004912,Wangari,Otieno,F,Uasin Gishu,Plus,Entrepreneurship,6,13,46.2,Dropped,2026-03-10,Q1 2026,dropped_out
BEN-004913,Esther,Barasa,Female,Kisumu,Plus,Leadership,7,9,77.8,In Progress,2026-09-19,Q3 2026,active
BEN-004914,Beatrice,Njenga,Female,KAJIADO,Plus,Entrepreneurship,7,11,63.6,Completed,2025-08-03,Q3 2025,completed
BEN-004917,Halima,Owino,Female,Kiambu County,Plus,Financial Literacy,3,8,37.5,In Progress,2026-07-01,Q3 2026,active
BEN-004920,Amina,Wafula,Female,Machakos,Plus,Entrepreneurship,8,11,72.7,Completed,2025-05-25,Q2 2025,completed
BEN-004921,Nicholas,Chebet,Male,Bungoma,Plus,Life Skills,7,10,70.0,In Progress,2026-08-23,Q3 2026,active
BEN-004924,Esther,Otieno,Female,Kilifi,Plus,Leadership,6,8,75.0,Completed,2025-04-07,Q2 2025,completed
BEN-004926,Esther,Nyambane,Female,Meru,Plus,Community Service,6,8,75.0,In Progress,2026-06-06,Q2 2026,active
BEN-004931,Mohamed,Ngugi,Male,Kajiado,Plus,Entrepreneurship,9,13,69.2,Completed,2025-11-22,Q4 2025,completed
BEN-004932,Kiptoo,Kariuki,Male,Mombasa,Plus,Life Skills,9,11,81.8,Completed,2026-06-09,Q2 2026,completed
BEN-004933,Korir,Mohamed,Male,Uasin Gishu County,Plus,Life Skills,9,10,90.0,complete,2026-02-15,Q1 2026,completed
BEN-004934,Isaac,Kariuki,Male,Kilifi,Plus,Mentorship,16,17,94.1,Completed,2025-10-13,Q4 2025,completed
BEN-004935,Neema,Korir,Female,Machakos,Plus,Health & Wellness,4,7,57.1,Completed,2026-02-18,Q1 2026,completed
BEN-004937,Diana,Njenga,f,Meru,Plus,Mentorship,10,16,62.5,In Progress,2026-09-30,Q3 2026,active
BEN-004939,Ali,Barasa,Male,Kisii,Plus,Financial Literacy,6,10,60.0,Completed,2025-05-15,Q2 2025,completed
BEN-004940,Collins,Achieng,Male,Kajiado,Plus,Leadership,6,11,54.5,Dropped,2025-09-23,Q3 2025,dropped_out
BEN-004943,Korir,Mutiso,Male,Kakamega County,Plus,Life Skills,5,10,50.0,Dropped,2025-06-28,Q2 2025,dropped_out
BEN-004946,Jerop,Katana,Female,Nairobi,Plus,Entrepreneurship,9,10,90.0,In Progress,2026-07-18,Q3 2026,active
BEN-004948,Kagure,Mohamed,Female,Kajiado,Plus,Leadership,7,9,77.8,Completed,2025-07-21,Q3 2025,completed
BEN-004951,Sharon,Korir,Female,Kakamega,Plus,Mentorship,10,16,62.5,In Progress,2026-05-26,Q2 2026,active
BEN-004954,Emily,Mbogo,Female,NAIROBI,Plus,Leadership,11,11,100.0,In Progress,2026-08-11,Q3 2026,active
BEN-004955,Cherono,Otieno,f,Machakos,Plus,Mentorship,9,20,45.0,Dropped,2025-03-18,Q1 2025,dropped_out
BEN-004956,Mohamed,Wanjiku,Male,Nairobi,Plus,Community Service,7,9,77.8,In Progress,2026-01-20,Q1 2026,active
BEN-004957,Kelvin,Omondi,Male,Mombasa,Plus,Community Service,7,8,87.5,Completed,2026-03-23,Q1 2026,completed
BEN-004962,Halima,Abdi,Female,Nyeri,Plus,Community Service,9,9,100.0,In Progress,2026-09-22,Q3 2026,active
BEN-004963,Joy,Njenga,Female,Nairobi,Plus,Mentorship,13,13,100.0,Completed,2025-08-12,Q3 2025,completed
BEN-004964,Nasieku,Mwangi,Female,Kakamega,Plus,Entrepreneurship,7,13,53.8,In Progress,2026-07-24,Q3 2026,active
BEN-004966,Nasieku,Owino,Female,Machakos,Plus,Community Service,9,10,90.0,In Progress,2026-04-22,Q2 2026,active
BEN-004967,Boniface,Njenga,Male,Nairobi,Plus,Community Service,8,9,88.9,Completed,2026-01-18,Q1 2026,completed
BEN-004969,Mutua,Mwakio,Male,Kiambu,Plus,Leadership,8,12,66.7,Dropped,2026-04-18,Q2 2026,dropped_out
BEN-004974,Odhiambo,Nyambane,Male,Nairobi,Plus,Community Service,4,7,57.1,In Progress,2026-09-17,Q3 2026,active
BEN-004976,Diana,Kimani,Female,Nairobi,Plus,Entrepreneurship,9,10,90.0,Completed,2025-09-03,Q3 2025,completed
BEN-004977,Esther,Baya,Female,Kajiado,Plus,Leadership,4,8,50.0,Dropped,2026-02-06,Q1 2026,dropped_out
BEN-004979,Ali,Njoroge,Male,Kajiado,Plus,Life Skills,8,12,66.7,Dropped,2025-04-03,Q2 2025,dropped_out
BEN-004981,Nyambura,Barasa,Female,Kisumu,Plus,Entrepreneurship,10,12,83.3,In Progress,2026-07-03,Q3 2026,active
BEN-004982,Simon,Wanjiku,Male,Kajiado,Plus,Mentorship,19,19,100.0,In Progress,2026-05-24,Q2 2026,active
BEN-004984,Nyambura,Koech,Female,Kisii,Plus,Health & Wellness,9,10,90.0,Completed,2026-03-24,Q1 2026,completed
BEN-004989,Chepkoech,Nduta,Female,Kisii,Plus,Financial Literacy,8,11,72.7,Completed,2025-02-15,Q1 2025,completed
BEN-004990,Korir,Barasa,Male,Kilifi,Plus,Leadership,10,11,90.9,In Progress,2026-05-29,Q2 2026,active
BEN-004992,Wangari,Matano,Female,Bungoma,Plus,Entrepreneurship,12,13,92.3,In Progress,2026-02-26,Q1 2026,active
BEN-004994,Nicholas,Ochieng,Male,Nairobi,Plus,Financial Literacy,9,11,81.8,Completed,2026-02-28,Q1 2026,completed
BEN-004996,Mumbi,Bett,Female,Uasin Gishu,Plus,Community Service,5,8,62.5,In Progress,2026-07-05,Q3 2026,active
BEN-004997,Wanjiru,Wafula,Female,Kisumu,Plus,Community Service,2,7,28.6,Dropped,2026-03-21,Q1 2026,dropped_out
BEN-004998,Nkatha,Wekesa,Female,Kilifi,Plus,Life Skills,9,12,75.0,In Progress,2026-05-31,Q2 2026,active
BEN-004999,Kipchoge,Kilonzo,Male,Nairobi,Plus,Leadership,10,12,83.3,Completed,2025-11-25,Q4 2025,completed
BEN-005000,Juma,Baya,Male,Mombasa,Plus,Leadership,7,10,70.0,In Progress,2026-08-02,Q3 2026,active
BEN-005002,Kilonzo,Cheruiyot,Male,Nairobi,Plus,Leadership,10,11,90.9,In Progress,2026-08-02,Q3 2026,active
BEN-005004,Kipchoge,Korir,Male,Nairobi,Plus,Entrepreneurship,8,10,80.0,In Progress,2026-05-14,Q2 2026,active
BEN-005006,Nkatha,Musyoka,Female,Nairobi,Plus,Mentorship,17,20,85.0,In Progress,2026-08-01,Q3 2026,active
BEN-005011,Wanjiku,Kilonzo,Female,Kiambu,Plus,Health & Wellness,4,6,66.7,Completed,2025-11-10,Q4 2025,completed
BEN-005017,Emily,Ngugi,Female,Kiambu,Plus,Life Skills,6,10,60.0,Completed,2026-05-14,Q2 2026,completed
BEN-005021,Halima,Kuria,Female,Nyeri,Plus,Entrepreneurship,7,12,58.3,COMPLETED,2025-04-07,Q2 2025,completed
BEN-005023,Otieno,Wekesa,Male,Kakamega,Plus,Mentorship,11,17,64.7,Completed,2026-01-24,Q1 2026,completed
BEN-005024,Cherono,Owino,Female,Meru,Plus,Mentorship,13,20,65.0,In Progress,2026-01-30,Q1 2026,active
BEN-005025,Purity,Kiptoo,Female,Uasin Gishu,Plus,Leadership,9,10,90.0,complete,2025-10-05,Q4 2025,completed
BEN-005027,Gathoni,Cheruiyot,Female,Nairobi,Plus,Life Skills,7,10,70.0,Completed,2025-11-13,Q4 2025,completed
BEN-005031,Simon,Odhiambo,Male,Nairobi,Plus,Mentorship,12,14,85.7,Completed,2026-03-28,Q1 2026,completed
BEN-005033,Peter,Baya,Male,Kiambu,Plus,Mentorship,12,15,80.0,In Progress,2026-07-05,Q3 2026,active
BEN-005034,Collins,Onyango,Male,UASIN_GISHU,Plus,Entrepreneurship,7,10,70.0,In Progress,2026-07-08,Q3 2026,active
BEN-005035,Achieng,Mbogo,Female,Kajiado,Plus,Life Skills,8,14,57.1,In Progress,2026-04-15,Q2 2026,active
BEN-005036,Atieno,Juma,Female,Nairobi,Plus,Life Skills,12,13,92.3,In Progress,2026-08-13,Q3 2026,active
BEN-005039,Brenda,Rotich,Female,Kajiado,Plus,Health & Wellness,7,7,100.0,In Progress,2026-02-15,Q1 2026,active
BEN-005040,Neema,Mutua,Female,Kiambu,Plus,Health & Wellness,6,6,100.0,In Progress,2026-04-26,Q2 2026,active
BEN-005042,Daniel,Mutiso,Male,mombasa,Plus,Leadership,5,10,50.0,In Progress,2026-03-14,Q1 2026,active
BEN-005044,Diana,Kariuki,Female,Kisumu,Plus,Life Skills,9,11,81.8,Completed,2025-06-16,Q2 2025,completed
BEN-005045,Naisula,Nduta,Female,Kakamega,Plus,Leadership,6,12,50.0,Dropped,2026-04-09,Q2 2026,dropped_out
BEN-005047,Chepkoech,Mutua,Female,Mombasa,Plus,Financial Literacy,8,11,72.7,COMPLETED,2025-02-16,Q1 2025,completed
BEN-005053,Chepkoech,Omondi,Female,Machakos,Plus,Community Service,6,10,60.0,Completed,2026-01-17,Q1 2026,completed
BEN-005055,Vincent,Mbogo,Male,Uasin Gishu,Plus,Life Skills,9,12,75.0,Completed,2025-07-20,Q3 2025,completed
BEN-005058,Joseph,Kiptoo,Male,Nairobi,Plus,Community Service,8,10,80.0,In Progress,2026-09-24,Q3 2026,active
BEN-005060,Kilonzo,Otieno,Male,Uasin Gishu,Plus,Leadership,6,8,75.0,Completed,2025-12-19,Q4 2025,completed
BEN-005063,Wanjiku,Mbogo,Female,Kakamega County,Plus,Life Skills,9,14,64.3,complete,2026-04-17,Q2 2026,completed
BEN-005064,Diana,Hassan,female,Kiambu,Plus,Mentorship,8,12,66.7,Completed,2026-05-14,Q2 2026,completed
BEN-005068,Akinyi,Matano,Female,Nairobi,Plus,Health & Wellness,7,8,87.5,Completed,2025-03-17,Q1 2025,completed
BEN-005070,Kagure,Muthoni,Female,KISUMU,Plus,Entrepreneurship,7,15,46.7,DROPPED,2026-02-28,Q1 2026,dropped_out
BEN-005072,Mumbi,Mutiso,f,Nyeri,Plus,Leadership,7,11,63.6,Completed,2026-04-03,Q2 2026,completed
BEN-005078,Sharon,Charo,Female,Bungoma,Plus,Community Service,6,8,75.0,Completed,2025-06-03,Q2 2025,completed
BEN-005080,Mercy,Kimani,Female,Kisumu,Plus,Entrepreneurship,7,11,63.6,In Progress,2026-07-05,Q3 2026,active
BEN-005082,Otieno,Korir,Male,Uasin Gishu,Plus,Health & Wellness,7,10,70.0,Completed,2025-05-27,Q2 2025,completed
BEN-005084,Brenda,Juma,Female,Uasin Gishu,Plus,Life Skills,6,13,46.2,In Progress,2026-06-05,Q2 2026,active
BEN-005086,Barasa,Nduta,Male,Nairobi,Plus,Entrepreneurship,7,10,70.0,Completed,2025-04-29,Q2 2025,completed
BEN-005092,Joseph,Rotich,Male,Nairobi,Plus,Entrepreneurship,10,14,71.4,Completed,2026-01-31,Q1 2026,completed
BEN-005096,Grace,Mutua,Female,Kajiado,Plus,Mentorship,12,18,66.7,Completed,2026-01-18,Q1 2026,completed
BEN-005098,Caroline,Bett,Female,Muranga County,Plus,Mentorship,14,17,82.4,In Progress,2026-04-09,Q2 2026,active
BEN-005101,Brian,Kuria,Male,MACHAKOS,Plus,Life Skills,14,14,100.0,Completed,2026-02-12,Q1 2026,completed
BEN-005102,Emily,Charo,Female,Kiambu,Plus,Entrepreneurship,9,16,56.2,Completed,2025-12-09,Q4 2025,completed
BEN-005103,Korir,Mwakio,Male,Kilifi,Plus,Financial Literacy,5,8,62.5,complete,2025-06-21,Q2 2025,completed
BEN-005104,Boniface,Otieno,Male,Muranga,Plus,Life Skills,8,10,80.0,Completed,2025-05-19,Q2 2025,completed
BEN-005106,Kelvin,Kuria,Male,Kiambu,Plus,Entrepreneurship,12,12,100.0,Completed,2025-11-21,Q4 2025,completed
BEN-005108,Odhiambo,Onyango,Male,Machakos,Plus,Life Skills,12,14,85.7,In Progress,2026-07-28,Q3 2026,active
BEN-005109,Daniel,Juma,Male,Kilifi,Plus,Financial Literacy,7,11,63.6,In Progress,2026-08-31,Q3 2026,active
BEN-005110,Dennis,Mohamed,M,Bungoma,Plus,Entrepreneurship,10,13,76.9,In Progress,2026-01-05,Q1 2026,active
BEN-005111,Kamau,Koech,Male,nyeri,Plus,Mentorship,17,19,89.5,Completed,2025-07-14,Q3 2025,completed
BEN-005112,Juma,Juma,Male,Meru,Plus,Leadership,8,10,80.0,Completed,2025-10-10,Q4 2025,completed
BEN-005115,Esther,Wekesa,Female,Machakos,Plus,Mentorship,14,15,93.3,Completed,2025-08-28,Q3 2025,completed
BEN-005118,James,Matano,M,Nairobi,Plus,Financial Literacy,9,9,100.0,In Progress,2026-07-13,Q3 2026,active
BEN-005120,Chepkoech,Chebet,F,Nairobi,Plus,Mentorship,13,15,86.7,complete,2025-10-26,Q4 2025,completed
BEN-005121,Stephen,Gitau,Male,Kajiado,Plus,Financial Literacy,10,12,83.3,In Progress,2026-04-04,Q2 2026,active
BEN-005122,Ali,Ngugi,Male,Uasin Gishu,Plus,Entrepreneurship,14,14,100.0,Completed,2025-08-31,Q3 2025,completed
BEN-005128,Nicholas,Nyambane,MALE,Nyeri,Plus,Community Service,5,7,71.4,In Progress,2026-08-23,Q3 2026,active
BEN-005129,Nyambura,Njenga,Female,Kisumu,Plus,Community Service,3,6,50.0,In Progress,2026-09-30,Q3 2026,active
BEN-005131,Kipchoge,Kamau,Male,Uasin Gishu,Plus,Life Skills,11,14,78.6,Completed,2025-02-04,Q1 2025,completed
BEN-005134,Boniface,Maina,Male,meru,Plus,Mentorship,13,17,76.5,In Progress,2026-06-10,Q2 2026,active
BEN-005135,Njeri,Mbogo,Female,Mombasa,Plus,Mentorship,10,15,66.7,Completed,2025-07-21,Q3 2025,completed
BEN-005136,Mumbi,Kariuki,Female,Kiambu,Plus,Leadership,7,11,63.6,Completed,2025-10-28,Q4 2025,completed
BEN-005137,Emmanuel,Kariuki,Male,Nairobi,Plus,Life Skills,10,13,76.9,In Progress,2026-01-11,Q1 2026,active
BEN-005139,Mercy,Cheruiyot,Female,Kiambu,Plus,Health & Wellness,4,8,50.0,dropped out,2025-10-25,Q4 2025,dropped_out
BEN-005140,Emmanuel,Chebet,Male,Nairobi,Plus,Mentorship,9,15,60.0,Dropped,2025-09-13,Q3 2025,dropped_out
BEN-005143,Kendi,Musyoka,Female,Muranga,Plus,Community Service,7,10,70.0,Completed,2025-09-11,Q3 2025,completed
BEN-005146,Njeri,Baya,Female,Kisii,Plus,Life Skills,13,14,92.9,Completed,2025-06-18,Q2 2025,completed
BEN-005147,Kevin,Ochieng,Male,Mombasa County,Plus,Health & Wellness,10,10,100.0,Completed,2026-03-28,Q1 2026,completed
BEN-005148,Brenda,Chebet,Female,Kiambu,Plus,Mentorship,15,20,75.0,In Progress,2026-08-27,Q3 2026,active
BEN-005151,Mutua,Kimani,Male,Kisumu,Plus,Health & Wellness,4,6,66.7,Completed,2025-06-10,Q2 2025,completed
BEN-005154,Barasa,Musyoka,Male,Kajiado,Plus,Health & Wellness,5,8,62.5,In Progress,2026-09-10,Q3 2026,active
BEN-005156,Joseph,Ochieng,Male,Nakuru,Plus,Mentorship,10,20,50.0,DROPPED,2026-03-08,Q1 2026,dropped_out
BEN-005159,Caroline,Kariuki,Female,meru,Plus,Health & Wellness,8,10,80.0,In Progress,2026-05-08,Q2 2026,active
BEN-005163,Grace,Njoroge,Female,Kiambu,Plus,Community Service,7,7,100.0,Completed,2025-04-19,Q2 2025,completed
BEN-005166,Esther,Njenga,Female,Kiambu,Plus,Life Skills,8,10,80.0,Completed,2026-03-18,Q1 2026,completed
BEN-005167,Gathoni,Nduta,Female,Kiambu,Plus,Community Service,7,8,87.5,Completed,2025-10-25,Q4 2025,completed
BEN-005170,Beatrice,Abdi,Female,Mombasa,Plus,Entrepreneurship,10,10,100.0,Completed,2026-04-20,Q2 2026,completed
BEN-005171,Omondi,Otieno,Male,Nairobi,Plus,Community Service,6,7,85.7,Completed,2025-01-05,Q1 2025,completed
BEN-005172,Wanjiru,Mwakio,Female,Mombasa,Plus,Financial Literacy,7,9,77.8,Completed,2026-02-19,Q1 2026,completed
BEN-005173,Atieno,Katana,Female,Mombasa,Plus,Entrepreneurship,13,15,86.7,Completed,2025-06-23,Q2 2025,completed
BEN-005176,Faith,Gitau,Female,Uasin Gishu,Plus,Financial Literacy,6,8,75.0,Completed,2026-04-11,Q2 2026,completed
BEN-005178,Achieng,Njoroge,Female,Uasin Gishu,Plus,Community Service,3,6,50.0,In Progress,2026-05-18,Q2 2026,active
BEN-005182,Kipchoge,Owino,Male,Kisii,Plus,Health & Wellness,5,6,83.3,In Progress,2026-07-02,Q3 2026,active
BEN-005183,Anyango,Charo,Female,mombasa,Plus,Life Skills,5,10,50.0,Dropped,2026-03-20,Q1 2026,dropped_out
BEN-005185,Halima,Nyambane,Female,muranga,Plus,Mentorship,8,18,44.4,Dropped,2025-08-29,Q3 2025,dropped_out
BEN-005186,Collins,Gitau,M,Kajiado,Plus,Community Service,5,7,71.4,Completed,2026-06-18,Q2 2026,completed
BEN-005188,Gathoni,Kilonzo,Female,nakuru,Plus,Financial Literacy,9,11,81.8,Completed,2025-06-20,Q2 2025,completed
BEN-005190,Gathoni,Korir,f,Kakamega,Plus,Life Skills,9,14,64.3,Dropped,2025-08-11,Q3 2025,dropped_out
BEN-005192,Gathoni,Wafula,Female,Meru,Plus,Mentorship,9,14,64.3,In Progress,2026-08-23,Q3 2026,active
BEN-005195,Faith,Mutiso,Female,Nyeri,Plus,Health & Wellness,6,9,66.7,In Progress,2026-03-26,Q1 2026,active
BEN-005199,Kevin,Wafula,Male,Mombasa,Plus,Financial Literacy,9,9,100.0,In Progress,2026-09-05,Q3 2026,active
BEN-005201,David,Rotich,Male,Nyeri,Plus,Leadership,6,11,54.5,complete,2025-12-18,Q4 2025,completed
BEN-005202,Victor,Mbogo,Male,Mombasa,Plus,Leadership,11,12,91.7,Completed,2025-04-07,Q2 2025,completed
BEN-005203,Nicholas,Kariuki,Male,Kakamega,Plus,Financial Literacy,7,10,70.0,Completed,2025-05-12,Q2 2025,completed
BEN-005205,Ali,Rotich,Male,Meru,Plus,Entrepreneurship,10,12,83.3,In Progress,2026-07-22,Q3 2026,active
BEN-005206,Nicholas,Gitau,Male,Kisumu,Plus,Mentorship,6,14,42.9,Dropped,2026-02-14,Q1 2026,dropped_out
BEN-005212,Mumbi,Achieng,Female,bungoma,Plus,Health & Wellness,9,10,90.0,Completed,2025-10-15,Q4 2025,completed
BEN-005213,Emmanuel,Gitau,Male,Kakamega,Plus,Financial Literacy,8,11,72.7,Completed,2026-03-16,Q1 2026,completed
BEN-005215,Joy,Mwangi,Female,Kisii,Plus,Entrepreneurship,8,14,57.1,Completed,2025-08-07,Q3 2025,completed
BEN-005218,Kelvin,Muthoni,Male,Kajiado,Plus,Mentorship,10,19,52.6,Completed,2026-01-06,Q1 2026,completed
BEN-005219,James,Njenga,Male,Kisii,Plus,Community Service,7,9,77.8,In Progress,2026-07-01,Q3 2026,active
BEN-005220,Emmanuel,Otieno,Male,Kiambu,Plus,Life Skills,9,10,90.0,In Progress,2026-02-15,Q1 2026,active
BEN-005223,Brian,Charo,Male,Kilifi,Plus,Entrepreneurship,8,14,57.1,Dropped,2025-08-27,Q3 2025,dropped_out
BEN-005224,Brian,Ngugi,Male,Muranga County,Plus,Life Skills,6,10,60.0,Dropped,2026-05-17,Q2 2026,dropped_out
BEN-005226,Zawadi,Musyoka,Female,Kiambu,Plus,Financial Literacy,9,9,100.0,Completed,2025-08-03,Q3 2025,completed
BEN-005228,Brenda,Chebet,Female,Kiambu,Plus,Mentorship,10,13,76.9,Completed,2025-06-06,Q2 2025,completed
BEN-005229,Brian,Achieng,Male,Kisumu,Plus,Mentorship,9,12,75.0,In Progress,2026-09-17,Q3 2026,active
BEN-005230,Diana,Otieno,Female,Kiambu,Plus,Community Service,7,10,70.0,Completed,2025-03-15,Q1 2025,completed
BEN-005233,Kipchoge,Gitau,Male,Kisumu,Plus,Health & Wellness,6,9,66.7,Completed,2025-07-25,Q3 2025,completed
BEN-005234,Kamau,Mbogo,male,KISII,Plus,Life Skills,6,11,54.5,Dropped,2025-06-26,Q2 2025,dropped_out
BEN-005235,Anthony,Muthoni,Male,Nairobi,Plus,Mentorship,10,15,66.7,Completed,2025-07-24,Q3 2025,completed
BEN-005237,Grace,Hassan,Female,Uasin Gishu,Plus,Entrepreneurship,5,16,31.2,Dropped,2026-02-06,Q1 2026,dropped_out
BEN-005238,Otieno,Juma,Male,Nairobi,Plus,Entrepreneurship,11,14,78.6,Completed,2026-01-24,Q1 2026,completed
BEN-005243,Kelvin,Muthoni,Male,Nairobi,Plus,Community Service,6,7,85.7,In Progress,2026-07-21,Q3 2026,active
BEN-005244,Peter,Nyambane,Male,Machakos,Plus,Community Service,7,10,70.0,Completed,2025-11-04,Q4 2025,completed
BEN-005248,Baraka,Kuria,Male,Kisumu,Plus,Leadership,4,8,50.0,Completed,2025-02-16,Q1 2025,completed
BEN-005249,Samuel,Otieno,Male,Muranga,Plus,Community Service,8,9,88.9,In Progress,2026-05-06,Q2 2026,active
BEN-005250,Cheruiyot,Kimani,Male,Kiambu,Plus,Financial Literacy,9,10,90.0,In Progress,2026-03-14,Q1 2026,active
BEN-005251,Cherono,Onyango,Female,Nakuru,Plus,Community Service,5,7,71.4,In Progress,2026-06-28,Q2 2026,active
BEN-005253,Patrick,Gitau,Male,Muranga,Plus,Health & Wellness,6,6,100.0,In Progress,2026-09-02,Q3 2026,active
BEN-005255,Chepkoech,Achieng,Female,Uasin Gishu,Plus,Life Skills,9,13,69.2,In Progress,2026-02-02,Q1 2026,active
BEN-005256,Achieng,Mwangi,Female,Nakuru,Plus,Life Skills,11,11,100.0,Completed,2025-12-26,Q4 2025,completed
BEN-005257,Kendi,Ngugi,Female,Kiambu,Plus,Health & Wellness,6,8,75.0,In Progress,2026-07-29,Q3 2026,active
BEN-005262,Atieno,Wekesa,Female,kiambu,Plus,Life Skills,12,12,100.0,In Progress,2026-05-11,Q2 2026,active
BEN-005263,James,Muthoni,Male,Nairobi,Plus,Health & Wellness,6,6,100.0,In Progress,2026-06-26,Q2 2026,active
BEN-005267,Anthony,Otieno,Male,Nairobi,Plus,Financial Literacy,8,8,100.0,Completed,2026-02-20,Q1 2026,completed
BEN-005269,Grace,Kiptoo,Female,Nairobi,Plus,Community Service,8,8,100.0,Completed,2025-08-12,Q3 2025,completed
BEN-005275,Brian,Hassan,Male,Nakuru,Plus,Health & Wellness,7,9,77.8,Completed,2026-02-13,Q1 2026,completed
BEN-005276,Nasieku,Ochieng,female,Machakos,Plus,Community Service,5,6,83.3,complete,2026-05-11,Q2 2026,completed
BEN-005283,Ali,Charo,Male,Nairobi,Plus,Community Service,9,9,100.0,complete,2025-06-29,Q2 2025,completed
BEN-005284,Francis,Ochieng,Male,Nyeri,Plus,Entrepreneurship,10,14,71.4,In Progress,2026-08-01,Q3 2026,active
BEN-005286,Peter,Muthoni,Male,Nairobi,Plus,Mentorship,13,16,81.2,Completed,2025-10-21,Q4 2025,completed
BEN-005288,Samuel,Kiptoo,Male,Kakamega,Plus,Leadership,8,12,66.7,In Progress,2026-01-16,Q1 2026,active
BEN-005289,Wanjiru,Wanjiku,Female,Nyeri,Plus,Leadership,8,9,88.9,Completed,2025-10-26,Q4 2025,completed
BEN-005290,Mumbi,Mbogo,Female,Nairobi,Plus,Health & Wellness,9,10,90.0,In Progress,2026-04-10,Q2 2026,active
BEN-005292,Halima,Achieng,Female,Meru,Plus,Community Service,7,10,70.0,In Progress,2026-08-29,Q3 2026,active
BEN-005296,Musyoka,Chebet,Male,Kisumu,Plus,Community Service,4,8,50.0,In Progress,2026-07-17,Q3 2026,active
BEN-005300,Daniel,Nduta,Male,Kiambu,Plus,Health & Wellness,7,8,87.5,In Progress,2026-06-19,Q2 2026,active
BEN-005301,Diana,Mwakio,Female,Uasin Gishu,Plus,Health & Wellness,3,6,50.0,Completed,2025-07-05,Q3 2025,completed
BEN-005302,Chepkoech,Onyango,Female,Uasin Gishu County,Plus,Mentorship,12,18,66.7,In Progress,2026-09-18,Q3 2026,active
BEN-005303,Wanjiru,Musyoka,Female,Nairobi,Plus,Mentorship,13,15,86.7,Completed,2026-03-20,Q1 2026,completed
BEN-005305,Victor,Mutua,Male,Nakuru,Plus,Entrepreneurship,5,12,41.7,Dropped,2025-08-29,Q3 2025,dropped_out
BEN-005306,Patrick,Mwakio,Male,Nairobi,Plus,Entrepreneurship,16,16,100.0,Completed,2025-08-31,Q3 2025,completed
BEN-005310,Cynthia,Abdi,Female,Nyeri,Plus,Financial Literacy,10,12,83.3,Completed,2025-10-31,Q4 2025,completed
BEN-005316,Cynthia,Juma,Female,Nyeri,Plus,Leadership,7,10,70.0,In Progress,2026-07-30,Q3 2026,active
BEN-005320,Halima,Gitau,Female,KIAMBU,Plus,Community Service,5,7,71.4,In Progress,2026-05-16,Q2 2026,active
BEN-005321,Kipchoge,Nduta,Male,Kilifi,Plus,Financial Literacy,6,12,50.0,In Progress,2026-01-01,Q1 2026,active
BEN-005322,Kamau,Mwangi,Male,Nairobi,Plus,Community Service,3,6,50.0,Dropped,2025-10-29,Q4 2025,dropped_out
BEN-005324,Mumbi,Wekesa,Female,Meru,Plus,Community Service,5,7,71.4,Completed,2025-09-02,Q3 2025,completed
BEN-005328,Emmanuel,Njoroge,Male,Nairobi,Plus,Life Skills,7,10,70.0,Completed,2025-10-26,Q4 2025,completed
BEN-005329,Zawadi,Kamau,Female,Kisumu,Plus,Health & Wellness,5,10,50.0,Dropped,2026-01-12,Q1 2026,dropped_out
BEN-005330,Kipchoge,Wanjiku,Male,Nairobi,Plus,Life Skills,10,10,100.0,In Progress,2026-04-26,Q2 2026,active
BEN-005334,Beatrice,Muthoni,Female,Mombasa,Plus,Life Skills,4,13,30.8,In Progress,2026-05-07,Q2 2026,active
BEN-005335,Ali,Nduta,Male,Kiambu,Plus,Community Service,5,6,83.3,In Progress,2026-07-15,Q3 2026,active
BEN-005337,Cheruiyot,Chebet,Male,Machakos,Plus,Leadership,7,12,58.3,Completed,2025-12-18,Q4 2025,completed
BEN-005338,Boniface,Kimani,Male,Mombasa,Plus,Entrepreneurship,7,11,63.6,Completed,2025-08-29,Q3 2025,completed
BEN-005342,Abdi,Kimani,m,Nairobi,Plus,Life Skills,10,13,76.9,In Progress,2026-05-11,Q2 2026,active
BEN-005343,Korir,Kimani,Male,Kisii,Plus,Life Skills,10,10,100.0,Completed,2025-01-20,Q1 2025,completed
BEN-005345,Abdi,Chebet,Male,Nairobi,Plus,Entrepreneurship,15,15,100.0,In Progress,2026-05-27,Q2 2026,active
BEN-005346,Brian,Cheruiyot,Male,Kisumu,Plus,Entrepreneurship,10,15,66.7,Completed,2026-01-01,Q1 2026,completed
BEN-005347,Naisula,Koech,Female,Muranga,Plus,Life Skills,11,12,91.7,In Progress,2026-09-20,Q3 2026,active
BEN-005349,Nasieku,Kariuki,Female,Nyeri,Plus,Entrepreneurship,11,13,84.6,Completed,2025-02-19,Q1 2025,completed
BEN-005350,Beatrice,Bett,Female,Meru,Plus,Community Service,10,10,100.0,Completed,2025-07-10,Q3 2025,completed
BEN-005351,Kelvin,Kiptoo,Male,Kakamega,Plus,Community Service,6,6,100.0,In Progress,2026-06-15,Q2 2026,active
BEN-005352,Naisula,Kuria,Female,Nairobi,Plus,Financial Literacy,5,10,50.0,Dropped,2025-04-18,Q2 2025,dropped_out
BEN-005354,Mumbi,Njenga,Female,Mombasa,Plus,Entrepreneurship,11,12,91.7,In Progress,2026-01-10,Q1 2026,active
BEN-005361,Kilonzo,Maina,Male,Nyeri,Plus,Community Service,7,8,87.5,In Progress,2026-09-08,Q3 2026,active
BEN-005362,Chebet,Nyambane,Female,Kiambu,Plus,Leadership,10,11,90.9,In Progress,2026-07-03,Q3 2026,active
BEN-005363,Awuor,Njenga,Female,Kajiado County,Plus,Entrepreneurship,9,10,90.0,In Progress,2026-01-31,Q1 2026,active
BEN-005365,Esther,Gitau,Female,Nakuru,Plus,Health & Wellness,5,6,83.3,COMPLETED,2026-02-07,Q1 2026,completed
BEN-005366,John,Kamau,Male,Kisii,Plus,Financial Literacy,5,8,62.5,In Progress,2026-07-24,Q3 2026,active
BEN-005374,Otieno,Abdi,Male,Nairobi,Plus,Health & Wellness,6,10,60.0,In Progress,2026-06-14,Q2 2026,active
BEN-005377,Atieno,Owino,Female,Nairobi,Plus,Health & Wellness,7,9,77.8,Completed,2025-03-22,Q1 2025,completed
BEN-005378,Kelvin,Korir,Male,Nairobi,Plus,Mentorship,9,16,56.2,In Progress,2026-06-26,Q2 2026,active
BEN-005379,Mumbi,Matano,Female,Bungoma,Plus,Mentorship,8,12,66.7,Completed,2025-06-05,Q2 2025,completed
BEN-005382,Wangari,Kimani,Female,Nairobi,Plus,Health & Wellness,9,9,100.0,In Progress,2026-09-17,Q3 2026,active
BEN-005383,Esther,Barasa,Female,Nairobi,Plus,Community Service,6,7,85.7,Completed,2025-10-05,Q4 2025,completed
BEN-005384,Kipchoge,Otieno,Male,Nairobi,Plus,Life Skills,10,11,90.9,Completed,2026-05-25,Q2 2026,completed
BEN-005385,Boniface,Kilonzo,Male,Machakos,Plus,Entrepreneurship,15,15,100.0,In Progress,2026-04-30,Q2 2026,active
BEN-005386,Akinyi,Otieno,Female,Kisumu,Plus,Community Service,5,10,50.0,Completed,2026-03-23,Q1 2026,completed
BEN-005388,Vincent,Bett,Male,Nairobi,Plus,Mentorship,9,13,69.2,In Progress,2026-05-09,Q2 2026,active
BEN-005389,Chebet,Wekesa,Female,Kajiado,Plus,Leadership,9,11,81.8,In Progress,2026-02-17,Q1 2026,active
BEN-005391,Purity,Gitau,Female,Kisumu,Plus,Life Skills,10,12,83.3,In Progress,2026-09-21,Q3 2026,active
BEN-005393,Stephen,Koech,Male,Machakos,Plus,Entrepreneurship,14,16,87.5,Completed,2025-10-29,Q4 2025,completed
BEN-005394,Samuel,Koech,Male,Mombasa,Plus,Community Service,3,7,42.9,Dropped,2025-02-28,Q1 2025,dropped_out
BEN-005395,Sharon,Nduta,Female,Mombasa,Plus,Entrepreneurship,14,14,100.0,In Progress,2026-03-22,Q1 2026,active
BEN-005400,Onyango,Maina,Male,Nairobi,Plus,Life Skills,8,13,61.5,Dropped,2025-03-23,Q1 2025,dropped_out
BEN-005401,Zawadi,Wekesa,Female,Kisii,Plus,Community Service,5,8,62.5,Dropped,2025-03-15,Q1 2025,dropped_out
BEN-005402,Naisula,Mutua,Female,Kajiado,Plus,Entrepreneurship,9,10,90.0,In Progress,2026-06-11,Q2 2026,active
BEN-005403,Abdi,Njoroge,Male,Machakos,Plus,Mentorship,14,19,73.7,Completed,2025-06-11,Q2 2025,completed
BEN-005410,Musyoka,Barasa,Male,Uasin Gishu,Plus,Community Service,9,10,90.0,Completed,2025-11-19,Q4 2025,completed
BEN-005411,Chebet,Juma,Female,Kisii,Plus,Financial Literacy,6,9,66.7,Completed,2025-05-31,Q2 2025,completed
BEN-005413,Amina,Mohamed,Female,Uasin Gishu,Plus,Entrepreneurship,7,10,70.0,Completed,2025-02-17,Q1 2025,completed
BEN-005414,James,Mwakio,Male,Nairobi,Plus,Health & Wellness,5,7,71.4,In Progress,2026-09-15,Q3 2026,active
BEN-005416,Wekesa,Wafula,Male,Nairobi,Plus,Entrepreneurship,11,14,78.6,Completed,2026-06-21,Q2 2026,completed
BEN-005417,Anthony,Kilonzo,Male,Meru,Plus,Mentorship,18,19,94.7,Completed,2025-04-26,Q2 2025,completed
BEN-005419,Timothy,Wanjiku,Male,Kisumu County,Plus,Leadership,9,11,81.8,Completed,2026-01-06,Q1 2026,completed
BEN-005421,Amina,Mutua,Female,Nakuru,Plus,Financial Literacy,6,11,54.5,Dropped,2025-08-18,Q3 2025,dropped_out
BEN-005423,Victor,Hassan,male,Mombasa,Plus,Financial Literacy,6,11,54.5,Completed,2025-07-22,Q3 2025,completed
BEN-005426,Kagure,Charo,Female,Nakuru,Plus,Financial Literacy,7,9,77.8,COMPLETED,2026-03-02,Q1 2026,completed
BEN-005428,Beatrice,Katana,Female,Kajiado,Plus,Leadership,6,8,75.0,In Progress,2026-04-17,Q2 2026,active
BEN-005430,Zawadi,Achieng,Female,Machakos,Plus,Health & Wellness,5,6,83.3,Completed,2026-04-18,Q2 2026,completed
BEN-005431,Faith,Otieno,Female,Nairobi,Plus,Financial Literacy,6,8,75.0,In Progress,2026-08-16,Q3 2026,active
BEN-005434,Akinyi,Omondi,Female,Nairobi,Plus,Life Skills,13,13,100.0,Completed,2025-10-20,Q4 2025,completed
BEN-005449,Victor,Rotich,Male,Nairobi,Plus,Financial Literacy,8,9,88.9,Completed,2025-01-27,Q1 2025,completed
BEN-005450,Musyoka,Wanjiku,Male,Muranga,Plus,Community Service,8,8,100.0,In Progress,2026-04-13,Q2 2026,active
BEN-005452,Wanjiku,Njenga,f,Kiambu,Plus,Life Skills,9,13,69.2,In Progress,2026-02-02,Q1 2026,active
BEN-005453,Cheruiyot,Onyango,Male,NAIROBI,Plus,Life Skills,11,11,100.0,In Progress,2026-07-17,Q3 2026,active
BEN-005454,James,Njoroge,Male,Kisumu,Plus,Financial Literacy,5,12,41.7,Dropped,2025-08-08,Q3 2025,dropped_out
BEN-005455,Emily,Nduta,Female,Kisii,Plus,Mentorship,11,13,84.6,In Progress,2026-04-01,Q2 2026,active
BEN-005456,Esther,Hassan,Female,Nyeri,Plus,Life Skills,11,14,78.6,Completed,2025-10-13,Q4 2025,completed
BEN-005459,Kiptoo,Mutua,Male,Nairobi,Plus,Leadership,9,10,90.0,Completed,2026-02-07,Q1 2026,completed
BEN-005462,Baraka,Maina,Male,Bungoma,Plus,Community Service,6,10,60.0,In Progress,2026-07-11,Q3 2026,active
BEN-005464,Anyango,Abdi,Female,Kisumu,Plus,Entrepreneurship,9,14,64.3,In Progress,2026-06-04,Q2 2026,active
BEN-005465,Peter,Kimani,Male,Machakos,Plus,Leadership,8,12,66.7,In Progress,2026-09-01,Q3 2026,active
BEN-005467,David,Mutua,Male,Kiambu,Plus,Financial Literacy,11,11,100.0,Completed,2025-10-21,Q4 2025,completed
BEN-005468,Kelvin,Charo,Male,Nairobi,Plus,Life Skills,10,11,90.9,In Progress,2026-07-31,Q3 2026,active
BEN-005471,Achieng,Musyoka,Female,Kisumu County,Plus,Entrepreneurship,10,11,90.9,In Progress,2026-06-02,Q2 2026,active
BEN-005476,Isaac,Kuria,Male,Kisumu,Plus,Life Skills,6,10,60.0,Dropped,2025-11-02,Q4 2025,dropped_out
BEN-005479,Cherono,Onyango,Female,Nakuru,Plus,Mentorship,15,18,83.3,Completed,2025-09-24,Q3 2025,completed
BEN-005480,Wekesa,Barasa,Male,Kajiado,Plus,Life Skills,10,14,71.4,In Progress,2026-05-22,Q2 2026,active
BEN-005483,Purity,Mutiso,Female,Mombasa,Plus,Life Skills,7,10,70.0,Completed,2025-05-31,Q2 2025,completed
BEN-005490,Jerop,Omondi,Female,Kiambu,Plus,Mentorship,20,20,100.0,In Progress,2026-08-07,Q3 2026,active
BEN-005492,Anyango,Wafula,Female,Kisumu,Plus,Life Skills,10,13,76.9,Completed,2025-11-01,Q4 2025,completed
BEN-005498,Brian,Njenga,M,Mombasa,Plus,Financial Literacy,6,10,60.0,In Progress,2026-09-26,Q3 2026,active
BEN-005500,Emily,Ochieng,Female,Nyeri,Plus,Health & Wellness,5,6,83.3,Completed,2026-01-05,Q1 2026,completed
BEN-005501,Chepkoech,Koech,Female,Kajiado,Plus,Community Service,7,9,77.8,Completed,2026-04-25,Q2 2026,completed
BEN-005505,Daniel,Juma,male,Mombasa,Plus,Health & Wellness,8,10,80.0,In Progress,2026-07-27,Q3 2026,active
BEN-005506,Wangari,Baya,Female,NAIROBI,Plus,Community Service,5,7,71.4,In Progress,2026-07-15,Q3 2026,active
BEN-005507,Amina,Muthoni,Female,Muranga,Plus,Life Skills,7,11,63.6,Dropped,2025-08-08,Q3 2025,dropped_out
BEN-005508,Peter,Mwangi,Male,Nairobi,Plus,Leadership,9,10,90.0,In Progress,2026-07-14,Q3 2026,active
BEN-005509,Victor,Mwakio,Male,Kiambu,Plus,Leadership,9,9,100.0,In Progress,2026-05-27,Q2 2026,active
BEN-005511,John,Bett,Male,Kisumu,Plus,Financial Literacy,6,8,75.0,In Progress,2026-07-28,Q3 2026,active
BEN-005513,Nasieku,Muthoni,Female,kisumu,Plus,Entrepreneurship,12,12,100.0,In Progress,2026-09-28,Q3 2026,active
BEN-005514,Grace,Mutiso,Female,Uasin Gishu,Plus,Entrepreneurship,12,14,85.7,In Progress,2026-09-09,Q3 2026,active
BEN-005516,Diana,Achieng,Female,Nairobi,Plus,Health & Wellness,8,8,100.0,In Progress,2026-08-09,Q3 2026,active
BEN-005517,Akinyi,Musyoka,Female,Muranga,Plus,Leadership,5,8,62.5,In Progress,2026-04-01,Q2 2026,active
BEN-005520,Mumbi,Katana,Female,Kisii,Plus,Entrepreneurship,6,11,54.5,Completed,2025-07-19,Q3 2025,completed
BEN-005524,Nasieku,Ochieng,Female,nyeri,Plus,Life Skills,12,14,85.7,complete,2025-07-23,Q3 2025,completed
BEN-005529,Wangari,Mbogo,Female,Meru,Plus,Community Service,6,7,85.7,Completed,2025-11-30,Q4 2025,completed
BEN-005531,Baraka,Njoroge,Male,Machakos,Plus,Financial Literacy,8,8,100.0,Completed,2025-04-17,Q2 2025,completed
BEN-005532,Achieng,Wafula,Female,NYERI,Plus,Health & Wellness,4,8,50.0,complete,2025-05-03,Q2 2025,completed
BEN-005534,Victor,Kamau,Male,Machakos,Plus,Leadership,5,8,62.5,In Progress,2026-07-23,Q3 2026,active
BEN-005537,John,Barasa,Male,Machakos,Plus,Entrepreneurship,14,16,87.5,Completed,2025-04-20,Q2 2025,completed
BEN-005538,Faith,Barasa,Female,Mombasa,Plus,Life Skills,5,10,50.0,Completed,2026-01-06,Q1 2026,completed
BEN-005539,Kelvin,Kiptoo,Male,Nairobi,Plus,Leadership,10,12,83.3,In Progress,2026-04-18,Q2 2026,active
BEN-005541,Victor,Chebet,Male,Kiambu,Plus,Mentorship,15,15,100.0,In Progress,2026-09-19,Q3 2026,active
BEN-005543,Timothy,Koech,Male,Meru,Plus,Entrepreneurship,6,12,50.0,Dropped,2025-11-29,Q4 2025,dropped_out
BEN-005544,Gathoni,Mwangi,FEMALE,Kajiado,Plus,Mentorship,10,14,71.4,Completed,2026-04-19,Q2 2026,completed
BEN-005549,Wekesa,Kariuki,Male,meru,Plus,Mentorship,8,14,57.1,dropped out,2025-01-30,Q1 2025,dropped_out
BEN-005551,Jerop,Mwakio,Female,KIAMBU,Plus,Financial Literacy,5,9,55.6,Completed,2026-03-22,Q1 2026,completed
BEN-005554,Wekesa,Gitau,MALE,Machakos,Plus,Community Service,7,10,70.0,In Progress,2026-07-07,Q3 2026,active
BEN-005556,Omondi,Mohamed,Male,Bungoma,Plus,Leadership,6,8,75.0,In Progress,2026-08-28,Q3 2026,active
BEN-005557,Isaac,Odhiambo,Male,Kakamega,Plus,Leadership,5,9,55.6,In Progress,2026-04-04,Q2 2026,active
BEN-005558,Ali,Maina,Male,Kiambu County,Plus,Mentorship,8,15,53.3,Completed,2025-11-26,Q4 2025,completed
BEN-005560,Mohamed,Bett,Male,Kakamega,Plus,Entrepreneurship,13,15,86.7,Completed,2025-12-17,Q4 2025,completed
BEN-005561,Nyambura,Omondi,Female,Kajiado,Plus,Leadership,6,9,66.7,Completed,2025-05-06,Q2 2025,completed
BEN-005564,Collins,Cheruiyot,Male,Uasin Gishu,Plus,Mentorship,8,13,61.5,Dropped,2025-11-01,Q4 2025,dropped_out
BEN-005565,Joy,Bett,Female,Nairobi,Plus,Mentorship,10,12,83.3,In Progress,2026-07-23,Q3 2026,active
BEN-005566,Daniel,Charo,Male,Mombasa,Plus,Life Skills,9,13,69.2,Completed,2025-10-13,Q4 2025,completed
BEN-005567,Zawadi,Mwangi,Female,Kilifi,Plus,Leadership,7,12,58.3,In Progress,2026-05-04,Q2 2026,active
BEN-005569,Odhiambo,Njenga,Male,KIAMBU,Plus,Financial Literacy,8,9,88.9,In Progress,2026-02-17,Q1 2026,active
BEN-005570,Grace,Gitau,Female,Kilifi,Plus,Health & Wellness,8,10,80.0,Completed,2025-01-23,Q1 2025,completed
BEN-005581,Caroline,Kariuki,Female,Nairobi,Plus,Community Service,5,6,83.3,In Progress,2026-02-05,Q1 2026,active
BEN-005582,Njeri,Mwangi,Female,BUNGOMA,Plus,Life Skills,8,10,80.0,COMPLETED,2025-11-11,Q4 2025,completed
BEN-005583,Musyoka,Juma,Male,Nyeri,Plus,Entrepreneurship,9,13,69.2,COMPLETED,2025-06-09,Q2 2025,completed
BEN-005584,Dennis,Maina,Male,Kilifi,Plus,Mentorship,11,16,68.8,Completed,2025-05-25,Q2 2025,completed
BEN-005586,Atieno,Achieng,Female,Machakos,Plus,Mentorship,13,14,92.9,COMPLETED,2026-01-24,Q1 2026,completed
BEN-005587,Mutua,Odhiambo,Male,Nyeri,Plus,Life Skills,9,14,64.3,In Progress,2026-09-26,Q3 2026,active
BEN-005588,Kilonzo,Kimani,Male,Kakamega County,Plus,Financial Literacy,4,9,44.4,Completed,2025-11-25,Q4 2025,completed
BEN-005590,Peter,Kiptoo,Male,Nairobi,Plus,Leadership,8,9,88.9,Completed,2025-10-02,Q4 2025,completed
BEN-005592,Cynthia,Kiptoo,Female,Nyeri,Plus,Financial Literacy,8,12,66.7,Dropped,2025-02-27,Q1 2025,dropped_out
BEN-005594,Barasa,Charo,Male,Kiambu,Plus,Financial Literacy,5,8,62.5,In Progress,2026-04-20,Q2 2026,active
BEN-005595,Brian,Kamau,Male,Mombasa,Plus,Health & Wellness,2,6,33.3,Completed,2025-10-31,Q4 2025,completed
BEN-005597,Kevin,Rotich,Male,Nakuru,Plus,Life Skills,7,10,70.0,In Progress,2026-09-18,Q3 2026,active
BEN-005599,Beatrice,Ngugi,Female,nyeri,Plus,Entrepreneurship,13,14,92.9,Completed,2025-06-30,Q2 2025,completed
BEN-005601,Korir,Owino,Male,Meru,Plus,Mentorship,12,12,100.0,In Progress,2026-04-23,Q2 2026,active
BEN-005602,Wangari,Baya,Female,Kiambu,Plus,Life Skills,12,14,85.7,In Progress,2026-02-17,Q1 2026,active
BEN-005605,Beatrice,Wekesa,Female,Kiambu,Plus,Financial Literacy,4,8,50.0,Completed,2025-08-31,Q3 2025,completed
BEN-005607,Grace,Gitau,Female,Bungoma,Plus,Life Skills,7,11,63.6,In Progress,2026-01-12,Q1 2026,active
BEN-005608,Kamau,Nyambane,Male,Muranga,Plus,Financial Literacy,3,11,27.3,Dropped,2026-01-26,Q1 2026,dropped_out
BEN-005610,Naisula,Wekesa,Female,Nakuru,Plus,Financial Literacy,10,12,83.3,Completed,2025-11-13,Q4 2025,completed
BEN-005611,Juma,Rotich,Male,Machakos,Plus,Community Service,4,7,57.1,Completed,2025-08-24,Q3 2025,completed
BEN-005614,Cherono,Maina,Female,Mombasa,Plus,Health & Wellness,10,10,100.0,Completed,2025-06-24,Q2 2025,completed
BEN-005616,Musyoka,Mohamed,Male,Kisii,Plus,Community Service,6,7,85.7,In Progress,2026-01-28,Q1 2026,active
BEN-005618,Caroline,Nduta,Female,Kajiado,Plus,Life Skills,13,14,92.9,COMPLETED,2026-01-10,Q1 2026,completed
BEN-005620,Collins,Cheruiyot,Male,Nairobi,Plus,Mentorship,12,19,63.2,In Progress,2026-09-10,Q3 2026,active
BEN-005621,Otieno,Ngugi,Male,Kakamega,Plus,Mentorship,6,13,46.2,In Progress,2026-03-18,Q1 2026,active
BEN-005624,Wekesa,Wanjiku,Male,Nakuru,Plus,Life Skills,7,12,58.3,In Progress,2026-02-09,Q1 2026,active
BEN-005626,Onyango,Matano,Male,Kiambu,Plus,Life Skills,7,10,70.0,In Progress,2026-09-07,Q3 2026,active
BEN-005631,Victor,Omondi,Male,Meru,Plus,Financial Literacy,6,10,60.0,Completed,2025-12-15,Q4 2025,completed
BEN-005632,Joy,Koech,Female,Kajiado,Plus,Entrepreneurship,7,10,70.0,In Progress,2026-07-10,Q3 2026,active
BEN-005633,Halima,Koech,Female,Kisumu,Plus,Community Service,3,6,50.0,Dropped,2025-03-05,Q1 2025,dropped_out
BEN-005634,Nkatha,Kariuki,Female,Kakamega,Plus,Community Service,8,10,80.0,In Progress,2026-08-20,Q3 2026,active
BEN-005641,Beatrice,Odhiambo,Female,Nyeri,Plus,Financial Literacy,7,12,58.3,In Progress,2026-05-30,Q2 2026,active
BEN-005642,Korir,Koech,Male,Meru,Plus,Health & Wellness,5,7,71.4,In Progress,2026-04-15,Q2 2026,active
BEN-005644,Brian,Kuria,Male,Kiambu,Plus,Entrepreneurship,11,15,73.3,Completed,2026-03-31,Q1 2026,completed
BEN-005645,Mutua,Baya,Male,Kiambu,Plus,Leadership,9,9,100.0,Completed,2025-07-07,Q3 2025,completed
BEN-005646,David,Owino,Male,Kisii,Plus,Mentorship,10,17,58.8,Dropped,2025-12-31,Q4 2025,dropped_out
BEN-005648,Purity,Achieng,Female,Kakamega,Plus,Community Service,6,8,75.0,In Progress,2026-07-20,Q3 2026,active
BEN-005649,Otieno,Kamau,Male,MURANGA,Plus,Life Skills,8,10,80.0,In Progress,2026-07-12,Q3 2026,active
BEN-005650,Kagure,Mohamed,Female,Nyeri,Plus,Entrepreneurship,9,13,69.2,Completed,2025-10-13,Q4 2025,completed
BEN-005651,Mercy,Bett,Female,Kisumu,Plus,Financial Literacy,5,9,55.6,dropped out,2025-11-02,Q4 2025,dropped_out
BEN-005652,Caroline,Kilonzo,FEMALE,Mombasa,Plus,Financial Literacy,7,9,77.8,In Progress,2026-05-16,Q2 2026,active
BEN-005653,Korir,Barasa,Male,Nyeri,Plus,Mentorship,9,17,52.9,complete,2025-07-30,Q3 2025,completed
BEN-005656,Sharon,Odhiambo,Female,Bungoma County,Plus,Leadership,6,10,60.0,In Progress,2026-06-07,Q2 2026,active
BEN-005661,Korir,Nduta,Male,Kiambu,Plus,Entrepreneurship,10,16,62.5,Completed,2026-04-28,Q2 2026,completed
BEN-005663,Ali,Abdi,Male,Kisii,Plus,Life Skills,12,13,92.3,Completed,2025-11-25,Q4 2025,completed
BEN-005665,Nicholas,Wanjiku,Male,Kilifi,Plus,Entrepreneurship,5,12,41.7,In Progress,2026-08-07,Q3 2026,active
BEN-005671,Ali,Mbogo,Male,Kiambu,Plus,Leadership,7,10,70.0,In Progress,2026-01-30,Q1 2026,active
BEN-005672,Beatrice,Maina,Female,Mombasa,Plus,Entrepreneurship,10,11,90.9,In Progress,2026-09-29,Q3 2026,active
BEN-005676,Samuel,Korir,Male,Kakamega,Plus,Life Skills,5,13,38.5,In Progress,2026-04-29,Q2 2026,active
BEN-005678,Wanjiru,Matano,FEMALE,Bungoma County,Plus,Health & Wellness,4,10,40.0,Dropped,2025-01-09,Q1 2025,dropped_out
BEN-005679,Zawadi,Mbogo,Female,Mombasa,Plus,Health & Wellness,6,8,75.0,In Progress,2026-03-17,Q1 2026,active
BEN-005682,Brenda,Wekesa,Female,Muranga,Plus,Community Service,6,8,75.0,Completed,2026-04-11,Q2 2026,completed
BEN-005685,Kagure,Kilonzo,Female,Nairobi,Plus,Health & Wellness,6,8,75.0,In Progress,2026-09-01,Q3 2026,active
BEN-005686,Atieno,Mbogo,Female,Mombasa,Plus,Financial Literacy,9,12,75.0,Completed,2025-04-15,Q2 2025,completed
BEN-005687,Omondi,Mbogo,Male,Nakuru,Plus,Life Skills,11,11,100.0,In Progress,2026-09-13,Q3 2026,active
BEN-005688,Sharon,Ngugi,Female,Machakos,Plus,Community Service,4,6,66.7,In Progress,2026-07-25,Q3 2026,active
BEN-005689,Akinyi,Mwangi,f,NAIROBI,Plus,Health & Wellness,5,6,83.3,In Progress,2026-09-23,Q3 2026,active
BEN-005690,Joy,Muthoni,Female,Meru,Plus,Entrepreneurship,7,15,46.7,Dropped,2026-01-17,Q1 2026,dropped_out
BEN-005693,Joy,Wekesa,Female,Kisumu,Plus,Health & Wellness,5,7,71.4,In Progress,2026-07-09,Q3 2026,active
BEN-005695,Wangari,Gitau,Female,Machakos,Plus,Community Service,7,7,100.0,Completed,2025-06-29,Q2 2025,completed
BEN-005697,Kagure,Bett,Female,Nakuru,Plus,Health & Wellness,6,10,60.0,In Progress,2026-09-19,Q3 2026,active
BEN-005703,Faith,Cheruiyot,Female,Mombasa,Plus,Entrepreneurship,6,12,50.0,Dropped,2026-02-25,Q1 2026,dropped_out
BEN-005706,Timothy,Charo,Male,Nairobi,Plus,Health & Wellness,3,8,37.5,Completed,2025-08-26,Q3 2025,completed
BEN-005708,Stephen,Koech,Male,Meru,Plus,Entrepreneurship,14,15,93.3,In Progress,2026-01-11,Q1 2026,active
BEN-005709,Beatrice,Ochieng,Female,Kisumu,Plus,Health & Wellness,8,10,80.0,Completed,2025-02-14,Q1 2025,completed
BEN-005710,Anyango,Gitau,Female,Nairobi,Plus,Financial Literacy,5,8,62.5,Completed,2026-03-20,Q1 2026,completed
BEN-005716,Collins,Musyoka,M,Kakamega,Plus,Health & Wellness,3,7,42.9,Dropped,2025-11-25,Q4 2025,dropped_out
BEN-005717,Caroline,Kamau,Female,KIAMBU,Plus,Financial Literacy,5,9,55.6,Dropped,2025-06-30,Q2 2025,dropped_out
BEN-005725,Naisula,Omondi,Female,Meru,Plus,Community Service,5,7,71.4,Completed,2025-03-02,Q1 2025,completed
BEN-005730,Kipchoge,Korir,Male,Nyeri,Plus,Leadership,4,8,50.0,In Progress,2026-01-26,Q1 2026,active
BEN-005732,Timothy,Onyango,Male,Nyeri,Plus,Entrepreneurship,10,16,62.5,Dropped,2026-02-08,Q1 2026,dropped_out
BEN-005746,Naisula,Ngugi,Female,Nairobi,Plus,Mentorship,7,12,58.3,Dropped,2025-11-17,Q4 2025,dropped_out
BEN-005747,Mohamed,Katana,Male,Kajiado,Plus,Health & Wellness,4,6,66.7,Completed,2025-12-08,Q4 2025,completed
BEN-005748,Sharon,Owino,Female,Uasin Gishu,Plus,Entrepreneurship,11,13,84.6,In Progress,2026-08-01,Q3 2026,active
BEN-005751,Akinyi,Kariuki,Female,mombasa,Plus,Health & Wellness,9,10,90.0,Completed,2026-06-08,Q2 2026,completed
BEN-005756,Halima,Mwangi,Female,MOMBASA,Plus,Community Service,8,9,88.9,In Progress,2026-07-30,Q3 2026,active
BEN-005770,Chepkoech,Chebet,Female,Kajiado,Plus,Entrepreneurship,13,16,81.2,In Progress,2026-07-17,Q3 2026,active
BEN-005774,Joy,Chebet,Female,Meru,Plus,Financial Literacy,7,11,63.6,In Progress,2026-07-01,Q3 2026,active
BEN-005775,Faith,Kimani,Female,Mombasa,Plus,Financial Literacy,8,10,80.0,In Progress,2026-09-02,Q3 2026,active
BEN-005776,Juma,Omondi,Male,Nairobi,Plus,Community Service,4,6,66.7,Completed,2025-12-27,Q4 2025,completed
BEN-005777,Nicholas,Ochieng,Male,Nairobi,Plus,Mentorship,16,19,84.2,In Progress,2026-09-24,Q3 2026,active
BEN-005778,Wangari,Mwangi,Female,Uasin Gishu,Plus,Financial Literacy,8,8,100.0,Completed,2025-12-13,Q4 2025,completed
BEN-005780,Daniel,Kimani,Male,nairobi,Plus,Mentorship,11,15,73.3,In Progress,2026-08-10,Q3 2026,active
BEN-005781,Joseph,Koech,Male,Nakuru,Plus,Life Skills,12,12,100.0,In Progress,2026-04-29,Q2 2026,active
BEN-005782,Jerop,Njenga,Female,Bungoma,Plus,Community Service,6,8,75.0,Completed,2025-02-21,Q1 2025,completed
BEN-005783,Timothy,Cheruiyot,Male,Machakos,Plus,Community Service,5,7,71.4,Completed,2026-01-22,Q1 2026,completed
BEN-005784,Chebet,Kimani,Female,Nairobi,Plus,Life Skills,10,14,71.4,In Progress,2026-08-21,Q3 2026,active
BEN-005786,Nyambura,Owino,f,Machakos,Plus,Financial Literacy,7,12,58.3,Completed,2025-06-02,Q2 2025,completed
BEN-005787,Akinyi,Mbogo,Female,Machakos,Plus,Life Skills,10,14,71.4,In Progress,2026-09-29,Q3 2026,active
BEN-005789,Emily,Abdi,Female,Nakuru,Plus,Mentorship,14,15,93.3,In Progress,2026-09-02,Q3 2026,active
BEN-005791,Wanjiru,Mwakio,Female,Kajiado,Plus,Entrepreneurship,8,14,57.1,Completed,2025-12-06,Q4 2025,completed
BEN-005792,Cherono,Musyoka,Female,Nairobi,Plus,Community Service,7,8,87.5,In Progress,2026-08-14,Q3 2026,active
BEN-005796,Kagure,Musyoka,Female,Meru,Plus,Financial Literacy,5,12,41.7,Dropped,2026-02-09,Q1 2026,dropped_out
BEN-005799,Emmanuel,Barasa,Male,Nakuru,Plus,Mentorship,11,20,55.0,Completed,2025-06-29,Q2 2025,completed
BEN-005801,Boniface,Otieno,Male,Kisii,Plus,Financial Literacy,9,10,90.0,Completed,2025-11-04,Q4 2025,completed
BEN-005802,Otieno,Mbogo,Male,Nairobi,Plus,Community Service,9,10,90.0,In Progress,2026-06-10,Q2 2026,active
BEN-005803,Kamau,Muthoni,Male,Kisii,Plus,Life Skills,7,13,53.8,In Progress,2026-06-20,Q2 2026,active
BEN-005804,Wekesa,Musyoka,Male,Kisumu,Plus,Entrepreneurship,8,15,53.3,In Progress,2026-08-09,Q3 2026,active
BEN-005808,Mutua,Abdi,Male,Mombasa,Plus,Life Skills,7,10,70.0,complete,2025-05-12,Q2 2025,completed
BEN-005810,Dennis,Kariuki,Male,Nakuru,Plus,Mentorship,14,15,93.3,In Progress,2026-09-26,Q3 2026,active
BEN-005813,Caroline,Chebet,Female,Nakuru,Plus,Entrepreneurship,6,11,54.5,dropped out,2025-10-03,Q4 2025,dropped_out
BEN-005814,John,Kariuki,male,nakuru,Plus,Community Service,7,7,100.0,In Progress,2026-08-23,Q3 2026,active
BEN-005815,Amina,Korir,Female,Kiambu,Plus,Leadership,10,12,83.3,In Progress,2026-07-22,Q3 2026,active
BEN-005821,Akinyi,Kilonzo,Female,Uasin Gishu,Plus,Health & Wellness,7,8,87.5,In Progress,2026-07-05,Q3 2026,active
BEN-005823,David,Muthoni,Male,kakamega,Plus,Community Service,5,6,83.3,Completed,2026-03-20,Q1 2026,completed
BEN-005826,Korir,Nyambane,Male,Kakamega,Plus,Leadership,8,12,66.7,In Progress,2026-04-29,Q2 2026,active
BEN-005827,Isaac,Barasa,Male,KILIFI,Plus,Financial Literacy,9,11,81.8,Completed,2026-06-28,Q2 2026,completed
BEN-005830,Patrick,Cheruiyot,Male,Bungoma,Plus,Mentorship,10,17,58.8,Dropped,2025-11-19,Q4 2025,dropped_out
BEN-005833,Caroline,Mbogo,Female,Nyeri,Plus,Mentorship,13,19,68.4,Completed,2025-07-20,Q3 2025,completed
BEN-005834,Brian,Njenga,Male,Nakuru,Plus,Leadership,7,8,87.5,Completed,2025-01-29,Q1 2025,completed
BEN-005835,Vincent,Rotich,m,kiambu,Plus,Leadership,10,11,90.9,Completed,2026-02-14,Q1 2026,completed
BEN-005836,Gathoni,Wekesa,Female,muranga,Plus,Life Skills,13,13,100.0,In Progress,2026-09-12,Q3 2026,active
BEN-005837,Otieno,Mohamed,male,Kakamega,Plus,Financial Literacy,8,9,88.9,Completed,2025-05-21,Q2 2025,completed
BEN-005847,Dennis,Ochieng,Male,Mombasa,Plus,Health & Wellness,9,9,100.0,In Progress,2026-06-30,Q2 2026,active
BEN-005850,Emmanuel,Achieng,Male,Nakuru,Plus,Mentorship,11,13,84.6,Completed,2025-11-09,Q4 2025,completed
BEN-005853,Kamau,Mwangi,Male,Machakos,Plus,Community Service,5,7,71.4,In Progress,2026-03-04,Q1 2026,active
BEN-005855,Mohamed,Kariuki,Male,Nairobi,Plus,Health & Wellness,7,8,87.5,COMPLETED,2025-03-03,Q1 2025,completed
BEN-005860,Kamau,Achieng,Male,Kiambu,Plus,Community Service,6,9,66.7,Completed,2025-02-03,Q1 2025,completed
BEN-005865,Neema,Juma,Female,Bungoma,Plus,Leadership,8,12,66.7,Completed,2025-09-25,Q3 2025,completed
BEN-005866,Onyango,Matano,Male,Kisumu,Plus,Mentorship,10,15,66.7,In Progress,2026-08-13,Q3 2026,active
BEN-005867,Naisula,Kuria,Female,Bungoma,Plus,Financial Literacy,7,9,77.8,Completed,2025-04-13,Q2 2025,completed
BEN-005871,Isaac,Ngugi,Male,Mombasa,Plus,Mentorship,11,19,57.9,Completed,2025-04-25,Q2 2025,completed
BEN-005872,Mercy,Musyoka,Female,Machakos,Plus,Leadership,6,8,75.0,Completed,2025-10-05,Q4 2025,completed
BEN-005873,Kamau,Hassan,Male,Kajiado,Plus,Entrepreneurship,7,10,70.0,Completed,2026-02-03,Q1 2026,completed
BEN-005874,Otieno,Koech,Male,Nairobi,Plus,Leadership,8,9,88.9,In Progress,2026-04-02,Q2 2026,active
BEN-005875,Wanjiru,Mutua,Female,Nairobi,Plus,Life Skills,8,13,61.5,Dropped,2026-03-28,Q1 2026,dropped_out
BEN-005876,Juma,Kiptoo,Male,Nakuru,Plus,Health & Wellness,5,9,55.6,Dropped,2025-02-12,Q1 2025,dropped_out
BEN-005878,Wangari,Omondi,Female,Nairobi,Plus,Leadership,6,9,66.7,In Progress,2026-09-25,Q3 2026,active
BEN-005879,Nicholas,Barasa,Male,Kisumu,Plus,Entrepreneurship,11,16,68.8,In Progress,2026-04-17,Q2 2026,active
BEN-005881,Njeri,Wafula,Female,Nakuru,Plus,Life Skills,10,10,100.0,Completed,2025-09-13,Q3 2025,completed
BEN-005884,Brenda,Rotich,f,Kisumu,Plus,Mentorship,7,14,50.0,Completed,2025-08-31,Q3 2025,completed
BEN-005885,Naisula,Njenga,Female,Nairobi,Plus,Health & Wellness,8,9,88.9,Completed,2025-05-18,Q2 2025,completed
BEN-005886,Faith,Odhiambo,Female,Uasin Gishu,Plus,Entrepreneurship,9,16,56.2,Completed,2025-05-18,Q2 2025,completed
BEN-005888,Kamau,Wafula,Male,Mombasa,Plus,Leadership,8,12,66.7,In Progress,2026-09-02,Q3 2026,active
BEN-005894,Onyango,Mohamed,Male,Mombasa,Plus,Life Skills,11,13,84.6,In Progress,2026-07-04,Q3 2026,active
BEN-005895,Simon,Korir,Male,Uasin Gishu,Plus,Financial Literacy,8,10,80.0,Completed,2026-03-16,Q1 2026,completed
BEN-005901,Patrick,Mbogo,Male,Nairobi,Plus,Community Service,9,9,100.0,In Progress,2026-07-21,Q3 2026,active
BEN-005902,Amina,Korir,Female,Kiambu,Plus,Leadership,8,8,100.0,In Progress,2026-07-30,Q3 2026,active
BEN-005903,Kevin,Ochieng,Male,MURANGA,Plus,Entrepreneurship,5,12,41.7,Dropped,2025-04-04,Q2 2025,dropped_out
BEN-005906,Cynthia,Mutua,FEMALE,Nairobi,Plus,Leadership,8,10,80.0,Completed,2026-01-24,Q1 2026,completed
BEN-005909,Boniface,Ochieng,Male,Kisii,Plus,Community Service,8,10,80.0,In Progress,2026-08-29,Q3 2026,active
BEN-005913,Victor,Barasa,Male,Kisumu,Plus,Health & Wellness,7,7,100.0,In Progress,2026-09-25,Q3 2026,active
BEN-005914,Mercy,Achieng,Female,Meru,Plus,Life Skills,12,13,92.3,In Progress,2026-09-24,Q3 2026,active
BEN-005917,Akinyi,Njoroge,Female,Kajiado,Plus,Mentorship,15,18,83.3,In Progress,2026-07-17,Q3 2026,active
BEN-005918,Purity,Koech,Female,Kakamega,Plus,Leadership,6,8,75.0,COMPLETED,2026-05-26,Q2 2026,completed
BEN-005921,Jerop,Ochieng,Female,Machakos,Plus,Community Service,6,6,100.0,Completed,2025-05-09,Q2 2025,completed
BEN-005927,Chepkoech,Ngugi,f,Nakuru,Plus,Financial Literacy,5,11,45.5,Dropped,2026-03-10,Q1 2026,dropped_out
BEN-005928,Nkatha,Rotich,Female,Muranga,Plus,Financial Literacy,4,8,50.0,Dropped,2026-06-22,Q2 2026,dropped_out
BEN-005929,Wanjiku,Mbogo,Female,Nakuru,Plus,Community Service,10,10,100.0,Completed,2026-02-28,Q1 2026,completed
BEN-005933,Nasieku,Otieno,female,Kisumu,Plus,Health & Wellness,7,8,87.5,In Progress,2026-01-08,Q1 2026,active
BEN-005936,Atieno,Kimani,female,Uasin Gishu,Plus,Health & Wellness,6,7,85.7,complete,2026-01-18,Q1 2026,completed
BEN-005937,Chepkoech,Maina,Female,Nairobi County,Plus,Health & Wellness,4,6,66.7,Completed,2025-11-30,Q4 2025,completed
BEN-005939,Emmanuel,Chebet,Male,Kisumu,Plus,Life Skills,7,12,58.3,Completed,2025-04-29,Q2 2025,completed
BEN-005940,Cherono,Kilonzo,Female,Nyeri,Plus,Health & Wellness,6,9,66.7,Completed,2025-05-12,Q2 2025,completed
BEN-005942,Odhiambo,Odhiambo,Male,Kakamega,Plus,Entrepreneurship,13,16,81.2,In Progress,2026-09-04,Q3 2026,active
BEN-005943,Kendi,Gitau,Female,Kakamega,Plus,Mentorship,11,13,84.6,In Progress,2026-07-07,Q3 2026,active
BEN-005945,Caroline,Maina,Female,Nyeri,Plus,Mentorship,8,12,66.7,Completed,2025-11-20,Q4 2025,completed
BEN-005946,Nyambura,Mwangi,Female,Mombasa,Plus,Leadership,9,11,81.8,In Progress,2026-04-08,Q2 2026,active
BEN-005950,Kelvin,Nduta,Male,Nakuru,Plus,Leadership,7,11,63.6,In Progress,2026-09-14,Q3 2026,active
BEN-005952,Vincent,Wekesa,Male,Kiambu,Plus,Mentorship,9,15,60.0,Dropped,2026-01-20,Q1 2026,dropped_out
BEN-005953,Mumbi,Chebet,Female,Kakamega,Plus,Financial Literacy,6,8,75.0,In Progress,2026-04-07,Q2 2026,active
BEN-005954,Esther,Rotich,Female,Bungoma,Plus,Community Service,7,8,87.5,In Progress,2026-03-20,Q1 2026,active
BEN-005957,Diana,Katana,F,Uasin Gishu County,Plus,Community Service,7,8,87.5,Completed,2026-02-28,Q1 2026,completed
BEN-005958,Faith,Juma,Female,Machakos,Plus,Mentorship,10,15,66.7,Completed,2025-06-22,Q2 2025,completed
BEN-005960,Esther,Wafula,Female,Nyeri,Plus,Leadership,11,11,100.0,Completed,2025-12-06,Q4 2025,completed
BEN-005961,Mercy,Onyango,Female,Nairobi,Plus,Mentorship,17,19,89.5,In Progress,2026-07-06,Q3 2026,active
BEN-005964,Anthony,Abdi,Male,Kajiado,Plus,Entrepreneurship,6,11,54.5,Dropped,2025-07-13,Q3 2025,dropped_out
BEN-005969,Nicholas,Maina,Male,kisumu,Plus,Community Service,7,9,77.8,In Progress,2026-06-14,Q2 2026,active
BEN-005970,Brian,Katana,Male,Mombasa,Plus,Mentorship,6,17,35.3,Dropped,2025-06-03,Q2 2025,dropped_out
BEN-005972,Juma,Odhiambo,Male,Bungoma County,Plus,Entrepreneurship,9,10,90.0,complete,2025-08-11,Q3 2025,completed
BEN-005973,Jerop,Barasa,Female,Uasin Gishu,Plus,Health & Wellness,7,9,77.8,Completed,2025-11-18,Q4 2025,completed
BEN-005974,Brenda,Kariuki,Female,Kiambu,Plus,Life Skills,9,11,81.8,In Progress,2026-07-05,Q3 2026,active
BEN-005975,Vincent,Mutiso,Male,Nakuru,Plus,Leadership,7,11,63.6,Completed,2025-10-27,Q4 2025,completed
BEN-005976,Stephen,Maina,Male,Kilifi,Plus,Financial Literacy,4,8,50.0,In Progress,2026-06-15,Q2 2026,active
BEN-005977,Brenda,Kilonzo,Female,Nairobi,Plus,Financial Literacy,7,9,77.8,Completed,2026-04-05,Q2 2026,completed
BEN-005978,Grace,Juma,Female,Mombasa,Plus,Mentorship,12,13,92.3,In Progress,2026-08-17,Q3 2026,active
BEN-005979,Grace,Maina,FEMALE,Nairobi,Plus,Community Service,6,10,60.0,dropped out,2026-01-16,Q1 2026,dropped_out
BEN-005980,James,Koech,Male,Nyeri,Plus,Leadership,8,10,80.0,Completed,2025-07-22,Q3 2025,completed
BEN-005981,Timothy,Mohamed,Male,Kakamega,Plus,Community Service,5,6,83.3,complete,2025-04-28,Q2 2025,completed
BEN-005982,Amina,Juma,Female,Kakamega,Plus,Life Skills,9,12,75.0,Completed,2025-10-29,Q4 2025,completed
BEN-005983,Zawadi,Kamau,Female,Nairobi,Plus,Mentorship,15,19,78.9,Completed,2025-11-28,Q4 2025,completed
BEN-005984,Chepkoech,Mutiso,Female,Mombasa,Plus,Community Service,6,9,66.7,Completed,2025-02-14,Q1 2025,completed
BEN-005986,Wanjiku,Mutua,Female,mombasa,Plus,Financial Literacy,7,9,77.8,Completed,2025-06-01,Q2 2025,completed
BEN-005987,Beatrice,Baya,Female,Meru,Plus,Mentorship,9,19,47.4,Dropped,2025-09-12,Q3 2025,dropped_out
BEN-005988,Anyango,Musyoka,Female,Mombasa,Plus,Financial Literacy,9,10,90.0,Completed,2025-07-20,Q3 2025,completed
BEN-005990,Wekesa,Omondi,Male,Uasin Gishu,Plus,Community Service,7,8,87.5,In Progress,2026-09-19,Q3 2026,active
BEN-005992,Cheruiyot,Wanjiku,Male,Nairobi,Plus,Mentorship,14,17,82.4,Completed,2025-02-20,Q1 2025,completed
BEN-005993,Ali,Barasa,Male,Bungoma,Plus,Health & Wellness,4,8,50.0,Dropped,2025-11-24,Q4 2025,dropped_out
BEN-005996,Kipchoge,Kuria,Male,Nakuru,Plus,Mentorship,8,16,50.0,Dropped,2025-06-24,Q2 2025,dropped_out
BEN-005999,Zawadi,Kiptoo,Female,Nairobi,Plus,Financial Literacy,8,8,100.0,Completed,2026-01-03,Q1 2026,completed
BEN-006001,Boniface,Barasa,Male,Meru,Plus,Financial Literacy,5,11,45.5,Completed,2025-10-09,Q4 2025,completed
BEN-006002,Vincent,Juma,Male,Kilifi,Plus,Leadership,7,10,70.0,Completed,2025-08-28,Q3 2025,completed
BEN-006003,Amina,Hassan,Female,Nakuru,Plus,Life Skills,10,12,83.3,COMPLETED,2025-11-29,Q4 2025,completed
BEN-006004,Korir,Barasa,Male,Nairobi,Plus,Entrepreneurship,14,14,100.0,In Progress,2026-02-20,Q1 2026,active
BEN-006005,Otieno,Musyoka,Male,Meru,Plus,Mentorship,10,15,66.7,Completed,2026-01-10,Q1 2026,completed
BEN-006007,Akinyi,Chebet,Female,Nairobi,Plus,Health & Wellness,4,6,66.7,Completed,2026-05-31,Q2 2026,completed
BEN-006009,Kamau,Mbogo,Male,Kisumu,Plus,Financial Literacy,5,10,50.0,Dropped,2025-09-01,Q3 2025,dropped_out
BEN-006015,Grace,Achieng,Female,Uasin Gishu,Plus,Entrepreneurship,11,14,78.6,In Progress,2026-03-18,Q1 2026,active
BEN-006016,Brenda,Mbogo,Female,Kiambu,Plus,Health & Wellness,8,9,88.9,In Progress,2026-05-16,Q2 2026,active
BEN-006017,Musyoka,Muthoni,m,Nairobi,Plus,Mentorship,18,19,94.7,In Progress,2026-06-21,Q2 2026,active
BEN-006018,Emmanuel,Mbogo,Male,Nakuru,Plus,Life Skills,13,13,100.0,Completed,2025-10-17,Q4 2025,completed
BEN-006019,Caroline,Charo,Female,Kiambu,Plus,Financial Literacy,6,11,54.5,In Progress,2026-08-22,Q3 2026,active
BEN-006020,Odhiambo,Kariuki,Male,Kisumu County,Plus,Life Skills,11,14,78.6,Completed,2025-04-20,Q2 2025,completed
BEN-006023,Dennis,Odhiambo,Male,Kisii,Plus,Financial Literacy,11,12,91.7,Completed,2025-10-18,Q4 2025,completed
BEN-006025,Neema,Mohamed,Female,Nairobi,Plus,Leadership,9,11,81.8,Completed,2026-03-02,Q1 2026,completed
BEN-006026,Timothy,Nduta,Male,Kisumu,Plus,Leadership,7,8,87.5,Completed,2026-04-05,Q2 2026,completed
BEN-006027,Mutua,Muthoni,male,Nairobi,Plus,Leadership,7,11,63.6,Completed,2025-12-15,Q4 2025,completed
BEN-006030,Akinyi,Owino,female,Kiambu,Plus,Mentorship,10,12,83.3,In Progress,2026-02-25,Q1 2026,active
BEN-006032,Wangari,Otieno,Female,Meru,Plus,Leadership,9,11,81.8,In Progress,2026-07-14,Q3 2026,active
BEN-006033,Ali,Ngugi,Male,Nairobi,Plus,Community Service,9,10,90.0,In Progress,2026-07-25,Q3 2026,active
BEN-006034,Faith,Barasa,Female,Kiambu,Plus,Life Skills,9,12,75.0,Completed,2026-03-24,Q1 2026,completed
BEN-006036,Odhiambo,Musyoka,Male,Kilifi,Plus,Financial Literacy,7,10,70.0,In Progress,2026-05-10,Q2 2026,active
BEN-006041,Victor,Kamau,Male,Kiambu,Plus,Entrepreneurship,16,16,100.0,Completed,2025-07-15,Q3 2025,completed
BEN-006046,Nyambura,Kimani,Female,Muranga,Plus,Mentorship,14,19,73.7,In Progress,2026-05-02,Q2 2026,active
BEN-006047,Musyoka,Njenga,Male,Nyeri,Plus,Community Service,6,10,60.0,Completed,2025-10-17,Q4 2025,completed
BEN-006048,Mohamed,Ochieng,Male,kajiado,Plus,Community Service,6,9,66.7,Completed,2025-11-01,Q4 2025,completed
BEN-006049,Sharon,Gitau,Female,Kiambu,Plus,Entrepreneurship,14,14,100.0,Completed,2025-08-31,Q3 2025,completed
BEN-006050,Halima,Mutua,Female,Kajiado,Plus,Financial Literacy,6,10,60.0,In Progress,2026-07-08,Q3 2026,active
BEN-006051,Nyambura,Nyambane,Female,Kiambu,Plus,Entrepreneurship,8,14,57.1,In Progress,2026-08-05,Q3 2026,active
BEN-006052,Naisula,Omondi,Female,Muranga,Plus,Leadership,7,8,87.5,Completed,2025-09-11,Q3 2025,completed
BEN-006053,Chepkoech,Chebet,Female,Bungoma,Plus,Financial Literacy,6,11,54.5,Dropped,2025-06-06,Q2 2025,dropped_out
BEN-006061,Neema,Gitau,Female,Nakuru,Plus,Mentorship,15,20,75.0,In Progress,2026-05-15,Q2 2026,active
BEN-006062,Neema,Onyango,Female,Meru,Plus,Community Service,5,6,83.3,In Progress,2026-02-28,Q1 2026,active
BEN-006063,Cherono,Kuria,Female,Kiambu,Plus,Entrepreneurship,12,16,75.0,In Progress,2026-08-17,Q3 2026,active
BEN-006065,Emily,Mwangi,Female,Kisii,Plus,Entrepreneurship,8,10,80.0,Completed,2025-03-06,Q1 2025,completed
BEN-006068,Isaac,Kamau,M,Nairobi,Plus,Financial Literacy,6,10,60.0,Completed,2025-06-04,Q2 2025,completed
BEN-006070,Naisula,Njenga,Female,Nairobi,Plus,Leadership,10,11,90.9,In Progress,2026-07-25,Q3 2026,active
BEN-006071,Collins,Cheruiyot,Male,Machakos,Plus,Life Skills,10,14,71.4,In Progress,2026-08-03,Q3 2026,active
BEN-006073,Brenda,Mutiso,female,Muranga,Plus,Community Service,7,9,77.8,In Progress,2026-08-25,Q3 2026,active
BEN-006074,Mutua,Katana,Male,Kajiado,Plus,Mentorship,10,14,71.4,In Progress,2026-04-17,Q2 2026,active
BEN-006077,Juma,Njenga,Male,MERU,Plus,Mentorship,9,12,75.0,In Progress,2026-05-22,Q2 2026,active
BEN-006081,Emily,Korir,Female,Machakos,Plus,Life Skills,10,14,71.4,In Progress,2026-05-13,Q2 2026,active
BEN-006082,Kipchoge,Wafula,Male,Kisumu,Plus,Community Service,5,6,83.3,In Progress,2026-07-19,Q3 2026,active
BEN-006086,Daniel,Kimani,male,Kiambu,Plus,Entrepreneurship,12,12,100.0,complete,2025-08-07,Q3 2025,completed
BEN-006088,Faith,Kiptoo,Female,Kisii,Plus,Financial Literacy,9,10,90.0,Completed,2026-02-15,Q1 2026,completed
BEN-006089,Esther,Kamau,Female,kiambu,Plus,Leadership,9,9,100.0,Completed,2025-01-29,Q1 2025,completed
BEN-006090,Joy,Korir,F,uasin gishu,Plus,Leadership,9,10,90.0,In Progress,2026-09-01,Q3 2026,active
BEN-006094,Vincent,Juma,Male,Bungoma,Plus,Community Service,7,9,77.8,In Progress,2026-04-21,Q2 2026,active
BEN-006097,Omondi,Nduta,Male,Nairobi,Plus,Life Skills,7,11,63.6,Dropped,2025-09-23,Q3 2025,dropped_out
BEN-006100,Odhiambo,Mutua,M,Machakos,Plus,Leadership,11,12,91.7,In Progress,2026-05-07,Q2 2026,active
BEN-006103,Chebet,Katana,Female,Uasin Gishu,Plus,Life Skills,8,10,80.0,In Progress,2026-06-12,Q2 2026,active
BEN-006112,Kendi,Wekesa,Female,Uasin Gishu County,Plus,Community Service,8,9,88.9,Completed,2025-04-19,Q2 2025,completed
BEN-006115,Wangari,Mutua,Female,Nairobi,Plus,Health & Wellness,4,6,66.7,Completed,2026-04-28,Q2 2026,completed
BEN-006116,Cynthia,Odhiambo,Female,Kiambu,Plus,Community Service,6,6,100.0,Completed,2025-09-08,Q3 2025,completed
BEN-006118,Awuor,Mutua,Female,Kisumu,Plus,Financial Literacy,6,9,66.7,In Progress,2026-06-24,Q2 2026,active
BEN-006119,Nkatha,Mwakio,Female,Nairobi,Plus,Leadership,6,8,75.0,Completed,2026-03-09,Q1 2026,completed
BEN-006121,Baraka,Baya,Male,Nairobi,Plus,Health & Wellness,5,10,50.0,Dropped,2025-04-29,Q2 2025,dropped_out
BEN-006123,Kilonzo,Omondi,Male,Bungoma,Plus,Leadership,6,11,54.5,Completed,2026-04-21,Q2 2026,completed
BEN-006125,Faith,Muthoni,Female,Kisumu,Plus,Community Service,9,10,90.0,In Progress,2026-09-08,Q3 2026,active
BEN-006129,Kelvin,Cheruiyot,Male,Nairobi,Plus,Mentorship,14,15,93.3,In Progress,2026-05-12,Q2 2026,active
BEN-006130,Kilonzo,Mohamed,Male,Kilifi,Plus,Health & Wellness,6,9,66.7,In Progress,2026-08-19,Q3 2026,active
BEN-006131,Amina,Baya,Female,Meru,Plus,Community Service,8,10,80.0,In Progress,2026-05-23,Q2 2026,active
BEN-006136,Sharon,Njoroge,Female,Kajiado,Plus,Financial Literacy,8,12,66.7,Completed,2025-07-06,Q3 2025,completed
BEN-006140,Korir,Musyoka,Male,Kiambu,Plus,Life Skills,12,14,85.7,In Progress,2026-03-07,Q1 2026,active
BEN-006142,Nyambura,Njoroge,Female,Machakos,Plus,Entrepreneurship,13,13,100.0,In Progress,2026-07-21,Q3 2026,active
BEN-006143,Victor,Cheruiyot,Male,Uasin Gishu,Plus,Mentorship,12,14,85.7,Completed,2025-10-03,Q4 2025,completed
BEN-006145,Halima,Gitau,Female,Mombasa,Plus,Leadership,7,8,87.5,In Progress,2026-06-16,Q2 2026,active
BEN-006147,Gathoni,Maina,Female,Kiambu County,Plus,Community Service,5,7,71.4,In Progress,2026-04-19,Q2 2026,active
BEN-006148,Atieno,Baya,Female,Nairobi,Plus,Health & Wellness,6,8,75.0,Completed,2025-09-21,Q3 2025,completed
BEN-006150,Wekesa,Onyango,Male,Kakamega,Plus,Mentorship,14,18,77.8,In Progress,2026-07-25,Q3 2026,active
BEN-006152,Gathoni,Odhiambo,Female,Kakamega,Plus,Life Skills,7,11,63.6,Completed,2025-06-18,Q2 2025,completed
BEN-006153,Kiptoo,Baya,Male,Kisii,Plus,Mentorship,9,13,69.2,In Progress,2026-06-29,Q2 2026,active
BEN-006154,Vincent,Kiptoo,Male,Machakos,Plus,Mentorship,11,12,91.7,In Progress,2026-07-03,Q3 2026,active
BEN-006158,Joy,Omondi,Female,Nairobi,Plus,Entrepreneurship,9,10,90.0,Completed,2025-01-09,Q1 2025,completed
BEN-006160,Nkatha,Matano,Female,Kiambu,Plus,Health & Wellness,4,7,57.1,Dropped,2025-10-14,Q4 2025,dropped_out
BEN-006161,Cherono,Hassan,Female,Mombasa,Plus,Life Skills,12,13,92.3,In Progress,2026-02-14,Q1 2026,active
BEN-006163,Esther,Njoroge,Female,Kiambu,Plus,Mentorship,12,20,60.0,In Progress,2026-04-25,Q2 2026,active
BEN-006164,Grace,Ochieng,Female,Muranga,Plus,Leadership,4,11,36.4,In Progress,2026-07-23,Q3 2026,active
BEN-006165,Nyambura,Nyambane,Female,Kakamega,Plus,Leadership,9,10,90.0,Completed,2025-12-04,Q4 2025,completed
BEN-006167,Mumbi,Onyango,female,Uasin Gishu,Plus,Leadership,9,11,81.8,Completed,2025-08-11,Q3 2025,completed
BEN-006168,Kelvin,Kilonzo,Male,Kakamega,Plus,Financial Literacy,5,11,45.5,Completed,2026-01-20,Q1 2026,completed
BEN-006173,Nasieku,Achieng,Female,Kakamega,Plus,Leadership,5,9,55.6,Completed,2025-09-20,Q3 2025,completed
BEN-006175,Emmanuel,Rotich,Male,Kajiado,Plus,Financial Literacy,8,11,72.7,In Progress,2026-07-02,Q3 2026,active
BEN-006179,Kevin,Wekesa,Male,Nairobi,Plus,Community Service,4,6,66.7,Completed,2025-09-30,Q3 2025,completed
BEN-006182,Halima,Kariuki,Female,NYERI,Plus,Community Service,4,6,66.7,In Progress,2026-08-01,Q3 2026,active
BEN-006183,Wangari,Mutua,Female,Machakos,Plus,Entrepreneurship,5,11,45.5,Dropped,2025-09-08,Q3 2025,dropped_out
BEN-006186,Amina,Barasa,Female,Uasin Gishu,Plus,Financial Literacy,7,8,87.5,In Progress,2026-08-31,Q3 2026,active
BEN-006189,Kagure,Achieng,Female,Nairobi,Plus,Life Skills,6,11,54.5,Dropped,2026-06-01,Q2 2026,dropped_out
BEN-006191,Faith,Mwakio,Female,Kilifi,Plus,Mentorship,8,17,47.1,In Progress,2026-05-04,Q2 2026,active
BEN-006193,Patrick,Cheruiyot,Male,Mombasa,Plus,Life Skills,13,14,92.9,Completed,2025-08-02,Q3 2025,completed
BEN-006197,Musyoka,Gitau,Male,Kilifi,Plus,Financial Literacy,2,8,25.0,Dropped,2026-02-28,Q1 2026,dropped_out
BEN-006199,Grace,Nyambane,Female,Nakuru,Plus,Health & Wellness,9,10,90.0,In Progress,2026-07-17,Q3 2026,active
BEN-006201,Wanjiku,Rotich,Female,Kilifi,Plus,Community Service,6,6,100.0,Completed,2026-02-20,Q1 2026,completed
BEN-006203,Njeri,Wekesa,Female,Nakuru,Plus,Health & Wellness,6,9,66.7,Dropped,2026-04-24,Q2 2026,dropped_out
BEN-006206,Chepkoech,Barasa,Female,Nairobi,Plus,Mentorship,13,17,76.5,Completed,2025-10-12,Q4 2025,completed
BEN-006213,Awuor,Nduta,Female,Nairobi,Plus,Leadership,10,12,83.3,In Progress,2026-06-03,Q2 2026,active
BEN-006215,Brian,Ochieng,Male,nyeri,Plus,Entrepreneurship,11,13,84.6,Completed,2025-11-03,Q4 2025,completed
BEN-006220,Amina,Owino,Female,Bungoma,Plus,Leadership,4,8,50.0,In Progress,2026-02-12,Q1 2026,active
BEN-006225,Wanjiru,Njenga,Female,Nakuru,Plus,Entrepreneurship,6,10,60.0,In Progress,2026-08-06,Q3 2026,active
BEN-006228,Akinyi,Baya,female,Machakos,Plus,Mentorship,11,16,68.8,In Progress,2026-06-21,Q2 2026,active
BEN-006230,Simon,Omondi,Male,Kiambu,Plus,Financial Literacy,5,11,45.5,In Progress,2026-07-23,Q3 2026,active
BEN-006234,Joy,Kilonzo,Female,Kakamega,Plus,Community Service,4,6,66.7,In Progress,2026-04-23,Q2 2026,active
BEN-006235,Caroline,Kiptoo,Female,Kajiado,Plus,Financial Literacy,8,8,100.0,In Progress,2026-09-13,Q3 2026,active
BEN-006237,Cherono,Njoroge,Female,Mombasa,Plus,Life Skills,10,11,90.9,In Progress,2026-06-09,Q2 2026,active
BEN-006238,Purity,Kimani,Female,Nyeri,Plus,Community Service,4,6,66.7,Dropped,2025-10-06,Q4 2025,dropped_out
BEN-006239,Esther,Mutiso,Female,Kilifi,Plus,Community Service,3,7,42.9,COMPLETED,2025-03-06,Q1 2025,completed
BEN-006240,Mutua,Baya,Male,Muranga County,Plus,Community Service,5,6,83.3,Completed,2025-12-06,Q4 2025,completed
BEN-006242,Nkatha,Matano,Female,Kilifi,Plus,Mentorship,9,20,45.0,Dropped,2025-02-04,Q1 2025,dropped_out
BEN-006244,Kiptoo,Nduta,male,Kiambu,Plus,Life Skills,12,13,92.3,In Progress,2026-04-23,Q2 2026,active
BEN-006249,Kevin,Ochieng,Male,Kilifi,Plus,Health & Wellness,4,6,66.7,Completed,2025-05-03,Q2 2025,completed
BEN-006250,Diana,Mohamed,Female,Kajiado,Plus,Health & Wellness,7,10,70.0,In Progress,2026-02-18,Q1 2026,active
BEN-006252,Korir,Omondi,Male,KIAMBU,Plus,Community Service,6,10,60.0,Completed,2025-10-19,Q4 2025,completed
BEN-006254,Achieng,Baya,Female,Kiambu,Plus,Life Skills,6,14,42.9,Dropped,2025-07-06,Q3 2025,dropped_out
BEN-006255,Wangari,Mwakio,Female,Meru,Plus,Leadership,3,10,30.0,Dropped,2026-02-26,Q1 2026,dropped_out
BEN-006260,Collins,Barasa,Male,Meru,Plus,Mentorship,13,13,100.0,Completed,2025-10-30,Q4 2025,completed
BEN-006264,Brenda,Otieno,Female,Kajiado,Plus,Mentorship,15,18,83.3,complete,2025-07-10,Q3 2025,completed
BEN-006265,Njeri,Nyambane,Female,Kisii,Plus,Financial Literacy,4,9,44.4,Dropped,2026-01-08,Q1 2026,dropped_out
BEN-006267,Cherono,Mutiso,Female,Nairobi,Plus,Leadership,8,10,80.0,In Progress,2026-02-17,Q1 2026,active
BEN-006272,Kiptoo,Barasa,Male,Nakuru,Plus,Leadership,5,8,62.5,Dropped,2025-05-30,Q2 2025,dropped_out
BEN-006273,Omondi,Maina,M,Mombasa,Plus,Life Skills,7,14,50.0,Dropped,2025-12-06,Q4 2025,dropped_out
BEN-006279,Naisula,Mutiso,Female,Nairobi,Plus,Financial Literacy,7,12,58.3,Completed,2025-12-02,Q4 2025,completed
BEN-006281,Nasieku,Koech,Female,Kilifi,Plus,Financial Literacy,6,9,66.7,In Progress,2026-08-21,Q3 2026,active
BEN-006282,Wanjiku,Ochieng,Female,Kiambu,Plus,Health & Wellness,9,10,90.0,Completed,2025-10-18,Q4 2025,completed
BEN-006284,Kilonzo,Juma,Male,Uasin Gishu,Plus,Leadership,9,12,75.0,Completed,2026-01-01,Q1 2026,completed
BEN-006286,Akinyi,Hassan,Female,Mombasa,Plus,Community Service,6,6,100.0,In Progress,2026-02-10,Q1 2026,active
BEN-006287,Diana,Nyambane,Female,Kajiado,Plus,Community Service,5,7,71.4,In Progress,2026-09-26,Q3 2026,active
BEN-006291,Kelvin,Koech,Male,Nairobi,Plus,Financial Literacy,5,9,55.6,Dropped,2025-07-07,Q3 2025,dropped_out
BEN-006295,Wanjiku,Nyambane,f,Nairobi,Plus,Financial Literacy,8,8,100.0,Completed,2025-10-06,Q4 2025,completed
BEN-006296,Zawadi,Otieno,Female,Nairobi,Plus,Life Skills,11,11,100.0,Completed,2025-06-03,Q2 2025,completed
BEN-006298,Zawadi,Mutua,Female,Kisumu,Plus,Leadership,9,10,90.0,Completed,2025-04-13,Q2 2025,completed
BEN-006299,Ali,Gitau,Male,MURANGA,Plus,Leadership,9,12,75.0,In Progress,2026-04-22,Q2 2026,active
BEN-006301,Purity,Mbogo,F,Mombasa,Plus,Life Skills,13,14,92.9,In Progress,2026-05-23,Q2 2026,active
BEN-006303,Otieno,Charo,Male,Nairobi,Plus,Leadership,9,11,81.8,Completed,2025-10-14,Q4 2025,completed
BEN-006304,Musyoka,Otieno,Male,Machakos,Plus,Mentorship,14,14,100.0,Completed,2025-07-03,Q3 2025,completed
BEN-006305,Baraka,Wanjiku,Male,Kakamega,Plus,Mentorship,7,14,50.0,dropped out,2025-10-10,Q4 2025,dropped_out
BEN-006310,Sharon,Mutua,Female,Uasin Gishu,Plus,Life Skills,4,11,36.4,Dropped,2025-11-18,Q4 2025,dropped_out
BEN-006315,Francis,Omondi,male,Kisumu,Plus,Entrepreneurship,8,10,80.0,In Progress,2026-05-21,Q2 2026,active
BEN-006317,Awuor,Hassan,Female,Uasin Gishu,Plus,Leadership,10,11,90.9,In Progress,2026-03-14,Q1 2026,active
BEN-006320,Nicholas,Achieng,Male,Nairobi,Plus,Community Service,8,9,88.9,In Progress,2026-07-24,Q3 2026,active
BEN-006323,Beatrice,Njoroge,Female,Nairobi,Plus,Community Service,7,7,100.0,Completed,2025-09-24,Q3 2025,completed
BEN-006324,Faith,Musyoka,Female,Kilifi,Plus,Leadership,7,8,87.5,In Progress,2026-08-06,Q3 2026,active
BEN-006325,Mutua,Charo,Male,Nairobi,Plus,Community Service,5,6,83.3,complete,2025-10-14,Q4 2025,completed
BEN-006326,Amina,Kimani,Female,Kiambu,Plus,Health & Wellness,5,9,55.6,In Progress,2026-05-10,Q2 2026,active
BEN-006334,Brian,Korir,Male,Kiambu,Plus,Health & Wellness,6,6,100.0,In Progress,2026-04-23,Q2 2026,active
BEN-006336,Baraka,Maina,Male,Kilifi,Plus,Mentorship,12,19,63.2,Completed,2026-02-17,Q1 2026,completed
BEN-006338,Juma,Mohamed,Male,Nakuru County,Plus,Entrepreneurship,9,13,69.2,Completed,2026-06-03,Q2 2026,completed
BEN-006346,Victor,Wekesa,Male,Bungoma,Plus,Financial Literacy,7,8,87.5,Completed,2025-01-25,Q1 2025,completed
BEN-006347,Purity,Charo,Female,Kisumu,Plus,Financial Literacy,6,10,60.0,Completed,2025-09-26,Q3 2025,completed
BEN-006349,Wekesa,Ochieng,Male,Nairobi,Plus,Financial Literacy,7,11,63.6,Completed,2026-04-13,Q2 2026,completed
BEN-006350,Musyoka,Kamau,Male,Nakuru,Plus,Leadership,7,9,77.8,Completed,2025-07-05,Q3 2025,completed
BEN-006353,Awuor,Odhiambo,Female,Nairobi,Plus,Leadership,12,12,100.0,In Progress,2026-04-08,Q2 2026,active
BEN-006355,Wanjiru,Owino,Female,Mombasa,Plus,Financial Literacy,9,9,100.0,In Progress,2026-09-08,Q3 2026,active
BEN-006358,Diana,Kimani,Female,Kiambu,Plus,Mentorship,12,14,85.7,In Progress,2026-07-14,Q3 2026,active
BEN-006362,Chebet,Barasa,Female,Kilifi,Plus,Life Skills,11,14,78.6,complete,2026-05-08,Q2 2026,completed
BEN-006363,Anthony,Nyambane,Male,Machakos,Plus,Community Service,7,8,87.5,Completed,2026-04-16,Q2 2026,completed
BEN-006368,Patrick,Mohamed,Male,Kiambu,Plus,Community Service,9,10,90.0,In Progress,2026-05-16,Q2 2026,active
BEN-006369,Peter,Kiptoo,Male,Nairobi,Plus,Life Skills,11,11,100.0,Completed,2025-09-14,Q3 2025,completed
BEN-006370,Esther,Korir,Female,Nairobi,Plus,Entrepreneurship,4,12,33.3,Dropped,2025-05-11,Q2 2025,dropped_out
BEN-006372,Kelvin,Wanjiku,Male,Nairobi,Plus,Entrepreneurship,8,11,72.7,Completed,2025-11-03,Q4 2025,completed
BEN-006374,Kilonzo,Ngugi,Male,Nairobi,Plus,Leadership,11,11,100.0,In Progress,2026-02-27,Q1 2026,active
BEN-006377,Joy,Chebet,Female,Kiambu,Plus,Mentorship,14,16,87.5,In Progress,2026-09-04,Q3 2026,active
BEN-006378,Baraka,Musyoka,Male,Nairobi,Plus,Community Service,7,7,100.0,complete,2025-09-03,Q3 2025,completed
BEN-006380,Cynthia,Abdi,Female,Bungoma,Plus,Financial Literacy,7,9,77.8,In Progress,2026-04-07,Q2 2026,active
BEN-006383,Simon,Nduta,Male,Nakuru,Plus,Community Service,8,8,100.0,In Progress,2026-06-30,Q2 2026,active
BEN-006386,Esther,Achieng,Female,Kisumu,Plus,Health & Wellness,5,8,62.5,In Progress,2026-04-04,Q2 2026,active
BEN-006387,Peter,Kuria,Male,Nairobi,Plus,Entrepreneurship,14,15,93.3,In Progress,2026-04-12,Q2 2026,active
BEN-006388,Timothy,Mohamed,M,Nairobi,Plus,Health & Wellness,9,9,100.0,Completed,2026-02-16,Q1 2026,completed
BEN-006392,Chebet,Koech,Female,Nakuru,Plus,Community Service,7,10,70.0,COMPLETED,2025-11-06,Q4 2025,completed
BEN-006393,Joy,Charo,Female,Uasin Gishu,Plus,Financial Literacy,10,12,83.3,In Progress,2026-06-11,Q2 2026,active
BEN-006395,Achieng,Njenga,Female,uasin gishu,Plus,Entrepreneurship,15,16,93.8,Completed,2025-12-30,Q4 2025,completed
BEN-006399,Awuor,Gitau,Female,Kiambu,Plus,Health & Wellness,5,6,83.3,Completed,2025-11-16,Q4 2025,completed
BEN-006400,Achieng,Rotich,Female,Nakuru,Plus,Community Service,10,10,100.0,In Progress,2026-04-18,Q2 2026,active
BEN-006401,Purity,Rotich,female,Nyeri,Plus,Mentorship,15,20,75.0,In Progress,2026-03-18,Q1 2026,active
BEN-006402,Kevin,Wekesa,Male,Bungoma,Plus,Mentorship,10,19,52.6,In Progress,2026-04-01,Q2 2026,active
BEN-006403,Musyoka,Charo,Male,Nakuru,Plus,Community Service,5,6,83.3,Completed,2025-04-21,Q2 2025,completed
BEN-006408,Rotich,Nyambane,Male,Kakamega,Plus,Leadership,6,12,50.0,Dropped,2025-09-06,Q3 2025,dropped_out
BEN-006409,Faith,Otieno,Female,Kajiado,Plus,Life Skills,5,11,45.5,Dropped,2026-02-08,Q1 2026,dropped_out
BEN-006410,Anthony,Gitau,Male,Machakos,Plus,Community Service,4,10,40.0,Dropped,2026-03-07,Q1 2026,dropped_out
BEN-006412,Mumbi,Otieno,Female,Nairobi,Plus,Health & Wellness,4,8,50.0,Dropped,2025-09-30,Q3 2025,dropped_out
BEN-006413,Victor,Ngugi,MALE,Nyeri,Plus,Entrepreneurship,9,11,81.8,Completed,2025-10-30,Q4 2025,completed
BEN-006414,John,Njoroge,Male,KILIFI,Plus,Leadership,8,11,72.7,Completed,2025-08-05,Q3 2025,completed
BEN-006416,Caroline,Muthoni,Female,nairobi,Plus,Life Skills,14,14,100.0,Completed,2025-10-02,Q4 2025,completed
BEN-006420,Jerop,Nyambane,Female,Kilifi,Plus,Entrepreneurship,7,13,53.8,In Progress,2026-07-05,Q3 2026,active
BEN-006422,Nicholas,Kamau,MALE,Kajiado,Plus,Life Skills,6,14,42.9,Dropped,2025-04-21,Q2 2025,dropped_out
BEN-006426,Ali,Hassan,Male,Machakos,Plus,Community Service,3,6,50.0,In Progress,2026-08-14,Q3 2026,active
BEN-006429,Musyoka,Rotich,Male,Kilifi,Plus,Health & Wellness,5,7,71.4,Completed,2025-10-25,Q4 2025,completed
BEN-006430,Esther,Nduta,Female,Nairobi,Plus,Health & Wellness,4,9,44.4,In Progress,2026-04-24,Q2 2026,active
BEN-006434,Sharon,Cheruiyot,Female,Nairobi,Plus,Life Skills,14,14,100.0,Completed,2025-09-22,Q3 2025,completed
BEN-006437,Nkatha,Matano,Female,Nakuru,Plus,Leadership,9,12,75.0,In Progress,2026-09-13,Q3 2026,active
BEN-006439,Wanjiku,Barasa,Female,Kajiado,Plus,Mentorship,15,15,100.0,In Progress,2026-03-01,Q1 2026,active
BEN-006440,Anthony,Otieno,Male,Nyeri,Plus,Health & Wellness,7,7,100.0,Completed,2025-11-16,Q4 2025,completed
BEN-006441,Faith,Ochieng,Female,Nyeri,Plus,Life Skills,13,13,100.0,COMPLETED,2025-10-10,Q4 2025,completed
BEN-006444,Halima,Kariuki,Female,Nairobi,Plus,Community Service,4,6,66.7,Completed,2026-05-25,Q2 2026,completed
BEN-006445,Anyango,Nyambane,Female,Kajiado,Plus,Health & Wellness,3,7,42.9,Dropped,2025-04-21,Q2 2025,dropped_out
BEN-006446,Rotich,Charo,Male,Meru,Plus,Health & Wellness,5,7,71.4,DROPPED,2025-01-23,Q1 2025,dropped_out
BEN-006447,Mercy,Ngugi,female,Kisii,Plus,Community Service,7,9,77.8,Completed,2025-06-13,Q2 2025,completed
BEN-006449,Akinyi,Cheruiyot,Female,Kiambu,Plus,Entrepreneurship,9,12,75.0,In Progress,2026-08-12,Q3 2026,active
BEN-006450,Wangari,Hassan,Female,Kiambu,Plus,Health & Wellness,8,9,88.9,Completed,2026-04-26,Q2 2026,completed
BEN-006451,Omondi,Bett,Male,Nairobi,Plus,Health & Wellness,7,10,70.0,In Progress,2026-08-22,Q3 2026,active
BEN-006453,Nasieku,Omondi,Female,Kiambu,Plus,Mentorship,17,19,89.5,Completed,2026-04-16,Q2 2026,completed
BEN-006454,Simon,Charo,Male,Kilifi,Plus,Financial Literacy,9,11,81.8,Completed,2026-06-25,Q2 2026,completed
BEN-006456,Chepkoech,Wafula,Female,Machakos,Plus,Life Skills,7,10,70.0,COMPLETED,2026-03-02,Q1 2026,completed
BEN-006457,James,Hassan,Male,Kiambu,Plus,Health & Wellness,8,9,88.9,Completed,2025-06-24,Q2 2025,completed
BEN-006460,Emmanuel,Odhiambo,MALE,Nairobi,Plus,Mentorship,16,16,100.0,In Progress,2026-05-18,Q2 2026,active
BEN-006461,Cheruiyot,Cheruiyot,Male,Machakos,Plus,Leadership,8,12,66.7,COMPLETED,2025-10-03,Q4 2025,completed
BEN-006463,Korir,Ngugi,Male,Kisumu,Plus,Financial Literacy,9,12,75.0,Completed,2025-06-21,Q2 2025,completed
BEN-006464,Wangari,Omondi,Female,Kisumu,Plus,Leadership,10,12,83.3,In Progress,2026-03-03,Q1 2026,active
BEN-006465,Victor,Kariuki,Male,KIAMBU,Plus,Mentorship,8,17,47.1,Dropped,2026-05-16,Q2 2026,dropped_out
BEN-006467,Nasieku,Musyoka,Female,Kisii,Plus,Mentorship,10,20,50.0,Dropped,2025-08-28,Q3 2025,dropped_out
BEN-006468,Anyango,Hassan,Female,Nyeri,Plus,Health & Wellness,7,8,87.5,Completed,2025-01-11,Q1 2025,completed
BEN-006471,Jerop,Wafula,Female,Kajiado,Plus,Health & Wellness,7,8,87.5,In Progress,2026-08-03,Q3 2026,active
BEN-006472,Esther,Wekesa,Female,Nairobi,Plus,Community Service,6,6,100.0,In Progress,2026-09-12,Q3 2026,active
BEN-006476,Beatrice,Wekesa,Female,Meru,Plus,Leadership,3,8,37.5,Dropped,2026-03-31,Q1 2026,dropped_out
BEN-006477,Mercy,Owino,Female,Kilifi,Plus,Leadership,4,9,44.4,In Progress,2026-04-21,Q2 2026,active
BEN-006478,Neema,Mbogo,Female,Meru County,Plus,Community Service,8,9,88.9,In Progress,2026-02-18,Q1 2026,active
BEN-006480,Zawadi,Owino,Female,Kiambu,Plus,Entrepreneurship,12,14,85.7,In Progress,2026-05-11,Q2 2026,active
BEN-006481,Joy,Korir,Female,Kiambu,Plus,Leadership,8,11,72.7,Completed,2025-06-09,Q2 2025,completed
BEN-006482,Otieno,Kuria,Male,Muranga,Plus,Health & Wellness,5,6,83.3,COMPLETED,2026-02-06,Q1 2026,completed
BEN-006484,Grace,Musyoka,Female,Kisumu,Plus,Life Skills,10,13,76.9,Completed,2025-11-30,Q4 2025,completed
BEN-006485,Ali,Owino,Male,Kisii,Plus,Leadership,8,8,100.0,In Progress,2026-08-07,Q3 2026,active
BEN-006488,Kelvin,Ochieng,Male,Kakamega,Plus,Financial Literacy,7,11,63.6,In Progress,2026-08-02,Q3 2026,active
BEN-006490,Daniel,Kilonzo,Male,Bungoma,Plus,Community Service,7,8,87.5,In Progress,2026-09-15,Q3 2026,active
BEN-006491,Nyambura,Njoroge,Female,Kilifi,Plus,Life Skills,8,12,66.7,Completed,2025-02-23,Q1 2025,completed
BEN-006493,Wanjiru,Achieng,Female,Kisii,Plus,Community Service,6,10,60.0,Completed,2025-09-13,Q3 2025,completed
BEN-006494,Esther,Katana,Female,Nairobi,Plus,Health & Wellness,7,10,70.0,In Progress,2026-01-12,Q1 2026,active
BEN-006495,Patrick,Wanjiku,Male,Kiambu,Plus,Entrepreneurship,13,14,92.9,Completed,2025-11-18,Q4 2025,completed
BEN-006497,Anyango,Omondi,Female,Nakuru,Plus,Health & Wellness,7,10,70.0,In Progress,2026-06-16,Q2 2026,active
BEN-006498,Kendi,Mutua,Female,Kiambu,Plus,Mentorship,12,19,63.2,In Progress,2026-03-25,Q1 2026,active
BEN-006499,Mutua,Kilonzo,Male,Muranga,Plus,Community Service,7,10,70.0,In Progress,2026-09-24,Q3 2026,active
BEN-006500,Purity,Wafula,Female,Meru,Plus,Community Service,5,7,71.4,In Progress,2026-08-01,Q3 2026,active
BEN-006501,Anthony,Katana,Male,KISUMU,Plus,Life Skills,9,14,64.3,In Progress,2026-04-20,Q2 2026,active
BEN-006503,Grace,Gitau,Female,Kisii,Plus,Leadership,8,10,80.0,Completed,2025-04-12,Q2 2025,completed
BEN-006505,Chepkoech,Kimani,Female,Kilifi,Plus,Entrepreneurship,7,15,46.7,Dropped,2025-06-08,Q2 2025,dropped_out
BEN-006509,Cherono,Muthoni,Female,Uasin Gishu,Plus,Life Skills,8,12,66.7,In Progress,2026-05-27,Q2 2026,active
BEN-006513,Chepkoech,Juma,Female,Meru,Plus,Mentorship,17,20,85.0,In Progress,2026-09-30,Q3 2026,active
BEN-006517,Ali,Bett,Male,Nyeri,Plus,Mentorship,13,14,92.9,Completed,2025-06-01,Q2 2025,completed
BEN-006520,Grace,Wafula,Female,Kakamega,Plus,Life Skills,4,12,33.3,Dropped,2026-04-28,Q2 2026,dropped_out
BEN-006522,Chepkoech,Rotich,Female,Mombasa,Plus,Entrepreneurship,9,12,75.0,Completed,2025-04-25,Q2 2025,completed
BEN-006524,Patrick,Kariuki,Male,Uasin Gishu,Plus,Life Skills,9,11,81.8,In Progress,2026-05-10,Q2 2026,active
BEN-006527,Sharon,Juma,Female,Mombasa,Plus,Community Service,7,8,87.5,Completed,2025-09-24,Q3 2025,completed
BEN-006529,Njeri,Mohamed,Female,Kiambu,Plus,Leadership,8,10,80.0,In Progress,2026-05-03,Q2 2026,active
BEN-006530,Ali,Chebet,Male,Machakos,Plus,Leadership,5,8,62.5,Completed,2025-10-17,Q4 2025,completed
BEN-006533,Wanjiru,Muthoni,Female,Mombasa,Plus,Leadership,9,10,90.0,Completed,2025-12-24,Q4 2025,completed
BEN-006538,Cynthia,Ngugi,Female,Muranga,Plus,Mentorship,13,18,72.2,Completed,2026-02-07,Q1 2026,completed
BEN-006539,Boniface,Rotich,Male,Kisumu,Plus,Financial Literacy,6,11,54.5,Completed,2025-10-12,Q4 2025,completed
BEN-006540,Joy,Ochieng,Female,Kajiado,Plus,Leadership,7,11,63.6,Completed,2025-03-12,Q1 2025,completed
BEN-006541,Nasieku,Otieno,Female,Kakamega,Plus,Leadership,8,11,72.7,Completed,2026-02-04,Q1 2026,completed
BEN-006543,Francis,Nyambane,Male,Nyeri,Plus,Health & Wellness,6,6,100.0,Completed,2025-09-13,Q3 2025,completed
BEN-006544,Timothy,Kamau,Male,Nairobi,Plus,Health & Wellness,8,10,80.0,Completed,2025-07-19,Q3 2025,completed
BEN-006546,Wangari,Nyambane,Female,Kisumu,Plus,Life Skills,8,14,57.1,In Progress,2026-05-10,Q2 2026,active
BEN-006548,Kevin,Nyambane,Male,Meru,Plus,Health & Wellness,5,7,71.4,Dropped,2026-01-04,Q1 2026,dropped_out
BEN-006549,Mutua,Ngugi,male,Kisumu,Plus,Life Skills,7,14,50.0,In Progress,2026-04-09,Q2 2026,active
BEN-006551,Njeri,Gitau,Female,Kisumu,Plus,Health & Wellness,3,7,42.9,Dropped,2025-08-24,Q3 2025,dropped_out
BEN-006553,Musyoka,Barasa,Male,Mombasa,Plus,Financial Literacy,5,8,62.5,Completed,2025-10-11,Q4 2025,completed
BEN-006555,Victor,Otieno,Male,Mombasa,Plus,Financial Literacy,10,11,90.9,Completed,2025-06-12,Q2 2025,completed
BEN-006558,Chepkoech,Koech,Female,Nairobi,Plus,Entrepreneurship,7,10,70.0,Completed,2026-06-10,Q2 2026,completed
BEN-006562,Nkatha,Kariuki,FEMALE,Mombasa,Plus,Entrepreneurship,9,11,81.8,In Progress,2026-06-22,Q2 2026,active
BEN-006563,Kagure,Wanjiku,Female,Nairobi,Plus,Entrepreneurship,10,12,83.3,In Progress,2026-06-24,Q2 2026,active
BEN-006564,Kipchoge,Otieno,Male,mombasa,Plus,Life Skills,6,11,54.5,In Progress,2026-09-14,Q3 2026,active
BEN-006566,Kamau,Korir,Male,Kiambu,Plus,Mentorship,17,19,89.5,In Progress,2026-07-24,Q3 2026,active
BEN-006568,Achieng,Koech,Female,Machakos,Plus,Life Skills,6,11,54.5,Dropped,2026-06-09,Q2 2026,dropped_out
BEN-006571,Vincent,Hassan,Male,Kilifi,Plus,Financial Literacy,8,10,80.0,In Progress,2026-07-14,Q3 2026,active
BEN-006572,Akinyi,Owino,Female,Kilifi,Plus,Leadership,11,12,91.7,complete,2026-02-07,Q1 2026,completed
BEN-006573,Akinyi,Koech,Female,Kiambu,Plus,Entrepreneurship,16,16,100.0,Completed,2026-04-08,Q2 2026,completed
BEN-006574,Otieno,Abdi,Male,Kisumu,Plus,Community Service,3,9,33.3,Dropped,2025-10-06,Q4 2025,dropped_out
BEN-006575,Gathoni,Abdi,Female,Bungoma,Plus,Entrepreneurship,13,16,81.2,Completed,2025-08-16,Q3 2025,completed
BEN-006576,Chebet,Omondi,Female,Kajiado,Plus,Mentorship,8,16,50.0,Completed,2025-08-24,Q3 2025,completed
BEN-006580,Victor,Juma,m,Muranga,Plus,Mentorship,15,19,78.9,In Progress,2026-09-07,Q3 2026,active
BEN-006584,Barasa,Wanjiku,Male,Kajiado,Plus,Health & Wellness,7,8,87.5,Completed,2025-11-11,Q4 2025,completed
BEN-006585,Jerop,Chebet,Female,Nairobi,Plus,Life Skills,10,13,76.9,Completed,2026-03-23,Q1 2026,completed
BEN-006588,Wanjiru,Kariuki,Female,Nyeri,Plus,Life Skills,8,12,66.7,Completed,2025-01-20,Q1 2025,completed
BEN-006589,Musyoka,Matano,Male,Kilifi,Plus,Entrepreneurship,8,10,80.0,Completed,2025-07-28,Q3 2025,completed
BEN-006592,Esther,Mutua,Female,Kisumu,Plus,Life Skills,8,12,66.7,Completed,2026-01-09,Q1 2026,completed
BEN-006594,Mohamed,Bett,Male,Kisii,Plus,Leadership,9,11,81.8,Completed,2025-11-21,Q4 2025,completed
BEN-006598,Achieng,Gitau,Female,Uasin Gishu,Plus,Entrepreneurship,13,15,86.7,In Progress,2026-08-10,Q3 2026,active
BEN-006600,Brian,Cheruiyot,Male,Meru,Plus,Leadership,4,8,50.0,Completed,2025-12-03,Q4 2025,completed
BEN-006601,Vincent,Muthoni,Male,Nairobi,Plus,Entrepreneurship,8,13,61.5,complete,2025-10-16,Q4 2025,completed
BEN-006602,Rotich,Kiptoo,Male,Nairobi,Plus,Life Skills,8,11,72.7,In Progress,2026-07-01,Q3 2026,active
BEN-006603,Barasa,Maina,Male,Nyeri,Plus,Mentorship,20,20,100.0,Completed,2025-11-23,Q4 2025,completed
BEN-006604,Zawadi,Njoroge,Female,Mombasa,Plus,Financial Literacy,9,9,100.0,In Progress,2026-07-14,Q3 2026,active
BEN-006613,Emily,Maina,Female,Kajiado,Plus,Health & Wellness,5,7,71.4,In Progress,2026-08-01,Q3 2026,active
BEN-006617,Kendi,Ngugi,Female,Kisumu,Plus,Health & Wellness,5,7,71.4,Completed,2026-05-12,Q2 2026,completed
BEN-006621,Kelvin,Juma,MALE,Kiambu,Plus,Entrepreneurship,4,10,40.0,In Progress,2026-08-12,Q3 2026,active
BEN-006623,Grace,Bett,Female,Machakos,Plus,Mentorship,13,19,68.4,In Progress,2026-02-07,Q1 2026,active
BEN-006624,Mutua,Kilonzo,Male,Uasin Gishu,Plus,Health & Wellness,6,10,60.0,Dropped,2026-05-03,Q2 2026,dropped_out
BEN-006626,Stephen,Ochieng,Male,Machakos,Plus,Financial Literacy,9,10,90.0,Completed,2025-02-23,Q1 2025,completed
BEN-006627,Mercy,Achieng,Female,Kisumu,Plus,Financial Literacy,8,11,72.7,Completed,2026-03-23,Q1 2026,completed
BEN-006630,Abdi,Charo,Male,Mombasa,Plus,Mentorship,7,16,43.8,Dropped,2026-04-18,Q2 2026,dropped_out
BEN-006632,Caroline,Kiptoo,Female,Bungoma,Plus,Health & Wellness,5,9,55.6,Dropped,2025-10-24,Q4 2025,dropped_out
BEN-006633,Chepkoech,Kariuki,Female,Nairobi,Plus,Health & Wellness,6,9,66.7,In Progress,2026-09-26,Q3 2026,active
BEN-006636,Barasa,Wekesa,Male,NAIROBI,Plus,Financial Literacy,10,10,100.0,In Progress,2026-01-21,Q1 2026,active
BEN-006637,Kilonzo,Kilonzo,Male,Nairobi,Plus,Life Skills,11,11,100.0,Completed,2025-03-29,Q1 2025,completed
BEN-006639,Samuel,Bett,Male,Nairobi,Plus,Life Skills,11,13,84.6,Completed,2025-09-20,Q3 2025,completed
BEN-006640,Gathoni,Rotich,Female,Kajiado,Plus,Financial Literacy,8,10,80.0,In Progress,2026-09-10,Q3 2026,active
BEN-006643,Kagure,Kiptoo,Female,Kajiado,Plus,Mentorship,20,20,100.0,In Progress,2026-05-06,Q2 2026,active
BEN-006647,Boniface,Cheruiyot,Male,Nairobi,Plus,Leadership,7,9,77.8,In Progress,2026-05-10,Q2 2026,active
BEN-006653,Sharon,Muthoni,Female,Bungoma,Plus,Health & Wellness,4,9,44.4,Dropped,2026-05-26,Q2 2026,dropped_out
BEN-006656,Omondi,Nduta,Male,Nakuru,Plus,Mentorship,9,12,75.0,Completed,2025-04-06,Q2 2025,completed
BEN-006658,Boniface,Bett,Male,Nairobi,Plus,Financial Literacy,9,12,75.0,Completed,2026-03-24,Q1 2026,completed
BEN-006659,Kagure,Hassan,Female,Nairobi,Plus,Entrepreneurship,6,11,54.5,Dropped,2025-06-30,Q2 2025,dropped_out
BEN-006661,Kagure,Owino,Female,Kisumu,Plus,Community Service,5,7,71.4,In Progress,2026-04-20,Q2 2026,active
BEN-006662,Isaac,Charo,Male,Machakos,Plus,Leadership,6,10,60.0,Completed,2025-12-15,Q4 2025,completed
BEN-006663,Anthony,Nyambane,Male,Bungoma,Plus,Entrepreneurship,7,10,70.0,Completed,2025-11-10,Q4 2025,completed
BEN-006664,Mutua,Wekesa,Male,Nairobi,Plus,Community Service,4,8,50.0,Dropped,2026-02-11,Q1 2026,dropped_out
BEN-006666,Grace,Kiptoo,Female,Kajiado,Plus,Leadership,6,8,75.0,In Progress,2026-09-20,Q3 2026,active
BEN-006667,David,Kiptoo,Male,Nairobi,Plus,Community Service,5,6,83.3,Completed,2026-06-16,Q2 2026,completed
BEN-006668,Atieno,Wafula,Female,Nairobi,Plus,Entrepreneurship,9,11,81.8,In Progress,2026-08-02,Q3 2026,active
BEN-006670,Omondi,Matano,Male,Uasin Gishu,Plus,Entrepreneurship,11,14,78.6,Completed,2025-08-08,Q3 2025,completed
BEN-006672,Njeri,Mutiso,Female,Kakamega,Plus,Financial Literacy,10,12,83.3,In Progress,2026-08-31,Q3 2026,active
BEN-006674,Musyoka,Chebet,Male,Bungoma,Plus,Community Service,3,6,50.0,In Progress,2026-02-06,Q1 2026,active
BEN-006678,Francis,Ngugi,Male,Nairobi,Plus,Community Service,8,8,100.0,In Progress,2026-07-14,Q3 2026,active
BEN-006679,Wangari,Kimani,f,KISUMU,Plus,Mentorship,14,17,82.4,In Progress,2026-09-06,Q3 2026,active
BEN-006680,Beatrice,Wafula,Female,Nairobi,Plus,Health & Wellness,5,6,83.3,Completed,2025-07-01,Q3 2025,completed
BEN-006681,Stephen,Mutiso,MALE,Mombasa,Plus,Community Service,7,10,70.0,In Progress,2026-07-22,Q3 2026,active
BEN-006682,Kelvin,Kamau,Male,Kisumu,Plus,Financial Literacy,7,9,77.8,In Progress,2026-02-09,Q1 2026,active
BEN-006683,Cheruiyot,Kariuki,m,Nakuru,Plus,Community Service,3,6,50.0,Dropped,2025-07-06,Q3 2025,dropped_out
BEN-006686,Anyango,Gitau,Female,Uasin Gishu,Plus,Financial Literacy,7,12,58.3,Completed,2026-03-24,Q1 2026,completed
BEN-006688,Mutua,Nyambane,Male,Nairobi County,Plus,Life Skills,8,10,80.0,In Progress,2026-07-09,Q3 2026,active
BEN-006689,Esther,Onyango,Female,Bungoma,Plus,Entrepreneurship,7,10,70.0,In Progress,2026-01-14,Q1 2026,active
BEN-006690,Cherono,Kilonzo,Female,Machakos,Plus,Health & Wellness,6,10,60.0,Completed,2025-07-25,Q3 2025,completed
BEN-006697,Atieno,Kariuki,Female,Kiambu,Plus,Entrepreneurship,13,13,100.0,In Progress,2026-06-18,Q2 2026,active
BEN-006699,Halima,Mohamed,Female,Muranga,Plus,Leadership,8,10,80.0,In Progress,2026-05-31,Q2 2026,active
BEN-006704,Mutua,Wanjiku,Male,Bungoma,Plus,Entrepreneurship,8,13,61.5,Completed,2025-02-26,Q1 2025,completed
BEN-006705,Collins,Nyambane,Male,Kiambu,Plus,Community Service,7,10,70.0,In Progress,2026-09-27,Q3 2026,active
BEN-006706,Kagure,Wafula,Female,Kisumu,Plus,Mentorship,11,13,84.6,In Progress,2026-07-26,Q3 2026,active
BEN-006707,Mohamed,Abdi,Male,Mombasa,Plus,Life Skills,9,10,90.0,In Progress,2026-08-29,Q3 2026,active
BEN-006708,Emmanuel,Nduta,Male,Bungoma,Plus,Financial Literacy,6,8,75.0,In Progress,2026-08-10,Q3 2026,active
BEN-006710,Zawadi,Bett,Female,Nakuru,Plus,Entrepreneurship,9,13,69.2,In Progress,2026-01-23,Q1 2026,active
BEN-006713,Chebet,Nduta,Female,Nairobi,Plus,Leadership,10,12,83.3,Completed,2025-08-14,Q3 2025,completed
BEN-006717,Brian,Mbogo,Male,Nairobi,Plus,Entrepreneurship,9,11,81.8,Completed,2025-05-25,Q2 2025,completed
BEN-006718,James,Wafula,Male,Meru,Plus,Entrepreneurship,6,13,46.2,Dropped,2025-08-19,Q3 2025,dropped_out
BEN-006722,Rotich,Mwakio,Male,MURANGA,Plus,Mentorship,12,20,60.0,Completed,2026-03-22,Q1 2026,completed
BEN-006723,Odhiambo,Musyoka,Male,Nairobi,Plus,Health & Wellness,9,10,90.0,Completed,2025-08-06,Q3 2025,completed
BEN-006724,Njeri,Barasa,Female,kakamega,Plus,Community Service,5,9,55.6,In Progress,2026-06-01,Q2 2026,active
BEN-006726,Dennis,Korir,Male,Mombasa,Plus,Life Skills,9,12,75.0,In Progress,2026-05-19,Q2 2026,active
BEN-006728,Mumbi,Mbogo,FEMALE,Nakuru,Plus,Mentorship,9,16,56.2,Dropped,2026-01-25,Q1 2026,dropped_out
BEN-006730,Faith,Juma,f,Kajiado,Plus,Health & Wellness,5,6,83.3,Completed,2025-09-01,Q3 2025,completed
BEN-006731,Caroline,Njoroge,Female,Nairobi,Plus,Life Skills,10,11,90.9,In Progress,2026-09-29,Q3 2026,active
BEN-006733,Nyambura,Mbogo,Female,Bungoma,Plus,Entrepreneurship,9,11,81.8,Completed,2025-12-09,Q4 2025,completed
BEN-006734,Collins,Mutua,Male,Muranga,Plus,Financial Literacy,7,9,77.8,In Progress,2026-01-22,Q1 2026,active
BEN-006735,Samuel,Njenga,male,Machakos,Plus,Mentorship,6,12,50.0,Dropped,2026-05-12,Q2 2026,dropped_out
BEN-006737,Akinyi,Charo,Female,Kisii,Plus,Entrepreneurship,7,10,70.0,In Progress,2026-07-08,Q3 2026,active
BEN-006740,Mercy,Odhiambo,Female,Machakos,Plus,Financial Literacy,5,9,55.6,Dropped,2025-09-21,Q3 2025,dropped_out
BEN-006745,Jerop,Kiptoo,Female,Nairobi,Plus,Mentorship,11,13,84.6,In Progress,2026-07-01,Q3 2026,active
BEN-006746,Nyambura,Kiptoo,Female,Machakos,Plus,Life Skills,8,11,72.7,Completed,2025-12-07,Q4 2025,completed
BEN-006749,Wanjiru,Achieng,Female,NAIROBI,Plus,Health & Wellness,8,10,80.0,In Progress,2026-03-13,Q1 2026,active
BEN-006750,Kendi,Mwangi,Female,Kiambu,Plus,Financial Literacy,7,10,70.0,Completed,2025-11-05,Q4 2025,completed
BEN-006751,Patrick,Gitau,Male,Kilifi,Plus,Life Skills,6,11,54.5,Dropped,2025-07-04,Q3 2025,dropped_out
BEN-006753,Chepkoech,Gitau,Female,Kajiado,Plus,Life Skills,7,11,63.6,Completed,2025-02-05,Q1 2025,completed
BEN-006758,Awuor,Mutiso,Female,Machakos,Plus,Community Service,4,10,40.0,Dropped,2025-10-28,Q4 2025,dropped_out
BEN-006761,Neema,Nyambane,F,Nairobi,Plus,Mentorship,12,15,80.0,In Progress,2026-07-10,Q3 2026,active
BEN-006764,Sharon,Owino,Female,Kajiado,Plus,Community Service,8,9,88.9,Completed,2026-02-23,Q1 2026,completed
BEN-006765,Faith,Ochieng,Female,Machakos,Plus,Community Service,6,8,75.0,In Progress,2026-07-01,Q3 2026,active
BEN-006766,Njeri,Koech,Female,Nakuru,Plus,Financial Literacy,10,12,83.3,In Progress,2026-05-21,Q2 2026,active
BEN-006767,Wanjiku,Mutua,Female,Nyeri County,Plus,Mentorship,15,16,93.8,COMPLETED,2025-03-02,Q1 2025,completed
BEN-006776,Nicholas,Kariuki,male,Kilifi,Plus,Health & Wellness,6,9,66.7,In Progress,2026-07-05,Q3 2026,active
BEN-006780,Mutua,Nduta,Male,Nairobi,Plus,Mentorship,15,20,75.0,Completed,2026-04-10,Q2 2026,completed
BEN-006784,Amina,Bett,Female,Nairobi,Plus,Community Service,9,9,100.0,Completed,2025-06-09,Q2 2025,completed
BEN-006785,Wekesa,Wanjiku,Male,Bungoma,Plus,Entrepreneurship,10,15,66.7,Completed,2026-01-13,Q1 2026,completed
BEN-006786,Wanjiku,Mwakio,Female,Nairobi,Plus,Leadership,5,8,62.5,Dropped,2025-12-06,Q4 2025,dropped_out
BEN-006789,Beatrice,Juma,Female,Kilifi,Plus,Mentorship,9,12,75.0,In Progress,2026-08-21,Q3 2026,active
BEN-006792,Diana,Omondi,Female,Nairobi,Plus,Financial Literacy,12,12,100.0,In Progress,2026-08-19,Q3 2026,active
BEN-006795,Mohamed,Mwangi,Male,NAIROBI,Plus,Health & Wellness,5,6,83.3,In Progress,2026-08-28,Q3 2026,active
BEN-006797,Halima,Hassan,Female,Meru,Plus,Financial Literacy,8,12,66.7,Dropped,2025-07-11,Q3 2025,dropped_out
BEN-006799,Wanjiku,Barasa,Female,Nairobi,Plus,Community Service,6,6,100.0,In Progress,2026-04-03,Q2 2026,active
BEN-006803,Atieno,Onyango,female,Nairobi,Plus,Entrepreneurship,10,13,76.9,Completed,2026-05-19,Q2 2026,completed
BEN-006806,Samuel,Mutua,Male,Nairobi,Plus,Life Skills,11,11,100.0,In Progress,2026-07-14,Q3 2026,active
BEN-006808,Akinyi,Omondi,Female,Nakuru,Plus,Entrepreneurship,11,12,91.7,Completed,2025-12-07,Q4 2025,completed
BEN-006809,Ali,Njoroge,Male,Bungoma County,Plus,Life Skills,4,11,36.4,Dropped,2026-05-24,Q2 2026,dropped_out
BEN-006814,Chebet,Onyango,Female,Kiambu,Plus,Entrepreneurship,13,14,92.9,Completed,2025-12-22,Q4 2025,completed
BEN-006818,Mumbi,Muthoni,Female,Uasin Gishu,Plus,Life Skills,6,12,50.0,In Progress,2026-03-09,Q1 2026,active
BEN-006820,Naisula,Muthoni,Female,Kakamega,Plus,Community Service,4,7,57.1,Dropped,2025-12-29,Q4 2025,dropped_out
BEN-006821,Cynthia,Wekesa,Female,Meru,Plus,Leadership,8,11,72.7,In Progress,2026-08-17,Q3 2026,active
BEN-006823,Omondi,Owino,Male,Nakuru,Plus,Entrepreneurship,12,16,75.0,In Progress,2026-05-23,Q2 2026,active
BEN-006826,Kelvin,Mwangi,Male,Meru,Plus,Health & Wellness,3,7,42.9,Dropped,2026-02-05,Q1 2026,dropped_out
BEN-006830,Kelvin,Kuria,Male,Kilifi,Plus,Financial Literacy,4,9,44.4,Dropped,2026-04-23,Q2 2026,dropped_out
BEN-006831,Odhiambo,Kimani,Male,Nairobi,Plus,Financial Literacy,5,9,55.6,Completed,2026-05-08,Q2 2026,completed
BEN-006836,Simon,Musyoka,Male,Kakamega,Plus,Financial Literacy,4,8,50.0,In Progress,2026-06-28,Q2 2026,active
BEN-006839,Wangari,Rotich,Female,Nairobi County,Plus,Entrepreneurship,8,13,61.5,Completed,2025-12-09,Q4 2025,completed
BEN-006840,Chepkoech,Koech,Female,Kakamega,Plus,Life Skills,7,11,63.6,Completed,2026-05-10,Q2 2026,completed
BEN-006847,Chebet,Owino,Female,Uasin Gishu,Plus,Life Skills,14,14,100.0,Completed,2025-02-08,Q1 2025,completed
BEN-006850,Mohamed,Juma,Male,Kakamega,Plus,Mentorship,9,12,75.0,Completed,2026-02-22,Q1 2026,completed
BEN-006851,Joy,Charo,Female,UASIN_GISHU,Plus,Community Service,6,6,100.0,Completed,2026-03-25,Q1 2026,completed
BEN-006853,Emily,Bett,Female,kiambu,Plus,Financial Literacy,11,12,91.7,Completed,2025-09-26,Q3 2025,completed
BEN-006854,Naisula,Musyoka,F,Nyeri,Plus,Life Skills,5,12,41.7,In Progress,2026-09-07,Q3 2026,active
BEN-006855,Wanjiru,Rotich,Female,Meru,Plus,Mentorship,5,16,31.2,In Progress,2026-08-18,Q3 2026,active
BEN-006859,Samuel,Chebet,Male,Uasin Gishu,Plus,Community Service,7,7,100.0,Completed,2025-03-17,Q1 2025,completed
BEN-006861,Faith,Cheruiyot,Female,Kisumu,Plus,Community Service,8,10,80.0,Completed,2025-01-24,Q1 2025,completed
BEN-006862,Nyambura,Kiptoo,Female,Kakamega,Plus,Mentorship,10,15,66.7,Dropped,2025-07-12,Q3 2025,dropped_out
BEN-006874,Kendi,Chebet,Female,Kisii,Plus,Entrepreneurship,8,12,66.7,In Progress,2026-06-25,Q2 2026,active
BEN-006875,Nkatha,Ngugi,Female,Nairobi,Plus,Life Skills,7,12,58.3,Dropped,2025-08-13,Q3 2025,dropped_out
BEN-006876,Timothy,Omondi,Male,Nairobi,Plus,Mentorship,13,19,68.4,Completed,2025-02-14,Q1 2025,completed
BEN-006879,Mumbi,Odhiambo,Female,Mombasa,Plus,Mentorship,10,15,66.7,complete,2025-07-19,Q3 2025,completed
BEN-006881,Amina,Baya,Female,NAIROBI,Plus,Health & Wellness,8,10,80.0,In Progress,2026-07-22,Q3 2026,active
BEN-006882,Grace,Achieng,Female,Nairobi,Plus,Leadership,9,11,81.8,In Progress,2026-05-14,Q2 2026,active
BEN-006884,Nasieku,Bett,Female,Kiambu,Plus,Financial Literacy,6,8,75.0,In Progress,2026-06-21,Q2 2026,active
BEN-006886,Emily,Wanjiku,Female,Machakos,Plus,Mentorship,6,14,42.9,Dropped,2025-08-27,Q3 2025,dropped_out
BEN-006892,John,Owino,Male,Machakos,Plus,Mentorship,9,18,50.0,In Progress,2026-09-19,Q3 2026,active
BEN-006894,Kevin,Ngugi,Male,Nyeri,Plus,Mentorship,14,16,87.5,In Progress,2026-03-12,Q1 2026,active
BEN-006895,Patrick,Kuria,Male,Kilifi,Plus,Life Skills,6,14,42.9,DROPPED,2026-01-28,Q1 2026,dropped_out
BEN-006897,Baraka,Musyoka,Male,Kakamega,Plus,Life Skills,11,12,91.7,In Progress,2026-04-22,Q2 2026,active
BEN-006898,Isaac,Onyango,Male,Nairobi,Plus,Life Skills,13,14,92.9,In Progress,2026-01-22,Q1 2026,active
BEN-006899,Sharon,Hassan,Female,Kisii,Plus,Community Service,4,7,57.1,DROPPED,2026-06-16,Q2 2026,dropped_out
BEN-006900,Akinyi,Chebet,Female,Muranga,Plus,Health & Wellness,6,6,100.0,Completed,2026-03-25,Q1 2026,completed
BEN-006902,John,Barasa,Male,Kiambu,Plus,Health & Wellness,5,7,71.4,dropped out,2025-07-10,Q3 2025,dropped_out
BEN-006907,Zawadi,Charo,Female,Uasin Gishu,Plus,Leadership,6,11,54.5,In Progress,2026-06-04,Q2 2026,active
BEN-006908,Nkatha,Barasa,Female,Uasin Gishu,Plus,Health & Wellness,6,8,75.0,complete,2025-08-19,Q3 2025,completed
BEN-006910,Akinyi,Musyoka,Female,Uasin Gishu,Plus,Entrepreneurship,9,11,81.8,In Progress,2026-08-19,Q3 2026,active
BEN-006911,Onyango,Nduta,Male,Kiambu,Plus,Entrepreneurship,10,16,62.5,Dropped,2026-01-21,Q1 2026,dropped_out
BEN-006916,Boniface,Katana,Male,Meru,Plus,Community Service,4,8,50.0,In Progress,2026-08-12,Q3 2026,active
BEN-006917,Purity,Kilonzo,Female,Mombasa,Plus,Health & Wellness,6,9,66.7,Completed,2026-02-08,Q1 2026,completed
BEN-006918,Zawadi,Omondi,Female,nakuru,Plus,Financial Literacy,6,9,66.7,Completed,2025-12-23,Q4 2025,completed
BEN-006922,Cynthia,Wanjiku,Female,Uasin Gishu,Plus,Financial Literacy,8,8,100.0,Completed,2025-10-05,Q4 2025,completed
BEN-006923,Grace,Muthoni,Female,Muranga,Plus,Financial Literacy,10,11,90.9,In Progress,2026-03-25,Q1 2026,active
BEN-006924,Dennis,Baya,Male,Nairobi,Plus,Mentorship,11,13,84.6,In Progress,2026-08-10,Q3 2026,active
BEN-006926,Nicholas,Owino,Male,Nakuru,Plus,Health & Wellness,5,8,62.5,In Progress,2026-03-07,Q1 2026,active
BEN-006928,Naisula,Onyango,Female,Nairobi,Plus,Leadership,7,10,70.0,In Progress,2026-06-15,Q2 2026,active
BEN-006931,Patrick,Mutua,Male,Nairobi,Plus,Community Service,5,7,71.4,Dropped,2025-10-31,Q4 2025,dropped_out
BEN-006934,Caroline,Gitau,Female,kakamega,Plus,Leadership,8,11,72.7,In Progress,2026-07-02,Q3 2026,active
BEN-006935,Odhiambo,Abdi,male,nakuru,Plus,Life Skills,9,10,90.0,Completed,2025-12-15,Q4 2025,completed
BEN-006938,Cheruiyot,Kuria,Male,KAKAMEGA,Plus,Leadership,7,10,70.0,Completed,2025-06-26,Q2 2025,completed
BEN-006939,Jerop,Mohamed,Female,Nairobi,Plus,Mentorship,13,15,86.7,COMPLETED,2026-01-17,Q1 2026,completed
BEN-006940,Faith,Njenga,Female,Mombasa,Plus,Mentorship,17,19,89.5,Completed,2025-10-16,Q4 2025,completed
BEN-006944,Kiptoo,Abdi,Male,Nairobi,Plus,Community Service,7,9,77.8,In Progress,2026-04-07,Q2 2026,active
BEN-006947,Chepkoech,Koech,F,Nairobi,Plus,Life Skills,14,14,100.0,Completed,2026-04-09,Q2 2026,completed
BEN-006953,Neema,Mutua,Female,Nakuru,Plus,Financial Literacy,4,8,50.0,Dropped,2025-08-30,Q3 2025,dropped_out
BEN-006954,Njeri,Cheruiyot,Female,Kiambu,Plus,Health & Wellness,9,10,90.0,Completed,2025-04-08,Q2 2025,completed
BEN-006961,Chepkoech,Wanjiku,Female,Muranga,Plus,Financial Literacy,10,12,83.3,In Progress,2026-09-24,Q3 2026,active
BEN-006967,Grace,Omondi,Female,Nyeri,Plus,Entrepreneurship,6,12,50.0,Dropped,2026-05-20,Q2 2026,dropped_out
BEN-006971,Njeri,Wafula,Female,Kiambu,Plus,Life Skills,10,14,71.4,In Progress,2026-09-10,Q3 2026,active
BEN-006973,Brenda,Hassan,Female,Machakos,Plus,Health & Wellness,9,9,100.0,In Progress,2026-07-17,Q3 2026,active
BEN-006976,Daniel,Koech,Male,Machakos,Plus,Leadership,5,8,62.5,In Progress,2026-09-19,Q3 2026,active
BEN-006978,Achieng,Odhiambo,Female,Bungoma,Plus,Entrepreneurship,6,16,37.5,Dropped,2025-01-16,Q1 2025,dropped_out
BEN-006979,Zawadi,Odhiambo,Female,Nairobi,Plus,Mentorship,14,16,87.5,Completed,2025-05-11,Q2 2025,completed
BEN-006981,Esther,Maina,Female,Uasin Gishu,Plus,Life Skills,10,14,71.4,Completed,2025-06-30,Q2 2025,completed
BEN-006982,Neema,Nduta,Female,Kajiado,Plus,Financial Literacy,12,12,100.0,Completed,2026-06-10,Q2 2026,completed
BEN-006983,Emily,Barasa,Female,Nyeri,Plus,Financial Literacy,3,11,27.3,Dropped,2025-04-04,Q2 2025,dropped_out
BEN-006986,Wanjiku,Mutiso,Female,Kajiado,Plus,Life Skills,9,11,81.8,In Progress,2026-06-28,Q2 2026,active
BEN-006987,Rotich,Kariuki,Male,Kiambu,Plus,Leadership,7,9,77.8,In Progress,2026-05-26,Q2 2026,active
BEN-006989,David,Kuria,Male,Nairobi County,Plus,Life Skills,11,11,100.0,Completed,2025-08-29,Q3 2025,completed
BEN-006995,Emily,Katana,Female,Kilifi,Plus,Leadership,7,11,63.6,In Progress,2026-09-10,Q3 2026,active
BEN-006997,Simon,Mbogo,Male,machakos,Plus,Entrepreneurship,12,13,92.3,Completed,2025-05-03,Q2 2025,completed
BEN-006998,Mutua,Juma,Male,Uasin Gishu,Plus,Entrepreneurship,9,13,69.2,Completed,2025-04-26,Q2 2025,completed
BEN-007002,Awuor,Matano,Female,Kilifi,Plus,Community Service,2,6,33.3,Dropped,2025-01-06,Q1 2025,dropped_out
BEN-007006,Rotich,Njoroge,Male,Kiambu,Plus,Community Service,8,10,80.0,Completed,2026-01-20,Q1 2026,completed
BEN-007010,Dennis,Omondi,Male,Kisumu,Plus,Entrepreneurship,6,11,54.5,Completed,2025-01-11,Q1 2025,completed
BEN-007011,Mercy,Bett,Female,Meru,Plus,Health & Wellness,4,7,57.1,dropped out,2025-10-02,Q4 2025,dropped_out
BEN-007013,Korir,Bett,Male,Nairobi,Plus,Community Service,8,9,88.9,In Progress,2026-07-16,Q3 2026,active
BEN-007014,Peter,Mbogo,Male,Kiambu,Plus,Life Skills,8,11,72.7,In Progress,2026-01-07,Q1 2026,active
BEN-007016,Atieno,Muthoni,Female,Uasin Gishu,Plus,Mentorship,18,18,100.0,Completed,2025-10-11,Q4 2025,completed
BEN-007021,Wanjiku,Kuria,Female,Meru,Plus,Community Service,4,8,50.0,In Progress,2026-05-20,Q2 2026,active
BEN-007022,Neema,Kilonzo,FEMALE,Kiambu,Plus,Entrepreneurship,9,11,81.8,Completed,2026-01-26,Q1 2026,completed
BEN-007023,Onyango,Mwakio,Male,Mombasa,Plus,Health & Wellness,6,9,66.7,In Progress,2026-04-03,Q2 2026,active
BEN-007024,Simon,Matano,Male,Bungoma,Plus,Financial Literacy,7,12,58.3,Dropped,2025-10-10,Q4 2025,dropped_out
BEN-007028,Mohamed,Achieng,Male,Nairobi,Plus,Entrepreneurship,9,13,69.2,complete,2025-07-17,Q3 2025,completed
BEN-007029,Nyambura,Rotich,Female,Kiambu,Plus,Health & Wellness,7,9,77.8,Completed,2026-01-14,Q1 2026,completed
BEN-007031,Beatrice,Mwakio,Female,Kiambu,Plus,Health & Wellness,8,10,80.0,In Progress,2026-06-28,Q2 2026,active
BEN-007032,Jerop,Kariuki,Female,Nairobi,Plus,Mentorship,15,15,100.0,Completed,2026-03-22,Q1 2026,completed
BEN-007034,Anyango,Juma,F,Nairobi,Plus,Health & Wellness,8,10,80.0,In Progress,2026-05-10,Q2 2026,active
BEN-007035,Barasa,Kariuki,Male,Mombasa,Plus,Community Service,6,9,66.7,Completed,2025-10-05,Q4 2025,completed
BEN-007036,Vincent,Achieng,Male,Machakos,Plus,Entrepreneurship,9,13,69.2,In Progress,2026-07-11,Q3 2026,active
BEN-007037,Wanjiru,Cheruiyot,Female,KIAMBU,Plus,Financial Literacy,7,9,77.8,In Progress,2026-06-19,Q2 2026,active
BEN-007039,Otieno,Mutua,Male,Kilifi,Plus,Health & Wellness,4,7,57.1,In Progress,2026-07-24,Q3 2026,active
BEN-007042,Joseph,Wekesa,Male,Nairobi,Plus,Leadership,8,12,66.7,In Progress,2026-03-18,Q1 2026,active
BEN-007044,Peter,Muthoni,Male,Nairobi,Plus,Community Service,9,9,100.0,Completed,2026-05-12,Q2 2026,completed
BEN-007046,Neema,Muthoni,Female,Nyeri,Plus,Mentorship,16,16,100.0,In Progress,2026-05-19,Q2 2026,active
BEN-007047,Simon,Otieno,Male,Kisii,Plus,Mentorship,15,19,78.9,In Progress,2026-07-09,Q3 2026,active
BEN-007050,Atieno,Nduta,Female,Nyeri,Plus,Leadership,10,12,83.3,In Progress,2026-05-31,Q2 2026,active
BEN-007052,Joy,Nyambane,FEMALE,Meru,Plus,Financial Literacy,10,10,100.0,complete,2026-05-13,Q2 2026,completed
BEN-007062,Mumbi,Mutiso,Female,Nairobi,Plus,Health & Wellness,9,9,100.0,In Progress,2026-04-02,Q2 2026,active
BEN-007063,Ali,Mbogo,Male,Uasin Gishu,Plus,Health & Wellness,5,8,62.5,Dropped,2025-02-20,Q1 2025,dropped_out
BEN-007064,Onyango,Hassan,Male,Nyeri,Plus,Mentorship,12,20,60.0,Dropped,2026-04-14,Q2 2026,dropped_out
BEN-007067,Neema,Abdi,Female,Nairobi,Plus,Community Service,6,8,75.0,Completed,2026-01-22,Q1 2026,completed
BEN-007068,Victor,Omondi,Male,KISUMU,Plus,Mentorship,8,12,66.7,Dropped,2026-04-15,Q2 2026,dropped_out
BEN-007069,Nasieku,Juma,Female,Uasin Gishu,Plus,Mentorship,9,12,75.0,In Progress,2026-09-07,Q3 2026,active
BEN-007071,Kiptoo,Kuria,Male,Kisii,Plus,Health & Wellness,4,10,40.0,Dropped,2025-12-11,Q4 2025,dropped_out
BEN-007072,Ali,Njenga,Male,Nairobi,Plus,Leadership,7,8,87.5,Completed,2025-09-30,Q3 2025,completed
BEN-007075,Nicholas,Mwangi,Male,Uasin Gishu,Plus,Life Skills,7,10,70.0,In Progress,2026-08-15,Q3 2026,active
BEN-007076,Peter,Gitau,male,Kiambu,Plus,Entrepreneurship,14,16,87.5,Completed,2025-10-26,Q4 2025,completed
BEN-007078,Diana,Koech,Female,Nyeri,Plus,Community Service,6,8,75.0,Completed,2025-12-14,Q4 2025,completed
BEN-007079,Akinyi,Juma,Female,Mombasa,Plus,Leadership,9,9,100.0,In Progress,2026-06-14,Q2 2026,active
BEN-007080,Brenda,Chebet,Female,Kajiado,Plus,Entrepreneurship,11,12,91.7,Completed,2025-07-14,Q3 2025,completed
BEN-007081,Wangari,Kuria,Female,Kisii,Plus,Mentorship,13,17,76.5,Completed,2026-02-09,Q1 2026,completed
BEN-007083,Timothy,Otieno,Male,Kisumu,Plus,Leadership,5,10,50.0,Dropped,2025-10-20,Q4 2025,dropped_out
BEN-007087,Kilonzo,Wanjiku,Male,Mombasa,Plus,Financial Literacy,7,9,77.8,Completed,2025-01-12,Q1 2025,completed
BEN-007090,Collins,Mutua,Male,Bungoma,Plus,Community Service,7,9,77.8,In Progress,2026-04-26,Q2 2026,active
BEN-007091,Kelvin,Maina,Male,muranga,Plus,Life Skills,12,12,100.0,Completed,2026-01-05,Q1 2026,completed
BEN-007093,Kagure,Wanjiku,Female,Kiambu,Plus,Life Skills,8,12,66.7,In Progress,2026-07-16,Q3 2026,active
BEN-007095,Sharon,Otieno,Female,nairobi,Plus,Financial Literacy,10,12,83.3,In Progress,2026-03-24,Q1 2026,active
BEN-007097,Kilonzo,Kimani,Male,Kajiado,Plus,Entrepreneurship,11,15,73.3,Completed,2025-12-21,Q4 2025,completed
BEN-007099,Esther,Omondi,Female,Kiambu,Plus,Life Skills,9,12,75.0,Completed,2025-08-16,Q3 2025,completed
BEN-007102,Wekesa,Mbogo,Male,Machakos,Plus,Mentorship,14,17,82.4,COMPLETED,2025-08-24,Q3 2025,completed
BEN-007105,Odhiambo,Wekesa,Male,Kisii,Plus,Community Service,7,8,87.5,In Progress,2026-09-06,Q3 2026,active
BEN-007106,Abdi,Odhiambo,Male,Muranga,Plus,Community Service,6,7,85.7,Completed,2025-11-30,Q4 2025,completed
BEN-007107,Simon,Bett,Male,Kilifi,Plus,Financial Literacy,5,8,62.5,Completed,2025-07-22,Q3 2025,completed
BEN-007108,Cynthia,Muthoni,f,Kakamega,Plus,Life Skills,7,10,70.0,Completed,2026-06-27,Q2 2026,completed
BEN-007109,Njeri,Owino,Female,Kisumu,Plus,Entrepreneurship,12,16,75.0,Completed,2025-09-02,Q3 2025,completed
BEN-007111,Kagure,Odhiambo,Female,Machakos,Plus,Health & Wellness,6,9,66.7,In Progress,2026-06-01,Q2 2026,active
BEN-007112,Chepkoech,Wekesa,Female,Nairobi,Plus,Financial Literacy,7,9,77.8,Completed,2026-03-17,Q1 2026,completed
BEN-007114,Wangari,Charo,Female,Mombasa,Plus,Life Skills,7,11,63.6,In Progress,2026-08-14,Q3 2026,active
BEN-007116,Joy,Abdi,Female,Muranga,Plus,Life Skills,10,10,100.0,Completed,2026-01-09,Q1 2026,completed
BEN-007117,James,Nyambane,Male,Kakamega County,Plus,Mentorship,6,14,42.9,Dropped,2025-05-22,Q2 2025,dropped_out
BEN-007119,Musyoka,Mwakio,Male,Bungoma,Plus,Community Service,7,7,100.0,Completed,2025-10-04,Q4 2025,completed
BEN-007120,Halima,Kariuki,Female,Kiambu,Plus,Financial Literacy,9,10,90.0,In Progress,2026-08-22,Q3 2026,active
BEN-007121,Kendi,Muthoni,Female,Nairobi,Plus,Financial Literacy,10,10,100.0,Completed,2025-12-22,Q4 2025,completed
BEN-007122,Odhiambo,Mbogo,Male,Kiambu,Plus,Health & Wellness,4,6,66.7,Completed,2025-09-15,Q3 2025,completed
BEN-007123,Brian,Katana,Male,Kisumu,Plus,Life Skills,10,14,71.4,Completed,2025-05-28,Q2 2025,completed
BEN-007128,Wanjiru,Mwakio,female,Kisii,Plus,Leadership,5,11,45.5,In Progress,2026-09-10,Q3 2026,active
BEN-007130,Diana,Owino,Female,Kakamega,Plus,Health & Wellness,5,8,62.5,Completed,2026-01-24,Q1 2026,completed
BEN-007134,Wekesa,Njenga,Male,nyeri,Plus,Leadership,10,11,90.9,In Progress,2026-06-11,Q2 2026,active
BEN-007135,David,Bett,male,Nairobi,Plus,Entrepreneurship,9,11,81.8,Completed,2026-01-10,Q1 2026,completed
BEN-007145,Chebet,Kamau,Female,Uasin Gishu,Plus,Life Skills,6,13,46.2,Dropped,2026-05-04,Q2 2026,dropped_out
BEN-007146,Barasa,Omondi,Male,Nyeri,Plus,Life Skills,11,13,84.6,Completed,2026-02-20,Q1 2026,completed
BEN-007149,John,Omondi,Male,Nairobi,Plus,Leadership,6,8,75.0,In Progress,2026-04-11,Q2 2026,active
BEN-007152,Omondi,Wafula,Male,Kisumu,Plus,Health & Wellness,5,9,55.6,Dropped,2026-03-31,Q1 2026,dropped_out
BEN-007153,Nyambura,Wanjiku,Female,Uasin Gishu,Plus,Leadership,8,10,80.0,In Progress,2026-09-03,Q3 2026,active
BEN-007155,Brenda,Njoroge,Female,Bungoma,Plus,Mentorship,11,19,57.9,In Progress,2026-07-08,Q3 2026,active
BEN-007158,Nyambura,Kuria,Female,Nairobi,Plus,Financial Literacy,8,9,88.9,In Progress,2026-04-03,Q2 2026,active
BEN-007161,Onyango,Gitau,male,Kiambu,Plus,Financial Literacy,9,10,90.0,In Progress,2026-02-28,Q1 2026,active
BEN-007166,Nicholas,Mutiso,Male,KIAMBU,Plus,Community Service,7,10,70.0,complete,2025-05-14,Q2 2025,completed
BEN-007169,Anthony,Juma,Male,Muranga,Plus,Life Skills,9,14,64.3,Completed,2026-02-09,Q1 2026,completed
BEN-007171,Wanjiru,Wafula,Female,Kisumu,Plus,Leadership,7,9,77.8,In Progress,2026-09-30,Q3 2026,active
BEN-007172,Kevin,Mbogo,Male,Kakamega,Plus,Leadership,6,10,60.0,In Progress,2026-09-22,Q3 2026,active
BEN-007173,Naisula,Kuria,Female,KISII,Plus,Life Skills,11,12,91.7,In Progress,2026-02-12,Q1 2026,active
BEN-007177,Collins,Nyambane,Male,Nairobi,Plus,Community Service,8,8,100.0,In Progress,2026-07-07,Q3 2026,active
BEN-007181,Zawadi,Chebet,Female,Nairobi,Plus,Leadership,9,11,81.8,In Progress,2026-07-27,Q3 2026,active
BEN-007184,Ali,Njoroge,Male,Nairobi,Plus,Financial Literacy,11,11,100.0,In Progress,2026-05-11,Q2 2026,active
BEN-007186,Wanjiru,Abdi,Female,Mombasa,Plus,Life Skills,8,13,61.5,In Progress,2026-01-31,Q1 2026,active
BEN-007187,Cynthia,Charo,Female,Kisumu,Plus,Entrepreneurship,11,12,91.7,In Progress,2026-03-04,Q1 2026,active
BEN-007192,Wanjiru,Katana,Female,Kiambu,Plus,Life Skills,6,12,50.0,In Progress,2026-07-02,Q3 2026,active
BEN-007194,Akinyi,Odhiambo,F,Nyeri,Plus,Financial Literacy,8,9,88.9,In Progress,2026-09-11,Q3 2026,active
BEN-007195,Cynthia,Chebet,Female,Nairobi County,Plus,Life Skills,11,14,78.6,Completed,2025-02-26,Q1 2025,completed
BEN-007196,Naisula,Achieng,Female,Kisumu,Plus,Health & Wellness,3,6,50.0,Dropped,2025-06-03,Q2 2025,dropped_out
BEN-007200,Purity,Mbogo,Female,Kajiado,Plus,Mentorship,11,16,68.8,In Progress,2026-08-09,Q3 2026,active
BEN-007203,Faith,Wekesa,Female,Nairobi,Plus,Mentorship,12,13,92.3,In Progress,2026-04-23,Q2 2026,active
BEN-007204,Omondi,Ochieng,Male,Bungoma,Plus,Life Skills,13,13,100.0,In Progress,2026-08-27,Q3 2026,active
BEN-007207,Purity,Rotich,female,Muranga,Plus,Health & Wellness,5,8,62.5,In Progress,2026-07-06,Q3 2026,active
BEN-007211,Patrick,Kilonzo,Male,Nyeri,Plus,Mentorship,15,20,75.0,In Progress,2026-08-16,Q3 2026,active
BEN-007213,Cynthia,Mohamed,Female,Nairobi,Plus,Leadership,10,11,90.9,In Progress,2026-04-21,Q2 2026,active
BEN-007220,Brenda,Njenga,Female,Kiambu,Plus,Entrepreneurship,5,12,41.7,Completed,2025-03-27,Q1 2025,completed
BEN-007221,Joy,Odhiambo,Female,Kiambu,Plus,Community Service,9,10,90.0,In Progress,2026-05-06,Q2 2026,active
BEN-007222,James,Achieng,Male,Kiambu,Plus,Financial Literacy,6,10,60.0,Dropped,2026-04-05,Q2 2026,dropped_out
BEN-007223,Isaac,Mutua,Male,Nairobi,Plus,Leadership,10,10,100.0,In Progress,2026-06-16,Q2 2026,active
BEN-007224,Njeri,Mbogo,F,Nairobi,Plus,Mentorship,14,16,87.5,In Progress,2026-07-15,Q3 2026,active
BEN-007227,Naisula,Wekesa,Female,Mombasa,Plus,Health & Wellness,5,8,62.5,COMPLETED,2026-02-03,Q1 2026,completed
BEN-007228,Peter,Koech,Male,Kakamega,Plus,Mentorship,11,15,73.3,Completed,2025-09-19,Q3 2025,completed
BEN-007230,Simon,Juma,Male,Mombasa,Plus,Leadership,8,12,66.7,In Progress,2026-08-17,Q3 2026,active
BEN-007232,Atieno,Barasa,Female,Muranga,Plus,Community Service,5,8,62.5,Completed,2025-11-06,Q4 2025,completed
BEN-007233,Cynthia,Mohamed,Female,Kilifi,Plus,Health & Wellness,5,7,71.4,Completed,2025-04-05,Q2 2025,completed
BEN-007234,Gathoni,Owino,Female,Kilifi,Plus,Leadership,6,9,66.7,In Progress,2026-01-03,Q1 2026,active
BEN-007235,Mutua,Mutiso,Male,muranga,Plus,Community Service,5,8,62.5,Completed,2025-10-06,Q4 2025,completed
BEN-007237,Chebet,Njoroge,Female,Kiambu,Plus,Mentorship,15,19,78.9,Completed,2025-04-09,Q2 2025,completed
BEN-007238,Musyoka,Mutua,Male,Bungoma,Plus,Leadership,7,11,63.6,Completed,2025-10-10,Q4 2025,completed
BEN-007242,Anyango,Kariuki,Female,Nairobi,Plus,Entrepreneurship,9,16,56.2,In Progress,2026-05-22,Q2 2026,active
BEN-007243,Onyango,Muthoni,M,Bungoma,Plus,Financial Literacy,6,11,54.5,In Progress,2026-05-02,Q2 2026,active
BEN-007244,Vincent,Mutiso,Male,Muranga,Plus,Mentorship,14,17,82.4,Completed,2026-02-13,Q1 2026,completed
BEN-007245,John,Owino,Male,Machakos,Plus,Financial Literacy,9,10,90.0,In Progress,2026-04-16,Q2 2026,active
BEN-007246,Wanjiku,Chebet,Female,Kiambu,Plus,Community Service,8,10,80.0,Completed,2025-09-11,Q3 2025,completed
BEN-007247,Odhiambo,Baya,Male,Nairobi,Plus,Entrepreneurship,12,13,92.3,In Progress,2026-07-27,Q3 2026,active
BEN-007249,Brenda,Matano,Female,Nairobi,Plus,Life Skills,11,11,100.0,Completed,2025-07-10,Q3 2025,completed
BEN-007250,Juma,Ochieng,Male,Kakamega,Plus,Health & Wellness,6,9,66.7,Completed,2026-01-23,Q1 2026,completed
BEN-007251,Patrick,Kiptoo,Male,Kakamega,Plus,Community Service,7,8,87.5,In Progress,2026-06-03,Q2 2026,active
BEN-007252,Halima,Odhiambo,Female,Kiambu,Plus,Entrepreneurship,9,12,75.0,In Progress,2026-05-27,Q2 2026,active
BEN-007254,Onyango,Abdi,MALE,Muranga,Plus,Entrepreneurship,10,11,90.9,Completed,2026-02-14,Q1 2026,completed
BEN-007257,Kipchoge,Odhiambo,Male,Mombasa,Plus,Leadership,10,10,100.0,In Progress,2026-05-17,Q2 2026,active
BEN-007258,Cynthia,Maina,Female,Muranga,Plus,Leadership,8,8,100.0,In Progress,2026-05-31,Q2 2026,active
BEN-007259,Juma,Ochieng,Male,Nairobi,Plus,Leadership,6,8,75.0,In Progress,2026-09-16,Q3 2026,active
BEN-007260,Kelvin,Kimani,Male,Meru,Plus,Mentorship,8,12,66.7,In Progress,2026-08-01,Q3 2026,active
BEN-007261,Anyango,Mwakio,Female,Kisumu,Plus,Mentorship,12,15,80.0,Completed,2025-06-08,Q2 2025,completed
BEN-007263,Nkatha,Wafula,Female,Kilifi,Plus,Life Skills,9,12,75.0,In Progress,2026-08-16,Q3 2026,active
BEN-007264,Faith,Onyango,Female,Kiambu County,Plus,Entrepreneurship,15,15,100.0,Completed,2025-03-27,Q1 2025,completed
BEN-007265,Grace,Rotich,Female,Uasin Gishu,Plus,Financial Literacy,12,12,100.0,In Progress,2026-09-23,Q3 2026,active
BEN-007267,Nkatha,Kuria,FEMALE,NAIROBI,Plus,Leadership,9,10,90.0,In Progress,2026-07-03,Q3 2026,active
BEN-007270,Korir,Mwakio,Male,Nyeri,Plus,Mentorship,7,15,46.7,Dropped,2026-04-11,Q2 2026,dropped_out
BEN-007272,Mohamed,Bett,m,Kiambu,Plus,Entrepreneurship,13,15,86.7,Completed,2025-08-27,Q3 2025,completed
BEN-007273,Kendi,Cheruiyot,Female,Nairobi,Plus,Community Service,6,7,85.7,COMPLETED,2026-03-08,Q1 2026,completed
BEN-007277,Chepkoech,Wanjiku,Female,Nairobi,Plus,Life Skills,9,12,75.0,Completed,2025-08-25,Q3 2025,completed
BEN-007278,Brian,Koech,Male,Kisumu,Plus,Entrepreneurship,11,14,78.6,In Progress,2026-06-18,Q2 2026,active
BEN-007283,Wekesa,Chebet,m,Nairobi,Plus,Mentorship,9,15,60.0,Dropped,2026-06-20,Q2 2026,dropped_out
BEN-007285,Cherono,Bett,Female,Muranga,Plus,Leadership,5,10,50.0,Completed,2025-09-10,Q3 2025,completed
BEN-007287,Wanjiku,Abdi,Female,Muranga,Plus,Health & Wellness,6,8,75.0,Completed,2026-03-31,Q1 2026,completed
BEN-007288,Nkatha,Ochieng,Female,Nakuru,Plus,Health & Wellness,7,7,100.0,Completed,2025-06-04,Q2 2025,completed
BEN-007289,Emily,Juma,Female,Nairobi,Plus,Life Skills,10,13,76.9,In Progress,2026-07-17,Q3 2026,active
BEN-007292,Omondi,Hassan,Male,Mombasa,Plus,Community Service,5,6,83.3,COMPLETED,2025-05-15,Q2 2025,completed
BEN-007293,Joseph,Nyambane,Male,Kilifi,Plus,Mentorship,10,12,83.3,In Progress,2026-03-24,Q1 2026,active
BEN-007294,Awuor,Baya,Female,Muranga,Plus,Leadership,6,10,60.0,Dropped,2025-07-25,Q3 2025,dropped_out
BEN-007295,Dennis,Barasa,Male,Muranga,Plus,Financial Literacy,9,10,90.0,Completed,2025-06-26,Q2 2025,completed
BEN-007296,Joseph,Kilonzo,M,kajiado,Plus,Life Skills,11,14,78.6,Completed,2026-03-24,Q1 2026,completed
BEN-007297,Kilonzo,Bett,Male,Kajiado,Plus,Entrepreneurship,6,11,54.5,Completed,2025-02-19,Q1 2025,completed
BEN-007301,Timothy,Mwakio,Male,muranga,Plus,Community Service,3,6,50.0,Completed,2025-09-25,Q3 2025,completed
BEN-007304,Joy,Abdi,Female,Uasin Gishu,Plus,Financial Literacy,5,10,50.0,Dropped,2025-06-01,Q2 2025,dropped_out
BEN-007305,Halima,Kimani,F,Nairobi,Plus,Health & Wellness,5,7,71.4,Completed,2025-11-05,Q4 2025,completed
BEN-007306,Neema,Kamau,Female,Kakamega,Plus,Health & Wellness,4,7,57.1,dropped out,2025-04-02,Q2 2025,dropped_out
BEN-007308,Beatrice,Rotich,Female,Kiambu,Plus,Financial Literacy,7,10,70.0,Completed,2025-07-25,Q3 2025,completed
BEN-007309,Wekesa,Koech,Male,MOMBASA,Plus,Community Service,5,7,71.4,In Progress,2026-07-21,Q3 2026,active
BEN-007310,Collins,Musyoka,Male,Nakuru,Plus,Mentorship,7,18,38.9,Dropped,2026-01-15,Q1 2026,dropped_out
BEN-007311,Gathoni,Cheruiyot,Female,Uasin Gishu,Plus,Leadership,7,10,70.0,In Progress,2026-03-30,Q1 2026,active
BEN-007313,Beatrice,Baya,FEMALE,Kilifi,Plus,Life Skills,14,14,100.0,Completed,2026-05-28,Q2 2026,completed
BEN-007314,Awuor,Matano,Female,Mombasa,Plus,Life Skills,8,11,72.7,Completed,2026-01-02,Q1 2026,completed
BEN-007315,Kelvin,Kilonzo,Male,Kisumu,Plus,Life Skills,4,10,40.0,In Progress,2026-09-17,Q3 2026,active
BEN-007317,Wangari,Juma,Female,Nairobi,Plus,Community Service,8,8,100.0,In Progress,2026-08-18,Q3 2026,active
BEN-007318,Beatrice,Bett,Female,Kiambu,Plus,Mentorship,8,14,57.1,Completed,2025-09-25,Q3 2025,completed
BEN-007322,Achieng,Kimani,Female,Machakos County,Plus,Community Service,5,6,83.3,Completed,2025-01-01,Q1 2025,completed
BEN-007323,Otieno,Ngugi,Male,Uasin Gishu,Plus,Entrepreneurship,5,10,50.0,In Progress,2026-08-13,Q3 2026,active
BEN-007324,Stephen,Mwangi,Male,Kajiado,Plus,Financial Literacy,7,11,63.6,In Progress,2026-08-10,Q3 2026,active
BEN-007326,Ali,Charo,Male,Kiambu,Plus,Mentorship,14,17,82.4,Completed,2026-05-20,Q2 2026,completed
BEN-007327,Cynthia,Kiptoo,Female,Nairobi,Plus,Financial Literacy,8,11,72.7,Completed,2025-01-06,Q1 2025,completed
BEN-007328,Joy,Wekesa,Female,Kajiado,Plus,Health & Wellness,6,10,60.0,In Progress,2026-04-24,Q2 2026,active
BEN-007329,Amina,Muthoni,F,Machakos,Plus,Leadership,8,12,66.7,In Progress,2026-09-22,Q3 2026,active
BEN-007330,Kipchoge,Owino,Male,Muranga,Plus,Leadership,5,9,55.6,Completed,2025-02-28,Q1 2025,completed
BEN-007331,Beatrice,Nduta,Female,Mombasa,Plus,Financial Literacy,11,11,100.0,Completed,2026-03-03,Q1 2026,completed
BEN-007332,Abdi,Koech,Male,Kakamega,Plus,Financial Literacy,6,9,66.7,In Progress,2026-02-06,Q1 2026,active
BEN-007333,Peter,Mutiso,Male,Nyeri,Plus,Financial Literacy,7,11,63.6,Completed,2026-01-03,Q1 2026,completed
BEN-007335,Brian,Ochieng,Male,Uasin Gishu,Plus,Entrepreneurship,10,15,66.7,In Progress,2026-03-16,Q1 2026,active
BEN-007339,Victor,Kariuki,Male,BUNGOMA,Plus,Health & Wellness,3,6,50.0,In Progress,2026-06-01,Q2 2026,active
BEN-007342,Caroline,Odhiambo,Female,Nairobi,Plus,Health & Wellness,5,8,62.5,Dropped,2026-02-28,Q1 2026,dropped_out
BEN-007345,Akinyi,Kiptoo,Female,Nakuru,Plus,Mentorship,8,18,44.4,Dropped,2026-01-28,Q1 2026,dropped_out
BEN-007346,Nasieku,Gitau,Female,Meru,Plus,Leadership,8,11,72.7,COMPLETED,2025-04-12,Q2 2025,completed
BEN-007347,Nkatha,Otieno,F,Mombasa,Plus,Life Skills,9,14,64.3,Completed,2026-01-25,Q1 2026,completed
BEN-007349,Gathoni,Bett,Female,Nairobi,Plus,Mentorship,12,13,92.3,Completed,2025-11-13,Q4 2025,completed
BEN-007350,Atieno,Mbogo,Female,Muranga,Plus,Leadership,7,9,77.8,Completed,2025-05-12,Q2 2025,completed
BEN-007351,Wangari,Wanjiku,Female,Uasin Gishu,Plus,Financial Literacy,5,9,55.6,Dropped,2026-03-28,Q1 2026,dropped_out
BEN-007353,Boniface,Otieno,Male,Meru,Plus,Health & Wellness,8,10,80.0,In Progress,2026-04-21,Q2 2026,active
BEN-007361,Zawadi,Nduta,Female,Uasin Gishu,Plus,Entrepreneurship,15,15,100.0,In Progress,2026-05-27,Q2 2026,active
BEN-007362,Chebet,Bett,Female,Machakos,Plus,Entrepreneurship,12,14,85.7,In Progress,2026-09-07,Q3 2026,active
BEN-007363,Abdi,Mwangi,M,KAJIADO,Plus,Health & Wellness,5,8,62.5,Completed,2026-02-05,Q1 2026,completed
BEN-007366,Kelvin,Omondi,Male,Nairobi,Plus,Community Service,6,9,66.7,In Progress,2026-09-20,Q3 2026,active
BEN-007367,Cherono,Wanjiku,Female,Nakuru,Plus,Health & Wellness,3,6,50.0,Completed,2026-01-19,Q1 2026,completed
BEN-007369,Stephen,Ngugi,Male,Kakamega,Plus,Health & Wellness,7,8,87.5,Completed,2025-04-19,Q2 2025,completed
BEN-007371,Ali,Nyambane,Male,Meru,Plus,Life Skills,6,14,42.9,Dropped,2025-03-15,Q1 2025,dropped_out
BEN-007374,Amina,Ngugi,Female,Kajiado,Plus,Mentorship,15,18,83.3,In Progress,2026-07-24,Q3 2026,active
BEN-007376,Brenda,Omondi,Female,Kiambu,Plus,Mentorship,17,17,100.0,Completed,2025-07-11,Q3 2025,completed
BEN-007379,Neema,Mwakio,Female,Meru,Plus,Community Service,7,7,100.0,Completed,2026-04-09,Q2 2026,completed
BEN-007381,Anyango,Musyoka,Female,Mombasa County,Plus,Leadership,8,12,66.7,Completed,2026-01-14,Q1 2026,completed
BEN-007384,Rotich,Baya,Male,Nakuru,Plus,Entrepreneurship,7,12,58.3,Completed,2025-01-09,Q1 2025,completed
BEN-007386,Faith,Kamau,Female,Meru,Plus,Mentorship,12,16,75.0,Completed,2025-12-10,Q4 2025,completed
BEN-007387,Kamau,Wekesa,Male,Meru,Plus,Mentorship,7,12,58.3,Completed,2026-03-13,Q1 2026,completed
BEN-007388,Awuor,Baya,Female,Meru,Plus,Financial Literacy,9,12,75.0,In Progress,2026-05-14,Q2 2026,active
BEN-007394,Caroline,Gitau,Female,Mombasa,Plus,Community Service,6,7,85.7,Completed,2025-06-06,Q2 2025,completed
BEN-007395,Grace,Kuria,Female,Kilifi,Plus,Mentorship,14,19,73.7,Completed,2025-10-01,Q4 2025,completed
BEN-007397,Kagure,Barasa,Female,Uasin Gishu,Plus,Community Service,8,10,80.0,Completed,2025-12-20,Q4 2025,completed
BEN-007400,Zawadi,Koech,Female,Bungoma,Plus,Entrepreneurship,10,12,83.3,Completed,2025-12-23,Q4 2025,completed
BEN-007403,Mercy,Kiptoo,Female,Kisumu,Plus,Financial Literacy,6,11,54.5,In Progress,2026-08-09,Q3 2026,active
BEN-007408,Kagure,Cheruiyot,Female,Kisii,Plus,Community Service,3,6,50.0,dropped out,2025-10-17,Q4 2025,dropped_out
BEN-007409,Njeri,Owino,Female,Kakamega,Plus,Mentorship,10,12,83.3,Completed,2026-01-20,Q1 2026,completed
BEN-007410,Purity,Koech,Female,Kiambu,Plus,Entrepreneurship,8,12,66.7,In Progress,2026-07-18,Q3 2026,active
BEN-007412,Wangari,Ochieng,Female,Kisii,Plus,Entrepreneurship,11,13,84.6,In Progress,2026-09-14,Q3 2026,active
BEN-007414,Achieng,Nduta,Female,Uasin Gishu,Plus,Health & Wellness,7,9,77.8,In Progress,2026-01-19,Q1 2026,active
BEN-007415,Odhiambo,Koech,Male,Kisii,Plus,Mentorship,12,15,80.0,In Progress,2026-07-13,Q3 2026,active
BEN-007418,Chepkoech,Njenga,Female,Nairobi,Plus,Mentorship,12,14,85.7,Completed,2025-11-13,Q4 2025,completed
BEN-007419,Cherono,Abdi,Female,Kiambu,Plus,Leadership,8,12,66.7,In Progress,2026-03-18,Q1 2026,active
BEN-007421,Kagure,Bett,Female,Meru,Plus,Life Skills,7,11,63.6,complete,2026-03-26,Q1 2026,completed
BEN-007424,James,Charo,Male,Nairobi,Plus,Life Skills,8,11,72.7,Completed,2025-11-18,Q4 2025,completed
BEN-007426,Wanjiku,Wanjiku,Female,Nairobi,Plus,Health & Wellness,6,7,85.7,Completed,2026-02-18,Q1 2026,completed
BEN-007427,Atieno,Mutua,Female,Machakos,Plus,Financial Literacy,5,8,62.5,Completed,2025-09-21,Q3 2025,completed
BEN-007428,Emily,Charo,Female,Kajiado,Plus,Life Skills,12,13,92.3,Completed,2025-07-11,Q3 2025,completed
BEN-007431,Nasieku,Njenga,Female,Uasin Gishu,Plus,Financial Literacy,8,12,66.7,Completed,2025-03-04,Q1 2025,completed
BEN-007432,Awuor,Barasa,Female,Nyeri,Plus,Mentorship,16,16,100.0,Completed,2025-12-09,Q4 2025,completed
BEN-007433,Amina,Rotich,Female,Kisumu,Plus,Mentorship,13,17,76.5,Completed,2025-05-06,Q2 2025,completed
BEN-007434,Zawadi,Odhiambo,Female,Kakamega,Plus,Community Service,6,8,75.0,In Progress,2026-09-19,Q3 2026,active
BEN-007437,Dennis,Kariuki,Male,Machakos,Plus,Mentorship,7,16,43.8,Dropped,2025-05-06,Q2 2025,dropped_out
BEN-007438,Wanjiru,Korir,Female,Kiambu,Plus,Community Service,8,9,88.9,In Progress,2026-05-26,Q2 2026,active
BEN-007441,Brenda,Matano,Female,Meru,Plus,Mentorship,17,20,85.0,complete,2025-05-31,Q2 2025,completed
BEN-007443,Purity,Kilonzo,Female,Nakuru,Plus,Financial Literacy,5,10,50.0,complete,2026-02-21,Q1 2026,completed
BEN-007445,Boniface,Mwangi,Male,Nairobi,Plus,Community Service,8,8,100.0,In Progress,2026-09-12,Q3 2026,active
BEN-007447,Kevin,Juma,Male,Nyeri,Plus,Mentorship,13,15,86.7,Completed,2026-02-01,Q1 2026,completed
BEN-007449,Victor,Kiptoo,male,Uasin Gishu,Plus,Life Skills,11,14,78.6,In Progress,2026-01-06,Q1 2026,active
BEN-007453,Mutua,Juma,Male,Nairobi County,Plus,Life Skills,8,14,57.1,Completed,2025-09-17,Q3 2025,completed
BEN-007455,Korir,Mwangi,Male,Nakuru,Plus,Mentorship,11,15,73.3,In Progress,2026-03-18,Q1 2026,active
BEN-007457,Kendi,Abdi,Female,Kiambu,Plus,Life Skills,8,10,80.0,Completed,2025-09-12,Q3 2025,completed
BEN-007459,Onyango,Matano,Male,Kiambu,Plus,Leadership,5,9,55.6,Dropped,2026-04-25,Q2 2026,dropped_out
BEN-007461,Kilonzo,Kamau,male,Nakuru,Plus,Entrepreneurship,11,13,84.6,In Progress,2026-04-19,Q2 2026,active
BEN-007468,Kipchoge,Ochieng,Male,Nyeri,Plus,Leadership,8,11,72.7,In Progress,2026-06-04,Q2 2026,active
BEN-007469,Mercy,Barasa,Female,NAIROBI,Plus,Entrepreneurship,10,15,66.7,In Progress,2026-08-01,Q3 2026,active
BEN-007470,Esther,Otieno,Female,KAKAMEGA,Plus,Leadership,8,12,66.7,Completed,2025-01-22,Q1 2025,completed
BEN-007471,Naisula,Odhiambo,Female,NAIROBI,Plus,Community Service,6,7,85.7,Completed,2025-06-20,Q2 2025,completed
BEN-007477,Ali,Cheruiyot,Male,Kilifi,Plus,Mentorship,14,17,82.4,In Progress,2026-05-24,Q2 2026,active
BEN-007478,Onyango,Kiptoo,Male,Kisumu,Plus,Community Service,5,6,83.3,Completed,2025-02-22,Q1 2025,completed
BEN-007480,Cynthia,Bett,Female,Muranga,Plus,Entrepreneurship,7,12,58.3,Dropped,2025-01-18,Q1 2025,dropped_out
BEN-007481,Beatrice,Mutua,Female,nairobi,Plus,Health & Wellness,6,7,85.7,In Progress,2026-08-23,Q3 2026,active
BEN-007482,Nyambura,Katana,Female,Kisii,Plus,Community Service,5,6,83.3,In Progress,2026-03-04,Q1 2026,active
BEN-007484,Wekesa,Charo,Male,Meru,Plus,Mentorship,17,18,94.4,In Progress,2026-09-01,Q3 2026,active
BEN-007485,Stephen,Matano,Male,Bungoma,Plus,Health & Wellness,8,10,80.0,In Progress,2026-05-03,Q2 2026,active
BEN-007486,Baraka,Wanjiku,Male,Nairobi,Plus,Health & Wellness,4,6,66.7,In Progress,2026-09-05,Q3 2026,active
BEN-007487,Mohamed,Mohamed,Male,Meru,Plus,Leadership,10,11,90.9,Completed,2025-12-23,Q4 2025,completed
BEN-007491,Diana,Ochieng,FEMALE,Nairobi,Plus,Health & Wellness,8,10,80.0,In Progress,2026-05-25,Q2 2026,active
BEN-007495,Naisula,Mwangi,Female,Mombasa,Plus,Life Skills,7,14,50.0,In Progress,2026-02-09,Q1 2026,active
BEN-007497,Kagure,Kamau,Female,Kiambu,Plus,Life Skills,9,11,81.8,In Progress,2026-08-17,Q3 2026,active
BEN-007501,Odhiambo,Muthoni,Male,Kisii,Plus,Financial Literacy,7,8,87.5,In Progress,2026-09-11,Q3 2026,active
BEN-007502,Brenda,Mwangi,Female,Mombasa,Plus,Entrepreneurship,10,15,66.7,In Progress,2026-01-16,Q1 2026,active
BEN-007506,Cherono,Kamau,Female,Machakos,Plus,Mentorship,5,12,41.7,In Progress,2026-03-17,Q1 2026,active
BEN-007509,Chepkoech,Kamau,Female,Nakuru,Plus,Mentorship,6,13,46.2,Dropped,2025-09-08,Q3 2025,dropped_out
BEN-007510,Wanjiru,Njoroge,F,Nairobi,Plus,Community Service,5,8,62.5,Dropped,2026-03-11,Q1 2026,dropped_out
BEN-007511,Joy,Kilonzo,Female,Nakuru,Plus,Health & Wellness,4,6,66.7,Completed,2025-11-15,Q4 2025,completed
BEN-007515,Kagure,Cheruiyot,Female,Uasin Gishu,Plus,Life Skills,9,10,90.0,Completed,2025-11-25,Q4 2025,completed
BEN-007518,Grace,Kimani,Female,Nairobi,Plus,Entrepreneurship,14,15,93.3,In Progress,2026-07-27,Q3 2026,active
BEN-007519,John,Barasa,Male,Kakamega,Plus,Community Service,3,7,42.9,Dropped,2026-03-28,Q1 2026,dropped_out
BEN-007520,Kamau,Kuria,Male,Nairobi,Plus,Entrepreneurship,10,10,100.0,In Progress,2026-07-29,Q3 2026,active
BEN-007525,Beatrice,Muthoni,Female,Nyeri,Plus,Financial Literacy,8,9,88.9,Completed,2025-11-19,Q4 2025,completed
BEN-007526,Omondi,Kilonzo,Male,Nyeri,Plus,Community Service,4,6,66.7,In Progress,2026-08-04,Q3 2026,active
BEN-007532,Wanjiru,Wafula,Female,Kiambu,Plus,Health & Wellness,8,9,88.9,Completed,2025-10-18,Q4 2025,completed
BEN-007533,Nasieku,Wafula,Female,Nairobi,Plus,Health & Wellness,2,6,33.3,Dropped,2026-02-06,Q1 2026,dropped_out
BEN-007539,Gathoni,Omondi,Female,uasin gishu,Plus,Community Service,6,10,60.0,dropped out,2026-04-13,Q2 2026,dropped_out
BEN-007543,Barasa,Njenga,Male,Uasin Gishu,Plus,Community Service,5,8,62.5,In Progress,2026-05-19,Q2 2026,active
BEN-007544,Achieng,Kuria,Female,Kiambu,Plus,Entrepreneurship,12,13,92.3,In Progress,2026-06-11,Q2 2026,active
BEN-007546,Kilonzo,Juma,Male,Meru,Plus,Health & Wellness,8,8,100.0,Completed,2025-10-19,Q4 2025,completed
BEN-007548,Jerop,Owino,Female,Nairobi,Plus,Life Skills,9,11,81.8,Completed,2025-06-11,Q2 2025,completed
BEN-007550,Kamau,Rotich,Male,Bungoma,Plus,Financial Literacy,8,10,80.0,In Progress,2026-09-28,Q3 2026,active
BEN-007551,Musyoka,Odhiambo,MALE,Kiambu,Plus,Health & Wellness,6,10,60.0,Completed,2025-10-06,Q4 2025,completed
BEN-007552,Vincent,Nduta,Male,Nakuru,Plus,Leadership,7,12,58.3,Completed,2025-10-08,Q4 2025,completed
BEN-007554,James,Onyango,Male,Kiambu,Plus,Financial Literacy,6,9,66.7,In Progress,2026-01-26,Q1 2026,active
BEN-007555,Timothy,Kilonzo,Male,Nairobi,Plus,Health & Wellness,6,8,75.0,In Progress,2026-06-24,Q2 2026,active
BEN-007557,Atieno,Wekesa,Female,Muranga,Plus,Financial Literacy,9,9,100.0,Completed,2025-09-16,Q3 2025,completed
BEN-007559,Abdi,Kuria,Male,Kajiado,Plus,Health & Wellness,7,8,87.5,Completed,2025-05-07,Q2 2025,completed
BEN-007560,Francis,Gitau,Male,Kilifi,Plus,Financial Literacy,8,11,72.7,Completed,2026-03-01,Q1 2026,completed
BEN-007562,Nkatha,Odhiambo,Female,Nairobi,Plus,Financial Literacy,8,9,88.9,In Progress,2026-07-02,Q3 2026,active
BEN-007563,Sharon,Maina,FEMALE,Meru,Plus,Mentorship,9,12,75.0,In Progress,2026-04-03,Q2 2026,active
BEN-007564,Chepkoech,Mohamed,female,UASIN_GISHU,Plus,Entrepreneurship,11,14,78.6,In Progress,2026-09-19,Q3 2026,active
BEN-007565,Atieno,Kiptoo,Female,Muranga,Plus,Health & Wellness,6,8,75.0,complete,2025-09-09,Q3 2025,completed
BEN-007566,Diana,Abdi,Female,Nairobi,Plus,Leadership,9,12,75.0,Completed,2026-03-06,Q1 2026,completed
BEN-007570,Ali,Katana,Male,Nairobi,Plus,Financial Literacy,7,9,77.8,In Progress,2026-08-05,Q3 2026,active
BEN-007571,Purity,Ochieng,Female,Meru,Plus,Entrepreneurship,10,11,90.9,In Progress,2026-04-16,Q2 2026,active
BEN-007572,Caroline,Mutua,Female,Nakuru,Plus,Leadership,7,9,77.8,Completed,2025-07-02,Q3 2025,completed
BEN-007576,Chepkoech,Hassan,Female,Nyeri,Plus,Community Service,5,6,83.3,Completed,2026-04-12,Q2 2026,completed
BEN-007580,Stephen,Owino,Male,Mombasa,Plus,Community Service,9,10,90.0,Completed,2025-08-18,Q3 2025,completed
BEN-007583,Stephen,Kimani,Male,Nairobi,Plus,Mentorship,15,17,88.2,In Progress,2026-08-11,Q3 2026,active
BEN-007584,Jerop,Odhiambo,Female,Meru,Plus,Life Skills,6,10,60.0,In Progress,2026-02-17,Q1 2026,active
BEN-007585,Beatrice,Chebet,Female,Meru,Plus,Health & Wellness,4,7,57.1,Dropped,2025-11-22,Q4 2025,dropped_out
BEN-007587,Odhiambo,Katana,Male,Kajiado,Plus,Leadership,11,11,100.0,Completed,2026-05-13,Q2 2026,completed
BEN-007588,Akinyi,Matano,Female,Kisumu,Plus,Financial Literacy,7,9,77.8,Completed,2025-07-30,Q3 2025,completed
BEN-007594,Kipchoge,Muthoni,Male,Kisumu,Plus,Leadership,5,9,55.6,In Progress,2026-06-08,Q2 2026,active
BEN-007596,Wangari,Maina,Female,Bungoma,Plus,Entrepreneurship,9,16,56.2,dropped out,2025-09-08,Q3 2025,dropped_out
BEN-007599,Vincent,Mohamed,Male,Kisii,Plus,Life Skills,11,13,84.6,Completed,2025-10-15,Q4 2025,completed
BEN-007600,Wangari,Owino,Female,Kakamega,Plus,Leadership,6,9,66.7,In Progress,2026-06-29,Q2 2026,active
BEN-007602,Kilonzo,Korir,Male,Mombasa,Plus,Entrepreneurship,8,10,80.0,Completed,2025-10-24,Q4 2025,completed
BEN-007603,John,Hassan,Male,Mombasa,Plus,Mentorship,10,15,66.7,Completed,2025-10-17,Q4 2025,completed
BEN-007604,Brenda,Juma,Female,Kajiado,Plus,Leadership,6,12,50.0,Dropped,2025-06-13,Q2 2025,dropped_out
BEN-007605,Brenda,Kiptoo,FEMALE,Nyeri,Plus,Mentorship,16,18,88.9,Completed,2025-11-28,Q4 2025,completed
BEN-007607,John,Gitau,Male,Uasin Gishu,Plus,Life Skills,6,13,46.2,Dropped,2026-03-07,Q1 2026,dropped_out
BEN-007608,Kamau,Korir,Male,Bungoma,Plus,Entrepreneurship,6,13,46.2,Dropped,2025-06-28,Q2 2025,dropped_out
BEN-007611,John,Korir,Male,Mombasa,Plus,Health & Wellness,5,7,71.4,In Progress,2026-01-22,Q1 2026,active
BEN-007612,Baraka,Omondi,Male,Nairobi,Plus,Entrepreneurship,13,13,100.0,In Progress,2026-08-01,Q3 2026,active
BEN-007613,Francis,Njoroge,Male,Nairobi County,Plus,Leadership,7,10,70.0,Completed,2025-09-27,Q3 2025,completed
BEN-007615,Kelvin,Otieno,Male,Kisii,Plus,Entrepreneurship,9,13,69.2,In Progress,2026-07-04,Q3 2026,active
BEN-007617,Grace,Onyango,Female,kiambu,Plus,Health & Wellness,7,8,87.5,In Progress,2026-07-25,Q3 2026,active
BEN-007618,Neema,Cheruiyot,Female,Nairobi,Plus,Leadership,8,10,80.0,In Progress,2026-08-29,Q3 2026,active
BEN-007619,Nyambura,Wekesa,Female,Kajiado,Plus,Entrepreneurship,6,11,54.5,In Progress,2026-06-05,Q2 2026,active
BEN-007620,Mercy,Juma,Female,Kiambu,Plus,Leadership,10,10,100.0,In Progress,2026-09-27,Q3 2026,active
BEN-007622,Neema,Kuria,Female,Kisumu,Plus,Leadership,5,12,41.7,Completed,2025-09-22,Q3 2025,completed
BEN-007625,James,Odhiambo,Male,Kajiado,Plus,Life Skills,13,13,100.0,In Progress,2026-05-11,Q2 2026,active
BEN-007627,Jerop,Kilonzo,Female,Nairobi,Plus,Financial Literacy,11,12,91.7,In Progress,2026-06-26,Q2 2026,active
BEN-007628,Halima,Bett,Female,Kajiado,Plus,Life Skills,5,12,41.7,Dropped,2025-12-29,Q4 2025,dropped_out
BEN-007635,Nyambura,Musyoka,Female,KAJIADO,Plus,Leadership,8,11,72.7,complete,2026-05-16,Q2 2026,completed
BEN-007639,Simon,Mwangi,Male,Kakamega,Plus,Mentorship,7,14,50.0,In Progress,2026-07-30,Q3 2026,active
BEN-007640,Nicholas,Mutua,Male,Nairobi,Plus,Life Skills,9,10,90.0,Completed,2026-03-01,Q1 2026,completed
BEN-007642,Kiptoo,Achieng,Male,Machakos,Plus,Community Service,7,10,70.0,Completed,2025-02-22,Q1 2025,completed
BEN-007643,Barasa,Nyambane,Male,Nakuru,Plus,Life Skills,7,12,58.3,In Progress,2026-04-14,Q2 2026,active
BEN-007647,Mohamed,Charo,Male,Kajiado,Plus,Leadership,9,10,90.0,Completed,2026-05-11,Q2 2026,completed
BEN-007648,Kagure,Owino,Female,Nyeri,Plus,Financial Literacy,8,11,72.7,In Progress,2026-04-13,Q2 2026,active
BEN-007649,Sharon,Kimani,Female,Nairobi,Plus,Community Service,5,9,55.6,dropped out,2025-02-11,Q1 2025,dropped_out
BEN-007653,Cherono,Katana,Female,Nairobi,Plus,Community Service,4,7,57.1,Completed,2026-03-07,Q1 2026,completed
BEN-007656,Wangari,Korir,Female,Kiambu,Plus,Financial Literacy,11,12,91.7,Completed,2025-12-19,Q4 2025,completed
BEN-007657,Anthony,Mohamed,Male,Nairobi,Plus,Entrepreneurship,8,10,80.0,In Progress,2026-03-13,Q1 2026,active
BEN-007662,Baraka,Gitau,Male,Nakuru,Plus,Health & Wellness,7,8,87.5,In Progress,2026-04-22,Q2 2026,active
BEN-007664,Chebet,Njenga,Female,Kisumu,Plus,Life Skills,9,12,75.0,In Progress,2026-09-29,Q3 2026,active
BEN-007665,David,Ochieng,Male,Nairobi,Plus,Entrepreneurship,13,15,86.7,Completed,2025-08-18,Q3 2025,completed
BEN-007667,Kamau,Onyango,Male,Nyeri,Plus,Life Skills,10,11,90.9,In Progress,2026-04-14,Q2 2026,active
BEN-007668,Grace,Rotich,Female,Bungoma,Plus,Financial Literacy,7,12,58.3,Dropped,2025-10-16,Q4 2025,dropped_out
BEN-007669,Cynthia,Hassan,Female,Nairobi,Plus,Life Skills,13,13,100.0,In Progress,2026-05-18,Q2 2026,active
BEN-007674,Neema,Kamau,Female,Uasin Gishu,Plus,Mentorship,11,12,91.7,Completed,2025-03-28,Q1 2025,completed
BEN-007676,Kilonzo,Hassan,Male,Nyeri,Plus,Entrepreneurship,15,15,100.0,Completed,2025-08-09,Q3 2025,completed
BEN-007679,Neema,Onyango,Female,Mombasa,Plus,Community Service,7,10,70.0,In Progress,2026-08-28,Q3 2026,active
BEN-007680,Kipchoge,Kiptoo,Male,Kakamega,Plus,Leadership,8,12,66.7,In Progress,2026-09-04,Q3 2026,active
BEN-007681,Halima,Njenga,FEMALE,Kisii,Plus,Community Service,5,7,71.4,In Progress,2026-06-19,Q2 2026,active
BEN-007685,Jerop,Otieno,Female,Nairobi,Plus,Health & Wellness,5,6,83.3,In Progress,2026-09-03,Q3 2026,active
BEN-007690,Purity,Ochieng,Female,Nairobi,Plus,Health & Wellness,8,10,80.0,In Progress,2026-05-20,Q2 2026,active
BEN-007693,Vincent,Gitau,Male,Machakos,Plus,Financial Literacy,8,8,100.0,In Progress,2026-07-09,Q3 2026,active
BEN-007694,Purity,Hassan,Female,Nairobi,Plus,Community Service,8,10,80.0,Completed,2025-07-05,Q3 2025,completed
BEN-007695,Wangari,Koech,Female,Nairobi,Plus,Financial Literacy,10,11,90.9,In Progress,2026-09-12,Q3 2026,active
BEN-007696,Neema,Mwangi,Female,Nairobi,Plus,Mentorship,10,18,55.6,Dropped,2026-06-11,Q2 2026,dropped_out
BEN-007697,Collins,Abdi,Male,kajiado,Plus,Community Service,6,7,85.7,complete,2025-05-26,Q2 2025,completed
BEN-007698,Mohamed,Owino,Male,Kiambu,Plus,Financial Literacy,9,12,75.0,Completed,2026-03-21,Q1 2026,completed
BEN-007700,Akinyi,Koech,F,Bungoma,Plus,Leadership,6,9,66.7,In Progress,2026-06-05,Q2 2026,active
BEN-007702,Chebet,Katana,Female,Kiambu,Plus,Community Service,9,10,90.0,Completed,2025-12-06,Q4 2025,completed
BEN-007704,Mercy,Njoroge,Female,Mombasa,Plus,Life Skills,9,12,75.0,In Progress,2026-04-04,Q2 2026,active
BEN-007709,Isaac,Omondi,Male,Mombasa,Plus,Community Service,4,6,66.7,In Progress,2026-09-14,Q3 2026,active
BEN-007711,Kipchoge,Gitau,Male,Nyeri County,Plus,Community Service,6,7,85.7,In Progress,2026-07-26,Q3 2026,active
BEN-007712,Joseph,Barasa,Male,Kajiado,Plus,Health & Wellness,4,7,57.1,Dropped,2025-09-19,Q3 2025,dropped_out
BEN-007714,Vincent,Matano,Male,Machakos,Plus,Life Skills,6,13,46.2,Dropped,2026-03-26,Q1 2026,dropped_out
BEN-007715,Mercy,Wafula,Female,Bungoma,Plus,Entrepreneurship,13,16,81.2,Completed,2026-06-24,Q2 2026,completed
BEN-007716,Nkatha,Barasa,Female,Nakuru,Plus,Mentorship,17,19,89.5,In Progress,2026-08-04,Q3 2026,active
BEN-007718,Kevin,Mwakio,Male,Machakos,Plus,Mentorship,10,14,71.4,In Progress,2026-08-20,Q3 2026,active
BEN-007719,Mercy,Kilonzo,Female,Kakamega,Plus,Leadership,9,10,90.0,Completed,2026-01-12,Q1 2026,completed
BEN-007721,Daniel,Mohamed,Male,Kilifi,Plus,Mentorship,14,17,82.4,Completed,2025-05-17,Q2 2025,completed
BEN-007724,Emily,Maina,Female,Nairobi,Plus,Financial Literacy,4,8,50.0,In Progress,2026-08-29,Q3 2026,active
BEN-007727,Boniface,Njoroge,Male,Bungoma,Plus,Leadership,10,12,83.3,Completed,2026-02-19,Q1 2026,completed
BEN-007730,Caroline,Kamau,Female,Kiambu,Plus,Leadership,4,11,36.4,Dropped,2025-12-01,Q4 2025,dropped_out
BEN-007732,Francis,Onyango,Male,Mombasa,Plus,Leadership,8,10,80.0,In Progress,2026-04-16,Q2 2026,active
BEN-007734,Joy,Juma,Female,Nakuru,Plus,Leadership,5,10,50.0,Dropped,2026-03-21,Q1 2026,dropped_out
BEN-007738,Nasieku,Muthoni,Female,KISII,Plus,Financial Literacy,6,10,60.0,In Progress,2026-08-12,Q3 2026,active
BEN-007740,Halima,Wafula,Female,Mombasa,Plus,Financial Literacy,6,11,54.5,In Progress,2026-07-08,Q3 2026,active
BEN-007742,David,Mwangi,Male,nyeri,Plus,Community Service,7,9,77.8,In Progress,2026-08-12,Q3 2026,active
BEN-007744,Wekesa,Katana,Male,Nakuru County,Plus,Mentorship,11,14,78.6,COMPLETED,2025-12-01,Q4 2025,completed
BEN-007745,Amina,Maina,f,Kiambu,Plus,Life Skills,7,14,50.0,Dropped,2026-01-06,Q1 2026,dropped_out
BEN-007746,Njeri,Owino,Female,Kisumu,Plus,Life Skills,12,14,85.7,complete,2025-05-07,Q2 2025,completed
BEN-007748,Beatrice,Nyambane,Female,Muranga,Plus,Life Skills,7,11,63.6,Dropped,2025-12-22,Q4 2025,dropped_out
BEN-007755,Omondi,Wanjiku,Male,Nairobi,Plus,Financial Literacy,10,12,83.3,Completed,2026-02-18,Q1 2026,completed
BEN-007757,Ali,Ngugi,Male,Muranga,Plus,Mentorship,14,18,77.8,Completed,2025-01-29,Q1 2025,completed
BEN-007758,Ali,Ochieng,MALE,nairobi,Plus,Financial Literacy,11,12,91.7,Completed,2025-07-24,Q3 2025,completed
BEN-007759,Chepkoech,Gitau,Female,Kisumu,Plus,Entrepreneurship,10,15,66.7,COMPLETED,2025-03-10,Q1 2025,completed
BEN-007760,Nkatha,Njenga,Female,Nakuru,Plus,Community Service,6,7,85.7,Completed,2025-12-28,Q4 2025,completed
BEN-007764,Timothy,Mbogo,m,Kisii,Plus,Life Skills,9,13,69.2,In Progress,2026-06-28,Q2 2026,active
BEN-007765,David,Juma,Male,Muranga,Plus,Health & Wellness,5,6,83.3,COMPLETED,2025-10-15,Q4 2025,completed
BEN-007768,Njeri,Kilonzo,f,Kiambu,Plus,Health & Wellness,4,6,66.7,Completed,2026-02-08,Q1 2026,completed
BEN-007770,Francis,Bett,Male,Nairobi,Plus,Community Service,6,10,60.0,dropped out,2025-07-13,Q3 2025,dropped_out
BEN-007772,Nasieku,Juma,Female,Mombasa,Plus,Community Service,7,7,100.0,Completed,2025-08-13,Q3 2025,completed
BEN-007777,Faith,Mutua,Female,Nairobi,Plus,Health & Wellness,9,9,100.0,In Progress,2026-05-06,Q2 2026,active
BEN-007779,Nyambura,Mutiso,Female,Kiambu,Plus,Mentorship,12,14,85.7,In Progress,2026-04-09,Q2 2026,active
BEN-007780,Joy,Barasa,Female,Nairobi,Plus,Leadership,9,11,81.8,Completed,2026-05-22,Q2 2026,completed
BEN-007782,Kevin,Kuria,Male,Kisii,Plus,Community Service,3,8,37.5,Dropped,2025-07-25,Q3 2025,dropped_out
BEN-007783,Brenda,Bett,Female,Muranga,Plus,Health & Wellness,7,8,87.5,In Progress,2026-07-31,Q3 2026,active
BEN-007785,Baraka,Kamau,Male,Kiambu,Plus,Life Skills,8,12,66.7,In Progress,2026-08-16,Q3 2026,active
BEN-007786,Baraka,Wafula,Male,NAIROBI,Plus,Life Skills,10,12,83.3,Completed,2025-08-25,Q3 2025,completed
BEN-007787,Grace,Barasa,Female,Machakos,Plus,Entrepreneurship,6,13,46.2,Dropped,2025-05-11,Q2 2025,dropped_out
BEN-007788,Sharon,Kamau,Female,Nairobi,Plus,Financial Literacy,7,11,63.6,Completed,2025-03-05,Q1 2025,completed
BEN-007791,David,Owino,Male,Kiambu,Plus,Health & Wellness,5,7,71.4,In Progress,2026-04-08,Q2 2026,active
BEN-007795,Chebet,Kilonzo,Female,Nairobi County,Plus,Leadership,8,12,66.7,Completed,2025-10-26,Q4 2025,completed
BEN-007797,Daniel,Mutiso,Male,Kiambu,Plus,Mentorship,13,20,65.0,In Progress,2026-08-28,Q3 2026,active
BEN-007798,Anthony,Mohamed,Male,Nairobi,Plus,Life Skills,11,14,78.6,In Progress,2026-04-09,Q2 2026,active
BEN-007799,Chebet,Omondi,Female,Kajiado,Plus,Health & Wellness,6,7,85.7,In Progress,2026-01-09,Q1 2026,active
BEN-007800,Halima,Achieng,Female,Kiambu,Plus,Entrepreneurship,7,12,58.3,Dropped,2026-06-27,Q2 2026,dropped_out
BEN-007801,Wekesa,Juma,Male,Nairobi,Plus,Financial Literacy,5,9,55.6,Dropped,2026-02-26,Q1 2026,dropped_out
BEN-007804,Anyango,Juma,Female,Machakos,Plus,Life Skills,11,11,100.0,In Progress,2026-05-30,Q2 2026,active
BEN-007806,Nicholas,Mwangi,Male,Kilifi County,Plus,Life Skills,11,12,91.7,In Progress,2026-05-28,Q2 2026,active
BEN-007808,Caroline,Muthoni,Female,Nyeri,Plus,Leadership,7,8,87.5,Completed,2025-08-12,Q3 2025,completed
BEN-007809,Boniface,Charo,Male,Kiambu,Plus,Entrepreneurship,13,15,86.7,In Progress,2026-07-25,Q3 2026,active
BEN-007810,Wangari,Kuria,Female,Kilifi,Plus,Life Skills,11,14,78.6,In Progress,2026-09-04,Q3 2026,active
BEN-007811,Kilonzo,Mwangi,Male,Kiambu,Plus,Financial Literacy,7,9,77.8,Completed,2026-01-03,Q1 2026,completed
BEN-007814,Timothy,Gitau,Male,bungoma,Plus,Community Service,6,9,66.7,In Progress,2026-08-26,Q3 2026,active
BEN-007815,Boniface,Katana,Male,Nairobi,Plus,Leadership,8,9,88.9,Completed,2026-01-05,Q1 2026,completed
BEN-007817,Kiptoo,Mohamed,Male,Uasin Gishu County,Plus,Life Skills,10,14,71.4,In Progress,2026-08-29,Q3 2026,active
BEN-007819,Achieng,Katana,Female,nyeri,Plus,Mentorship,17,17,100.0,Completed,2025-07-14,Q3 2025,completed
BEN-007821,Cherono,Hassan,Female,Nairobi,Plus,Entrepreneurship,10,10,100.0,In Progress,2026-07-05,Q3 2026,active
BEN-007824,Kilonzo,Omondi,Male,Nairobi,Plus,Financial Literacy,8,8,100.0,In Progress,2026-09-16,Q3 2026,active
BEN-007827,Kendi,Kamau,f,Kiambu County,Plus,Health & Wellness,4,6,66.7,In Progress,2026-04-05,Q2 2026,active
BEN-007828,Dennis,Nduta,Male,Uasin Gishu,Plus,Financial Literacy,4,9,44.4,Dropped,2025-06-14,Q2 2025,dropped_out
BEN-007830,Jerop,Kiptoo,Female,Bungoma,Plus,Mentorship,14,20,70.0,In Progress,2026-04-03,Q2 2026,active
BEN-007831,Jerop,Chebet,Female,Nairobi,Plus,Community Service,9,9,100.0,In Progress,2026-07-14,Q3 2026,active
BEN-007833,Anthony,Kuria,Male,Nakuru,Plus,Community Service,8,9,88.9,In Progress,2026-05-24,Q2 2026,active
BEN-007837,Achieng,Mbogo,Female,Kisumu,Plus,Community Service,5,6,83.3,In Progress,2026-09-11,Q3 2026,active
BEN-007839,Dennis,Ngugi,Male,Kiambu,Plus,Mentorship,7,15,46.7,Dropped,2026-03-07,Q1 2026,dropped_out
BEN-007842,Otieno,Cheruiyot,Male,Mombasa,Plus,Financial Literacy,6,8,75.0,COMPLETED,2025-07-22,Q3 2025,completed
BEN-007844,Amina,Korir,Female,Nakuru,Plus,Mentorship,15,19,78.9,Completed,2026-02-18,Q1 2026,completed
BEN-007845,Chebet,Bett,Female,kiambu,Plus,Life Skills,11,12,91.7,In Progress,2026-06-08,Q2 2026,active
BEN-007849,Gathoni,Katana,Female,Nyeri,Plus,Community Service,10,10,100.0,Completed,2025-07-30,Q3 2025,completed
BEN-007853,Awuor,Koech,Female,Meru,Plus,Entrepreneurship,9,12,75.0,In Progress,2026-03-04,Q1 2026,active
BEN-007856,Kagure,Korir,Female,Kisumu,Plus,Entrepreneurship,5,12,41.7,Dropped,2026-02-07,Q1 2026,dropped_out
BEN-007857,Purity,Mbogo,Female,Kisumu County,Plus,Financial Literacy,8,10,80.0,Completed,2026-01-20,Q1 2026,completed
BEN-007858,Patrick,Muthoni,Male,Kiambu,Plus,Community Service,4,8,50.0,Dropped,2025-03-11,Q1 2025,dropped_out
BEN-007860,Kevin,Mutiso,Male,Kiambu,Plus,Health & Wellness,7,10,70.0,Completed,2025-03-23,Q1 2025,completed
BEN-007861,Faith,Wanjiku,Female,Kiambu,Plus,Leadership,5,9,55.6,Dropped,2025-12-22,Q4 2025,dropped_out
BEN-007862,Atieno,Kilonzo,Female,Mombasa,Plus,Leadership,6,11,54.5,Dropped,2025-06-18,Q2 2025,dropped_out
BEN-007864,Brenda,Odhiambo,Female,Mombasa,Plus,Leadership,4,8,50.0,dropped out,2025-09-25,Q3 2025,dropped_out
BEN-007868,Atieno,Charo,Female,Meru,Plus,Leadership,7,10,70.0,complete,2026-01-29,Q1 2026,completed
BEN-007869,Victor,Njenga,Male,Mombasa,Plus,Financial Literacy,10,12,83.3,In Progress,2026-07-09,Q3 2026,active
BEN-007871,Anyango,Barasa,Female,Nakuru,Plus,Health & Wellness,8,10,80.0,In Progress,2026-09-26,Q3 2026,active
BEN-007872,Odhiambo,Onyango,Male,Kiambu,Plus,Mentorship,11,17,64.7,In Progress,2026-07-31,Q3 2026,active
BEN-007874,Barasa,Mohamed,Male,Kisumu,Plus,Financial Literacy,7,8,87.5,Completed,2026-01-18,Q1 2026,completed
BEN-007876,Anyango,Cheruiyot,Female,Uasin Gishu,Plus,Life Skills,12,13,92.3,In Progress,2026-01-25,Q1 2026,active
BEN-007877,Neema,Musyoka,Female,Kisii,Plus,Entrepreneurship,14,15,93.3,In Progress,2026-02-12,Q1 2026,active
BEN-007881,Achieng,Otieno,Female,Kakamega,Plus,Health & Wellness,4,9,44.4,Dropped,2026-03-24,Q1 2026,dropped_out
BEN-007882,Victor,Kariuki,Male,Machakos,Plus,Entrepreneurship,15,15,100.0,Completed,2026-03-23,Q1 2026,completed
BEN-007884,Baraka,Mutiso,Male,Kisumu,Plus,Life Skills,5,13,38.5,Dropped,2026-01-17,Q1 2026,dropped_out
BEN-007887,Kilonzo,Njoroge,Male,Kisumu,Plus,Entrepreneurship,8,11,72.7,Completed,2026-01-18,Q1 2026,completed
BEN-007888,John,Mohamed,Male,Kajiado,Plus,Entrepreneurship,15,15,100.0,In Progress,2026-09-02,Q3 2026,active
BEN-007891,Anyango,Wanjiku,Female,Machakos,Plus,Life Skills,7,12,58.3,Dropped,2025-05-23,Q2 2025,dropped_out
BEN-007895,Kamau,Omondi,Male,Nakuru,Plus,Leadership,5,10,50.0,Dropped,2025-10-09,Q4 2025,dropped_out
BEN-007896,Musyoka,Bett,Male,Meru,Plus,Life Skills,11,13,84.6,Completed,2025-10-12,Q4 2025,completed
BEN-007900,Grace,Otieno,Female,Kajiado,Plus,Entrepreneurship,10,13,76.9,In Progress,2026-07-30,Q3 2026,active
BEN-007902,Patrick,Omondi,Male,meru,Plus,Leadership,5,10,50.0,Completed,2025-02-22,Q1 2025,completed
BEN-007903,Anthony,Hassan,Male,Nairobi,Plus,Mentorship,12,19,63.2,Completed,2025-10-15,Q4 2025,completed
BEN-007904,Kagure,Mutiso,Female,Meru,Plus,Entrepreneurship,7,10,70.0,complete,2025-09-26,Q3 2025,completed
BEN-007907,Awuor,Wafula,Female,Kilifi,Plus,Community Service,6,7,85.7,In Progress,2026-05-28,Q2 2026,active
BEN-007910,Nyambura,Odhiambo,FEMALE,Mombasa County,Plus,Financial Literacy,8,12,66.7,In Progress,2026-08-09,Q3 2026,active
BEN-007916,Joy,Matano,Female,Kiambu,Plus,Financial Literacy,12,12,100.0,In Progress,2026-07-25,Q3 2026,active
BEN-007917,Odhiambo,Kuria,Male,Kajiado,Plus,Leadership,3,8,37.5,Completed,2025-01-25,Q1 2025,completed
BEN-007918,Brenda,Kimani,F,Nakuru,Plus,Financial Literacy,11,11,100.0,Completed,2025-08-26,Q3 2025,completed
BEN-007919,Mutua,Nyambane,Male,Nairobi,Plus,Mentorship,13,16,81.2,Completed,2025-09-01,Q3 2025,completed
BEN-007921,Musyoka,Mwakio,Male,NAKURU,Plus,Financial Literacy,6,8,75.0,In Progress,2026-08-01,Q3 2026,active
BEN-007922,Mutua,Musyoka,Male,Bungoma,Plus,Community Service,6,9,66.7,Dropped,2026-06-10,Q2 2026,dropped_out
BEN-007923,Nasieku,Ngugi,Female,Nairobi,Plus,Leadership,8,9,88.9,COMPLETED,2025-07-12,Q3 2025,completed
BEN-007928,Peter,Kimani,Male,Meru,Plus,Leadership,10,11,90.9,Completed,2025-06-30,Q2 2025,completed
BEN-007930,Brian,Mwakio,Male,Nakuru,Plus,Community Service,8,10,80.0,Completed,2026-03-19,Q1 2026,completed
BEN-007935,Mumbi,Njenga,Female,muranga,Plus,Financial Literacy,11,11,100.0,Completed,2025-05-01,Q2 2025,completed
BEN-007941,Nasieku,Gitau,Female,Nairobi,Plus,Entrepreneurship,9,12,75.0,In Progress,2026-09-14,Q3 2026,active
BEN-007942,Vincent,Nyambane,Male,Meru,Plus,Entrepreneurship,8,11,72.7,Completed,2025-05-07,Q2 2025,completed
BEN-007943,Brenda,Musyoka,Female,Machakos,Plus,Leadership,6,8,75.0,In Progress,2026-06-13,Q2 2026,active
BEN-007944,Baraka,Koech,Male,Kisii,Plus,Mentorship,14,17,82.4,complete,2025-11-25,Q4 2025,completed
BEN-007945,Chepkoech,Charo,Female,kiambu,Plus,Community Service,5,6,83.3,Completed,2025-10-16,Q4 2025,completed
BEN-007948,Jerop,Mutua,Female,Nakuru,Plus,Leadership,9,10,90.0,Completed,2025-12-18,Q4 2025,completed
BEN-007949,Otieno,Cheruiyot,Male,Kakamega,Plus,Life Skills,9,13,69.2,In Progress,2026-03-15,Q1 2026,active
BEN-007953,Atieno,Achieng,Female,Kisumu,Plus,Financial Literacy,6,10,60.0,In Progress,2026-09-18,Q3 2026,active
BEN-007954,Amina,Kimani,Female,Kakamega,Plus,Life Skills,9,13,69.2,In Progress,2026-08-05,Q3 2026,active
BEN-007955,Collins,Katana,Male,Mombasa,Plus,Mentorship,9,12,75.0,Completed,2026-05-05,Q2 2026,completed
BEN-007956,Amina,Mwakio,Female,Kajiado,Plus,Community Service,8,10,80.0,In Progress,2026-09-24,Q3 2026,active
BEN-007959,Rotich,Mwangi,Male,Nairobi,Plus,Entrepreneurship,9,10,90.0,In Progress,2026-05-18,Q2 2026,active
BEN-007961,Simon,Njenga,Male,Kiambu,Plus,Entrepreneurship,7,12,58.3,Completed,2025-12-08,Q4 2025,completed
BEN-007965,Nasieku,Owino,Female,Uasin Gishu,Plus,Life Skills,9,10,90.0,complete,2026-03-05,Q1 2026,completed
BEN-007966,Atieno,Njenga,Female,Bungoma,Plus,Community Service,6,6,100.0,Completed,2025-01-10,Q1 2025,completed
BEN-007978,Brenda,Abdi,Female,Nairobi,Plus,Life Skills,8,12,66.7,Dropped,2025-12-22,Q4 2025,dropped_out
BEN-007980,Achieng,Rotich,Female,Mombasa,Plus,Community Service,6,9,66.7,Completed,2026-04-10,Q2 2026,completed
BEN-007984,Esther,Njoroge,Female,Meru,Plus,Leadership,5,11,45.5,Dropped,2026-03-19,Q1 2026,dropped_out
BEN-007985,Neema,Wekesa,Female,Kajiado,Plus,Leadership,6,8,75.0,Completed,2025-07-18,Q3 2025,completed
BEN-007986,Patrick,Achieng,Male,Meru,Plus,Community Service,4,8,50.0,Dropped,2026-02-06,Q1 2026,dropped_out
BEN-007989,Francis,Achieng,Male,Nairobi,Plus,Health & Wellness,5,6,83.3,In Progress,2026-05-03,Q2 2026,active
BEN-007991,Otieno,Odhiambo,Male,Kiambu,Plus,Life Skills,12,13,92.3,In Progress,2026-05-01,Q2 2026,active
BEN-007993,Nyambura,Mutua,Female,muranga,Plus,Entrepreneurship,7,14,50.0,complete,2025-05-19,Q2 2025,completed
BEN-007995,Omondi,Nyambane,Male,Bungoma,Plus,Life Skills,10,14,71.4,Completed,2025-08-28,Q3 2025,completed
BEN-007996,Kamau,Juma,Male,Nairobi,Plus,Mentorship,19,19,100.0,In Progress,2026-08-29,Q3 2026,active
BEN-007997,Wekesa,Abdi,Male,Nairobi,Plus,Life Skills,10,13,76.9,Completed,2025-05-21,Q2 2025,completed
BEN-008000,Cheruiyot,Korir,Male,Meru,Plus,Financial Literacy,6,8,75.0,In Progress,2026-09-22,Q3 2026,active
BEN-008002,Vincent,Owino,Male,Nyeri,Plus,Community Service,10,10,100.0,Completed,2026-01-18,Q1 2026,completed
BEN-008003,Mohamed,Barasa,Male,Mombasa County,Plus,Life Skills,11,12,91.7,In Progress,2026-02-08,Q1 2026,active
BEN-008004,Kevin,Maina,Male,Kakamega,Plus,Community Service,9,10,90.0,In Progress,2026-09-08,Q3 2026,active
BEN-008005,Peter,Owino,Male,Kakamega,Plus,Mentorship,9,19,47.4,Dropped,2025-09-01,Q3 2025,dropped_out
BEN-008006,Juma,Kimani,Male,Nairobi,Plus,Entrepreneurship,10,13,76.9,In Progress,2026-04-14,Q2 2026,active
BEN-008009,Faith,Hassan,Female,Nakuru,Plus,Entrepreneurship,11,16,68.8,In Progress,2026-04-09,Q2 2026,active
BEN-008010,Onyango,Kariuki,Male,Uasin Gishu,Plus,Life Skills,10,14,71.4,complete,2025-04-04,Q2 2025,completed
BEN-008011,Wangari,Omondi,Female,Kakamega,Plus,Entrepreneurship,10,13,76.9,In Progress,2026-07-17,Q3 2026,active
BEN-008025,Wanjiku,Mutua,Female,Kajiado,Plus,Mentorship,12,16,75.0,In Progress,2026-06-21,Q2 2026,active
BEN-008027,John,Ochieng,Male,Nakuru,Plus,Financial Literacy,7,11,63.6,Dropped,2026-01-05,Q1 2026,dropped_out
BEN-008029,Wangari,Wafula,Female,Kilifi,Plus,Leadership,6,10,60.0,In Progress,2026-09-24,Q3 2026,active
BEN-008032,Mercy,Maina,Female,Kiambu,Plus,Health & Wellness,7,8,87.5,Completed,2026-01-30,Q1 2026,completed
BEN-008034,Grace,Koech,Female,Kakamega,Plus,Community Service,6,6,100.0,Completed,2026-06-09,Q2 2026,completed
BEN-008035,Isaac,Hassan,Male,Nairobi,Plus,Entrepreneurship,10,14,71.4,In Progress,2026-06-24,Q2 2026,active
BEN-008037,Neema,Kilonzo,Female,Nairobi,Plus,Financial Literacy,11,11,100.0,In Progress,2026-09-18,Q3 2026,active
BEN-008038,David,Korir,Male,Nairobi,Plus,Life Skills,13,14,92.9,Completed,2025-06-22,Q2 2025,completed
BEN-008041,Brian,Koech,Male,Kakamega,Plus,Financial Literacy,6,8,75.0,complete,2025-01-31,Q1 2025,completed
BEN-008044,Samuel,Kiptoo,Male,Meru,Plus,Entrepreneurship,8,14,57.1,Completed,2025-10-29,Q4 2025,completed
BEN-008045,Awuor,Kamau,Female,Nairobi County,Plus,Financial Literacy,11,11,100.0,In Progress,2026-05-02,Q2 2026,active
BEN-008047,Atieno,Odhiambo,female,Nairobi,Plus,Mentorship,14,18,77.8,Completed,2025-05-06,Q2 2025,completed
BEN-008048,Jerop,Barasa,Female,Kilifi,Plus,Leadership,6,9,66.7,COMPLETED,2026-02-17,Q1 2026,completed
BEN-008053,Wanjiru,Kiptoo,Female,Nairobi,Plus,Mentorship,6,14,42.9,Dropped,2025-04-10,Q2 2025,dropped_out
BEN-008054,Faith,Muthoni,Female,Nairobi,Plus,Leadership,8,10,80.0,In Progress,2026-04-13,Q2 2026,active
BEN-008055,Wanjiku,Kimani,Female,Nairobi,Plus,Financial Literacy,8,8,100.0,Completed,2026-02-26,Q1 2026,completed
BEN-008058,Ali,Mutua,Male,Mombasa,Plus,Mentorship,11,14,78.6,Completed,2025-05-14,Q2 2025,completed
BEN-008060,Musyoka,Mohamed,Male,Nakuru,Plus,Community Service,8,9,88.9,In Progress,2026-07-08,Q3 2026,active
BEN-008064,Awuor,Njoroge,Female,kakamega,Plus,Life Skills,7,10,70.0,In Progress,2026-04-29,Q2 2026,active
BEN-008065,Mohamed,Matano,Male,mombasa,Plus,Leadership,6,8,75.0,In Progress,2026-07-03,Q3 2026,active
BEN-008069,Diana,Wanjiku,Female,Mombasa,Plus,Health & Wellness,4,7,57.1,Dropped,2026-06-30,Q2 2026,dropped_out
BEN-008070,Victor,Koech,Male,Nakuru,Plus,Entrepreneurship,13,13,100.0,Completed,2026-06-17,Q2 2026,completed
BEN-008072,Francis,Charo,Male,MERU,Plus,Entrepreneurship,10,13,76.9,Completed,2025-04-15,Q2 2025,completed
BEN-008073,Cynthia,Mutiso,Female,Mombasa,Plus,Community Service,5,6,83.3,In Progress,2026-07-14,Q3 2026,active
BEN-008075,Juma,Mwangi,Male,Kiambu,Plus,Financial Literacy,9,9,100.0,Completed,2025-04-28,Q2 2025,completed
BEN-008076,Amina,Kamau,Female,Muranga,Plus,Health & Wellness,6,7,85.7,In Progress,2026-01-27,Q1 2026,active
BEN-008078,Barasa,Wafula,Male,Machakos,Plus,Mentorship,19,19,100.0,Completed,2025-07-12,Q3 2025,completed
BEN-008081,Wanjiku,Bett,Female,Muranga,Plus,Community Service,4,6,66.7,In Progress,2026-05-15,Q2 2026,active
BEN-008083,Jerop,Ngugi,Female,Nairobi,Plus,Community Service,5,6,83.3,Completed,2025-08-01,Q3 2025,completed
BEN-008084,Nyambura,Owino,Female,KAKAMEGA,Plus,Life Skills,7,10,70.0,In Progress,2026-08-27,Q3 2026,active
BEN-008086,Diana,Chebet,Female,Kisii,Plus,Mentorship,11,20,55.0,Dropped,2026-02-26,Q1 2026,dropped_out
BEN-008087,David,Juma,Male,Uasin Gishu,Plus,Community Service,5,9,55.6,Dropped,2026-05-31,Q2 2026,dropped_out
BEN-008092,Wanjiku,Baya,Female,Kiambu,Plus,Entrepreneurship,8,10,80.0,In Progress,2026-05-22,Q2 2026,active
BEN-008093,Kipchoge,Owino,Male,Mombasa,Plus,Community Service,6,8,75.0,In Progress,2026-03-12,Q1 2026,active
BEN-008097,Kevin,Kuria,Male,Kisii,Plus,Community Service,4,6,66.7,In Progress,2026-04-03,Q2 2026,active
BEN-008100,Samuel,Mutiso,Male,Kilifi,Plus,Leadership,9,9,100.0,Completed,2025-04-18,Q2 2025,completed
BEN-008104,Mohamed,Otieno,Male,Kiambu,Plus,Entrepreneurship,8,14,57.1,Dropped,2025-10-22,Q4 2025,dropped_out
BEN-008106,James,Charo,Male,Nairobi,Plus,Community Service,6,7,85.7,Completed,2025-05-08,Q2 2025,completed
BEN-008108,Wangari,Katana,Female,Machakos,Plus,Entrepreneurship,10,14,71.4,Completed,2025-08-01,Q3 2025,completed
BEN-008111,Cynthia,Kamau,Female,UASIN_GISHU,Plus,Entrepreneurship,13,16,81.2,Completed,2025-09-25,Q3 2025,completed
BEN-008115,Faith,Achieng,female,Nakuru,Plus,Mentorship,19,19,100.0,Completed,2026-03-03,Q1 2026,completed
BEN-008117,Zawadi,Abdi,Female,Kajiado,Plus,Health & Wellness,7,7,100.0,Completed,2025-08-23,Q3 2025,completed
BEN-008119,Francis,Kariuki,Male,Uasin Gishu,Plus,Health & Wellness,6,7,85.7,In Progress,2026-07-22,Q3 2026,active
BEN-008121,Brenda,Omondi,Female,Kakamega,Plus,Financial Literacy,9,9,100.0,In Progress,2026-06-03,Q2 2026,active
BEN-008123,Cherono,Wanjiku,Female,Kakamega,Plus,Community Service,7,10,70.0,complete,2025-03-08,Q1 2025,completed
BEN-008124,Mumbi,Koech,FEMALE,Mombasa,Plus,Leadership,8,10,80.0,Completed,2025-08-06,Q3 2025,completed
BEN-008127,Dennis,Kariuki,Male,Bungoma,Plus,Health & Wellness,7,10,70.0,Completed,2025-12-29,Q4 2025,completed
BEN-008128,Wanjiku,Baya,f,Kakamega,Plus,Life Skills,10,13,76.9,In Progress,2026-08-21,Q3 2026,active
BEN-008129,Neema,Cheruiyot,Female,Kisumu,Plus,Health & Wellness,6,8,75.0,In Progress,2026-09-06,Q3 2026,active
BEN-008130,Kipchoge,Korir,Male,Nairobi,Plus,Life Skills,7,14,50.0,Dropped,2025-02-07,Q1 2025,dropped_out
BEN-008132,Mumbi,Odhiambo,Female,Machakos,Plus,Community Service,5,6,83.3,Completed,2025-07-20,Q3 2025,completed
BEN-008134,Caroline,Onyango,Female,Kisumu,Plus,Leadership,5,8,62.5,Dropped,2025-04-19,Q2 2025,dropped_out
BEN-008135,Awuor,Koech,Female,Nairobi,Plus,Community Service,6,10,60.0,In Progress,2026-09-01,Q3 2026,active
BEN-008136,Ali,Hassan,Male,Muranga,Plus,Financial Literacy,12,12,100.0,Completed,2026-01-02,Q1 2026,completed
BEN-008137,Nasieku,Matano,Female,Meru,Plus,Health & Wellness,4,6,66.7,In Progress,2026-05-14,Q2 2026,active
BEN-008139,Isaac,Mbogo,Male,Nairobi,Plus,Financial Literacy,6,11,54.5,Dropped,2025-06-03,Q2 2025,dropped_out
BEN-008140,Odhiambo,Juma,Male,Kiambu,Plus,Community Service,5,6,83.3,In Progress,2026-03-11,Q1 2026,active
BEN-008145,Esther,Korir,Female,Muranga,Plus,Mentorship,10,12,83.3,In Progress,2026-05-03,Q2 2026,active
BEN-008151,Wekesa,Hassan,Male,Nairobi,Plus,Life Skills,12,12,100.0,In Progress,2026-09-12,Q3 2026,active
BEN-008152,Chebet,Chebet,Female,Kilifi,Plus,Health & Wellness,5,10,50.0,In Progress,2026-04-09,Q2 2026,active
BEN-008154,Mohamed,Wanjiku,Male,Nairobi,Plus,Health & Wellness,5,6,83.3,Completed,2025-11-26,Q4 2025,completed
BEN-008158,Boniface,Kariuki,Male,Kakamega,Plus,Community Service,7,8,87.5,In Progress,2026-06-29,Q2 2026,active
BEN-008159,Mumbi,Kimani,Female,Uasin Gishu,Plus,Life Skills,10,13,76.9,In Progress,2026-09-29,Q3 2026,active
BEN-008161,Baraka,Korir,Male,Nairobi,Plus,Financial Literacy,11,12,91.7,In Progress,2026-07-27,Q3 2026,active
BEN-008163,Korir,Musyoka,Male,Machakos,Plus,Life Skills,8,11,72.7,Completed,2025-03-28,Q1 2025,completed
BEN-008164,Awuor,Otieno,Female,Uasin Gishu,Plus,Mentorship,11,17,64.7,dropped out,2025-02-05,Q1 2025,dropped_out
BEN-008165,Simon,Abdi,Male,Kajiado,Plus,Leadership,7,12,58.3,Completed,2025-09-25,Q3 2025,completed
BEN-008166,Sharon,Njenga,Female,Kisumu,Plus,Community Service,3,9,33.3,Dropped,2025-10-29,Q4 2025,dropped_out
BEN-008167,Chebet,Wafula,Female,Meru,Plus,Health & Wellness,8,8,100.0,In Progress,2026-07-20,Q3 2026,active
BEN-008169,Kiptoo,Wafula,Male,Nakuru,Plus,Mentorship,12,15,80.0,Completed,2026-06-03,Q2 2026,completed
BEN-008170,Faith,Katana,Female,Meru,Plus,Entrepreneurship,12,12,100.0,Completed,2025-10-28,Q4 2025,completed
BEN-008172,Francis,Wafula,Male,Kiambu,Plus,Mentorship,11,15,73.3,In Progress,2026-03-28,Q1 2026,active
BEN-008174,Neema,Muthoni,Female,Kiambu,Plus,Mentorship,19,19,100.0,Completed,2025-12-18,Q4 2025,completed
BEN-008175,Wanjiru,Cheruiyot,Female,Nakuru,Plus,Entrepreneurship,9,11,81.8,In Progress,2026-07-24,Q3 2026,active
BEN-008176,Emmanuel,Koech,Male,Uasin Gishu,Plus,Entrepreneurship,9,16,56.2,Dropped,2025-12-21,Q4 2025,dropped_out
BEN-008177,Awuor,Mbogo,Female,Kilifi,Plus,Health & Wellness,7,10,70.0,In Progress,2026-09-17,Q3 2026,active
BEN-008179,Amina,Baya,Female,Machakos,Plus,Financial Literacy,9,12,75.0,In Progress,2026-09-06,Q3 2026,active
BEN-008182,Faith,Chebet,Female,Meru,Plus,Entrepreneurship,9,12,75.0,Completed,2026-01-04,Q1 2026,completed
BEN-008183,Grace,Charo,Female,Kilifi,Plus,Life Skills,8,12,66.7,In Progress,2026-07-05,Q3 2026,active
BEN-008185,Musyoka,Kimani,Male,Kisumu,Plus,Health & Wellness,3,10,30.0,Dropped,2026-01-03,Q1 2026,dropped_out
BEN-008186,Otieno,Kamau,Male,Nairobi,Plus,Community Service,7,8,87.5,In Progress,2026-08-02,Q3 2026,active
BEN-008190,Amina,Mohamed,Female,Uasin Gishu,Plus,Life Skills,10,10,100.0,In Progress,2026-08-23,Q3 2026,active
BEN-008191,Mohamed,Juma,Male,Kilifi,Plus,Life Skills,8,10,80.0,In Progress,2026-06-03,Q2 2026,active
BEN-008195,Collins,Juma,Male,Uasin Gishu,Plus,Financial Literacy,12,12,100.0,In Progress,2026-07-19,Q3 2026,active
BEN-008197,Emmanuel,Kilonzo,Male,Kakamega,Plus,Life Skills,9,12,75.0,Completed,2025-10-18,Q4 2025,completed
BEN-008199,Atieno,Charo,Female,Bungoma,Plus,Mentorship,8,13,61.5,Completed,2025-07-01,Q3 2025,completed
BEN-008200,Achieng,Musyoka,Female,Bungoma,Plus,Leadership,6,11,54.5,Dropped,2026-01-09,Q1 2026,dropped_out
BEN-008202,Akinyi,Mutua,Female,Nairobi,Plus,Financial Literacy,10,12,83.3,Completed,2025-07-18,Q3 2025,completed
BEN-008203,Wanjiru,Cheruiyot,female,Kiambu,Plus,Entrepreneurship,13,16,81.2,Completed,2025-08-03,Q3 2025,completed
BEN-008205,Emmanuel,Ngugi,Male,Kajiado,Plus,Financial Literacy,5,11,45.5,Dropped,2025-09-08,Q3 2025,dropped_out
BEN-008206,Daniel,Maina,Male,Nyeri,Plus,Mentorship,11,12,91.7,In Progress,2026-04-30,Q2 2026,active
BEN-008207,Nicholas,Kiptoo,Male,Bungoma,Plus,Leadership,7,10,70.0,In Progress,2026-01-11,Q1 2026,active
BEN-008208,Stephen,Wafula,Male,Nairobi,Plus,Financial Literacy,9,10,90.0,complete,2025-10-16,Q4 2025,completed
BEN-008211,Nkatha,Baya,Female,Nairobi,Plus,Life Skills,11,14,78.6,Completed,2025-01-10,Q1 2025,completed
BEN-008212,Odhiambo,Kimani,Male,Uasin Gishu,Plus,Entrepreneurship,12,12,100.0,In Progress,2026-08-03,Q3 2026,active
BEN-008213,Emily,Mohamed,Female,KAJIADO,Plus,Entrepreneurship,12,15,80.0,In Progress,2026-09-19,Q3 2026,active
BEN-008214,Kevin,Maina,Male,Nairobi,Plus,Mentorship,13,13,100.0,In Progress,2026-08-13,Q3 2026,active
BEN-008217,Jerop,Wanjiku,Female,Nairobi,Plus,Financial Literacy,12,12,100.0,COMPLETED,2025-12-15,Q4 2025,completed
BEN-008221,Naisula,Wafula,Female,Kajiado,Plus,Life Skills,9,14,64.3,In Progress,2026-09-10,Q3 2026,active
BEN-008223,David,Barasa,Male,Kisumu,Plus,Financial Literacy,6,8,75.0,In Progress,2026-08-22,Q3 2026,active
BEN-008224,Awuor,Mohamed,Female,Nairobi,Plus,Leadership,5,9,55.6,In Progress,2026-03-08,Q1 2026,active
BEN-008227,Brenda,Hassan,Female,Uasin Gishu,Plus,Leadership,6,9,66.7,Completed,2026-04-08,Q2 2026,completed
BEN-008235,Francis,Barasa,Male,Nairobi,Plus,Community Service,6,6,100.0,In Progress,2026-01-28,Q1 2026,active
BEN-008240,Kelvin,Njoroge,Male,Kiambu,Plus,Entrepreneurship,7,11,63.6,In Progress,2026-05-05,Q2 2026,active
BEN-008244,David,Kilonzo,Male,Kajiado,Plus,Entrepreneurship,14,14,100.0,Completed,2025-09-29,Q3 2025,completed
BEN-008245,Timothy,Charo,Male,Meru,Plus,Entrepreneurship,10,14,71.4,In Progress,2026-04-05,Q2 2026,active
BEN-008247,Joseph,Mutua,Male,Nairobi,Plus,Entrepreneurship,13,14,92.9,Completed,2025-12-23,Q4 2025,completed
BEN-008249,Joseph,Kilonzo,Male,Meru,Plus,Community Service,4,8,50.0,In Progress,2026-09-14,Q3 2026,active
BEN-008254,Omondi,Mwakio,Male,Kajiado,Plus,Community Service,5,9,55.6,Completed,2025-05-11,Q2 2025,completed
BEN-008255,Patrick,Korir,Male,Kisii,Plus,Mentorship,11,20,55.0,Dropped,2026-02-21,Q1 2026,dropped_out
BEN-008259,James,Juma,Male,Kiambu,Plus,Life Skills,13,13,100.0,In Progress,2026-09-19,Q3 2026,active
BEN-008261,Juma,Mutua,Male,Mombasa,Plus,Community Service,7,8,87.5,In Progress,2026-06-15,Q2 2026,active
BEN-008262,Sharon,Mohamed,Female,Muranga,Plus,Life Skills,10,11,90.9,In Progress,2026-01-20,Q1 2026,active
BEN-008263,James,Kuria,Male,Kisumu,Plus,Mentorship,10,12,83.3,In Progress,2026-05-30,Q2 2026,active
BEN-008264,Wanjiku,Hassan,Female,nairobi,Plus,Mentorship,17,20,85.0,In Progress,2026-02-19,Q1 2026,active
BEN-008265,Grace,Bett,Female,Meru,Plus,Community Service,3,7,42.9,In Progress,2026-09-14,Q3 2026,active
BEN-008273,Barasa,Charo,Male,Kisii,Plus,Financial Literacy,10,11,90.9,In Progress,2026-08-15,Q3 2026,active
BEN-008274,Faith,Achieng,Female,Kajiado,Plus,Leadership,6,10,60.0,Completed,2025-11-15,Q4 2025,completed
BEN-008275,Kendi,Matano,Female,Nakuru,Plus,Leadership,11,12,91.7,In Progress,2026-05-21,Q2 2026,active
BEN-008281,David,Kuria,Male,Kajiado,Plus,Leadership,10,11,90.9,Completed,2026-06-03,Q2 2026,completed
BEN-008282,Emily,Kuria,Female,KAJIADO,Plus,Life Skills,12,14,85.7,In Progress,2026-09-08,Q3 2026,active
BEN-008283,Patrick,Kuria,Male,Kiambu,Plus,Life Skills,14,14,100.0,In Progress,2026-07-11,Q3 2026,active
BEN-008287,Musyoka,Charo,Male,Kilifi,Plus,Mentorship,9,20,45.0,Dropped,2025-10-30,Q4 2025,dropped_out
BEN-008290,Samuel,Mutua,Male,Mombasa,Plus,Health & Wellness,7,9,77.8,In Progress,2026-04-03,Q2 2026,active
BEN-008291,Wangari,Otieno,Female,Bungoma,Plus,Mentorship,13,19,68.4,Completed,2025-04-06,Q2 2025,completed
BEN-008292,Kipchoge,Nduta,Male,Muranga,Plus,Mentorship,12,15,80.0,In Progress,2026-05-16,Q2 2026,active
BEN-008295,Daniel,Wekesa,Male,Nairobi,Plus,Mentorship,10,12,83.3,Completed,2025-09-16,Q3 2025,completed
BEN-008297,Beatrice,Odhiambo,Female,Nairobi,Plus,Community Service,5,7,71.4,Completed,2026-02-03,Q1 2026,completed
BEN-008299,David,Matano,Male,Kisii,Plus,Financial Literacy,6,8,75.0,In Progress,2026-04-08,Q2 2026,active
BEN-008300,Baraka,Chebet,Male,Kisumu,Plus,Community Service,9,10,90.0,Completed,2025-12-23,Q4 2025,completed
BEN-008301,Onyango,Chebet,Male,Kiambu,Plus,Life Skills,11,14,78.6,In Progress,2026-08-01,Q3 2026,active
BEN-008305,Kevin,Onyango,M,Nairobi,Plus,Leadership,8,12,66.7,Completed,2025-08-29,Q3 2025,completed
BEN-008306,Jerop,Charo,Female,Machakos,Plus,Mentorship,15,18,83.3,Completed,2026-01-29,Q1 2026,completed
BEN-008307,Atieno,Owino,Female,Nairobi,Plus,Health & Wellness,5,6,83.3,Completed,2025-12-07,Q4 2025,completed
BEN-008308,Awuor,Barasa,Female,Kilifi,Plus,Leadership,11,12,91.7,In Progress,2026-04-03,Q2 2026,active
BEN-008309,Sharon,Ochieng,female,Kiambu County,Plus,Leadership,5,8,62.5,In Progress,2026-06-14,Q2 2026,active
BEN-008310,Dennis,Nyambane,Male,Nairobi,Plus,Life Skills,13,13,100.0,Completed,2025-12-05,Q4 2025,completed
BEN-008311,Wangari,Mbogo,Female,KISUMU,Plus,Entrepreneurship,9,13,69.2,In Progress,2026-07-15,Q3 2026,active
BEN-008313,Halima,Wafula,Female,Nairobi,Plus,Mentorship,19,20,95.0,In Progress,2026-09-06,Q3 2026,active
BEN-008318,Kevin,Nyambane,Male,Nakuru,Plus,Life Skills,8,10,80.0,In Progress,2026-04-20,Q2 2026,active
BEN-008319,Wekesa,Koech,Male,Mombasa,Plus,Life Skills,9,11,81.8,In Progress,2026-07-06,Q3 2026,active
BEN-008322,Otieno,Koech,Male,Kisii,Plus,Leadership,6,8,75.0,Completed,2025-04-13,Q2 2025,completed
BEN-008324,Cheruiyot,Mwakio,Male,muranga,Plus,Community Service,8,10,80.0,In Progress,2026-09-17,Q3 2026,active
BEN-008325,Mohamed,Charo,Male,Uasin Gishu,Plus,Health & Wellness,2,7,28.6,Dropped,2025-06-06,Q2 2025,dropped_out
BEN-008326,Korir,Onyango,Male,Meru,Plus,Leadership,8,12,66.7,Completed,2025-02-27,Q1 2025,completed
BEN-008330,Wangari,Mbogo,FEMALE,Uasin Gishu,Plus,Community Service,4,10,40.0,dropped out,2025-08-01,Q3 2025,dropped_out
BEN-008333,Beatrice,Omondi,Female,Kisumu,Plus,Leadership,7,12,58.3,Completed,2025-11-09,Q4 2025,completed
BEN-008334,Joy,Kuria,Female,muranga,Plus,Community Service,5,8,62.5,Completed,2026-02-09,Q1 2026,completed
BEN-008336,Cynthia,Wekesa,Female,Kiambu,Plus,Leadership,11,11,100.0,In Progress,2026-07-27,Q3 2026,active
BEN-008338,Musyoka,Kiptoo,Male,Nairobi,Plus,Leadership,6,11,54.5,Dropped,2026-01-15,Q1 2026,dropped_out
BEN-008340,Kevin,Owino,Male,Kisii,Plus,Mentorship,11,17,64.7,Completed,2025-11-23,Q4 2025,completed
BEN-008342,Otieno,Matano,Male,Kajiado,Plus,Entrepreneurship,11,15,73.3,Completed,2025-11-13,Q4 2025,completed
BEN-008343,Jerop,Maina,Female,Machakos,Plus,Leadership,8,9,88.9,In Progress,2026-05-25,Q2 2026,active
BEN-008344,Peter,Gitau,Male,Kisumu,Plus,Community Service,7,9,77.8,In Progress,2026-05-16,Q2 2026,active
BEN-008345,Atieno,Barasa,Female,Meru,Plus,Entrepreneurship,6,12,50.0,Dropped,2026-03-19,Q1 2026,dropped_out
BEN-008350,Musyoka,Odhiambo,Male,Machakos,Plus,Life Skills,4,10,40.0,Dropped,2025-08-30,Q3 2025,dropped_out
BEN-008353,Wangari,Korir,Female,Machakos,Plus,Health & Wellness,5,9,55.6,Dropped,2025-08-01,Q3 2025,dropped_out
BEN-008355,Kendi,Wafula,Female,Nairobi,Plus,Mentorship,10,12,83.3,In Progress,2026-09-21,Q3 2026,active
BEN-008357,Grace,Charo,Female,Kakamega,Plus,Life Skills,11,12,91.7,In Progress,2026-06-15,Q2 2026,active
BEN-008358,Kevin,Kamau,Male,Nakuru,Plus,Life Skills,9,11,81.8,Completed,2026-01-27,Q1 2026,completed
BEN-008359,Grace,Bett,Female,Kajiado County,Plus,Health & Wellness,4,6,66.7,Completed,2026-02-21,Q1 2026,completed
BEN-008360,Wanjiku,Cheruiyot,Female,Nairobi County,Plus,Mentorship,12,16,75.0,In Progress,2026-04-06,Q2 2026,active
BEN-008362,Mumbi,Nyambane,Female,nyeri,Plus,Entrepreneurship,10,11,90.9,In Progress,2026-09-10,Q3 2026,active
BEN-008363,Njeri,Chebet,Female,Bungoma,Plus,Community Service,7,9,77.8,In Progress,2026-09-08,Q3 2026,active
BEN-008364,Wanjiru,Mutiso,Female,Kisii,Plus,Leadership,4,12,33.3,Dropped,2026-04-02,Q2 2026,dropped_out
BEN-008365,Cheruiyot,Matano,Male,Kiambu,Plus,Health & Wellness,9,9,100.0,In Progress,2026-09-11,Q3 2026,active
BEN-008366,Wangari,Kamau,Female,Nairobi,Plus,Leadership,9,12,75.0,In Progress,2026-08-31,Q3 2026,active
BEN-008373,Nkatha,Mwangi,Female,Mombasa,Plus,Entrepreneurship,7,13,53.8,Dropped,2025-08-20,Q3 2025,dropped_out
BEN-008376,Chepkoech,Wafula,Female,Mombasa,Plus,Health & Wellness,6,8,75.0,In Progress,2026-07-26,Q3 2026,active
BEN-008377,Baraka,Musyoka,Male,Kiambu,Plus,Health & Wellness,5,6,83.3,Completed,2025-05-23,Q2 2025,completed
BEN-008378,Onyango,Ochieng,Male,Nyeri,Plus,Life Skills,9,14,64.3,In Progress,2026-07-10,Q3 2026,active
BEN-008383,Njeri,Wekesa,Female,Uasin Gishu,Plus,Life Skills,11,12,91.7,Completed,2025-07-29,Q3 2025,completed
BEN-008387,Akinyi,Mohamed,Female,Kiambu,Plus,Leadership,8,11,72.7,In Progress,2026-09-21,Q3 2026,active
BEN-008390,Mercy,Mutiso,Female,nairobi,Plus,Entrepreneurship,7,11,63.6,Completed,2026-02-05,Q1 2026,completed
BEN-008392,Purity,Achieng,Female,Mombasa,Plus,Life Skills,7,11,63.6,In Progress,2026-05-14,Q2 2026,active
BEN-008410,Nkatha,Ochieng,FEMALE,Kakamega,Plus,Life Skills,7,12,58.3,Completed,2025-01-18,Q1 2025,completed
BEN-008416,Emily,Achieng,Female,Nairobi,Plus,Entrepreneurship,12,15,80.0,In Progress,2026-04-17,Q2 2026,active
BEN-008419,Ali,Rotich,Male,Kisii,Plus,Mentorship,14,16,87.5,Completed,2026-01-22,Q1 2026,completed
BEN-008421,Sharon,Kamau,Female,MOMBASA,Plus,Mentorship,10,17,58.8,dropped out,2025-02-16,Q1 2025,dropped_out
BEN-008422,Halima,Njoroge,Female,Kiambu,Plus,Financial Literacy,6,8,75.0,In Progress,2026-07-07,Q3 2026,active
BEN-008425,Wanjiru,Charo,Female,Machakos,Plus,Entrepreneurship,9,10,90.0,Completed,2025-11-21,Q4 2025,completed
BEN-008429,Purity,Hassan,female,Kiambu,Plus,Community Service,7,9,77.8,Completed,2025-08-29,Q3 2025,completed
BEN-008431,Barasa,Nyambane,Male,Kisumu,Plus,Mentorship,7,12,58.3,In Progress,2026-07-23,Q3 2026,active
BEN-008432,Esther,Korir,f,Uasin Gishu,Plus,Life Skills,6,10,60.0,In Progress,2026-05-30,Q2 2026,active
BEN-008434,Wekesa,Hassan,Male,Nyeri,Plus,Community Service,5,9,55.6,Dropped,2025-10-06,Q4 2025,dropped_out
BEN-008435,Neema,Chebet,Female,Nairobi,Plus,Health & Wellness,4,6,66.7,In Progress,2026-09-05,Q3 2026,active
BEN-008438,Nasieku,Owino,Female,Nairobi,Plus,Health & Wellness,10,10,100.0,In Progress,2026-05-14,Q2 2026,active
BEN-008440,Atieno,Muthoni,Female,Nairobi,Plus,Health & Wellness,5,7,71.4,In Progress,2026-06-16,Q2 2026,active
BEN-008441,Njeri,Barasa,f,Mombasa,Plus,Entrepreneurship,3,11,27.3,Completed,2025-09-05,Q3 2025,completed
BEN-008451,Cheruiyot,Wanjiku,Male,Nakuru,Plus,Life Skills,12,14,85.7,Completed,2025-05-25,Q2 2025,completed
BEN-008452,Simon,Mutiso,Male,Uasin Gishu,Plus,Community Service,6,7,85.7,In Progress,2026-01-16,Q1 2026,active
BEN-008454,Emily,Mutiso,Female,Mombasa,Plus,Community Service,8,9,88.9,In Progress,2026-09-13,Q3 2026,active
BEN-008455,Otieno,Onyango,Male,Kisumu,Plus,Mentorship,6,14,42.9,Dropped,2025-12-19,Q4 2025,dropped_out
BEN-008460,Halima,Hassan,Female,Kajiado,Plus,Entrepreneurship,7,10,70.0,In Progress,2026-08-11,Q3 2026,active
BEN-008465,Mutua,Bett,Male,Uasin Gishu,Plus,Community Service,6,9,66.7,In Progress,2026-06-16,Q2 2026,active
BEN-008468,Odhiambo,Otieno,Male,Muranga,Plus,Leadership,6,8,75.0,In Progress,2026-08-09,Q3 2026,active
BEN-008469,Brian,Kariuki,Male,Nyeri,Plus,Entrepreneurship,10,11,90.9,Completed,2025-09-04,Q3 2025,completed
BEN-008470,Chebet,Kilonzo,Female,Kakamega,Plus,Leadership,10,12,83.3,Completed,2025-09-10,Q3 2025,completed
BEN-008471,Beatrice,Onyango,Female,Mombasa,Plus,Leadership,4,9,44.4,Dropped,2026-03-13,Q1 2026,dropped_out
BEN-008473,Emmanuel,Kamau,Male,Nairobi,Plus,Financial Literacy,6,9,66.7,Completed,2025-07-29,Q3 2025,completed
BEN-008475,Achieng,Katana,Female,Kilifi,Plus,Health & Wellness,9,10,90.0,In Progress,2026-09-09,Q3 2026,active
BEN-008476,Mohamed,Katana,Male,Kakamega,Plus,Community Service,3,7,42.9,In Progress,2026-04-07,Q2 2026,active
BEN-008481,Wanjiku,Nduta,Female,Kilifi,Plus,Health & Wellness,4,6,66.7,Completed,2026-04-21,Q2 2026,completed
BEN-008483,Jerop,Korir,Female,Kisumu,Plus,Leadership,8,9,88.9,In Progress,2026-04-20,Q2 2026,active
BEN-008484,Brian,Mbogo,Male,Kakamega,Plus,Mentorship,13,16,81.2,Completed,2025-07-29,Q3 2025,completed
BEN-008486,Joy,Baya,Female,Uasin Gishu County,Plus,Life Skills,8,10,80.0,In Progress,2026-07-04,Q3 2026,active
BEN-008490,Peter,Mutiso,Male,Kakamega,Plus,Health & Wellness,7,10,70.0,Completed,2026-06-11,Q2 2026,completed
BEN-008491,Esther,Mwakio,Female,Muranga,Plus,Mentorship,14,18,77.8,In Progress,2026-04-12,Q2 2026,active
BEN-008496,John,Wanjiku,Male,Uasin Gishu,Plus,Life Skills,9,11,81.8,In Progress,2026-09-13,Q3 2026,active
BEN-008499,Kilonzo,Ngugi,Male,Kakamega,Plus,Health & Wellness,3,7,42.9,Dropped,2025-03-11,Q1 2025,dropped_out
BEN-008501,Cherono,Omondi,FEMALE,Machakos,Plus,Health & Wellness,6,7,85.7,In Progress,2026-05-31,Q2 2026,active
BEN-008502,Kendi,Musyoka,Female,Nairobi,Plus,Leadership,10,12,83.3,Completed,2025-06-05,Q2 2025,completed
BEN-008505,Halima,Wanjiku,Female,Mombasa,Plus,Community Service,5,10,50.0,Dropped,2025-12-08,Q4 2025,dropped_out
BEN-008507,Baraka,Mbogo,Male,Nakuru,Plus,Entrepreneurship,11,11,100.0,complete,2025-11-14,Q4 2025,completed
BEN-008510,Mohamed,Kamau,Male,Uasin Gishu,Plus,Financial Literacy,3,8,37.5,Dropped,2025-12-05,Q4 2025,dropped_out
BEN-008514,Brian,Baya,Male,Nakuru,Plus,Life Skills,10,10,100.0,In Progress,2026-05-11,Q2 2026,active
BEN-008518,Nyambura,Chebet,Female,Kajiado,Plus,Financial Literacy,10,10,100.0,Completed,2025-02-12,Q1 2025,completed
BEN-008519,Odhiambo,Muthoni,Male,Nairobi,Plus,Community Service,4,6,66.7,In Progress,2026-06-19,Q2 2026,active
BEN-008520,Emily,Musyoka,Female,Muranga,Plus,Life Skills,6,13,46.2,Completed,2025-05-25,Q2 2025,completed
BEN-008524,Kagure,Kamau,Female,Nairobi,Plus,Financial Literacy,8,8,100.0,In Progress,2026-02-07,Q1 2026,active
BEN-008529,Cherono,Ochieng,Female,Nyeri,Plus,Health & Wellness,6,10,60.0,Completed,2026-01-21,Q1 2026,completed
BEN-008530,David,Wanjiku,Male,NAIROBI,Plus,Financial Literacy,4,9,44.4,Completed,2025-07-23,Q3 2025,completed
BEN-008532,Faith,Kamau,Female,Kajiado,Plus,Mentorship,13,15,86.7,Completed,2025-03-27,Q1 2025,completed
BEN-008534,Kendi,Juma,Female,Nairobi,Plus,Financial Literacy,12,12,100.0,In Progress,2026-04-29,Q2 2026,active
BEN-008537,Anyango,Hassan,FEMALE,Nakuru,Plus,Life Skills,8,13,61.5,In Progress,2026-05-23,Q2 2026,active
BEN-008539,Wanjiku,Otieno,FEMALE,Kilifi,Plus,Community Service,7,8,87.5,In Progress,2026-04-08,Q2 2026,active
BEN-008540,John,Juma,Male,Kakamega,Plus,Leadership,10,10,100.0,Completed,2026-03-04,Q1 2026,completed
BEN-008544,Caroline,Odhiambo,f,Kajiado,Plus,Leadership,9,12,75.0,In Progress,2026-04-23,Q2 2026,active
BEN-008546,Atieno,Koech,Female,Nairobi,Plus,Health & Wellness,3,7,42.9,Dropped,2025-05-28,Q2 2025,dropped_out
BEN-008547,Kelvin,Kilonzo,Male,Kisii,Plus,Community Service,6,6,100.0,complete,2025-08-17,Q3 2025,completed
BEN-008550,Ali,Odhiambo,Male,Kakamega,Plus,Mentorship,7,18,38.9,In Progress,2026-03-23,Q1 2026,active
BEN-008552,Amina,Owino,Female,Nyeri County,Plus,Leadership,8,9,88.9,Completed,2026-06-15,Q2 2026,completed
BEN-008554,Kagure,Nduta,Female,Machakos,Plus,Community Service,6,8,75.0,Completed,2025-10-31,Q4 2025,completed
BEN-008555,Wanjiru,Njenga,Female,Kiambu,Plus,Life Skills,8,11,72.7,Completed,2025-11-07,Q4 2025,completed
BEN-008556,Wanjiku,Achieng,Female,Nairobi,Plus,Mentorship,17,20,85.0,Completed,2025-08-09,Q3 2025,completed
BEN-008557,Atieno,Nyambane,Female,Mombasa,Plus,Life Skills,11,11,100.0,In Progress,2026-04-19,Q2 2026,active
BEN-008558,Nicholas,Odhiambo,MALE,Mombasa,Plus,Health & Wellness,3,7,42.9,Dropped,2026-02-12,Q1 2026,dropped_out
BEN-008561,Stephen,Nyambane,Male,Mombasa County,Plus,Financial Literacy,7,8,87.5,In Progress,2026-04-30,Q2 2026,active
BEN-008565,Atieno,Mutiso,Female,Meru,Plus,Life Skills,13,14,92.9,Completed,2026-04-27,Q2 2026,completed
BEN-008566,Samuel,Wafula,Male,Uasin Gishu,Plus,Life Skills,9,13,69.2,In Progress,2026-04-11,Q2 2026,active
BEN-008569,Atieno,Abdi,Female,Muranga,Plus,Life Skills,11,11,100.0,Completed,2026-05-24,Q2 2026,completed
BEN-008577,Nkatha,Nduta,Female,Machakos,Plus,Health & Wellness,7,10,70.0,In Progress,2026-07-31,Q3 2026,active
BEN-008579,Nasieku,Kuria,Female,Bungoma,Plus,Life Skills,6,11,54.5,In Progress,2026-05-15,Q2 2026,active
BEN-008580,Nicholas,Juma,Male,Nairobi,Plus,Mentorship,12,16,75.0,In Progress,2026-04-11,Q2 2026,active
BEN-008581,Ali,Gitau,Male,Mombasa,Plus,Health & Wellness,6,6,100.0,Completed,2025-10-20,Q4 2025,completed
BEN-008583,Chebet,Kariuki,Female,Kisumu,Plus,Mentorship,11,15,73.3,Completed,2025-04-08,Q2 2025,completed
BEN-008587,Faith,Musyoka,Female,Kajiado,Plus,Leadership,10,11,90.9,In Progress,2026-01-18,Q1 2026,active
BEN-008588,Akinyi,Omondi,Female,Kakamega,Plus,Community Service,8,10,80.0,In Progress,2026-08-24,Q3 2026,active
BEN-008589,Dennis,Mwakio,Male,Kakamega,Plus,Leadership,6,10,60.0,Dropped,2025-06-05,Q2 2025,dropped_out
BEN-008590,Daniel,Rotich,Male,Nyeri,Plus,Health & Wellness,7,9,77.8,In Progress,2026-07-08,Q3 2026,active
BEN-008593,Daniel,Cheruiyot,Male,Kisii,Plus,Leadership,4,9,44.4,In Progress,2026-06-08,Q2 2026,active
BEN-008596,Simon,Achieng,Male,Nairobi,Plus,Life Skills,9,10,90.0,Completed,2026-05-05,Q2 2026,completed
BEN-008602,Brenda,Katana,Female,Kajiado,Plus,Entrepreneurship,6,16,37.5,Dropped,2026-02-19,Q1 2026,dropped_out
BEN-008603,Brenda,Mwakio,Female,Nyeri,Plus,Community Service,6,6,100.0,Completed,2025-09-27,Q3 2025,completed
BEN-008606,Grace,Kuria,Female,Mombasa,Plus,Community Service,9,9,100.0,In Progress,2026-08-19,Q3 2026,active
BEN-008610,Nyambura,Ochieng,Female,Kakamega,Plus,Community Service,5,6,83.3,Completed,2025-12-20,Q4 2025,completed
BEN-008612,Atieno,Bett,Female,Kajiado,Plus,Life Skills,12,13,92.3,Completed,2025-07-03,Q3 2025,completed
BEN-008615,Sharon,Njoroge,Female,Nairobi,Plus,Mentorship,17,19,89.5,Completed,2025-09-17,Q3 2025,completed
BEN-008617,Kagure,Baya,Female,Nairobi,Plus,Life Skills,9,10,90.0,In Progress,2026-04-10,Q2 2026,active
BEN-008619,David,Nyambane,Male,Nairobi,Plus,Financial Literacy,4,9,44.4,Dropped,2025-01-27,Q1 2025,dropped_out
BEN-008623,Beatrice,Ochieng,Female,Mombasa,Plus,Health & Wellness,5,8,62.5,In Progress,2026-07-19,Q3 2026,active
BEN-008628,Halima,Kariuki,Female,Nairobi,Plus,Leadership,5,12,41.7,DROPPED,2025-08-01,Q3 2025,dropped_out
BEN-008629,Grace,Korir,Female,Uasin Gishu,Plus,Leadership,10,12,83.3,In Progress,2026-09-11,Q3 2026,active
BEN-008630,Nyambura,Omondi,Female,Nyeri,Plus,Mentorship,14,18,77.8,In Progress,2026-07-07,Q3 2026,active
BEN-008636,Nkatha,Mutiso,Female,Uasin Gishu,Plus,Mentorship,16,18,88.9,In Progress,2026-09-01,Q3 2026,active
BEN-008637,Esther,Njenga,Female,UASIN_GISHU,Plus,Entrepreneurship,5,10,50.0,Dropped,2026-02-03,Q1 2026,dropped_out
BEN-008638,Korir,Nduta,Male,Kakamega,Plus,Health & Wellness,7,9,77.8,Completed,2026-03-10,Q1 2026,completed
BEN-008640,Nasieku,Kiptoo,Female,Kiambu,Plus,Health & Wellness,6,10,60.0,In Progress,2026-07-19,Q3 2026,active
BEN-008646,Nicholas,Kamau,Male,KIAMBU,Plus,Life Skills,6,11,54.5,Dropped,2025-12-21,Q4 2025,dropped_out
BEN-008647,Gathoni,Juma,Female,Muranga,Plus,Community Service,9,10,90.0,Completed,2025-10-01,Q4 2025,completed
BEN-008648,Sharon,Kiptoo,Female,Nairobi,Plus,Life Skills,9,13,69.2,Completed,2025-07-03,Q3 2025,completed
BEN-008657,Zawadi,Owino,Female,Mombasa,Plus,Leadership,8,10,80.0,In Progress,2026-07-03,Q3 2026,active
BEN-008659,Zawadi,Omondi,Female,Nyeri,Plus,Entrepreneurship,9,16,56.2,In Progress,2026-09-09,Q3 2026,active
BEN-008660,Mohamed,Wanjiku,Male,Kiambu,Plus,Health & Wellness,4,6,66.7,complete,2025-10-23,Q4 2025,completed
BEN-008662,Otieno,Nduta,Male,Kisumu,Plus,Mentorship,10,19,52.6,Completed,2025-08-09,Q3 2025,completed
BEN-008663,Gathoni,Onyango,Female,Nairobi,Plus,Entrepreneurship,13,14,92.9,Completed,2025-11-15,Q4 2025,completed
BEN-008666,Boniface,Matano,Male,Kakamega,Plus,Mentorship,11,18,61.1,In Progress,2026-07-14,Q3 2026,active
BEN-008667,Rotich,Kiptoo,Male,Nairobi,Plus,Leadership,6,9,66.7,Completed,2025-07-27,Q3 2025,completed
BEN-008670,Barasa,Kilonzo,Male,Machakos,Plus,Mentorship,14,18,77.8,In Progress,2026-01-27,Q1 2026,active
BEN-008676,Purity,Mwangi,Female,Nakuru,Plus,Financial Literacy,6,9,66.7,Dropped,2025-05-21,Q2 2025,dropped_out
BEN-008677,Isaac,Mutiso,Male,Mombasa,Plus,Entrepreneurship,13,15,86.7,In Progress,2026-04-11,Q2 2026,active
BEN-008678,Amina,Mwangi,Female,Kisumu,Plus,Leadership,9,10,90.0,In Progress,2026-08-07,Q3 2026,active
BEN-008679,Daniel,Nduta,Male,Kiambu,Plus,Life Skills,7,11,63.6,Dropped,2026-03-18,Q1 2026,dropped_out
BEN-008685,Purity,Katana,Female,Mombasa,Plus,Health & Wellness,7,10,70.0,In Progress,2026-09-10,Q3 2026,active
BEN-008687,Chebet,Barasa,Female,Meru,Plus,Life Skills,8,11,72.7,Completed,2026-03-26,Q1 2026,completed
BEN-008689,Diana,Mohamed,female,Nairobi,Plus,Entrepreneurship,6,13,46.2,Dropped,2025-01-31,Q1 2025,dropped_out
BEN-008690,Cheruiyot,Mohamed,Male,Nyeri,Plus,Leadership,9,9,100.0,Completed,2025-08-22,Q3 2025,completed
BEN-008693,Mercy,Mbogo,Female,Muranga County,Plus,Community Service,7,8,87.5,In Progress,2026-07-04,Q3 2026,active
BEN-008694,Achieng,Wafula,Female,Nairobi,Plus,Health & Wellness,9,10,90.0,Completed,2025-03-01,Q1 2025,completed
BEN-008697,Anyango,Njenga,Female,Nairobi,Plus,Health & Wellness,5,7,71.4,Completed,2025-01-14,Q1 2025,completed
BEN-008698,Caroline,Barasa,Female,Kiambu,Plus,Financial Literacy,7,8,87.5,In Progress,2026-08-08,Q3 2026,active
BEN-008699,Nkatha,Gitau,Female,Nakuru,Plus,Financial Literacy,5,9,55.6,Dropped,2025-12-10,Q4 2025,dropped_out
BEN-008700,Achieng,Korir,Female,KISII,Plus,Life Skills,6,11,54.5,Dropped,2025-05-25,Q2 2025,dropped_out
BEN-008701,Amina,Barasa,Female,Nairobi,Plus,Entrepreneurship,14,14,100.0,In Progress,2026-08-08,Q3 2026,active
BEN-008704,Baraka,Wekesa,Male,Kiambu,Plus,Entrepreneurship,9,13,69.2,In Progress,2026-09-25,Q3 2026,active
BEN-008707,Juma,Wanjiku,Male,Kisumu,Plus,Entrepreneurship,11,14,78.6,Completed,2026-01-30,Q1 2026,completed
BEN-008708,Beatrice,Kiptoo,Female,Kilifi,Plus,Leadership,5,8,62.5,In Progress,2026-05-30,Q2 2026,active
BEN-008711,Juma,Charo,Male,Kiambu,Plus,Life Skills,11,14,78.6,In Progress,2026-08-24,Q3 2026,active
BEN-008712,Otieno,Kilonzo,Male,Nyeri,Plus,Life Skills,9,12,75.0,Completed,2025-04-28,Q2 2025,completed
BEN-008717,Kagure,Owino,Female,Kisumu,Plus,Health & Wellness,6,8,75.0,Completed,2025-11-17,Q4 2025,completed
BEN-008719,Musyoka,Nyambane,Male,Kisumu,Plus,Community Service,4,7,57.1,Completed,2026-01-02,Q1 2026,completed
BEN-008720,Beatrice,Juma,Female,Kilifi,Plus,Health & Wellness,6,7,85.7,Completed,2025-09-23,Q3 2025,completed
BEN-008721,Timothy,Chebet,Male,Nyeri,Plus,Health & Wellness,4,6,66.7,Completed,2026-03-07,Q1 2026,completed
BEN-008723,Kamau,Kimani,Male,Nyeri,Plus,Mentorship,14,19,73.7,Completed,2025-07-27,Q3 2025,completed
BEN-008726,Joy,Muthoni,Female,Machakos,Plus,Leadership,6,10,60.0,Completed,2026-05-27,Q2 2026,completed
BEN-008727,James,Ngugi,Male,Nairobi,Plus,Health & Wellness,6,8,75.0,In Progress,2026-08-21,Q3 2026,active
BEN-008733,Chebet,Mutua,Female,NAIROBI,Plus,Life Skills,10,11,90.9,complete,2025-08-08,Q3 2025,completed
BEN-008734,Njeri,Kariuki,Female,Nairobi County,Plus,Life Skills,12,12,100.0,In Progress,2026-05-17,Q2 2026,active
BEN-008738,Barasa,Ngugi,Male,Mombasa,Plus,Community Service,8,9,88.9,In Progress,2026-01-01,Q1 2026,active
BEN-008739,Amina,Kamau,Female,Kakamega,Plus,Financial Literacy,6,12,50.0,Completed,2026-06-24,Q2 2026,completed
BEN-008741,Joseph,Muthoni,Male,Nairobi,Plus,Mentorship,12,13,92.3,In Progress,2026-08-20,Q3 2026,active
BEN-008742,Chebet,Mwangi,Female,Kiambu,Plus,Mentorship,12,16,75.0,In Progress,2026-06-04,Q2 2026,active
BEN-008746,Jerop,Juma,Female,Mombasa,Plus,Mentorship,9,15,60.0,Completed,2026-04-10,Q2 2026,completed
BEN-008747,Zawadi,Kamau,Female,Kisii,Plus,Life Skills,14,14,100.0,In Progress,2026-04-06,Q2 2026,active
BEN-008751,Kendi,Bett,Female,Mombasa,Plus,Community Service,5,6,83.3,Completed,2025-12-21,Q4 2025,completed
BEN-008752,Nasieku,Ngugi,Female,Nakuru,Plus,Health & Wellness,4,6,66.7,In Progress,2026-07-15,Q3 2026,active
BEN-008753,Musyoka,Matano,Male,Kisumu,Plus,Health & Wellness,4,8,50.0,Dropped,2026-01-24,Q1 2026,dropped_out
BEN-008754,Abdi,Nduta,Male,Nairobi,Plus,Life Skills,9,11,81.8,In Progress,2026-05-29,Q2 2026,active
BEN-008758,Mohamed,Wafula,Male,Mombasa County,Plus,Financial Literacy,7,9,77.8,In Progress,2026-09-08,Q3 2026,active
BEN-008760,Mercy,Wekesa,Female,Mombasa County,Plus,Entrepreneurship,8,13,61.5,Completed,2025-08-21,Q3 2025,completed
BEN-008762,Samuel,Korir,Male,Meru,Plus,Life Skills,8,14,57.1,In Progress,2026-09-16,Q3 2026,active
BEN-008765,Kipchoge,Njenga,Male,Nairobi,Plus,Life Skills,9,13,69.2,Completed,2025-09-16,Q3 2025,completed
BEN-008766,Diana,Mwangi,Female,Nairobi,Plus,Financial Literacy,6,11,54.5,In Progress,2026-07-07,Q3 2026,active
BEN-008767,Anyango,Kamau,Female,Machakos,Plus,Entrepreneurship,10,13,76.9,In Progress,2026-08-13,Q3 2026,active
BEN-008774,Faith,Katana,Female,Nairobi,Plus,Mentorship,11,19,57.9,Completed,2025-05-27,Q2 2025,completed
BEN-008778,Kelvin,Gitau,Male,Uasin Gishu,Plus,Entrepreneurship,6,10,60.0,In Progress,2026-08-24,Q3 2026,active
BEN-008780,Nkatha,Kilonzo,Female,Uasin Gishu,Plus,Mentorship,13,18,72.2,Completed,2026-03-12,Q1 2026,completed
BEN-008782,Abdi,Wanjiku,Male,Meru,Plus,Life Skills,6,12,50.0,Completed,2025-10-29,Q4 2025,completed
BEN-008784,Vincent,Mwangi,Male,Nakuru,Plus,Financial Literacy,10,11,90.9,In Progress,2026-07-12,Q3 2026,active
BEN-008786,Sharon,Kuria,Female,Muranga,Plus,Community Service,8,10,80.0,Completed,2025-01-15,Q1 2025,completed
BEN-008791,Rotich,Mwangi,Male,Nairobi,Plus,Financial Literacy,7,11,63.6,Completed,2025-05-27,Q2 2025,completed
BEN-008793,Sharon,Kiptoo,Female,Kiambu,Plus,Leadership,7,12,58.3,Completed,2025-08-02,Q3 2025,completed
BEN-008797,Kendi,Njoroge,female,Uasin Gishu,Plus,Life Skills,7,11,63.6,In Progress,2026-04-26,Q2 2026,active
BEN-008799,Brenda,Barasa,Female,Nyeri,Plus,Life Skills,14,14,100.0,In Progress,2026-07-03,Q3 2026,active
BEN-008801,Faith,Muthoni,Female,Kisumu,Plus,Life Skills,13,14,92.9,In Progress,2026-05-09,Q2 2026,active
BEN-008802,Jerop,Nyambane,Female,Mombasa,Plus,Life Skills,5,11,45.5,Dropped,2025-07-13,Q3 2025,dropped_out
BEN-008803,Dennis,Abdi,Male,Mombasa,Plus,Leadership,6,9,66.7,Completed,2025-06-26,Q2 2025,completed
BEN-008810,Diana,Mwakio,Female,Kiambu,Plus,Leadership,4,9,44.4,Completed,2026-01-22,Q1 2026,completed
BEN-008811,Wangari,Mbogo,Female,Bungoma,Plus,Community Service,6,9,66.7,In Progress,2026-04-22,Q2 2026,active
BEN-008812,Emily,Kuria,Female,Nyeri,Plus,Leadership,9,12,75.0,Completed,2025-08-14,Q3 2025,completed
BEN-008817,Omondi,Kariuki,Male,Kakamega,Plus,Financial Literacy,7,9,77.8,In Progress,2026-04-12,Q2 2026,active
BEN-008818,Nyambura,Kilonzo,Female,Nairobi,Plus,Entrepreneurship,9,10,90.0,Completed,2026-02-16,Q1 2026,completed
BEN-008820,Zawadi,Wekesa,Female,Nairobi,Plus,Health & Wellness,4,7,57.1,In Progress,2026-02-24,Q1 2026,active
BEN-008821,Onyango,Achieng,Male,Kakamega,Plus,Leadership,8,9,88.9,complete,2026-02-12,Q1 2026,completed
BEN-008823,Grace,Katana,Female,Nakuru,Plus,Leadership,9,12,75.0,Completed,2025-04-06,Q2 2025,completed
BEN-008824,Brenda,Otieno,Female,Nairobi,Plus,Health & Wellness,8,10,80.0,complete,2025-03-22,Q1 2025,completed
BEN-008825,Juma,Katana,Male,Kilifi,Plus,Financial Literacy,4,9,44.4,Completed,2025-04-25,Q2 2025,completed
BEN-008826,Beatrice,Muthoni,Female,Nairobi,Plus,Life Skills,8,12,66.7,Completed,2026-06-29,Q2 2026,completed
BEN-008828,Joy,Kariuki,Female,NAIROBI,Plus,Life Skills,6,11,54.5,Completed,2025-03-20,Q1 2025,completed
BEN-008831,Dennis,Omondi,Male,NAIROBI,Plus,Leadership,11,12,91.7,Completed,2025-06-12,Q2 2025,completed
BEN-008832,Emmanuel,Odhiambo,Male,Kajiado,Plus,Entrepreneurship,12,14,85.7,Completed,2025-08-01,Q3 2025,completed
BEN-008836,Brian,Mohamed,Male,Kiambu,Plus,Life Skills,6,10,60.0,In Progress,2026-07-30,Q3 2026,active
BEN-008838,Dennis,Kimani,M,Nairobi,Plus,Financial Literacy,8,11,72.7,In Progress,2026-09-04,Q3 2026,active
BEN-008840,Brenda,Mwakio,Female,Kajiado,Plus,Financial Literacy,10,12,83.3,In Progress,2026-04-26,Q2 2026,active
BEN-008845,Cheruiyot,Matano,m,Kiambu,Plus,Community Service,5,6,83.3,In Progress,2026-08-04,Q3 2026,active
BEN-008846,Kendi,Musyoka,Female,Uasin Gishu,Plus,Community Service,6,8,75.0,Completed,2026-02-03,Q1 2026,completed
BEN-008847,Vincent,Cheruiyot,Male,Meru,Plus,Community Service,5,10,50.0,In Progress,2026-02-14,Q1 2026,active
BEN-008849,James,Achieng,Male,Kajiado,Plus,Community Service,3,6,50.0,dropped out,2025-02-09,Q1 2025,dropped_out
BEN-008850,Patrick,Mwangi,Male,Bungoma,Plus,Community Service,9,10,90.0,Completed,2026-04-12,Q2 2026,completed
BEN-008851,Wangari,Kamau,Female,Nairobi,Plus,Leadership,8,11,72.7,Completed,2025-11-04,Q4 2025,completed
BEN-008852,Brenda,Rotich,Female,NAIROBI,Plus,Community Service,6,8,75.0,In Progress,2026-05-14,Q2 2026,active
BEN-008853,James,Mohamed,Male,bungoma,Plus,Health & Wellness,7,9,77.8,In Progress,2026-07-16,Q3 2026,active
BEN-008855,Mohamed,Mutiso,Male,Kilifi,Plus,Mentorship,11,13,84.6,Completed,2026-05-27,Q2 2026,completed
BEN-008858,Purity,Cheruiyot,Female,Nakuru,Plus,Leadership,8,10,80.0,Completed,2025-09-05,Q3 2025,completed
BEN-008861,Kagure,Nduta,Female,Nairobi,Plus,Mentorship,12,16,75.0,In Progress,2026-08-22,Q3 2026,active
BEN-008862,Odhiambo,Onyango,Male,Nakuru,Plus,Community Service,6,9,66.7,In Progress,2026-01-25,Q1 2026,active
BEN-008869,Francis,Matano,Male,Nakuru,Plus,Financial Literacy,8,11,72.7,In Progress,2026-06-20,Q2 2026,active
BEN-008870,Omondi,Nyambane,Male,Machakos,Plus,Financial Literacy,6,11,54.5,In Progress,2026-02-08,Q1 2026,active
BEN-008872,Halima,Muthoni,Female,Mombasa,Plus,Community Service,5,6,83.3,In Progress,2026-05-14,Q2 2026,active
BEN-008875,Onyango,Mwangi,Male,Machakos,Plus,Health & Wellness,5,6,83.3,Completed,2025-01-17,Q1 2025,completed
BEN-008877,Awuor,Achieng,Female,Nakuru,Plus,Entrepreneurship,10,10,100.0,Completed,2025-10-23,Q4 2025,completed
BEN-008882,Wanjiku,Matano,Female,meru,Plus,Leadership,8,12,66.7,Completed,2025-09-10,Q3 2025,completed
BEN-008883,Beatrice,Ngugi,Female,Kajiado,Plus,Community Service,6,9,66.7,In Progress,2026-09-30,Q3 2026,active
BEN-008885,Anyango,Kimani,Female,Nairobi County,Plus,Life Skills,12,12,100.0,In Progress,2026-07-05,Q3 2026,active
BEN-008891,Wangari,Hassan,f,Kisumu,Plus,Mentorship,7,12,58.3,Dropped,2026-05-08,Q2 2026,dropped_out
BEN-008895,Mohamed,Cheruiyot,Male,Nakuru,Plus,Life Skills,9,12,75.0,Completed,2025-08-09,Q3 2025,completed
BEN-008896,David,Korir,Male,Uasin Gishu,Plus,Leadership,8,11,72.7,In Progress,2026-08-05,Q3 2026,active
BEN-008899,Nkatha,Gitau,Female,Nakuru,Plus,Entrepreneurship,15,16,93.8,Completed,2025-07-11,Q3 2025,completed
BEN-008900,Zawadi,Chebet,Female,Nyeri,Plus,Life Skills,10,13,76.9,Completed,2026-02-25,Q1 2026,completed
BEN-008901,Akinyi,Wanjiku,Female,Kilifi,Plus,Mentorship,5,17,29.4,In Progress,2026-02-07,Q1 2026,active
BEN-008902,Joy,Charo,Female,Mombasa,Plus,Entrepreneurship,8,11,72.7,In Progress,2026-08-02,Q3 2026,active
BEN-008905,Joy,Mohamed,Female,Meru,Plus,Mentorship,10,12,83.3,Completed,2025-11-01,Q4 2025,completed
BEN-008906,Abdi,Mwangi,Male,Kilifi,Plus,Leadership,6,8,75.0,Completed,2025-09-26,Q3 2025,completed
BEN-008910,Kendi,Omondi,Female,mombasa,Plus,Health & Wellness,5,6,83.3,Completed,2025-06-26,Q2 2025,completed
BEN-008913,John,Wekesa,m,nairobi,Plus,Leadership,8,11,72.7,In Progress,2026-08-12,Q3 2026,active
BEN-008914,Simon,Kilonzo,Male,Kakamega,Plus,Entrepreneurship,9,11,81.8,Completed,2025-11-09,Q4 2025,completed
BEN-008918,Neema,Wanjiku,Female,Nyeri,Plus,Community Service,8,9,88.9,Completed,2025-06-29,Q2 2025,completed
BEN-008920,Brian,Odhiambo,Male,Kajiado,Plus,Health & Wellness,5,9,55.6,Dropped,2026-01-19,Q1 2026,dropped_out
BEN-008921,Caroline,Nyambane,Female,Meru,Plus,Mentorship,11,17,64.7,complete,2025-10-12,Q4 2025,completed
BEN-008923,Boniface,Kuria,Male,Nairobi,Plus,Health & Wellness,3,6,50.0,Dropped,2025-05-08,Q2 2025,dropped_out
BEN-008924,Faith,Charo,Female,Kakamega,Plus,Mentorship,11,18,61.1,Dropped,2025-01-18,Q1 2025,dropped_out
BEN-008925,Samuel,Baya,Male,Uasin Gishu,Plus,Financial Literacy,11,11,100.0,complete,2025-11-28,Q4 2025,completed
BEN-008926,Mumbi,Muthoni,Female,Machakos,Plus,Entrepreneurship,9,15,60.0,Completed,2025-05-12,Q2 2025,completed
BEN-008927,Chepkoech,Njoroge,Female,Meru,Plus,Entrepreneurship,5,10,50.0,Dropped,2026-02-19,Q1 2026,dropped_out
BEN-008928,Zawadi,Bett,female,Kiambu,Plus,Financial Literacy,7,8,87.5,complete,2025-05-05,Q2 2025,completed
BEN-008932,Otieno,Matano,Male,Nairobi,Plus,Health & Wellness,4,7,57.1,In Progress,2026-08-05,Q3 2026,active
BEN-008933,Cynthia,Njenga,F,Kilifi,Plus,Financial Literacy,8,9,88.9,Completed,2025-05-03,Q2 2025,completed
BEN-008934,Njeri,Cheruiyot,Female,Nairobi,Plus,Financial Literacy,8,8,100.0,In Progress,2026-07-08,Q3 2026,active
BEN-008935,Mumbi,Gitau,Female,Kakamega,Plus,Entrepreneurship,9,13,69.2,Completed,2026-03-03,Q1 2026,completed
BEN-008936,Beatrice,Wanjiku,Female,Uasin Gishu,Plus,Financial Literacy,6,8,75.0,Completed,2025-01-25,Q1 2025,completed
BEN-008937,Wanjiku,Ngugi,Female,Kiambu,Plus,Leadership,6,8,75.0,Completed,2026-02-14,Q1 2026,completed
BEN-008942,Jerop,Wafula,Female,Meru,Plus,Community Service,5,6,83.3,Completed,2025-01-27,Q1 2025,completed
BEN-008945,Otieno,Hassan,Male,NAIROBI,Plus,Life Skills,11,11,100.0,In Progress,2026-07-20,Q3 2026,active
BEN-008947,Wanjiku,Baya,Female,Mombasa,Plus,Mentorship,6,14,42.9,Completed,2026-02-09,Q1 2026,completed
BEN-008951,Zawadi,Bett,Female,Kakamega,Plus,Mentorship,17,20,85.0,In Progress,2026-05-12,Q2 2026,active
BEN-008954,Anyango,Korir,Female,Mombasa,Plus,Entrepreneurship,6,10,60.0,Completed,2026-04-14,Q2 2026,completed
BEN-008957,Sharon,Mohamed,F,Bungoma,Plus,Leadership,9,9,100.0,Completed,2025-07-12,Q3 2025,completed
BEN-008958,Chepkoech,Matano,Female,Bungoma,Plus,Financial Literacy,4,10,40.0,Dropped,2025-03-20,Q1 2025,dropped_out
BEN-008961,Grace,Njoroge,Female,Uasin Gishu,Plus,Entrepreneurship,8,14,57.1,In Progress,2026-07-19,Q3 2026,active
BEN-008962,Gathoni,Katana,Female,Meru,Plus,Financial Literacy,9,12,75.0,Completed,2026-03-29,Q1 2026,completed
BEN-008964,Joseph,Mbogo,Male,kisii,Plus,Community Service,6,7,85.7,In Progress,2026-05-09,Q2 2026,active
BEN-008965,Faith,Chebet,Female,Kiambu County,Plus,Entrepreneurship,11,14,78.6,In Progress,2026-04-18,Q2 2026,active
BEN-008966,Boniface,Bett,Male,Meru,Plus,Financial Literacy,7,8,87.5,complete,2026-03-29,Q1 2026,completed
BEN-008969,Neema,Ochieng,Female,Meru,Plus,Community Service,6,6,100.0,In Progress,2026-08-28,Q3 2026,active
BEN-008971,Kendi,Muthoni,female,Kisumu,Plus,Life Skills,7,14,50.0,dropped out,2025-12-03,Q4 2025,dropped_out
BEN-008975,Daniel,Mwakio,Male,Mombasa,Plus,Health & Wellness,5,6,83.3,In Progress,2026-06-11,Q2 2026,active
BEN-008977,Grace,Barasa,Female,Nairobi,Plus,Community Service,8,10,80.0,Completed,2025-01-23,Q1 2025,completed
BEN-008978,Wanjiru,Ngugi,FEMALE,Kajiado,Plus,Financial Literacy,4,11,36.4,Dropped,2025-11-12,Q4 2025,dropped_out
BEN-008980,Peter,Njenga,Male,Nairobi,Plus,Entrepreneurship,9,11,81.8,Completed,2025-03-24,Q1 2025,completed
BEN-008983,Ali,Maina,Male,Machakos,Plus,Health & Wellness,5,6,83.3,In Progress,2026-07-27,Q3 2026,active
BEN-008985,Mohamed,Wekesa,Male,Nairobi,Plus,Financial Literacy,12,12,100.0,In Progress,2026-01-19,Q1 2026,active
BEN-008986,Kevin,Kimani,Male,Kilifi,Plus,Health & Wellness,3,7,42.9,Dropped,2025-08-11,Q3 2025,dropped_out
BEN-008987,Onyango,Mbogo,Male,Kajiado,Plus,Life Skills,8,10,80.0,In Progress,2026-08-14,Q3 2026,active
BEN-008990,Musyoka,Rotich,M,Muranga,Plus,Mentorship,11,17,64.7,In Progress,2026-07-22,Q3 2026,active
BEN-008992,Anthony,Juma,Male,Nairobi,Plus,Mentorship,10,14,71.4,Completed,2025-09-02,Q3 2025,completed
BEN-008993,Kamau,Ochieng,Male,Kajiado,Plus,Financial Literacy,8,12,66.7,Dropped,2025-11-05,Q4 2025,dropped_out
BEN-008995,Purity,Wekesa,Female,Muranga,Plus,Health & Wellness,3,7,42.9,dropped out,2025-12-07,Q4 2025,dropped_out
BEN-008997,Grace,Juma,Female,Bungoma,Plus,Community Service,4,10,40.0,Completed,2025-05-30,Q2 2025,completed
BEN-008999,Francis,Njoroge,Male,Nairobi County,Plus,Life Skills,7,10,70.0,Completed,2025-09-20,Q3 2025,completed
BEN-009000,Juma,Kimani,Male,Kiambu,Plus,Financial Literacy,11,11,100.0,Completed,2026-03-26,Q1 2026,completed
BEN-009001,Collins,Matano,Male,Uasin Gishu,Plus,Community Service,8,9,88.9,In Progress,2026-07-31,Q3 2026,active
BEN-009004,Diana,Onyango,Female,Kisumu,Plus,Leadership,7,10,70.0,In Progress,2026-06-18,Q2 2026,active
BEN-009005,Atieno,Kamau,Female,Muranga,Plus,Financial Literacy,7,10,70.0,In Progress,2026-07-08,Q3 2026,active
BEN-009013,Chepkoech,Wafula,Female,Kisii,Plus,Life Skills,10,10,100.0,In Progress,2026-09-25,Q3 2026,active
BEN-009014,Mumbi,Musyoka,Female,Bungoma,Plus,Community Service,5,7,71.4,Completed,2025-03-01,Q1 2025,completed
BEN-009016,Jerop,Kimani,F,Nairobi,Plus,Life Skills,11,12,91.7,Completed,2025-04-02,Q2 2025,completed
BEN-009018,Sharon,Charo,Female,UASIN_GISHU,Plus,Financial Literacy,6,9,66.7,Completed,2026-04-06,Q2 2026,completed
BEN-009021,Achieng,Wekesa,Female,Machakos,Plus,Community Service,10,10,100.0,In Progress,2026-07-05,Q3 2026,active
BEN-009025,Odhiambo,Kiptoo,MALE,Kajiado,Plus,Mentorship,18,18,100.0,Completed,2025-01-05,Q1 2025,completed
BEN-009026,Esther,Juma,Female,bungoma,Plus,Leadership,10,12,83.3,In Progress,2026-09-11,Q3 2026,active
BEN-009029,Juma,Kiptoo,male,Mombasa,Plus,Entrepreneurship,8,11,72.7,Completed,2025-09-13,Q3 2025,completed
BEN-009031,Kagure,Mutiso,Female,Kilifi,Plus,Mentorship,6,12,50.0,Dropped,2026-02-27,Q1 2026,dropped_out
BEN-009032,Nkatha,Mwangi,Female,Nakuru,Plus,Financial Literacy,7,9,77.8,Completed,2025-09-12,Q3 2025,completed
BEN-009034,Juma,Cheruiyot,Male,Muranga,Plus,Life Skills,10,12,83.3,In Progress,2026-06-11,Q2 2026,active
BEN-009035,Peter,Mohamed,Male,Nairobi,Plus,Entrepreneurship,6,14,42.9,complete,2025-11-18,Q4 2025,completed
BEN-009037,Isaac,Rotich,Male,Kakamega,Plus,Life Skills,8,12,66.7,Completed,2026-03-12,Q1 2026,completed
BEN-009038,Boniface,Kariuki,Male,Nairobi,Plus,Life Skills,10,13,76.9,Completed,2026-02-16,Q1 2026,completed
BEN-009039,Joseph,Wafula,MALE,Nairobi,Plus,Mentorship,13,18,72.2,Completed,2025-01-16,Q1 2025,completed
BEN-009040,Beatrice,Mwakio,Female,Kisumu,Plus,Community Service,7,7,100.0,In Progress,2026-08-05,Q3 2026,active
BEN-009043,Emmanuel,Chebet,Male,Kakamega,Plus,Health & Wellness,7,10,70.0,In Progress,2026-01-17,Q1 2026,active
BEN-009046,Daniel,Omondi,Male,Nairobi,Plus,Leadership,9,11,81.8,In Progress,2026-09-29,Q3 2026,active
BEN-009047,Nyambura,Mwangi,Female,Nairobi,Plus,Mentorship,14,16,87.5,Completed,2025-07-05,Q3 2025,completed
BEN-009049,Wekesa,Nyambane,Male,Kisumu,Plus,Leadership,6,9,66.7,In Progress,2026-08-28,Q3 2026,active
BEN-009050,Kilonzo,Barasa,Male,Uasin Gishu,Plus,Leadership,7,11,63.6,Completed,2025-02-18,Q1 2025,completed
BEN-009054,Nasieku,Muthoni,Female,Muranga,Plus,Health & Wellness,10,10,100.0,Completed,2026-02-03,Q1 2026,completed
BEN-009055,Wanjiru,Matano,Female,Nakuru,Plus,Life Skills,8,10,80.0,In Progress,2026-07-18,Q3 2026,active
BEN-009056,Anyango,Otieno,Female,Kiambu,Plus,Community Service,8,8,100.0,In Progress,2026-08-27,Q3 2026,active
BEN-009057,Naisula,Abdi,Female,Mombasa,Plus,Health & Wellness,9,10,90.0,In Progress,2026-04-08,Q2 2026,active
BEN-009058,Gathoni,Odhiambo,Female,kajiado,Plus,Leadership,6,8,75.0,Completed,2026-01-24,Q1 2026,completed
BEN-009060,Mumbi,Otieno,FEMALE,Kakamega,Plus,Health & Wellness,9,10,90.0,In Progress,2026-06-13,Q2 2026,active
BEN-009061,Akinyi,Mohamed,Female,Kilifi,Plus,Mentorship,13,18,72.2,Completed,2025-12-24,Q4 2025,completed
BEN-009063,Musyoka,Chebet,Male,Bungoma,Plus,Community Service,5,7,71.4,Completed,2025-12-02,Q4 2025,completed
BEN-009064,Timothy,Achieng,Male,Nairobi,Plus,Community Service,4,6,66.7,Completed,2026-01-29,Q1 2026,completed
BEN-009066,Naisula,Mutua,Female,Nakuru,Plus,Financial Literacy,5,10,50.0,In Progress,2026-08-16,Q3 2026,active
BEN-009067,Isaac,Odhiambo,m,Machakos,Plus,Leadership,4,8,50.0,In Progress,2026-08-29,Q3 2026,active
BEN-009068,Njeri,Wekesa,Female,Kilifi,Plus,Leadership,5,12,41.7,Dropped,2025-07-26,Q3 2025,dropped_out
BEN-009070,Otieno,Mwakio,Male,Nairobi,Plus,Leadership,10,11,90.9,Completed,2026-05-27,Q2 2026,completed
BEN-009080,Mercy,Ngugi,Female,Bungoma,Plus,Community Service,7,9,77.8,Completed,2025-10-01,Q4 2025,completed
BEN-009082,Achieng,Mbogo,Female,Kilifi,Plus,Life Skills,7,14,50.0,Dropped,2026-02-07,Q1 2026,dropped_out
BEN-009085,Stephen,Mbogo,Male,Kiambu,Plus,Entrepreneurship,10,14,71.4,Completed,2025-12-08,Q4 2025,completed
BEN-009089,Awuor,Charo,Female,Meru,Plus,Leadership,7,8,87.5,Completed,2025-10-30,Q4 2025,completed
BEN-009092,David,Mbogo,Male,Nairobi,Plus,Health & Wellness,8,8,100.0,Completed,2025-08-22,Q3 2025,completed
BEN-009094,Jerop,Njenga,Female,Nairobi,Plus,Life Skills,12,13,92.3,Completed,2025-11-12,Q4 2025,completed
BEN-009098,Gathoni,Achieng,Female,Meru,Plus,Life Skills,13,13,100.0,Completed,2025-03-22,Q1 2025,completed
BEN-009100,Awuor,Njoroge,Female,Uasin Gishu County,Plus,Community Service,6,8,75.0,Completed,2025-08-19,Q3 2025,completed
BEN-009101,Otieno,Musyoka,Male,Uasin Gishu,Plus,Mentorship,12,16,75.0,In Progress,2026-05-13,Q2 2026,active
BEN-009102,Peter,Maina,Male,Nyeri,Plus,Financial Literacy,7,11,63.6,Completed,2026-01-30,Q1 2026,completed
BEN-009107,Mumbi,Wekesa,Female,Kisumu,Plus,Financial Literacy,6,10,60.0,In Progress,2026-07-04,Q3 2026,active
BEN-009108,Chebet,Chebet,Female,Kiambu,Plus,Mentorship,12,12,100.0,Completed,2026-05-20,Q2 2026,completed
BEN-009120,Baraka,Chebet,Male,Nairobi,Plus,Leadership,11,11,100.0,COMPLETED,2026-02-06,Q1 2026,completed
BEN-009121,Njeri,Nduta,Female,Nakuru,Plus,Entrepreneurship,11,15,73.3,Completed,2025-10-26,Q4 2025,completed
BEN-009122,Chebet,Njoroge,Female,Nairobi,Plus,Community Service,8,8,100.0,Completed,2026-05-05,Q2 2026,completed
BEN-009123,Joy,Charo,Female,Nairobi,Plus,Life Skills,8,10,80.0,In Progress,2026-09-09,Q3 2026,active
BEN-009127,John,Wanjiku,Male,Muranga,Plus,Entrepreneurship,5,11,45.5,Dropped,2026-02-09,Q1 2026,dropped_out
BEN-009129,Sharon,Wekesa,Female,Nakuru,Plus,Entrepreneurship,9,10,90.0,Completed,2025-11-04,Q4 2025,completed
BEN-009130,Atieno,Nyambane,Female,Kajiado,Plus,Mentorship,11,13,84.6,In Progress,2026-04-14,Q2 2026,active
BEN-009132,Achieng,Hassan,Female,Kilifi,Plus,Life Skills,9,14,64.3,In Progress,2026-04-12,Q2 2026,active
BEN-009133,Brenda,Omondi,Female,Kajiado,Plus,Health & Wellness,4,9,44.4,Dropped,2025-12-11,Q4 2025,dropped_out
BEN-009135,Wanjiru,Bett,Female,Bungoma,Plus,Life Skills,7,10,70.0,Completed,2025-12-18,Q4 2025,completed
BEN-009137,Kamau,Gitau,Male,nairobi,Plus,Financial Literacy,5,11,45.5,Dropped,2025-10-02,Q4 2025,dropped_out
BEN-009138,Nicholas,Ngugi,Male,Kisumu,Plus,Life Skills,9,11,81.8,In Progress,2026-08-30,Q3 2026,active
BEN-009139,Onyango,Katana,Male,Nairobi,Plus,Community Service,9,10,90.0,In Progress,2026-08-04,Q3 2026,active
BEN-009140,Esther,Kuria,Female,Nakuru,Plus,Leadership,7,12,58.3,Completed,2026-05-29,Q2 2026,completed
BEN-009141,Stephen,Barasa,MALE,Nakuru,Plus,Leadership,6,9,66.7,Completed,2026-03-28,Q1 2026,completed
BEN-009142,Esther,Nduta,Female,Kajiado,Plus,Mentorship,13,14,92.9,complete,2026-02-10,Q1 2026,completed
BEN-009143,Atieno,Mohamed,Female,Machakos,Plus,Mentorship,11,12,91.7,Completed,2026-03-15,Q1 2026,completed
BEN-009144,Joy,Ngugi,Female,Kiambu,Plus,Mentorship,14,16,87.5,Completed,2025-04-26,Q2 2025,completed
BEN-009145,Vincent,Nyambane,Male,Bungoma,Plus,Health & Wellness,5,9,55.6,Dropped,2025-05-24,Q2 2025,dropped_out
BEN-009146,Mumbi,Chebet,Female,Nairobi,Plus,Entrepreneurship,13,15,86.7,In Progress,2026-09-12,Q3 2026,active
BEN-009150,Victor,Mwakio,Male,Mombasa,Plus,Mentorship,10,16,62.5,Completed,2025-07-05,Q3 2025,completed
BEN-009151,Cherono,Hassan,Female,Kisii,Plus,Mentorship,8,19,42.1,Dropped,2026-06-26,Q2 2026,dropped_out
BEN-009154,James,Njenga,MALE,Nyeri,Plus,Community Service,7,7,100.0,Completed,2025-05-14,Q2 2025,completed
BEN-009155,Francis,Kiptoo,Male,Meru,Plus,Mentorship,11,12,91.7,Completed,2026-04-25,Q2 2026,completed
BEN-009156,Barasa,Bett,Male,Kajiado,Plus,Entrepreneurship,8,11,72.7,In Progress,2026-08-06,Q3 2026,active
BEN-009158,Kiptoo,Charo,Male,Kisii,Plus,Life Skills,11,12,91.7,Completed,2026-03-05,Q1 2026,completed
BEN-009159,Brenda,Wafula,Female,Kakamega,Plus,Leadership,7,11,63.6,In Progress,2026-08-21,Q3 2026,active
BEN-009160,Naisula,Onyango,Female,Kisii,Plus,Mentorship,13,14,92.9,In Progress,2026-08-03,Q3 2026,active
BEN-009161,Purity,Wafula,Female,Meru,Plus,Entrepreneurship,8,10,80.0,In Progress,2026-07-31,Q3 2026,active
BEN-009163,Kevin,Kimani,Male,Kilifi,Plus,Mentorship,9,15,60.0,Completed,2025-07-10,Q3 2025,completed
BEN-009164,Rotich,Muthoni,Male,Muranga,Plus,Health & Wellness,4,6,66.7,In Progress,2026-08-03,Q3 2026,active
BEN-009167,Kilonzo,Juma,Male,Nairobi,Plus,Community Service,8,10,80.0,In Progress,2026-08-19,Q3 2026,active
BEN-009172,Grace,Kimani,F,Kiambu,Plus,Mentorship,14,15,93.3,Completed,2025-01-07,Q1 2025,completed
BEN-009174,Jerop,Abdi,Female,Meru,Plus,Mentorship,10,17,58.8,Dropped,2025-10-21,Q4 2025,dropped_out
BEN-009176,Nyambura,Koech,Female,BUNGOMA,Plus,Life Skills,7,11,63.6,Dropped,2025-10-10,Q4 2025,dropped_out
BEN-009177,Jerop,Owino,Female,Kiambu,Plus,Financial Literacy,10,12,83.3,Completed,2026-03-10,Q1 2026,completed
BEN-009178,Kevin,Kilonzo,Male,Mombasa,Plus,Financial Literacy,7,10,70.0,Completed,2025-09-24,Q3 2025,completed
BEN-009179,Cynthia,Kilonzo,Female,Mombasa County,Plus,Life Skills,8,10,80.0,Completed,2026-06-22,Q2 2026,completed
BEN-009180,Awuor,Onyango,FEMALE,Kiambu,Plus,Health & Wellness,5,7,71.4,Completed,2026-01-15,Q1 2026,completed
BEN-009184,Francis,Baya,Male,Machakos,Plus,Health & Wellness,6,6,100.0,Completed,2025-08-06,Q3 2025,completed
BEN-009186,James,Mutiso,Male,Nairobi,Plus,Health & Wellness,7,8,87.5,Completed,2025-11-30,Q4 2025,completed
BEN-009187,Grace,Kiptoo,Female,Bungoma,Plus,Entrepreneurship,10,12,83.3,COMPLETED,2025-08-12,Q3 2025,completed
BEN-009188,Sharon,Hassan,Female,Machakos,Plus,Health & Wellness,6,7,85.7,Completed,2025-05-09,Q2 2025,completed
BEN-009190,Cherono,Korir,Female,Kilifi,Plus,Health & Wellness,6,10,60.0,Completed,2025-01-28,Q1 2025,completed
BEN-009192,Joy,Wanjiku,Female,Nakuru,Plus,Mentorship,7,15,46.7,Dropped,2025-07-13,Q3 2025,dropped_out
BEN-009194,Faith,Mwakio,Female,Uasin Gishu,Plus,Entrepreneurship,7,12,58.3,In Progress,2026-04-11,Q2 2026,active
BEN-009198,Jerop,Cheruiyot,Female,Kiambu,Plus,Community Service,9,9,100.0,Completed,2025-06-24,Q2 2025,completed
BEN-009201,Esther,Kilonzo,Female,Muranga,Plus,Leadership,7,12,58.3,In Progress,2026-09-26,Q3 2026,active
BEN-009202,Nyambura,Korir,Female,Kiambu,Plus,Entrepreneurship,11,14,78.6,Completed,2025-12-18,Q4 2025,completed
BEN-009204,Faith,Muthoni,Female,Mombasa,Plus,Leadership,10,12,83.3,Completed,2025-07-15,Q3 2025,completed
BEN-009206,Anyango,Achieng,Female,Kajiado,Plus,Leadership,10,10,100.0,In Progress,2026-05-20,Q2 2026,active
BEN-009208,Wangari,Kimani,Female,Nairobi,Plus,Community Service,5,7,71.4,Dropped,2025-10-14,Q4 2025,dropped_out
BEN-009209,Victor,Mbogo,Male,Kakamega,Plus,Financial Literacy,6,9,66.7,In Progress,2026-04-18,Q2 2026,active
BEN-009210,Halima,Koech,Female,Kiambu,Plus,Health & Wellness,6,10,60.0,Dropped,2026-02-07,Q1 2026,dropped_out
BEN-009213,Stephen,Koech,Male,Kiambu,Plus,Leadership,7,10,70.0,In Progress,2026-04-13,Q2 2026,active
BEN-009215,Achieng,Muthoni,Female,Kajiado,Plus,Entrepreneurship,9,10,90.0,In Progress,2026-07-08,Q3 2026,active
BEN-009216,Ali,Mbogo,MALE,Kakamega,Plus,Mentorship,8,14,57.1,In Progress,2026-01-12,Q1 2026,active
BEN-009218,Korir,Mwangi,Male,Nairobi,Plus,Financial Literacy,7,12,58.3,Dropped,2025-12-04,Q4 2025,dropped_out
BEN-009222,Brian,Kilonzo,Male,Mombasa,Plus,Community Service,3,7,42.9,Dropped,2026-06-27,Q2 2026,dropped_out
BEN-009226,Achieng,Rotich,Female,Nyeri,Plus,Leadership,6,9,66.7,Completed,2025-10-13,Q4 2025,completed
BEN-009227,Kipchoge,Wanjiku,Male,Kisumu,Plus,Community Service,5,9,55.6,Completed,2026-03-17,Q1 2026,completed
BEN-009228,Naisula,Otieno,female,Nyeri,Plus,Leadership,9,10,90.0,In Progress,2026-04-08,Q2 2026,active
BEN-009231,Grace,Abdi,f,Kiambu,Plus,Financial Literacy,7,9,77.8,Completed,2025-07-12,Q3 2025,completed
BEN-009232,Stephen,Onyango,Male,Nairobi,Plus,Community Service,7,8,87.5,Completed,2025-02-27,Q1 2025,completed
BEN-009233,Baraka,Wafula,Male,Machakos,Plus,Health & Wellness,4,8,50.0,Dropped,2025-10-26,Q4 2025,dropped_out
BEN-009236,Diana,Kamau,Female,Nairobi,Plus,Mentorship,14,19,73.7,Completed,2025-11-06,Q4 2025,completed
BEN-009237,Diana,Kiptoo,Female,Kakamega,Plus,Leadership,5,9,55.6,In Progress,2026-01-17,Q1 2026,active
BEN-009239,Simon,Mohamed,MALE,Muranga,Plus,Community Service,8,9,88.9,Completed,2025-10-11,Q4 2025,completed
BEN-009240,Omondi,Juma,Male,Nairobi,Plus,Entrepreneurship,10,14,71.4,In Progress,2026-07-28,Q3 2026,active
BEN-009244,Atieno,Abdi,Female,Nairobi,Plus,Community Service,6,6,100.0,In Progress,2026-07-14,Q3 2026,active
BEN-009245,Achieng,Muthoni,Female,Nairobi,Plus,Health & Wellness,9,10,90.0,Completed,2026-04-29,Q2 2026,completed
BEN-009246,Akinyi,Cheruiyot,Female,Kajiado,Plus,Community Service,7,8,87.5,In Progress,2026-09-05,Q3 2026,active
BEN-009249,Zawadi,Chebet,Female,Nairobi,Plus,Health & Wellness,4,9,44.4,In Progress,2026-05-19,Q2 2026,active
BEN-009250,Kamau,Charo,Male,Kisii,Plus,Life Skills,12,14,85.7,In Progress,2026-05-18,Q2 2026,active
BEN-009252,Nkatha,Mbogo,Female,Nairobi,Plus,Financial Literacy,10,12,83.3,Completed,2025-07-01,Q3 2025,completed
BEN-009253,Njeri,Baya,Female,Bungoma,Plus,Community Service,3,9,33.3,DROPPED,2026-04-28,Q2 2026,dropped_out
BEN-009259,Diana,Nyambane,Female,Mombasa,Plus,Leadership,9,10,90.0,Completed,2025-12-16,Q4 2025,completed
BEN-009260,Rotich,Mbogo,Male,Muranga,Plus,Community Service,6,8,75.0,Completed,2025-07-09,Q3 2025,completed
BEN-009261,Sharon,Omondi,Female,Mombasa,Plus,Mentorship,14,14,100.0,Completed,2026-03-01,Q1 2026,completed
BEN-009263,Awuor,Bett,Female,Kisii,Plus,Community Service,5,9,55.6,Dropped,2025-09-19,Q3 2025,dropped_out
BEN-009264,Halima,Katana,Female,Mombasa,Plus,Entrepreneurship,11,16,68.8,In Progress,2026-08-22,Q3 2026,active
BEN-009265,Jerop,Owino,Female,Kisumu,Plus,Leadership,7,9,77.8,Completed,2026-04-14,Q2 2026,completed
BEN-009267,Nicholas,Rotich,Male,Kakamega,Plus,Entrepreneurship,9,14,64.3,Completed,2025-02-26,Q1 2025,completed
BEN-009269,Chebet,Mutua,Female,Machakos,Plus,Mentorship,17,17,100.0,In Progress,2026-08-20,Q3 2026,active
BEN-009272,Kagure,Baya,Female,Nairobi,Plus,Mentorship,17,18,94.4,In Progress,2026-08-31,Q3 2026,active
BEN-009273,Francis,Hassan,Male,Nairobi,Plus,Life Skills,7,13,53.8,COMPLETED,2026-05-24,Q2 2026,completed
BEN-009275,Baraka,Ngugi,Male,Meru,Plus,Financial Literacy,5,8,62.5,In Progress,2026-06-05,Q2 2026,active
BEN-009278,John,Rotich,Male,Nairobi,Plus,Financial Literacy,6,12,50.0,Completed,2025-02-25,Q1 2025,completed
BEN-009282,Rotich,Kiptoo,Male,Meru,Plus,Leadership,8,11,72.7,In Progress,2026-03-14,Q1 2026,active
BEN-009287,Naisula,Muthoni,Female,Kiambu,Plus,Entrepreneurship,12,12,100.0,complete,2026-04-20,Q2 2026,completed
BEN-009288,Mutua,Kamau,Male,Machakos,Plus,Entrepreneurship,9,11,81.8,In Progress,2026-07-15,Q3 2026,active
BEN-009294,Dennis,Wekesa,Male,Meru,Plus,Entrepreneurship,6,12,50.0,Completed,2026-02-16,Q1 2026,completed
BEN-009295,Gathoni,Abdi,Female,Machakos,Plus,Health & Wellness,3,7,42.9,Dropped,2025-04-05,Q2 2025,dropped_out
BEN-009297,Sharon,Odhiambo,Female,Nairobi,Plus,Community Service,9,10,90.0,In Progress,2026-08-03,Q3 2026,active
BEN-009299,Nkatha,Otieno,Female,Nakuru,Plus,Mentorship,15,20,75.0,In Progress,2026-09-20,Q3 2026,active
BEN-009301,Atieno,Charo,Female,Nairobi,Plus,Leadership,11,11,100.0,Completed,2025-05-22,Q2 2025,completed
BEN-009302,Juma,Kuria,Male,Nairobi,Plus,Mentorship,11,13,84.6,Completed,2025-12-22,Q4 2025,completed
BEN-009305,Zawadi,Ochieng,Female,Kakamega,Plus,Mentorship,15,16,93.8,In Progress,2026-07-23,Q3 2026,active
BEN-009307,Cynthia,Juma,Female,Uasin Gishu,Plus,Community Service,7,7,100.0,In Progress,2026-06-18,Q2 2026,active
BEN-009309,Jerop,Cheruiyot,Female,Kisii,Plus,Community Service,7,10,70.0,In Progress,2026-01-02,Q1 2026,active
BEN-009310,Otieno,Maina,Male,Kilifi,Plus,Mentorship,7,12,58.3,Completed,2025-05-25,Q2 2025,completed
BEN-009313,Wangari,Wafula,Female,Kisumu,Plus,Life Skills,6,12,50.0,In Progress,2026-07-07,Q3 2026,active
BEN-009314,Brian,Kuria,Male,Muranga,Plus,Financial Literacy,9,12,75.0,Completed,2026-01-30,Q1 2026,completed
BEN-009315,Nyambura,Onyango,Female,Machakos,Plus,Health & Wellness,5,7,71.4,In Progress,2026-05-05,Q2 2026,active
BEN-009322,Kilonzo,Musyoka,Male,Nairobi,Plus,Leadership,5,8,62.5,In Progress,2026-06-02,Q2 2026,active
BEN-009324,Njeri,Koech,Female,Bungoma,Plus,Financial Literacy,5,9,55.6,In Progress,2026-05-31,Q2 2026,active
BEN-009327,Emily,Maina,Female,Nyeri County,Plus,Financial Literacy,7,9,77.8,Completed,2025-06-10,Q2 2025,completed
BEN-009329,Collins,Rotich,Male,Meru,Plus,Health & Wellness,4,8,50.0,Dropped,2026-03-23,Q1 2026,dropped_out
BEN-009330,Awuor,Kariuki,Female,Mombasa,Plus,Leadership,8,9,88.9,In Progress,2026-08-03,Q3 2026,active
BEN-009333,Dennis,Bett,M,Uasin Gishu,Plus,Financial Literacy,10,12,83.3,In Progress,2026-09-12,Q3 2026,active
BEN-009336,Achieng,Kamau,Female,Bungoma,Plus,Community Service,5,6,83.3,In Progress,2026-07-29,Q3 2026,active
BEN-009339,Faith,Mutua,FEMALE,Machakos,Plus,Mentorship,13,18,72.2,In Progress,2026-07-15,Q3 2026,active
BEN-009341,Onyango,Mutiso,Male,Mombasa,Plus,Community Service,8,9,88.9,Completed,2026-06-30,Q2 2026,completed
BEN-009343,Chebet,Mutua,Female,Mombasa,Plus,Financial Literacy,10,12,83.3,Completed,2026-03-22,Q1 2026,completed
BEN-009344,Nyambura,Juma,Female,Kisii,Plus,Mentorship,17,20,85.0,In Progress,2026-02-28,Q1 2026,active
BEN-009345,Esther,Otieno,Female,UASIN_GISHU,Plus,Financial Literacy,7,10,70.0,In Progress,2026-09-30,Q3 2026,active
BEN-009350,Omondi,Njenga,Male,Uasin Gishu,Plus,Financial Literacy,8,11,72.7,Completed,2025-03-21,Q1 2025,completed
BEN-009351,Chebet,Koech,Female,Uasin Gishu,Plus,Life Skills,8,14,57.1,Completed,2025-10-01,Q4 2025,completed
BEN-009352,Nicholas,Wafula,Male,Kiambu,Plus,Mentorship,17,18,94.4,In Progress,2026-02-22,Q1 2026,active
BEN-009355,Brian,Rotich,Male,Nairobi,Plus,Community Service,10,10,100.0,Completed,2025-12-16,Q4 2025,completed
BEN-009356,Halima,Hassan,Female,Kisumu,Plus,Financial Literacy,9,12,75.0,In Progress,2026-09-22,Q3 2026,active
BEN-009359,David,Musyoka,Male,Nyeri,Plus,Life Skills,7,11,63.6,In Progress,2026-02-17,Q1 2026,active
BEN-009365,Esther,Chebet,Female,Meru,Plus,Leadership,5,8,62.5,In Progress,2026-04-22,Q2 2026,active
BEN-009366,Mercy,Kiptoo,Female,Nyeri,Plus,Leadership,6,9,66.7,Completed,2025-07-11,Q3 2025,completed
BEN-009368,Jerop,Maina,Female,Kisumu,Plus,Mentorship,14,16,87.5,Completed,2025-07-18,Q3 2025,completed
BEN-009369,Victor,Kuria,Male,Kisumu,Plus,Entrepreneurship,4,10,40.0,Dropped,2025-08-03,Q3 2025,dropped_out
BEN-009370,Emily,Kamau,Female,Nakuru,Plus,Health & Wellness,8,8,100.0,Completed,2025-06-02,Q2 2025,completed
BEN-009373,Nasieku,Mwangi,Female,Kakamega,Plus,Financial Literacy,8,9,88.9,Completed,2025-10-10,Q4 2025,completed
BEN-009375,Boniface,Kilonzo,Male,Nyeri,Plus,Financial Literacy,7,11,63.6,Completed,2026-03-26,Q1 2026,completed
BEN-009376,Otieno,Kimani,Male,Nairobi,Plus,Leadership,8,11,72.7,Completed,2025-09-14,Q3 2025,completed
BEN-009379,Beatrice,Mwakio,Female,Kisumu,Plus,Community Service,9,10,90.0,Completed,2025-03-16,Q1 2025,completed
BEN-009385,Chepkoech,Wafula,f,Bungoma,Plus,Community Service,6,8,75.0,In Progress,2026-08-14,Q3 2026,active
BEN-009387,Wanjiku,Kuria,Female,Kiambu,Plus,Life Skills,8,10,80.0,Completed,2026-03-27,Q1 2026,completed
BEN-009391,Collins,Onyango,Male,Kisumu,Plus,Entrepreneurship,7,12,58.3,In Progress,2026-06-27,Q2 2026,active
BEN-009401,Victor,Kilonzo,Male,kisumu,Plus,Financial Literacy,5,10,50.0,Dropped,2026-03-12,Q1 2026,dropped_out
BEN-009404,Kendi,Abdi,Female,Kisumu,Plus,Financial Literacy,8,11,72.7,Completed,2025-08-29,Q3 2025,completed
BEN-009405,Kendi,Gitau,Female,Bungoma,Plus,Entrepreneurship,11,12,91.7,In Progress,2026-04-02,Q2 2026,active
BEN-009407,Isaac,Musyoka,MALE,Nakuru,Plus,Mentorship,12,17,70.6,In Progress,2026-08-15,Q3 2026,active
BEN-009409,Gathoni,Mutiso,Female,kakamega,Plus,Mentorship,10,15,66.7,In Progress,2026-07-09,Q3 2026,active
BEN-009411,Beatrice,Matano,Female,Kiambu,Plus,Financial Literacy,9,9,100.0,In Progress,2026-08-29,Q3 2026,active
BEN-009412,Isaac,Cheruiyot,Male,Kakamega,Plus,Community Service,5,10,50.0,Dropped,2025-10-31,Q4 2025,dropped_out
BEN-009416,Kelvin,Rotich,Male,Kiambu County,Plus,Community Service,7,9,77.8,Completed,2025-02-06,Q1 2025,completed
BEN-009417,Juma,Chebet,male,Meru,Plus,Community Service,5,6,83.3,In Progress,2026-09-26,Q3 2026,active
BEN-009420,Awuor,Kuria,Female,Nairobi,Plus,Community Service,7,8,87.5,complete,2025-11-07,Q4 2025,completed
BEN-009424,Diana,Njenga,Female,Kajiado,Plus,Financial Literacy,6,9,66.7,In Progress,2026-09-06,Q3 2026,active
BEN-009425,Nicholas,Maina,Male,Kiambu,Plus,Community Service,6,9,66.7,Completed,2026-06-14,Q2 2026,completed
BEN-009427,Halima,Muthoni,Female,Nyeri,Plus,Mentorship,10,13,76.9,In Progress,2026-03-15,Q1 2026,active
BEN-009429,Caroline,Kariuki,Female,Kiambu,Plus,Mentorship,13,17,76.5,In Progress,2026-05-28,Q2 2026,active
BEN-009431,Cherono,Omondi,Female,Nakuru,Plus,Community Service,6,6,100.0,Completed,2025-08-28,Q3 2025,completed
BEN-009432,Anyango,Owino,Female,Nyeri,Plus,Entrepreneurship,8,12,66.7,Completed,2026-02-24,Q1 2026,completed
BEN-009433,Dennis,Wanjiku,Male,Muranga,Plus,Health & Wellness,7,8,87.5,In Progress,2026-07-10,Q3 2026,active
BEN-009438,Njeri,Korir,Female,Nairobi,Plus,Health & Wellness,9,10,90.0,Completed,2025-07-15,Q3 2025,completed
BEN-009441,Dennis,Barasa,Male,Kajiado,Plus,Mentorship,13,16,81.2,Completed,2026-04-12,Q2 2026,completed
BEN-009442,Peter,Cheruiyot,Male,Nairobi,Plus,Mentorship,13,17,76.5,In Progress,2026-07-05,Q3 2026,active
BEN-009445,Beatrice,Mohamed,Female,NYERI,Plus,Health & Wellness,7,7,100.0,In Progress,2026-01-28,Q1 2026,active
BEN-009451,Simon,Ochieng,Male,Nairobi,Plus,Health & Wellness,7,8,87.5,Completed,2025-07-27,Q3 2025,completed
BEN-009456,Anyango,Kariuki,Female,Muranga,Plus,Mentorship,11,13,84.6,In Progress,2026-08-08,Q3 2026,active
BEN-009461,Amina,Abdi,Female,Bungoma,Plus,Community Service,6,8,75.0,In Progress,2026-08-30,Q3 2026,active
BEN-009462,Kevin,Korir,Male,Nakuru,Plus,Leadership,9,11,81.8,Completed,2025-11-24,Q4 2025,completed
BEN-009464,Jerop,Gitau,Female,Kiambu,Plus,Mentorship,11,16,68.8,In Progress,2026-09-18,Q3 2026,active
BEN-009467,Joseph,Nduta,Male,KISUMU,Plus,Financial Literacy,5,8,62.5,Completed,2026-06-19,Q2 2026,completed
BEN-009468,Cherono,Nyambane,Female,Bungoma,Plus,Leadership,7,9,77.8,Completed,2026-03-13,Q1 2026,completed
BEN-009469,Faith,Kilonzo,Female,Nairobi,Plus,Financial Literacy,11,11,100.0,In Progress,2026-03-20,Q1 2026,active
BEN-009473,Anthony,Mutua,Male,Mombasa,Plus,Financial Literacy,8,10,80.0,In Progress,2026-01-06,Q1 2026,active
BEN-009474,Cherono,Matano,Female,Nakuru,Plus,Community Service,7,10,70.0,In Progress,2026-02-08,Q1 2026,active
BEN-009476,Korir,Nyambane,Male,Nakuru,Plus,Health & Wellness,6,7,85.7,In Progress,2026-09-28,Q3 2026,active
BEN-009477,Cynthia,Juma,f,Nairobi,Plus,Community Service,6,8,75.0,In Progress,2026-02-18,Q1 2026,active
BEN-009478,Anyango,Abdi,Female,Muranga,Plus,Leadership,8,9,88.9,In Progress,2026-07-22,Q3 2026,active
BEN-009480,Brian,Kilonzo,Male,Kiambu,Plus,Life Skills,10,13,76.9,In Progress,2026-02-25,Q1 2026,active
BEN-009483,Esther,Njoroge,Female,Kiambu,Plus,Leadership,7,10,70.0,Completed,2025-06-22,Q2 2025,completed
BEN-009485,Kagure,Bett,Female,Machakos,Plus,Entrepreneurship,13,16,81.2,Completed,2026-06-29,Q2 2026,completed
BEN-009486,Emmanuel,Wekesa,Male,Nairobi,Plus,Entrepreneurship,8,12,66.7,Completed,2025-11-08,Q4 2025,completed
BEN-009488,Grace,Kiptoo,female,Kakamega,Plus,Mentorship,16,20,80.0,Completed,2025-06-23,Q2 2025,completed
BEN-009490,Esther,Musyoka,Female,Kiambu,Plus,Life Skills,10,12,83.3,Completed,2025-06-29,Q2 2025,completed
BEN-009491,Beatrice,Gitau,female,Uasin Gishu,Plus,Mentorship,10,15,66.7,In Progress,2026-08-16,Q3 2026,active
BEN-009495,Cheruiyot,Katana,Male,KAJIADO,Plus,Mentorship,11,12,91.7,In Progress,2026-05-31,Q2 2026,active
BEN-009499,Dennis,Korir,m,Kisumu,Plus,Life Skills,8,10,80.0,In Progress,2026-09-30,Q3 2026,active
BEN-009500,Wangari,Matano,f,NAIROBI,Plus,Entrepreneurship,5,10,50.0,In Progress,2026-07-24,Q3 2026,active
BEN-009504,Cynthia,Mutua,Female,Nairobi,Plus,Leadership,5,11,45.5,Dropped,2025-05-30,Q2 2025,dropped_out
BEN-009507,Kagure,Njenga,Female,Mombasa,Plus,Financial Literacy,11,11,100.0,In Progress,2026-02-12,Q1 2026,active
BEN-009508,Njeri,Muthoni,FEMALE,Kiambu,Plus,Life Skills,12,13,92.3,Completed,2025-08-16,Q3 2025,completed
BEN-009510,Caroline,Onyango,Female,Nairobi,Plus,Entrepreneurship,11,11,100.0,Completed,2026-03-29,Q1 2026,completed
BEN-009511,Timothy,Kariuki,Male,Nairobi,Plus,Mentorship,13,17,76.5,Completed,2025-08-16,Q3 2025,completed
BEN-009515,Cherono,Maina,Female,Nairobi,Plus,Entrepreneurship,12,15,80.0,In Progress,2026-07-24,Q3 2026,active
BEN-009517,Rotich,Odhiambo,Male,Nairobi,Plus,Community Service,7,10,70.0,Completed,2025-04-16,Q2 2025,completed
BEN-009518,Emily,Koech,Female,Nakuru,Plus,Entrepreneurship,13,14,92.9,Completed,2026-06-21,Q2 2026,completed
BEN-009523,Nicholas,Kamau,Male,Machakos,Plus,Entrepreneurship,13,16,81.2,Completed,2025-09-17,Q3 2025,completed
BEN-009525,Mercy,Bett,Female,Kilifi,Plus,Community Service,4,7,57.1,DROPPED,2025-08-14,Q3 2025,dropped_out
BEN-009526,Kevin,Mbogo,Male,Mombasa,Plus,Leadership,6,11,54.5,In Progress,2026-07-11,Q3 2026,active
BEN-009527,Collins,Mohamed,Male,Mombasa,Plus,Leadership,10,10,100.0,Completed,2025-09-08,Q3 2025,completed
BEN-009528,Grace,Abdi,Female,Kilifi,Plus,Community Service,5,10,50.0,In Progress,2026-05-04,Q2 2026,active
BEN-009529,Nicholas,Abdi,Male,Mombasa,Plus,Health & Wellness,9,10,90.0,Completed,2025-01-11,Q1 2025,completed
BEN-009531,Kilonzo,Nyambane,Male,Kajiado,Plus,Entrepreneurship,8,12,66.7,Completed,2025-11-05,Q4 2025,completed
BEN-009532,Purity,Baya,Female,Mombasa,Plus,Financial Literacy,11,11,100.0,Completed,2026-04-20,Q2 2026,completed
BEN-009535,Akinyi,Owino,Female,Muranga,Plus,Health & Wellness,4,6,66.7,Completed,2025-08-03,Q3 2025,completed
BEN-009543,Korir,Chebet,Male,Machakos,Plus,Community Service,8,10,80.0,In Progress,2026-01-22,Q1 2026,active
BEN-009544,Jerop,Kariuki,Female,Nairobi,Plus,Mentorship,8,17,47.1,Completed,2025-12-18,Q4 2025,completed
BEN-009547,Wanjiku,Korir,Female,Kajiado,Plus,Community Service,5,9,55.6,In Progress,2026-05-23,Q2 2026,active
BEN-009548,James,Wanjiku,Male,Mombasa,Plus,Community Service,3,7,42.9,complete,2026-02-15,Q1 2026,completed
BEN-009552,Kamau,Bett,Male,Machakos,Plus,Community Service,7,10,70.0,Completed,2026-05-12,Q2 2026,completed
BEN-009556,Rotich,Charo,Male,Kiambu,Plus,Community Service,5,8,62.5,Completed,2025-01-17,Q1 2025,completed
BEN-009557,Peter,Gitau,Male,Nakuru,Plus,Leadership,5,8,62.5,Dropped,2025-12-13,Q4 2025,dropped_out
BEN-009558,Grace,Kamau,F,Nakuru,Plus,Financial Literacy,10,12,83.3,Completed,2025-12-07,Q4 2025,completed
BEN-009561,Barasa,Abdi,Male,Uasin Gishu,Plus,Life Skills,11,13,84.6,In Progress,2026-09-27,Q3 2026,active
BEN-009564,Caroline,Kuria,Female,Nairobi,Plus,Life Skills,8,12,66.7,In Progress,2026-03-18,Q1 2026,active
BEN-009565,John,Hassan,Male,Bungoma,Plus,Entrepreneurship,11,15,73.3,In Progress,2026-08-21,Q3 2026,active
BEN-009566,John,Katana,Male,Nairobi,Plus,Entrepreneurship,8,13,61.5,Dropped,2025-07-23,Q3 2025,dropped_out
BEN-009567,Neema,Wekesa,Female,Kilifi,Plus,Life Skills,10,12,83.3,In Progress,2026-07-23,Q3 2026,active
BEN-009569,Kilonzo,Onyango,Male,Bungoma,Plus,Leadership,5,10,50.0,In Progress,2026-08-10,Q3 2026,active
BEN-009571,Neema,Kimani,Female,Kiambu,Plus,Life Skills,7,12,58.3,In Progress,2026-03-15,Q1 2026,active
BEN-009573,Mumbi,Baya,Female,Nairobi,Plus,Leadership,9,11,81.8,Completed,2026-03-06,Q1 2026,completed
BEN-009576,Mercy,Omondi,Female,Kiambu,Plus,Community Service,10,10,100.0,Completed,2025-07-09,Q3 2025,completed
BEN-009578,Cheruiyot,Ngugi,Male,Nairobi,Plus,Leadership,5,8,62.5,Dropped,2026-02-16,Q1 2026,dropped_out
BEN-009579,Simon,Njoroge,Male,Nakuru,Plus,Leadership,11,11,100.0,In Progress,2026-08-26,Q3 2026,active
BEN-009583,Timothy,Barasa,Male,Bungoma,Plus,Financial Literacy,7,11,63.6,In Progress,2026-09-10,Q3 2026,active
BEN-009587,Kevin,Rotich,Male,Kajiado,Plus,Health & Wellness,5,9,55.6,Dropped,2025-06-25,Q2 2025,dropped_out
BEN-009588,Mutua,Mohamed,Male,Meru,Plus,Health & Wellness,6,6,100.0,In Progress,2026-07-01,Q3 2026,active
BEN-009592,Abdi,Abdi,Male,Kiambu,Plus,Community Service,8,8,100.0,In Progress,2026-07-09,Q3 2026,active
BEN-009593,Timothy,Owino,Male,Nairobi,Plus,Leadership,6,10,60.0,Dropped,2026-02-13,Q1 2026,dropped_out
BEN-009594,Achieng,Abdi,Female,Kisumu,Plus,Financial Literacy,8,11,72.7,Completed,2025-10-16,Q4 2025,completed
BEN-009599,Grace,Kilonzo,Female,Meru,Plus,Financial Literacy,10,12,83.3,Completed,2026-06-24,Q2 2026,completed
BEN-009600,Korir,Koech,Male,Mombasa,Plus,Entrepreneurship,6,12,50.0,DROPPED,2026-03-10,Q1 2026,dropped_out
BEN-009602,Odhiambo,Kilonzo,Male,Nairobi,Plus,Life Skills,9,12,75.0,In Progress,2026-05-01,Q2 2026,active
BEN-009603,Brenda,Hassan,Female,Mombasa,Plus,Health & Wellness,6,8,75.0,In Progress,2026-07-16,Q3 2026,active
BEN-009604,Cheruiyot,Ngugi,Male,Bungoma,Plus,Health & Wellness,4,6,66.7,Completed,2026-05-13,Q2 2026,completed
BEN-009605,Wekesa,Mohamed,Male,Mombasa,Plus,Life Skills,10,11,90.9,Completed,2025-09-12,Q3 2025,completed
BEN-009609,Victor,Nduta,Male,Uasin Gishu,Plus,Life Skills,8,10,80.0,Completed,2025-06-23,Q2 2025,completed
BEN-009611,Chepkoech,Wekesa,Female,Kakamega,Plus,Entrepreneurship,16,16,100.0,Completed,2025-07-21,Q3 2025,completed
BEN-009612,Mumbi,Korir,Female,Kajiado,Plus,Community Service,7,10,70.0,In Progress,2026-07-16,Q3 2026,active
BEN-009613,Joseph,Mutiso,Male,Nairobi,Plus,Health & Wellness,6,8,75.0,Completed,2026-03-28,Q1 2026,completed
BEN-009614,Kagure,Mohamed,Female,Mombasa,Plus,Community Service,7,9,77.8,Completed,2026-03-07,Q1 2026,completed
BEN-009615,Chepkoech,Muthoni,Female,mombasa,Plus,Leadership,8,10,80.0,In Progress,2026-04-25,Q2 2026,active
BEN-009617,Zawadi,Wanjiku,Female,Kakamega,Plus,Mentorship,5,15,33.3,Dropped,2025-10-09,Q4 2025,dropped_out
BEN-009618,Chepkoech,Barasa,Female,Kisumu,Plus,Community Service,7,9,77.8,In Progress,2026-09-28,Q3 2026,active
BEN-009620,Mutua,Kilonzo,Male,Nairobi,Plus,Mentorship,20,20,100.0,Completed,2025-07-25,Q3 2025,completed
BEN-009623,Akinyi,Achieng,Female,Kisumu,Plus,Life Skills,10,13,76.9,In Progress,2026-04-09,Q2 2026,active
BEN-009624,Anthony,Ngugi,Male,Kisumu,Plus,Financial Literacy,8,10,80.0,In Progress,2026-08-27,Q3 2026,active
BEN-009629,Nasieku,Mwakio,Female,Nairobi,Plus,Health & Wellness,7,7,100.0,In Progress,2026-06-08,Q2 2026,active
BEN-009632,Mumbi,Barasa,Female,Mombasa,Plus,Life Skills,11,13,84.6,Completed,2025-09-11,Q3 2025,completed
BEN-009636,Nyambura,Bett,Female,Meru,Plus,Leadership,6,8,75.0,In Progress,2026-09-20,Q3 2026,active
BEN-009638,Wanjiru,Kimani,Female,Kakamega,Plus,Mentorship,9,17,52.9,Dropped,2026-03-16,Q1 2026,dropped_out
BEN-009639,Anyango,Juma,Female,Nyeri,Plus,Health & Wellness,4,6,66.7,In Progress,2026-07-16,Q3 2026,active
BEN-009641,Neema,Kiptoo,Female,Kisii,Plus,Life Skills,4,11,36.4,In Progress,2026-06-15,Q2 2026,active
BEN-009649,Samuel,Wafula,Male,Kajiado,Plus,Mentorship,9,18,50.0,In Progress,2026-05-03,Q2 2026,active
BEN-009651,Victor,Bett,Male,Mombasa,Plus,Entrepreneurship,4,10,40.0,In Progress,2026-09-26,Q3 2026,active
BEN-009653,Joy,Bett,Female,Nairobi,Plus,Life Skills,7,11,63.6,In Progress,2026-04-04,Q2 2026,active
BEN-009655,Grace,Juma,Female,Kakamega,Plus,Leadership,7,9,77.8,complete,2025-06-02,Q2 2025,completed
BEN-009656,Korir,Koech,Male,Kiambu,Plus,Health & Wellness,5,6,83.3,In Progress,2026-07-23,Q3 2026,active
BEN-009658,Kamau,Abdi,Male,Nairobi,Plus,Life Skills,13,13,100.0,In Progress,2026-09-11,Q3 2026,active
BEN-009659,Wanjiku,Wekesa,Female,Mombasa,Plus,Health & Wellness,4,7,57.1,Completed,2025-01-11,Q1 2025,completed
BEN-009660,James,Nduta,Male,Kisumu,Plus,Health & Wellness,6,8,75.0,In Progress,2026-05-21,Q2 2026,active
BEN-009661,Atieno,Owino,Female,Kisii,Plus,Leadership,6,9,66.7,Completed,2025-04-27,Q2 2025,completed
BEN-009662,Kendi,Bett,Female,Muranga,Plus,Community Service,6,6,100.0,In Progress,2026-08-28,Q3 2026,active
BEN-009665,Rotich,Hassan,Male,Kiambu,Plus,Mentorship,10,14,71.4,In Progress,2026-05-21,Q2 2026,active
BEN-009667,Isaac,Mwangi,Male,Nyeri,Plus,Life Skills,10,13,76.9,COMPLETED,2025-04-29,Q2 2025,completed
BEN-009669,Vincent,Hassan,Male,Muranga,Plus,Health & Wellness,6,6,100.0,In Progress,2026-07-26,Q3 2026,active
BEN-009670,Akinyi,Mutua,FEMALE,Uasin Gishu,Plus,Community Service,6,7,85.7,Completed,2025-09-25,Q3 2025,completed
BEN-009673,Faith,Ochieng,Female,Muranga,Plus,Financial Literacy,7,10,70.0,In Progress,2026-08-05,Q3 2026,active
BEN-009681,Joseph,Korir,Male,Kisii,Plus,Health & Wellness,7,10,70.0,Completed,2026-02-09,Q1 2026,completed
BEN-009686,Wanjiru,Odhiambo,Female,Nairobi,Plus,Leadership,10,10,100.0,Completed,2025-04-13,Q2 2025,completed
BEN-009688,Anthony,Mutua,Male,Nairobi,Plus,Mentorship,15,20,75.0,In Progress,2026-05-13,Q2 2026,active
BEN-009690,Atieno,Kuria,Female,Nairobi,Plus,Health & Wellness,7,7,100.0,In Progress,2026-07-21,Q3 2026,active
BEN-009693,Nkatha,Nduta,Female,Nakuru,Plus,Health & Wellness,7,10,70.0,Completed,2025-04-07,Q2 2025,completed
BEN-009697,Achieng,Gitau,Female,Muranga,Plus,Mentorship,13,15,86.7,In Progress,2026-06-16,Q2 2026,active
BEN-009698,Samuel,Mohamed,Male,Nakuru,Plus,Financial Literacy,7,10,70.0,In Progress,2026-07-29,Q3 2026,active
BEN-009701,Stephen,Katana,Male,Kiambu,Plus,Life Skills,10,12,83.3,In Progress,2026-07-10,Q3 2026,active
BEN-009705,Cynthia,Mohamed,Female,Meru,Plus,Health & Wellness,5,7,71.4,In Progress,2026-07-21,Q3 2026,active
BEN-009706,Kamau,Mohamed,Male,Meru,Plus,Health & Wellness,9,9,100.0,In Progress,2026-01-03,Q1 2026,active
BEN-009707,Rotich,Kilonzo,Male,Mombasa,Plus,Health & Wellness,6,8,75.0,complete,2025-12-23,Q4 2025,completed
BEN-009709,Victor,Kamau,Male,Nakuru,Plus,Leadership,12,12,100.0,Completed,2025-10-08,Q4 2025,completed
BEN-009710,Simon,Omondi,Male,Nairobi,Plus,Mentorship,7,17,41.2,Dropped,2025-06-09,Q2 2025,dropped_out
BEN-009711,Brian,Kariuki,Male,Bungoma,Plus,Health & Wellness,3,6,50.0,Completed,2025-11-11,Q4 2025,completed
BEN-009712,Njeri,Hassan,Female,Kiambu,Plus,Life Skills,11,11,100.0,In Progress,2026-09-12,Q3 2026,active
BEN-009713,Vincent,Wanjiku,Male,Uasin Gishu,Plus,Health & Wellness,5,7,71.4,Dropped,2025-05-12,Q2 2025,dropped_out
BEN-009714,Odhiambo,Ngugi,Male,Kisumu,Plus,Health & Wellness,6,9,66.7,In Progress,2026-07-25,Q3 2026,active
BEN-009715,Joy,Mbogo,Female,Nairobi,Plus,Financial Literacy,7,10,70.0,In Progress,2026-05-18,Q2 2026,active
BEN-009716,Nyambura,Omondi,Female,Nakuru,Plus,Health & Wellness,4,6,66.7,Dropped,2025-09-15,Q3 2025,dropped_out
BEN-009717,Barasa,Muthoni,Male,Nakuru,Plus,Financial Literacy,5,9,55.6,Completed,2025-10-25,Q4 2025,completed
BEN-009718,Collins,Omondi,Male,Machakos,Plus,Health & Wellness,7,9,77.8,Completed,2026-06-09,Q2 2026,completed
BEN-009721,Victor,Barasa,Male,Kisii,Plus,Community Service,6,10,60.0,In Progress,2026-06-14,Q2 2026,active
BEN-009722,Cynthia,Chebet,Female,Nairobi,Plus,Mentorship,17,20,85.0,In Progress,2026-07-14,Q3 2026,active
BEN-009725,Gathoni,Mohamed,Female,Kisumu,Plus,Life Skills,7,11,63.6,Completed,2025-10-19,Q4 2025,completed
BEN-009726,Ali,Rotich,Male,Kajiado,Plus,Entrepreneurship,10,12,83.3,In Progress,2026-06-09,Q2 2026,active
BEN-009732,Wanjiru,Kariuki,Female,Kisii,Plus,Community Service,10,10,100.0,Completed,2025-08-24,Q3 2025,completed
BEN-009733,Halima,Odhiambo,Female,Nairobi,Plus,Entrepreneurship,7,14,50.0,Dropped,2025-05-03,Q2 2025,dropped_out
BEN-009734,Mutua,Hassan,Male,Kisumu,Plus,Mentorship,8,12,66.7,Completed,2025-12-04,Q4 2025,completed
BEN-009735,Diana,Kilonzo,Female,Mombasa,Plus,Financial Literacy,7,12,58.3,Dropped,2025-06-16,Q2 2025,dropped_out
BEN-009738,Collins,Musyoka,Male,Kiambu,Plus,Life Skills,6,13,46.2,Dropped,2025-08-29,Q3 2025,dropped_out
BEN-009742,Esther,Kamau,Female,Kakamega,Plus,Mentorship,10,18,55.6,In Progress,2026-06-23,Q2 2026,active
BEN-009743,Emmanuel,Wafula,Male,Meru,Plus,Life Skills,5,11,45.5,Completed,2025-12-01,Q4 2025,completed
BEN-009744,Anyango,Kuria,Female,Nyeri,Plus,Financial Literacy,11,12,91.7,Completed,2025-01-24,Q1 2025,completed
BEN-009745,Rotich,Hassan,Male,Kisumu,Plus,Health & Wellness,8,9,88.9,Completed,2025-10-17,Q4 2025,completed
BEN-009747,Naisula,Muthoni,Female,Kajiado,Plus,Leadership,8,9,88.9,Completed,2025-09-28,Q3 2025,completed
BEN-009749,Gathoni,Mutiso,female,Muranga,Plus,Entrepreneurship,7,15,46.7,Dropped,2026-01-14,Q1 2026,dropped_out
BEN-009752,Faith,Korir,F,machakos,Plus,Life Skills,6,11,54.5,In Progress,2026-06-02,Q2 2026,active
BEN-009756,Brian,Ochieng,Male,Meru,Plus,Financial Literacy,5,9,55.6,In Progress,2026-06-06,Q2 2026,active
BEN-009757,Kamau,Mohamed,Male,Nairobi,Plus,Life Skills,9,14,64.3,In Progress,2026-05-30,Q2 2026,active
BEN-009759,Awuor,Wekesa,Female,Nyeri,Plus,Leadership,6,8,75.0,Completed,2025-12-20,Q4 2025,completed
BEN-009762,Nicholas,Nyambane,Male,Nairobi,Plus,Mentorship,13,13,100.0,Completed,2025-09-16,Q3 2025,completed
BEN-009763,Zawadi,Kiptoo,Female,Kiambu,Plus,Financial Literacy,9,11,81.8,COMPLETED,2025-09-12,Q3 2025,completed
BEN-009767,Jerop,Owino,F,Kakamega,Plus,Community Service,4,9,44.4,In Progress,2026-06-13,Q2 2026,active
BEN-009768,Halima,Achieng,Female,Nairobi,Plus,Community Service,10,10,100.0,In Progress,2026-01-27,Q1 2026,active
BEN-009769,Anthony,Baya,Male,Kisii,Plus,Leadership,6,11,54.5,Completed,2025-05-12,Q2 2025,completed
BEN-009771,Neema,Wanjiku,Female,Kisii,Plus,Entrepreneurship,15,15,100.0,Completed,2025-05-26,Q2 2025,completed
BEN-009772,Zawadi,Koech,Female,Kiambu,Plus,Community Service,6,10,60.0,Dropped,2025-07-06,Q3 2025,dropped_out
BEN-009773,Gathoni,Koech,Female,Kisii,Plus,Health & Wellness,4,7,57.1,Dropped,2026-04-23,Q2 2026,dropped_out
BEN-009774,Joy,Maina,Female,Mombasa,Plus,Community Service,3,8,37.5,Dropped,2025-10-08,Q4 2025,dropped_out
BEN-009775,Kagure,Cheruiyot,Female,Nairobi,Plus,Health & Wellness,6,10,60.0,Completed,2025-01-10,Q1 2025,completed
BEN-009778,Awuor,Kimani,female,Muranga,Plus,Community Service,10,10,100.0,Completed,2026-04-24,Q2 2026,completed
BEN-009779,Kagure,Otieno,Female,Machakos County,Plus,Mentorship,10,13,76.9,Completed,2026-05-24,Q2 2026,completed
BEN-009784,Zawadi,Chebet,Female,Bungoma,Plus,Entrepreneurship,10,16,62.5,Completed,2025-04-30,Q2 2025,completed
BEN-009785,Zawadi,Wafula,Female,Machakos,Plus,Community Service,3,6,50.0,Dropped,2025-11-11,Q4 2025,dropped_out
BEN-009786,Baraka,Owino,Male,Mombasa,Plus,Health & Wellness,5,9,55.6,Dropped,2026-01-17,Q1 2026,dropped_out
BEN-009787,Boniface,Matano,Male,Kisumu,Plus,Financial Literacy,6,8,75.0,Completed,2026-05-04,Q2 2026,completed
BEN-009788,Barasa,Mohamed,Male,Nyeri County,Plus,Life Skills,8,11,72.7,Completed,2025-11-18,Q4 2025,completed
BEN-009792,Wanjiru,Mutiso,Female,Muranga County,Plus,Financial Literacy,6,8,75.0,In Progress,2026-06-07,Q2 2026,active
BEN-009794,Nyambura,Kiptoo,Female,Nairobi,Plus,Leadership,8,10,80.0,COMPLETED,2026-02-19,Q1 2026,completed
BEN-009800,Anyango,Mwakio,Female,Kisumu,Plus,Community Service,4,8,50.0,Dropped,2026-03-28,Q1 2026,dropped_out
BEN-009802,Rotich,Barasa,Male,Kiambu,Plus,Leadership,10,11,90.9,In Progress,2026-02-09,Q1 2026,active
BEN-009804,Dennis,Mbogo,Male,Nairobi,Plus,Entrepreneurship,4,14,28.6,Dropped,2025-12-27,Q4 2025,dropped_out
BEN-009808,Grace,Juma,Female,Machakos,Plus,Health & Wellness,3,7,42.9,In Progress,2026-05-15,Q2 2026,active
BEN-009810,Diana,Mutua,Female,Muranga,Plus,Community Service,5,7,71.4,Completed,2025-01-25,Q1 2025,completed
BEN-009812,Mohamed,Muthoni,Male,Kajiado,Plus,Entrepreneurship,8,10,80.0,In Progress,2026-08-20,Q3 2026,active
BEN-009818,Wangari,Owino,Female,Kiambu,Plus,Health & Wellness,3,6,50.0,Completed,2025-12-25,Q4 2025,completed
BEN-009823,Kilonzo,Barasa,Male,Machakos,Plus,Entrepreneurship,9,13,69.2,In Progress,2026-08-06,Q3 2026,active
BEN-009825,Achieng,Kariuki,female,Kiambu,Plus,Entrepreneurship,6,11,54.5,Dropped,2026-02-05,Q1 2026,dropped_out
BEN-009826,Chepkoech,Otieno,Female,Uasin Gishu,Plus,Financial Literacy,6,8,75.0,Completed,2025-07-30,Q3 2025,completed
BEN-009828,Kilonzo,Mohamed,Male,Mombasa,Plus,Financial Literacy,10,10,100.0,Completed,2026-03-15,Q1 2026,completed
BEN-009829,Vincent,Bett,Male,Mombasa,Plus,Life Skills,9,14,64.3,Dropped,2026-05-02,Q2 2026,dropped_out
BEN-009831,Joy,Onyango,Female,Machakos,Plus,Health & Wellness,7,8,87.5,Completed,2025-12-12,Q4 2025,completed
BEN-009836,Joseph,Muthoni,Male,Nyeri,Plus,Leadership,10,12,83.3,Completed,2025-08-27,Q3 2025,completed
BEN-009837,Halima,Wafula,Female,Kakamega,Plus,Community Service,8,10,80.0,In Progress,2026-07-24,Q3 2026,active
BEN-009841,Patrick,Maina,Male,Nyeri,Plus,Mentorship,6,13,46.2,complete,2025-01-07,Q1 2025,completed
BEN-009843,Kiptoo,Barasa,Male,Nairobi,Plus,Mentorship,16,20,80.0,In Progress,2026-03-23,Q1 2026,active
BEN-009846,Halima,Kiptoo,FEMALE,Machakos,Plus,Mentorship,16,17,94.1,Completed,2025-09-15,Q3 2025,completed
BEN-009850,Sharon,Maina,FEMALE,Kisumu,Plus,Entrepreneurship,12,13,92.3,Completed,2025-03-01,Q1 2025,completed
BEN-009854,Kendi,Njoroge,Female,Nairobi,Plus,Financial Literacy,7,9,77.8,Completed,2025-06-06,Q2 2025,completed
BEN-009855,Joy,Bett,Female,Kiambu,Plus,Leadership,11,11,100.0,In Progress,2026-04-25,Q2 2026,active
BEN-009856,Achieng,Njenga,Female,Kiambu,Plus,Financial Literacy,5,10,50.0,DROPPED,2025-01-20,Q1 2025,dropped_out
BEN-009858,Nasieku,Nduta,Female,NAIROBI,Plus,Financial Literacy,4,9,44.4,Dropped,2025-09-18,Q3 2025,dropped_out
BEN-009859,Neema,Achieng,Female,Nairobi,Plus,Mentorship,16,20,80.0,Completed,2025-06-20,Q2 2025,completed
BEN-009860,Brenda,Wekesa,Female,Nyeri,Plus,Entrepreneurship,7,14,50.0,Dropped,2025-06-07,Q2 2025,dropped_out
BEN-009862,Mumbi,Onyango,f,Mombasa,Plus,Health & Wellness,6,7,85.7,Completed,2026-03-12,Q1 2026,completed
BEN-009863,James,Kilonzo,Male,Nairobi,Plus,Leadership,8,10,80.0,In Progress,2026-07-14,Q3 2026,active
BEN-009869,Faith,Korir,Female,Kiambu,Plus,Life Skills,7,10,70.0,Completed,2026-03-25,Q1 2026,completed
BEN-009872,Collins,Owino,Male,Nairobi County,Plus,Entrepreneurship,12,15,80.0,In Progress,2026-09-18,Q3 2026,active
BEN-009873,Brian,Kariuki,Male,Nairobi,Plus,Mentorship,9,12,75.0,complete,2025-07-10,Q3 2025,completed
BEN-009876,Wanjiru,Musyoka,Female,Kilifi,Plus,Entrepreneurship,12,16,75.0,In Progress,2026-08-15,Q3 2026,active
BEN-009880,Boniface,Nyambane,Male,Nakuru,Plus,Community Service,6,9,66.7,Completed,2025-11-22,Q4 2025,completed
BEN-009881,Halima,Matano,Female,Nakuru,Plus,Entrepreneurship,10,13,76.9,In Progress,2026-07-19,Q3 2026,active
BEN-009883,Juma,Nduta,Male,Nakuru,Plus,Mentorship,10,15,66.7,Completed,2025-12-31,Q4 2025,completed
BEN-009889,Barasa,Mwakio,Male,Meru,Plus,Life Skills,10,14,71.4,Completed,2025-04-28,Q2 2025,completed
BEN-009891,Juma,Owino,Male,Nairobi,Plus,Community Service,4,6,66.7,Dropped,2025-11-06,Q4 2025,dropped_out
BEN-009894,Kamau,Njenga,Male,Uasin Gishu,Plus,Life Skills,6,10,60.0,Completed,2026-01-26,Q1 2026,completed
BEN-009895,Esther,Achieng,Female,Nairobi,Plus,Health & Wellness,7,7,100.0,In Progress,2026-04-10,Q2 2026,active
BEN-009899,Anyango,Hassan,Female,Kisumu,Plus,Mentorship,7,13,53.8,In Progress,2026-06-02,Q2 2026,active
BEN-009900,Emily,Mohamed,Female,Mombasa,Plus,Health & Wellness,5,7,71.4,In Progress,2026-09-29,Q3 2026,active
BEN-009901,Kagure,Mbogo,Female,Muranga,Plus,Life Skills,8,10,80.0,In Progress,2026-07-23,Q3 2026,active
BEN-009902,Naisula,Kariuki,Female,Kisumu County,Plus,Financial Literacy,7,10,70.0,Completed,2026-01-13,Q1 2026,completed
BEN-009905,Mumbi,Abdi,FEMALE,Nairobi,Plus,Entrepreneurship,10,12,83.3,Completed,2025-06-26,Q2 2025,completed
BEN-009907,Atieno,Nduta,Female,Kakamega,Plus,Leadership,5,11,45.5,Dropped,2025-10-20,Q4 2025,dropped_out
BEN-009908,Wangari,Owino,Female,kisumu,Plus,Financial Literacy,3,8,37.5,Dropped,2025-08-23,Q3 2025,dropped_out
BEN-009909,Faith,Cheruiyot,Female,Nairobi,Plus,Entrepreneurship,16,16,100.0,Completed,2026-01-31,Q1 2026,completed
BEN-009912,Nkatha,Mbogo,Female,Muranga,Plus,Entrepreneurship,9,13,69.2,In Progress,2026-05-29,Q2 2026,active
BEN-009914,Onyango,Onyango,Male,Nairobi,Plus,Mentorship,9,16,56.2,In Progress,2026-09-01,Q3 2026,active
BEN-009918,Akinyi,Barasa,F,Machakos,Plus,Leadership,6,10,60.0,Dropped,2026-03-17,Q1 2026,dropped_out
BEN-009919,Beatrice,Maina,Female,Kiambu,Plus,Financial Literacy,12,12,100.0,In Progress,2026-03-11,Q1 2026,active
BEN-009920,Onyango,Baya,Male,Kilifi,Plus,Community Service,2,6,33.3,Dropped,2026-03-30,Q1 2026,dropped_out
BEN-009922,Sharon,Korir,female,Nakuru,Plus,Mentorship,12,15,80.0,In Progress,2026-07-18,Q3 2026,active
BEN-009923,Daniel,Musyoka,Male,Meru,Plus,Health & Wellness,9,10,90.0,Completed,2026-01-30,Q1 2026,completed
BEN-009924,Ali,Omondi,Male,Kisii,Plus,Health & Wellness,6,9,66.7,In Progress,2026-08-07,Q3 2026,active
BEN-009927,James,Kiptoo,Male,Kiambu,Plus,Life Skills,12,14,85.7,In Progress,2026-05-26,Q2 2026,active
BEN-009928,Anyango,Koech,FEMALE,Kakamega,Plus,Health & Wellness,5,6,83.3,Completed,2026-02-26,Q1 2026,completed
BEN-009930,Kelvin,Omondi,Male,Nairobi,Plus,Community Service,7,7,100.0,In Progress,2026-01-14,Q1 2026,active
BEN-009933,Collins,Nduta,MALE,Kisumu County,Plus,Entrepreneurship,6,10,60.0,Dropped,2026-02-18,Q1 2026,dropped_out
BEN-009936,Rotich,Ngugi,Male,Kilifi,Plus,Health & Wellness,7,7,100.0,COMPLETED,2026-04-10,Q2 2026,completed
BEN-009938,Kiptoo,Matano,Male,Kiambu,Plus,Health & Wellness,8,8,100.0,In Progress,2026-03-05,Q1 2026,active
BEN-009939,Anyango,Achieng,Female,NAIROBI,Plus,Financial Literacy,8,8,100.0,Completed,2026-01-20,Q1 2026,completed
BEN-009944,Gathoni,Mwakio,Female,Kiambu,Plus,Life Skills,8,11,72.7,In Progress,2026-08-09,Q3 2026,active
BEN-009946,Kiptoo,Wekesa,Male,Mombasa,Plus,Community Service,8,10,80.0,Completed,2025-10-24,Q4 2025,completed
BEN-009948,Mutua,Maina,Male,Nairobi,Plus,Health & Wellness,5,7,71.4,Dropped,2025-08-05,Q3 2025,dropped_out
BEN-009949,Mohamed,Owino,Male,Kajiado County,Plus,Mentorship,8,20,40.0,Dropped,2025-07-29,Q3 2025,dropped_out
BEN-009952,Cheruiyot,Baya,Male,Nakuru,Plus,Health & Wellness,5,8,62.5,Completed,2025-10-14,Q4 2025,completed
BEN-009953,Njeri,Musyoka,Female,Kiambu,Plus,Entrepreneurship,11,16,68.8,In Progress,2026-04-29,Q2 2026,active
BEN-009955,Cynthia,Barasa,Female,Machakos,Plus,Entrepreneurship,13,13,100.0,In Progress,2026-07-02,Q3 2026,active
BEN-009957,Neema,Nduta,Female,Muranga,Plus,Entrepreneurship,6,15,40.0,Dropped,2025-12-05,Q4 2025,dropped_out
BEN-009959,Esther,Mutiso,Female,Muranga,Plus,Life Skills,10,12,83.3,complete,2026-01-27,Q1 2026,completed
BEN-009961,Isaac,Abdi,Male,Muranga,Plus,Leadership,7,11,63.6,Dropped,2025-10-13,Q4 2025,dropped_out
BEN-009963,Wanjiku,Chebet,Female,Meru,Plus,Financial Literacy,5,8,62.5,In Progress,2026-03-16,Q1 2026,active
BEN-009965,Akinyi,Omondi,Female,Mombasa,Plus,Financial Literacy,8,9,88.9,In Progress,2026-04-18,Q2 2026,active
BEN-009967,Mohamed,Otieno,Male,Nairobi,Plus,Mentorship,11,17,64.7,In Progress,2026-06-06,Q2 2026,active
BEN-009969,Grace,Korir,Female,Machakos,Plus,Life Skills,11,13,84.6,In Progress,2026-09-28,Q3 2026,active
BEN-009970,Patrick,Odhiambo,male,Kiambu,Plus,Health & Wellness,7,9,77.8,In Progress,2026-07-29,Q3 2026,active
BEN-009971,Vincent,Owino,Male,Machakos,Plus,Financial Literacy,8,12,66.7,Completed,2025-06-26,Q2 2025,completed
BEN-009972,Caroline,Matano,Female,Kisumu,Plus,Entrepreneurship,7,14,50.0,Dropped,2025-03-19,Q1 2025,dropped_out
BEN-009975,Wanjiru,Ngugi,Female,kiambu,Plus,Leadership,11,12,91.7,In Progress,2026-01-25,Q1 2026,active
BEN-009976,Nkatha,Kuria,Female,Meru,Plus,Mentorship,11,15,73.3,In Progress,2026-09-01,Q3 2026,active
BEN-009980,Beatrice,Hassan,Female,NAIROBI,Plus,Life Skills,9,14,64.3,Dropped,2026-02-13,Q1 2026,dropped_out
BEN-009981,Grace,Koech,Female,Kiambu,Plus,Entrepreneurship,10,11,90.9,In Progress,2026-07-26,Q3 2026,active
BEN-009985,Brian,Cheruiyot,Male,Kisumu,Plus,Leadership,5,9,55.6,In Progress,2026-02-03,Q1 2026,active
BEN-009992,Kendi,Cheruiyot,Female,Kisumu,Plus,Mentorship,7,12,58.3,In Progress,2026-09-09,Q3 2026,active
BEN-009993,Timothy,Koech,male,Kakamega,Plus,Entrepreneurship,7,10,70.0,Completed,2025-03-18,Q1 2025,completed
BEN-009994,Boniface,Wekesa,Male,Kilifi,Plus,Community Service,8,9,88.9,Completed,2025-01-04,Q1 2025,completed
BEN-009996,Timothy,Hassan,Male,Kilifi,Plus,Health & Wellness,3,6,50.0,In Progress,2026-04-17,Q2 2026,active
BEN-009998,Otieno,Mwangi,Male,Mombasa County,Plus,Health & Wellness,6,6,100.0,In Progress,2026-09-29,Q3 2026,active
BEN-010000,Diana,Hassan,Female,Kilifi,Plus,Leadership,9,11,81.8,Completed,2025-12-21,Q4 2025,completed
