beneficiary_id,first_name,last_name,gender,county,program,institution,education_level,academic_year,attendance_rate,performance_score,completion_status,enrollment_date,reporting_period,status
BEN-000003,Joy,Owino,Female,Nyeri,Scholarship,Africa Nazarene University,Bachelor,2025/2026,76.8,89.8,In Progress,2025-10-05,Q4 2025,active
BEN-000006,Diana,Charo,Female,Kajiado,Scholarship,Strathmore University,Bachelor,2025/2026,84.7,49.0,In Progress,2026-02-17,Q1 2026,active
BEN-000009,John,Ochieng,Male,Muranga,Scholarship,Strathmore University,Diploma,2025/2026,75.4,54.8,In Progress,2026-07-31,Q3 2026,active
BEN-000011,Joy,Hassan,F,Mombasa,Scholarship,Kenyatta University,Bachelor,2024/2025,87.4,71.6,complete,2025-03-29,Q1 2025,completed
BEN-000012,Jerop,Hassan,Female,Kakamega,Scholarship,Maseno University,Bachelor,2025/2026,86.7,60.4,In Progress,2026-07-31,Q3 2026,active
BEN-000022,Cheruiyot,Bett,Male,Uasin Gishu,Scholarship,Jomo Kenyatta University,Bachelor,2025/2026,79.0,67.4,In Progress,2025-10-10,Q4 2025,active
BEN-000023,Kipchoge,Mutua,Male,Muranga,Scholarship,Kenyatta University,Master,2024/2025,71.7,45.6,Completed,2025-05-31,Q2 2025,completed
BEN-000026,Ali,Nyambane,Male,Mombasa,Scholarship,Moi University,Bachelor,2024/2025,91.5,69.3,Completed,2025-06-01,Q2 2025,completed
BEN-000027,Collins,Korir,Male,Nairobi,Scholarship,Daystar University,Diploma,2025/2026,92.2,44.4,In Progress,2026-04-12,Q2 2026,active
BEN-000033,Mumbi,Ngugi,Female,Nairobi,Scholarship,University of Nairobi,Master,2025/2026,94.1,43.5,In Progress,2026-08-14,Q3 2026,active
BEN-000034,Musyoka,Wafula,Male,Nairobi,Scholarship,Moi University,Bachelor,2025/2026,76.3,67.9,In Progress,2026-02-10,Q1 2026,active
BEN-000042,Diana,Charo,Female,Nyeri,Scholarship,Mount Kenya University,Bachelor,2025/2026,82.6,85.9,In Progress,2026-08-25,Q3 2026,active
BEN-000045,Wanjiku,Musyoka,Female,Kiambu,Scholarship,Jomo Kenyatta University,Diploma,2025/2026,96.8,74.7,In Progress,2025-12-14,Q4 2025,active
BEN-000048,Cherono,Owino,Female,Nakuru,Scholarship,Maseno University,Diploma,2026/2027,81.9,69.8,In Progress,2026-09-04,Q3 2026,active
BEN-000061,Isaac,Njoroge,Male,Nairobi,Scholarship,Africa Nazarene University,Bachelor,2025/2026,88.4,60.2,In Progress,2026-02-25,Q1 2026,active
BEN-000067,Caroline,Wafula,Female,Kilifi,Scholarship,Mount Kenya University,Bachelor,2024/2025,77.3,48.9,dropped out,2025-07-03,Q3 2025,dropped_out
BEN-000072,Boniface,Mwakio,Male,Kisii County,Scholarship,Daystar University,Bachelor,2024/2025,90.3,57.8,Completed,2025-08-30,Q3 2025,completed
BEN-000077,Awuor,Kiptoo,Female,Nairobi,Scholarship,University of Nairobi,Diploma,2025/2026,100.0,57.6,In Progress,2025-10-04,Q4 2025,active
BEN-000079,Kendi,Charo,Female,uasin gishu,Scholarship,Kenyatta University,Diploma,2025/2026,93.3,67.1,Dropped,2025-09-04,Q3 2025,dropped_out
BEN-000081,Emily,Otieno,Female,Kisumu,Scholarship,Moi University,Bachelor,2024/2025,80.8,69.1,Completed,2025-07-03,Q3 2025,completed
BEN-000082,Gathoni,Maina,Female,Nairobi,Scholarship,Moi University,Bachelor,2025/2026,81.7,68.4,In Progress,2026-05-06,Q2 2026,active
BEN-000084,Abdi,Wafula,Male,Muranga,Scholarship,Jomo Kenyatta University,Diploma,2025/2026,77.1,69.2,Completed,2025-12-31,Q4 2025,completed
BEN-000096,Sharon,Owino,Female,Kiambu,Scholarship,Africa Nazarene University,Bachelor,2025/2026,77.4,56.3,In Progress,2026-06-26,Q2 2026,active
BEN-000099,Cherono,Cheruiyot,Female,kakamega,Scholarship,Mount Kenya University,Bachelor,2025/2026,82.3,56.6,Completed,2026-03-13,Q1 2026,completed
BEN-000101,Nkatha,Odhiambo,Female,Machakos,Scholarship,Mount Kenya University,Bachelor,2025/2026,80.1,75.4,In Progress,2026-06-05,Q2 2026,active
BEN-000103,Victor,Baya,Male,Machakos,Scholarship,Strathmore University,Master,2026/2027,75.6,72.3,In Progress,2026-09-20,Q3 2026,active
BEN-000106,Nasieku,Omondi,Female,Mombasa,Scholarship,Catholic University of Eastern Africa,Bachelor,2025/2026,75.1,54.5,In Progress,2026-06-11,Q2 2026,active
BEN-000108,Chepkoech,Mbogo,Female,Bungoma,Scholarship,University of Nairobi,Bachelor,2024/2025,83.0,56.7,Completed,2025-01-20,Q1 2025,completed
BEN-000111,Zawadi,Muthoni,Female,Kisii,Scholarship,Mount Kenya University,Bachelor,2025/2026,76.3,78.3,In Progress,2026-07-19,Q3 2026,active
BEN-000112,Mutua,Katana,M,Bungoma,Scholarship,Moi University,Master,2024/2025,72.9,53.8,Completed,2025-01-06,Q1 2025,completed
BEN-000115,Chepkoech,Musyoka,Female,Kilifi,Scholarship,Catholic University of Eastern Africa,Diploma,2026/2027,78.5,71.5,In Progress,2026-09-16,Q3 2026,active
BEN-000121,Anyango,Maina,Female,Nairobi,Scholarship,Strathmore University,Bachelor,2025/2026,75.1,67.1,Completed,2025-11-28,Q4 2025,completed
BEN-000126,Faith,Nduta,Female,MACHAKOS,Scholarship,Catholic University of Eastern Africa,Bachelor,2025/2026,79.2,54.8,In Progress,2026-04-12,Q2 2026,active
BEN-000132,Kipchoge,Charo,Male,Nyeri,Scholarship,Africa Nazarene University,Master,2025/2026,98.3,48.6,In Progress,2026-03-11,Q1 2026,active
BEN-000135,Nasieku,Nyambane,Female,Uasin Gishu,Scholarship,Catholic University of Eastern Africa,Bachelor,2025/2026,71.6,73.8,COMPLETED,2025-09-09,Q3 2025,completed
BEN-000136,Francis,Kimani,Male,Mombasa,Scholarship,Africa Nazarene University,Bachelor,2025/2026,71.6,48.4,Completed,2026-01-24,Q1 2026,completed
BEN-000144,Nasieku,Mutua,Female,nairobi,Scholarship,Kenyatta University,Bachelor,2025/2026,85.6,75.8,Completed,2025-10-17,Q4 2025,completed
BEN-000147,Collins,Barasa,Male,Machakos,Scholarship,Maseno University,Bachelor,2025/2026,77.5,70.4,In Progress,2026-05-14,Q2 2026,active
BEN-000148,Nyambura,Rotich,Female,Kisumu,Scholarship,University of Nairobi,Master,2024/2025,72.0,53.5,Completed,2025-06-26,Q2 2025,completed
BEN-000157,Nasieku,Kariuki,Female,MACHAKOS,Scholarship,Kenyatta University,Master,2025/2026,91.0,61.0,In Progress,2026-07-04,Q3 2026,active
BEN-000161,Kilonzo,Gitau,Male,Nairobi,Scholarship,University of Nairobi,Master,2025/2026,80.8,60.8,In Progress,2026-03-10,Q1 2026,active
BEN-000162,Neema,Barasa,Female,Kisumu,Scholarship,Catholic University of Eastern Africa,Bachelor,2025/2026,80.9,58.2,In Progress,2026-05-09,Q2 2026,active
BEN-000166,Barasa,Juma,Male,kisumu,Scholarship,Catholic University of Eastern Africa,Bachelor,2024/2025,66.2,55.9,Dropped,2025-05-03,Q2 2025,dropped_out
BEN-000168,Awuor,Owino,Female,Meru,Scholarship,Moi University,Bachelor,2024/2025,84.9,43.0,COMPLETED,2025-02-16,Q1 2025,completed
BEN-000169,Kagure,Kilonzo,Female,Muranga,Scholarship,Mount Kenya University,Master,2025/2026,78.7,63.6,In Progress,2026-01-12,Q1 2026,active
BEN-000171,Cheruiyot,Koech,Male,Machakos,Scholarship,Strathmore University,Master,2025/2026,88.2,65.4,In Progress,2026-01-29,Q1 2026,active
BEN-000172,Brian,Mbogo,Male,Kiambu,Scholarship,Jomo Kenyatta University,Diploma,2024/2025,84.6,75.9,Completed,2025-05-12,Q2 2025,completed
BEN-000177,Simon,Kimani,MALE,Kisumu,Scholarship,Catholic University of Eastern Africa,Diploma,2025/2026,77.3,53.5,In Progress,2026-04-05,Q2 2026,active
BEN-000179,Anyango,Odhiambo,Female,Kiambu,Scholarship,University of Nairobi,Bachelor,2025/2026,96.2,68.6,Completed,2025-10-22,Q4 2025,completed
BEN-000180,Juma,Mohamed,Male,Nairobi,Scholarship,Moi University,Bachelor,2025/2026,96.9,70.1,In Progress,2026-03-09,Q1 2026,active
BEN-000181,Simon,Korir,Male,Mombasa,Scholarship,Africa Nazarene University,Bachelor,2025/2026,95.1,59.8,In Progress,2026-05-14,Q2 2026,active
BEN-000183,Anthony,Owino,Male,Kakamega,Scholarship,Maseno University,Diploma,2025/2026,91.2,60.7,Dropped,2025-09-30,Q3 2025,dropped_out
BEN-000184,Vincent,Owino,Male,Kakamega,Scholarship,University of Nairobi,Master,2024/2025,69.7,48.4,Completed,2025-07-21,Q3 2025,completed
BEN-000187,Gathoni,Charo,Female,Uasin Gishu,Scholarship,Kenyatta University,Diploma,2025/2026,74.1,53.8,In Progress,2026-06-28,Q2 2026,active
BEN-000191,Cherono,Juma,Female,Nyeri,Scholarship,Africa Nazarene University,Bachelor,2024/2025,100.0,66.6,Completed,2025-08-16,Q3 2025,completed
BEN-000193,Korir,Maina,M,Kiambu,Scholarship,University of Nairobi,Bachelor,2025/2026,87.3,46.9,Completed,2025-10-06,Q4 2025,completed
BEN-000195,Francis,Charo,Male,Kiambu,Scholarship,Maseno University,Bachelor,2025/2026,89.9,74.7,In Progress,2026-05-03,Q2 2026,active
BEN-000197,Halima,Juma,f,Nyeri,Scholarship,Jomo Kenyatta University,Bachelor,2025/2026,85.9,67.9,In Progress,2026-04-15,Q2 2026,active
BEN-000198,Chebet,Rotich,Female,Nairobi County,Scholarship,Jomo Kenyatta University,Bachelor,2025/2026,100.0,78.0,In Progress,2025-11-01,Q4 2025,active
BEN-000200,James,Omondi,Male,Uasin Gishu,Scholarship,Maseno University,Diploma,2024/2025,75.5,59.8,Completed,2025-04-17,Q2 2025,completed
BEN-000205,Akinyi,Baya,Female,Kisumu,Scholarship,Maseno University,Bachelor,2025/2026,82.7,67.7,In Progress,2026-07-31,Q3 2026,active
BEN-000209,Wekesa,Barasa,Male,Mombasa,Scholarship,Strathmore University,Bachelor,2024/2025,81.5,52.5,Completed,2025-06-09,Q2 2025,completed
BEN-000211,Kipchoge,Mohamed,Male,Bungoma,Scholarship,Jomo Kenyatta University,Bachelor,2025/2026,81.0,58.4,In Progress,2026-04-02,Q2 2026,active
BEN-000212,Joy,Katana,Female,Nairobi,Scholarship,Daystar University,Bachelor,2025/2026,89.5,91.4,In Progress,2026-01-14,Q1 2026,active
BEN-000219,Vincent,Otieno,Male,Nairobi,Scholarship,Kenyatta University,Diploma,2025/2026,86.8,76.6,In Progress,2026-03-16,Q1 2026,active
BEN-000220,Omondi,Barasa,Male,Muranga,Scholarship,Maseno University,Bachelor,2025/2026,81.9,72.5,In Progress,2026-07-10,Q3 2026,active
BEN-000221,Emmanuel,Bett,Male,Muranga,Scholarship,Catholic University of Eastern Africa,Bachelor,2024/2025,74.6,46.5,Completed,2025-03-24,Q1 2025,completed
BEN-000223,Jerop,Musyoka,Female,Nakuru,Scholarship,University of Nairobi,Bachelor,2025/2026,67.8,57.8,In Progress,2026-01-30,Q1 2026,active
BEN-000228,Joy,Rotich,Female,Nairobi,Scholarship,Mount Kenya University,Bachelor,2025/2026,95.0,73.0,In Progress,2026-08-23,Q3 2026,active
BEN-000229,Cynthia,Kuria,Female,Muranga,Scholarship,Daystar University,Diploma,2025/2026,79.1,52.3,In Progress,2026-05-09,Q2 2026,active
BEN-000231,Atieno,Kiptoo,Female,Nairobi,Scholarship,Moi University,Bachelor,2025/2026,95.8,58.9,In Progress,2026-07-09,Q3 2026,active
BEN-000233,Wangari,Odhiambo,Female,Kiambu,Scholarship,University of Nairobi,Diploma,2025/2026,100.0,87.1,In Progress,2026-04-09,Q2 2026,active
BEN-000234,Zawadi,Kuria,female,Kiambu,Scholarship,Kenyatta University,Diploma,2025/2026,73.2,77.7,In Progress,2026-08-14,Q3 2026,active
BEN-000238,Omondi,Hassan,Male,Nairobi,Scholarship,Maseno University,Diploma,2025/2026,94.5,50.7,In Progress,2025-11-25,Q4 2025,active
BEN-000239,Sharon,Chebet,Female,Uasin Gishu,Scholarship,Mount Kenya University,Bachelor,2025/2026,81.6,63.7,In Progress,2026-04-30,Q2 2026,active
BEN-000241,Francis,Katana,Male,Kilifi,Scholarship,Jomo Kenyatta University,Bachelor,2026/2027,71.7,63.6,In Progress,2026-09-01,Q3 2026,active
BEN-000242,Purity,Achieng,FEMALE,Kajiado,Scholarship,Catholic University of Eastern Africa,Diploma,2024/2025,83.1,69.6,Completed,2025-08-19,Q3 2025,completed
BEN-000243,Mercy,Mbogo,Female,Machakos,Scholarship,Strathmore University,Diploma,2025/2026,62.8,77.5,In Progress,2026-03-21,Q1 2026,active
BEN-000246,Samuel,Kamau,Male,Nairobi,Scholarship,Strathmore University,Bachelor,2025/2026,86.4,79.0,In Progress,2026-07-27,Q3 2026,active
BEN-000250,Isaac,Njoroge,Male,Nairobi,Scholarship,Moi University,Bachelor,2025/2026,100.0,68.2,Completed,2025-09-05,Q3 2025,completed
BEN-000255,Anyango,Charo,Female,Muranga,Scholarship,Jomo Kenyatta University,Bachelor,2025/2026,83.0,69.2,In Progress,2026-03-19,Q1 2026,active
BEN-000259,Caroline,Kiptoo,Female,Kisii,Scholarship,Kenyatta University,Diploma,2025/2026,78.8,55.4,In Progress,2026-03-15,Q1 2026,active
BEN-000262,Musyoka,Chebet,Male,Muranga,Scholarship,Moi University,Bachelor,2025/2026,87.7,61.1,Completed,2025-12-30,Q4 2025,completed
BEN-000263,Nyambura,Barasa,Female,Kakamega,Scholarship,Mount Kenya University,Bachelor,2025/2026,87.8,46.1,In Progress,2026-08-15,Q3 2026,active
BEN-000264,Kagure,Gitau,Female,Nairobi,Scholarship,Mount Kenya University,Bachelor,2025/2026,100.0,63.2,Completed,2025-10-27,Q4 2025,completed
BEN-000267,Joy,Barasa,Female,Nakuru,Scholarship,Strathmore University,Master,2026/2027,94.6,61.2,In Progress,2026-09-29,Q3 2026,active
BEN-000270,Amina,Hassan,Female,nakuru,Scholarship,Strathmore University,Diploma,2025/2026,63.3,92.0,In Progress,2026-04-21,Q2 2026,active
BEN-000272,Nicholas,Musyoka,Male,kisii,Scholarship,Moi University,Bachelor,2025/2026,83.4,69.5,In Progress,2026-08-19,Q3 2026,active
BEN-000277,Diana,Mwakio,Female,Uasin Gishu,Scholarship,Daystar University,Bachelor,2024/2025,90.9,62.4,complete,2025-01-01,Q1 2025,completed
BEN-000284,Kelvin,Rotich,Male,Kakamega,Scholarship,Moi University,Diploma,2025/2026,85.4,63.7,In Progress,2026-07-23,Q3 2026,active
BEN-000288,Anthony,Gitau,Male,Meru,Scholarship,Maseno University,Bachelor,2024/2025,95.5,68.9,Completed,2025-01-26,Q1 2025,completed
BEN-000289,Kendi,Njoroge,Female,Mombasa,Scholarship,Mount Kenya University,Bachelor,2024/2025,84.6,75.9,Completed,2025-02-04,Q1 2025,completed
BEN-000295,Atieno,Kamau,Female,Kisii,Scholarship,Jomo Kenyatta University,Bachelor,2025/2026,87.0,44.0,In Progress,2026-05-28,Q2 2026,active
BEN-000296,Naisula,Ochieng,Female,Bungoma,Scholarship,Catholic University of Eastern Africa,Bachelor,2025/2026,67.4,52.5,In Progress,2026-02-25,Q1 2026,active
BEN-000297,Chepkoech,Wekesa,Female,Kiambu,Scholarship,Daystar University,Bachelor,2025/2026,100.0,61.2,In Progress,2026-05-09,Q2 2026,active
BEN-000300,Joy,Maina,Female,Uasin Gishu,Scholarship,Daystar University,Bachelor,2025/2026,77.7,65.2,In Progress,2026-08-05,Q3 2026,active
BEN-000306,Esther,Omondi,Female,Uasin Gishu,Scholarship,Strathmore University,Bachelor,2024/2025,87.9,64.3,Completed,2025-08-20,Q3 2025,completed
BEN-000312,Wangari,Ochieng,Female,Kisii,Scholarship,University of Nairobi,Diploma,2025/2026,78.6,56.3,In Progress,2026-05-18,Q2 2026,active
BEN-000313,David,Bett,Male,Machakos,Scholarship,Jomo Kenyatta University,Bachelor,2025/2026,71.8,69.6,In Progress,2026-04-24,Q2 2026,active
BEN-000314,Naisula,Nduta,Female,Nakuru,Scholarship,Daystar University,Bachelor,2025/2026,76.4,53.9,In Progress,2026-02-20,Q1 2026,active
BEN-000317,Dennis,Njenga,Male,Mombasa,Scholarship,Jomo Kenyatta University,Bachelor,2025/2026,77.2,70.4,In Progress,2026-07-10,Q3 2026,active
BEN-000324,Dennis,Abdi,Male,Kilifi,Scholarship,Jomo Kenyatta University,Bachelor,2025/2026,80.9,46.3,In Progress,2026-08-23,Q3 2026,active
BEN-000326,Kevin,Mohamed,Male,Uasin Gishu County,Scholarship,Jomo Kenyatta University,Bachelor,2025/2026,76.2,74.4,In Progress,2026-07-17,Q3 2026,active
BEN-000328,Mohamed,Musyoka,Male,Uasin Gishu,Scholarship,Jomo Kenyatta University,Bachelor,2024/2025,84.4,53.9,Completed,2025-06-01,Q2 2025,completed
BEN-000333,Faith,Wafula,f,Nairobi,Scholarship,Jomo Kenyatta University,Master,2025/2026,84.8,56.6,In Progress,2026-05-11,Q2 2026,active
BEN-000336,Joseph,Nyambane,Male,Kakamega,Scholarship,Moi University,Bachelor,2025/2026,83.3,62.4,In Progress,2026-05-09,Q2 2026,active
BEN-000341,Joy,Odhiambo,Female,Nairobi,Scholarship,Mount Kenya University,Master,2026/2027,94.6,60.2,In Progress,2026-09-04,Q3 2026,active
BEN-000343,David,Musyoka,Male,Kakamega,Scholarship,University of Nairobi,Diploma,2025/2026,80.8,69.7,In Progress,2026-01-21,Q1 2026,active
BEN-000345,Diana,Abdi,Female,Meru,Scholarship,Daystar University,Diploma,2025/2026,87.9,55.2,In Progress,2026-08-29,Q3 2026,active
BEN-000346,Neema,Koech,Female,Mombasa,Scholarship,Maseno University,Bachelor,2025/2026,82.4,80.6,In Progress,2026-06-20,Q2 2026,active
BEN-000348,Omondi,Mutua,Male,mombasa,Scholarship,Jomo Kenyatta University,Bachelor,2025/2026,89.6,71.5,In Progress,2026-03-31,Q1 2026,active
BEN-000352,Cherono,Omondi,Female,Kilifi,Scholarship,Maseno University,Bachelor,2024/2025,84.6,57.2,Completed,2025-05-17,Q2 2025,completed
BEN-000354,Awuor,Kamau,Female,Uasin Gishu,Scholarship,Daystar University,Bachelor,2025/2026,87.2,79.0,dropped out,2025-09-19,Q3 2025,dropped_out
BEN-000359,Kiptoo,Wanjiku,M,Muranga,Scholarship,Strathmore University,Bachelor,2026/2027,79.7,61.2,In Progress,2026-09-24,Q3 2026,active
BEN-000360,Cherono,Barasa,Female,Bungoma,Scholarship,Kenyatta University,Diploma,2025/2026,74.5,75.9,Completed,2025-12-25,Q4 2025,completed
BEN-000363,Samuel,Muthoni,Male,Muranga,Scholarship,University of Nairobi,Diploma,2025/2026,95.0,66.7,In Progress,2025-10-30,Q4 2025,active
BEN-000365,Patrick,Kilonzo,Male,Bungoma,Scholarship,Jomo Kenyatta University,Bachelor,2024/2025,81.1,63.2,Completed,2025-04-01,Q2 2025,completed
BEN-000366,Anyango,Owino,Female,Nakuru,Scholarship,Daystar University,Diploma,2025/2026,96.3,49.3,In Progress,2026-01-26,Q1 2026,active
BEN-000367,Brenda,Ochieng,Female,Mombasa,Scholarship,Catholic University of Eastern Africa,Diploma,2025/2026,90.8,70.5,In Progress,2026-04-28,Q2 2026,active
BEN-000369,Wanjiru,Nyambane,Female,Uasin Gishu,Scholarship,Mount Kenya University,Bachelor,2025/2026,78.7,80.3,In Progress,2026-08-03,Q3 2026,active
BEN-000380,Collins,Mutiso,Male,Nairobi,Scholarship,Kenyatta University,Master,2024/2025,91.0,77.0,Completed,2025-01-08,Q1 2025,completed
BEN-000381,Ali,Mwakio,Male,Mombasa,Scholarship,Kenyatta University,Master,2024/2025,100.0,71.7,COMPLETED,2025-08-31,Q3 2025,completed
BEN-000382,Neema,Musyoka,Female,Nakuru,Scholarship,Africa Nazarene University,Bachelor,2024/2025,98.8,54.0,Completed,2025-06-14,Q2 2025,completed
BEN-000383,Cherono,Achieng,Female,Muranga,Scholarship,Daystar University,Bachelor,2025/2026,98.1,68.3,In Progress,2026-05-12,Q2 2026,active
BEN-000384,Peter,Kilonzo,Male,KIAMBU,Scholarship,Catholic University of Eastern Africa,Bachelor,2025/2026,98.9,59.2,In Progress,2026-05-04,Q2 2026,active
BEN-000385,Kagure,Wekesa,Female,Meru,Scholarship,Catholic University of Eastern Africa,Bachelor,2025/2026,77.9,100.0,In Progress,2026-02-11,Q1 2026,active
BEN-000388,Cynthia,Kiptoo,Female,Bungoma,Scholarship,Catholic University of Eastern Africa,Master,2025/2026,77.5,63.1,In Progress,2026-07-19,Q3 2026,active
BEN-000389,Akinyi,Hassan,Female,Uasin Gishu,Scholarship,Jomo Kenyatta University,Master,2025/2026,100.0,55.1,In Progress,2026-05-20,Q2 2026,active
BEN-000391,Korir,Chebet,Male,Bungoma,Scholarship,Kenyatta University,Bachelor,2025/2026,73.2,57.3,Completed,2025-12-26,Q4 2025,completed
BEN-000392,Mohamed,Achieng,Male,Kiambu,Scholarship,Africa Nazarene University,Master,2024/2025,90.7,69.6,Completed,2025-07-26,Q3 2025,completed
BEN-000394,Kagure,Owino,Female,Kilifi,Scholarship,Strathmore University,Diploma,2025/2026,76.9,53.0,In Progress,2026-07-24,Q3 2026,active
BEN-000398,Baraka,Musyoka,Male,Machakos,Scholarship,Jomo Kenyatta University,Master,2024/2025,72.3,57.2,Dropped,2025-02-09,Q1 2025,dropped_out
BEN-000401,Joseph,Gitau,Male,Meru,Scholarship,Maseno University,Bachelor,2026/2027,75.6,54.3,In Progress,2026-09-07,Q3 2026,active
BEN-000403,Otieno,Bett,Male,Muranga,Scholarship,Kenyatta University,Master,2025/2026,91.1,74.3,In Progress,2026-04-01,Q2 2026,active
BEN-000407,Cheruiyot,Baya,Male,Nyeri,Scholarship,Catholic University of Eastern Africa,Bachelor,2025/2026,71.9,59.2,In Progress,2026-06-06,Q2 2026,active
BEN-000408,David,Wanjiku,Male,Kiambu,Scholarship,Mount Kenya University,Bachelor,2025/2026,84.5,59.7,In Progress,2026-07-18,Q3 2026,active
BEN-000410,Ali,Charo,Male,Nairobi County,Scholarship,Africa Nazarene University,Bachelor,2025/2026,76.0,74.9,Completed,2025-11-17,Q4 2025,completed
BEN-000411,Kelvin,Maina,Male,Uasin Gishu County,Scholarship,Catholic University of Eastern Africa,Diploma,2024/2025,63.0,64.5,Completed,2025-07-19,Q3 2025,completed
BEN-000416,Brenda,Charo,Female,Nyeri,Scholarship,Catholic University of Eastern Africa,Master,2026/2027,87.1,65.4,In Progress,2026-09-04,Q3 2026,active
BEN-000417,Ali,Musyoka,Male,Nairobi,Scholarship,Daystar University,Bachelor,2024/2025,97.9,68.4,Completed,2025-07-05,Q3 2025,completed
BEN-000419,Njeri,Njenga,Female,Nakuru,Scholarship,University of Nairobi,Diploma,2026/2027,70.4,53.7,In Progress,2026-09-21,Q3 2026,active
BEN-000421,Kelvin,Matano,Male,Nairobi,Scholarship,Mount Kenya University,Bachelor,2024/2025,91.7,64.6,Completed,2025-08-24,Q3 2025,completed
BEN-000428,Mercy,Ngugi,Female,Nakuru,Scholarship,Daystar University,Bachelor,2024/2025,69.2,79.6,Completed,2025-01-11,Q1 2025,completed
BEN-000429,Juma,Kilonzo,Male,Bungoma,Scholarship,Maseno University,Bachelor,2026/2027,75.4,59.0,In Progress,2026-09-16,Q3 2026,active
BEN-000433,Njeri,Gitau,Female,Nakuru,Scholarship,Maseno University,Bachelor,2025/2026,71.6,65.1,Completed,2025-12-28,Q4 2025,completed
BEN-000435,Purity,Ochieng,Female,Mombasa,Scholarship,Daystar University,Diploma,2025/2026,95.0,48.5,In Progress,2026-06-08,Q2 2026,active
BEN-000438,Purity,Nduta,Female,Meru,Scholarship,Strathmore University,Diploma,2024/2025,84.7,60.0,Completed,2025-02-01,Q1 2025,completed
BEN-000441,Kipchoge,Koech,Male,Kiambu,Scholarship,Kenyatta University,Bachelor,2025/2026,71.1,62.9,Completed,2025-11-15,Q4 2025,completed
BEN-000442,Wanjiru,Mbogo,Female,Machakos,Scholarship,Strathmore University,Bachelor,2025/2026,78.7,93.7,Completed,2026-02-19,Q1 2026,completed
BEN-000452,Sharon,Mohamed,Female,Kakamega,Scholarship,Catholic University of Eastern Africa,Bachelor,2024/2025,89.2,58.5,Completed,2025-05-26,Q2 2025,completed
BEN-000454,Emily,Mwakio,Female,Kisii,Scholarship,Africa Nazarene University,Bachelor,2024/2025,90.4,44.4,Completed,2025-04-15,Q2 2025,completed
BEN-000455,Mutua,Juma,Male,Kakamega,Scholarship,Jomo Kenyatta University,Bachelor,2024/2025,73.8,52.7,Completed,2025-08-19,Q3 2025,completed
BEN-000458,Odhiambo,Nduta,Male,Kiambu,Scholarship,Africa Nazarene University,Diploma,2025/2026,78.6,45.6,In Progress,2026-04-28,Q2 2026,active
BEN-000460,Diana,Wanjiku,Female,mombasa,Scholarship,Kenyatta University,Bachelor,2025/2026,80.4,67.6,In Progress,2026-06-01,Q2 2026,active
BEN-000461,Akinyi,Mwakio,Female,Meru,Scholarship,Mount Kenya University,Bachelor,2024/2025,88.8,64.8,Completed,2025-05-25,Q2 2025,completed
BEN-000462,Gathoni,Gitau,Female,Mombasa,Scholarship,Catholic University of Eastern Africa,Bachelor,2024/2025,83.0,69.0,Completed,2025-06-10,Q2 2025,completed
BEN-000464,Timothy,Bett,Male,Nairobi,Scholarship,Jomo Kenyatta University,Bachelor,2025/2026,84.5,64.3,In Progress,2026-08-25,Q3 2026,active
BEN-000471,Cynthia,Baya,Female,Uasin Gishu,Scholarship,Catholic University of Eastern Africa,Bachelor,2025/2026,76.4,65.7,Completed,2026-03-18,Q1 2026,completed
BEN-000472,Wekesa,Maina,Male,Machakos,Scholarship,Kenyatta University,Bachelor,2025/2026,72.3,61.3,In Progress,2026-02-07,Q1 2026,active
BEN-000480,Isaac,Owino,Male,Kakamega,Scholarship,Moi University,Bachelor,2025/2026,75.9,36.2,Completed,2025-11-02,Q4 2025,completed
BEN-000481,Chebet,Rotich,Female,Kiambu,Scholarship,Africa Nazarene University,Diploma,2025/2026,89.8,69.7,In Progress,2026-02-03,Q1 2026,active
BEN-000486,Nkatha,Chebet,Female,Bungoma,Scholarship,Africa Nazarene University,Diploma,2025/2026,75.7,56.5,In Progress,2026-01-17,Q1 2026,active
BEN-000488,Nyambura,Onyango,Female,Nakuru,Scholarship,Maseno University,Bachelor,2025/2026,75.2,67.9,Completed,2025-09-30,Q3 2025,completed
BEN-000489,Juma,Mutiso,Male,Nairobi,Scholarship,Mount Kenya University,Bachelor,2025/2026,96.8,72.4,In Progress,2026-01-25,Q1 2026,active
BEN-000491,Isaac,Korir,male,Kisii,Scholarship,Strathmore University,Bachelor,2026/2027,90.2,68.2,In Progress,2026-09-01,Q3 2026,active
BEN-000492,Wanjiku,Chebet,Female,Nairobi,Scholarship,Strathmore University,Bachelor,2024/2025,85.7,83.0,Completed,2025-07-10,Q3 2025,completed
BEN-000493,Ali,Ngugi,Male,Mombasa,Scholarship,Africa Nazarene University,Bachelor,2025/2026,89.7,48.7,In Progress,2026-04-15,Q2 2026,active
BEN-000497,Anyango,Ochieng,Female,Nairobi,Scholarship,Jomo Kenyatta University,Diploma,2025/2026,83.3,70.2,In Progress,2026-01-29,Q1 2026,active
BEN-000501,Cynthia,Mutiso,Female,Kisumu,Scholarship,Maseno University,Bachelor,2025/2026,90.5,38.6,In Progress,2026-06-16,Q2 2026,active
BEN-000503,Mumbi,Wafula,Female,NAIROBI,Scholarship,Moi University,Bachelor,2025/2026,97.2,71.0,Dropped,2025-12-04,Q4 2025,dropped_out
BEN-000508,Wekesa,Ochieng,M,Machakos,Scholarship,Maseno University,Diploma,2025/2026,71.7,69.8,In Progress,2026-04-25,Q2 2026,active
BEN-000516,Barasa,Onyango,Male,Uasin Gishu,Scholarship,Africa Nazarene University,Master,2025/2026,89.5,58.5,In Progress,2026-06-18,Q2 2026,active
BEN-000517,Mutua,Chebet,Male,Kisumu,Scholarship,Africa Nazarene University,Diploma,2024/2025,87.5,60.2,Dropped,2025-01-14,Q1 2025,dropped_out
BEN-000522,Awuor,Omondi,Female,Nairobi,Scholarship,Strathmore University,Diploma,2024/2025,91.7,71.1,Completed,2025-05-27,Q2 2025,completed
BEN-000525,Kamau,Gitau,Male,Bungoma,Scholarship,University of Nairobi,Master,2026/2027,100.0,50.4,In Progress,2026-09-03,Q3 2026,active
BEN-000526,Cynthia,Ochieng,Female,Machakos,Scholarship,University of Nairobi,Diploma,2025/2026,97.3,68.8,Completed,2025-12-31,Q4 2025,completed
BEN-000530,Halima,Muthoni,Female,Kisii,Scholarship,Kenyatta University,Bachelor,2025/2026,75.0,72.1,In Progress,2026-05-23,Q2 2026,active
BEN-000538,John,Hassan,Male,Kiambu,Scholarship,Kenyatta University,Diploma,2024/2025,100.0,77.2,Completed,2025-08-07,Q3 2025,completed
BEN-000540,Anyango,Ochieng,Female,Kakamega,Scholarship,Jomo Kenyatta University,Bachelor,2024/2025,65.4,61.6,Completed,2025-07-01,Q3 2025,completed
BEN-000541,Nkatha,Matano,Female,Bungoma,Scholarship,University of Nairobi,Bachelor,2025/2026,75.8,35.5,In Progress,2026-05-18,Q2 2026,active
BEN-000544,Kevin,Maina,Male,Nairobi,Scholarship,Africa Nazarene University,Bachelor,2025/2026,93.2,67.0,In Progress,2026-07-16,Q3 2026,active
BEN-000545,Faith,Kuria,Female,Bungoma,Scholarship,Catholic University of Eastern Africa,Diploma,2024/2025,75.5,61.8,Completed,2025-08-11,Q3 2025,completed
BEN-000546,Samuel,Ngugi,Male,Mombasa,Scholarship,Jomo Kenyatta University,Bachelor,2024/2025,80.0,48.5,Completed,2025-02-28,Q1 2025,completed
BEN-000548,Peter,Mutiso,Male,Kiambu,Scholarship,Africa Nazarene University,Diploma,2025/2026,77.9,58.8,In Progress,2026-08-04,Q3 2026,active
BEN-000560,Boniface,Maina,Male,Kisii,Scholarship,Kenyatta University,Bachelor,2025/2026,86.2,83.4,Dropped,2026-02-19,Q1 2026,dropped_out
BEN-000563,Cynthia,Wanjiku,Female,Machakos,Scholarship,Moi University,Bachelor,2026/2027,85.2,68.1,In Progress,2026-09-29,Q3 2026,active
BEN-000564,Esther,Wekesa,Female,Kilifi,Scholarship,Africa Nazarene University,Bachelor,2025/2026,94.8,42.7,Completed,2025-11-28,Q4 2025,completed
BEN-000565,Juma,Mwangi,Male,Kilifi,Scholarship,Daystar University,Bachelor,2025/2026,83.6,55.3,In Progress,2026-03-29,Q1 2026,active
BEN-000569,Abdi,Bett,Male,Nairobi,Scholarship,Kenyatta University,Diploma,2025/2026,85.8,100.0,Completed,2025-12-19,Q4 2025,completed
BEN-000576,Emmanuel,Mwakio,Male,Nairobi,Scholarship,Mount Kenya University,Bachelor,2025/2026,80.8,82.8,COMPLETED,2025-11-11,Q4 2025,completed
BEN-000578,Otieno,Mutiso,Male,Nairobi,Scholarship,University of Nairobi,Diploma,2025/2026,94.4,70.3,In Progress,2026-04-27,Q2 2026,active
BEN-000579,Brenda,Baya,Female,Kajiado,Scholarship,Kenyatta University,Bachelor,2025/2026,70.4,63.1,In Progress,2025-10-01,Q4 2025,active
BEN-000580,Kiptoo,Onyango,Male,Nairobi,Scholarship,Kenyatta University,Master,2025/2026,98.6,76.4,In Progress,2026-06-30,Q2 2026,active
BEN-000582,Chepkoech,Mutua,Female,Kisii,Scholarship,Moi University,Bachelor,2025/2026,76.9,75.1,In Progress,2026-07-04,Q3 2026,active
BEN-000585,Purity,Wanjiku,Female,Kakamega,Scholarship,Mount Kenya University,Bachelor,2024/2025,81.0,35.9,Completed,2025-03-02,Q1 2025,completed
BEN-000587,James,Mbogo,Male,Muranga,Scholarship,Jomo Kenyatta University,Bachelor,2025/2026,75.7,58.4,In Progress,2026-07-19,Q3 2026,active
BEN-000591,Anthony,Nyambane,Male,Nyeri,Scholarship,University of Nairobi,Bachelor,2026/2027,84.5,56.5,In Progress,2026-09-11,Q3 2026,active
BEN-000592,Achieng,Ngugi,Female,Kisii,Scholarship,Kenyatta University,Bachelor,2025/2026,82.5,80.5,In Progress,2026-01-18,Q1 2026,active
BEN-000593,Simon,Abdi,Male,Kiambu,Scholarship,Kenyatta University,Bachelor,2025/2026,91.3,54.6,In Progress,2026-04-22,Q2 2026,active
BEN-000596,Simon,Mwakio,Male,Uasin Gishu,Scholarship,Moi University,Bachelor,2025/2026,82.8,64.8,In Progress,2026-03-13,Q1 2026,active
BEN-000598,Wekesa,Juma,Male,Nakuru County,Scholarship,Africa Nazarene University,Diploma,2025/2026,83.5,45.8,Completed,2025-11-17,Q4 2025,completed
BEN-000600,Mutua,Rotich,Male,Kajiado,Scholarship,Jomo Kenyatta University,Bachelor,2025/2026,84.0,57.0,Completed,2025-12-22,Q4 2025,completed
BEN-000605,Amina,Kiptoo,Female,Nakuru,Scholarship,Jomo Kenyatta University,Bachelor,2025/2026,84.2,52.2,In Progress,2026-08-07,Q3 2026,active
BEN-000607,Purity,Katana,Female,Nairobi,Scholarship,Jomo Kenyatta University,Diploma,2025/2026,81.1,72.4,In Progress,2026-04-18,Q2 2026,active
BEN-000609,Emmanuel,Kimani,Male,Kakamega,Scholarship,Moi University,Bachelor,2025/2026,70.9,36.3,In Progress,2026-08-11,Q3 2026,active
BEN-000612,Nkatha,Odhiambo,Female,Kilifi,Scholarship,Catholic University of Eastern Africa,Bachelor,2025/2026,78.1,50.4,In Progress,2026-07-03,Q3 2026,active
BEN-000614,Faith,Koech,Female,Muranga,Scholarship,Africa Nazarene University,Bachelor,2025/2026,84.2,73.6,In Progress,2026-04-24,Q2 2026,active
BEN-000615,Grace,Wafula,Female,Kisumu,Scholarship,Catholic University of Eastern Africa,Bachelor,2025/2026,92.5,60.7,In Progress,2026-06-10,Q2 2026,active
BEN-000616,Daniel,Mwangi,Male,Bungoma,Scholarship,Maseno University,Diploma,2024/2025,77.1,61.4,Completed,2025-05-29,Q2 2025,completed
BEN-000617,Neema,Onyango,Female,Kilifi County,Scholarship,Strathmore University,Bachelor,2025/2026,89.3,59.3,In Progress,2026-08-04,Q3 2026,active
BEN-000621,Cherono,Kuria,Female,Kiambu,Scholarship,Mount Kenya University,Bachelor,2025/2026,88.1,69.3,Completed,2025-10-27,Q4 2025,completed
BEN-000622,Patrick,Kuria,Male,Nairobi,Scholarship,Jomo Kenyatta University,Bachelor,2024/2025,68.7,83.9,Completed,2025-07-11,Q3 2025,completed
BEN-000626,Nasieku,Korir,Female,kiambu,Scholarship,Catholic University of Eastern Africa,Bachelor,2025/2026,94.8,78.9,Completed,2025-11-23,Q4 2025,completed
BEN-000632,Atieno,Omondi,Female,Kiambu,Scholarship,Strathmore University,Bachelor,2025/2026,82.6,78.9,Completed,2026-01-31,Q1 2026,completed
BEN-000639,Beatrice,Njenga,Female,Nakuru,Scholarship,University of Nairobi,Bachelor,2025/2026,89.4,67.1,In Progress,2026-04-13,Q2 2026,active
BEN-000640,Cherono,Mwangi,Female,kilifi,Scholarship,Catholic University of Eastern Africa,Master,2025/2026,54.8,54.3,In Progress,2026-01-04,Q1 2026,active
BEN-000642,Wangari,Muthoni,Female,Nairobi,Scholarship,Catholic University of Eastern Africa,Bachelor,2025/2026,79.3,83.7,In Progress,2026-05-11,Q2 2026,active
BEN-000644,Kipchoge,Mutiso,Male,Nairobi,Scholarship,Jomo Kenyatta University,Diploma,2024/2025,89.4,41.4,Completed,2025-05-08,Q2 2025,completed
BEN-000651,Nasieku,Mohamed,Female,Meru,Scholarship,Africa Nazarene University,Master,2024/2025,80.5,62.7,Completed,2025-03-09,Q1 2025,completed
BEN-000652,Joy,Omondi,Female,Nairobi County,Scholarship,Strathmore University,Bachelor,2024/2025,92.3,85.1,Dropped,2025-05-24,Q2 2025,dropped_out
BEN-000655,Wanjiku,Chebet,Female,Mombasa,Scholarship,Moi University,Bachelor,2025/2026,63.3,53.6,In Progress,2026-02-24,Q1 2026,active
BEN-000659,Vincent,Kuria,Male,NAIROBI,Scholarship,Moi University,Bachelor,2024/2025,98.7,50.7,Dropped,2025-05-09,Q2 2025,dropped_out
BEN-000660,Rotich,Kamau,Male,Nairobi,Scholarship,Daystar University,Master,2026/2027,93.2,84.0,In Progress,2026-09-30,Q3 2026,active
BEN-000661,Mohamed,Cheruiyot,M,Mombasa,Scholarship,University of Nairobi,Master,2025/2026,85.1,65.7,In Progress,2026-03-01,Q1 2026,active
BEN-000663,Daniel,Mwangi,male,Kilifi County,Scholarship,Strathmore University,Bachelor,2024/2025,75.6,66.2,Completed,2025-03-07,Q1 2025,completed
BEN-000665,Jerop,Mbogo,Female,Kilifi,Scholarship,Africa Nazarene University,Bachelor,2025/2026,82.8,34.1,In Progress,2026-06-24,Q2 2026,active
BEN-000666,Esther,Musyoka,Female,Nairobi,Scholarship,Catholic University of Eastern Africa,Bachelor,2025/2026,95.3,72.0,In Progress,2026-03-08,Q1 2026,active
BEN-000668,Caroline,Kariuki,Female,Machakos,Scholarship,Africa Nazarene University,Bachelor,2025/2026,83.8,52.2,In Progress,2026-04-15,Q2 2026,active
BEN-000674,Ali,Korir,Male,Nyeri,Scholarship,Mount Kenya University,Bachelor,2025/2026,96.2,70.1,Completed,2025-10-26,Q4 2025,completed
BEN-000676,Daniel,Mutua,Male,Kakamega,Scholarship,Maseno University,Bachelor,2024/2025,70.1,64.9,Completed,2025-07-15,Q3 2025,completed
BEN-000678,Peter,Mwakio,Male,Kajiado,Scholarship,Mount Kenya University,Diploma,2024/2025,73.5,69.5,Completed,2025-07-28,Q3 2025,completed
BEN-000680,Awuor,Chebet,Female,Kiambu,Scholarship,Kenyatta University,Diploma,2025/2026,72.3,61.6,Completed,2025-10-16,Q4 2025,completed
BEN-000684,Nkatha,Odhiambo,Female,muranga,Scholarship,Moi University,Master,2024/2025,66.7,72.7,Completed,2025-07-28,Q3 2025,completed
BEN-000685,Gathoni,Muthoni,Female,Kiambu,Scholarship,Moi University,Master,2025/2026,83.2,77.2,In Progress,2026-06-22,Q2 2026,active
BEN-000688,Diana,Njenga,Female,Nairobi,Scholarship,Jomo Kenyatta University,Diploma,2024/2025,87.7,46.0,Completed,2025-03-26,Q1 2025,completed
BEN-000691,Patrick,Mbogo,Male,Nairobi,Scholarship,Catholic University of Eastern Africa,Bachelor,2025/2026,79.9,73.9,In Progress,2026-01-04,Q1 2026,active
BEN-000693,Anyango,Njenga,Female,Mombasa,Scholarship,Kenyatta University,Bachelor,2025/2026,77.6,73.6,In Progress,2026-05-05,Q2 2026,active
BEN-000697,Caroline,Koech,Female,Uasin Gishu,Scholarship,Jomo Kenyatta University,Bachelor,2025/2026,92.5,66.6,In Progress,2026-08-04,Q3 2026,active
BEN-000698,Chebet,Wafula,Female,Kakamega,Scholarship,University of Nairobi,Master,2025/2026,90.0,57.0,In Progress,2026-04-22,Q2 2026,active
BEN-000700,Wangari,Barasa,Female,Kakamega,Scholarship,University of Nairobi,Bachelor,2025/2026,77.5,78.5,In Progress,2026-04-30,Q2 2026,active
BEN-000704,Kagure,Ochieng,Female,Nyeri,Scholarship,Maseno University,Bachelor,2025/2026,87.5,59.8,In Progress,2026-07-08,Q3 2026,active
BEN-000705,Mumbi,Musyoka,Female,Nairobi,Scholarship,Strathmore University,Bachelor,2024/2025,89.1,70.0,Completed,2025-03-12,Q1 2025,completed
BEN-000712,Diana,Barasa,female,Kilifi,Scholarship,Maseno University,Bachelor,2025/2026,76.4,48.1,In Progress,2026-06-29,Q2 2026,active
BEN-000714,Nicholas,Odhiambo,Male,Kisumu,Scholarship,Jomo Kenyatta University,Bachelor,2025/2026,65.0,76.0,Completed,2025-10-27,Q4 2025,completed
BEN-000718,Vincent,Mbogo,Male,Meru,Scholarship,Maseno University,Master,2025/2026,94.0,64.0,In Progress,2026-05-12,Q2 2026,active
BEN-000723,Joy,Baya,Female,Uasin Gishu,Scholarship,Moi University,Bachelor,2025/2026,82.5,72.4,In Progress,2026-08-29,Q3 2026,active
BEN-000724,Musyoka,Kamau,Male,Nyeri,Scholarship,University of Nairobi,Bachelor,2025/2026,93.4,71.9,Completed,2026-03-24,Q1 2026,completed
BEN-000725,Kipchoge,Bett,Male,Kiambu,Scholarship,Jomo Kenyatta University,Master,2025/2026,79.3,61.7,In Progress,2026-05-06,Q2 2026,active
BEN-000726,Isaac,Gitau,Male,Nairobi,Scholarship,Daystar University,Diploma,2024/2025,74.2,58.0,complete,2025-06-04,Q2 2025,completed
BEN-000728,Mutua,Onyango,MALE,Machakos,Scholarship,Africa Nazarene University,Bachelor,2025/2026,68.0,81.3,In Progress,2026-05-22,Q2 2026,active
BEN-000733,Isaac,Mwakio,Male,Nyeri,Scholarship,Kenyatta University,Bachelor,2025/2026,78.8,67.2,Completed,2026-02-18,Q1 2026,completed
BEN-000735,Neema,Kuria,Female,Nairobi,Scholarship,Mount Kenya University,Master,2025/2026,89.1,76.8,In Progress,2026-06-14,Q2 2026,active
BEN-000741,Nicholas,Nduta,Male,Kisii,Scholarship,Catholic University of Eastern Africa,Master,2025/2026,81.8,67.3,Completed,2025-11-25,Q4 2025,completed
BEN-000742,Baraka,Kimani,Male,Nairobi,Scholarship,Jomo Kenyatta University,Master,2025/2026,100.0,72.8,Completed,2026-03-22,Q1 2026,completed
BEN-000743,Onyango,Njenga,Male,Nairobi,Scholarship,University of Nairobi,Diploma,2025/2026,100.0,71.0,In Progress,2026-06-29,Q2 2026,active
BEN-000752,Nicholas,Mbogo,Male,Nairobi,Scholarship,Daystar University,Diploma,2025/2026,89.3,71.3,Completed,2025-11-11,Q4 2025,completed
BEN-000757,Purity,Koech,Female,Kilifi,Scholarship,Kenyatta University,Bachelor,2024/2025,73.8,59.4,Dropped,2025-04-25,Q2 2025,dropped_out
BEN-000760,Brenda,Kimani,Female,Nairobi,Scholarship,University of Nairobi,Bachelor,2025/2026,81.0,74.5,Completed,2025-12-22,Q4 2025,completed
BEN-000764,Otieno,Muthoni,Male,Kiambu,Scholarship,Moi University,Diploma,2024/2025,98.8,65.8,Completed,2025-08-06,Q3 2025,completed
BEN-000774,Achieng,Kimani,Female,nairobi,Scholarship,Strathmore University,Bachelor,2025/2026,94.2,66.8,In Progress,2026-02-10,Q1 2026,active
BEN-000778,Kendi,Katana,Female,Kakamega,Scholarship,Maseno University,Bachelor,2025/2026,83.8,67.7,In Progress,2025-11-12,Q4 2025,active
BEN-000780,Nyambura,Korir,Female,Muranga,Scholarship,Africa Nazarene University,Bachelor,2024/2025,78.9,39.3,complete,2025-01-07,Q1 2025,completed
BEN-000785,Ali,Wafula,Male,Kisumu,Scholarship,Maseno University,Diploma,2024/2025,87.3,71.0,Completed,2025-06-10,Q2 2025,completed
BEN-000786,Kagure,Kiptoo,Female,Kilifi,Scholarship,Kenyatta University,Bachelor,2025/2026,60.8,65.3,In Progress,2026-01-06,Q1 2026,active
BEN-000791,Victor,Matano,Male,Kiambu,Scholarship,Maseno University,Bachelor,2025/2026,85.7,75.7,In Progress,2026-02-10,Q1 2026,active
BEN-000794,Cynthia,Maina,Female,Kiambu,Scholarship,Jomo Kenyatta University,Diploma,2025/2026,88.5,43.3,In Progress,2025-10-25,Q4 2025,active
BEN-000798,Mohamed,Rotich,Male,Bungoma,Scholarship,Moi University,Master,2025/2026,91.1,49.8,In Progress,2026-07-27,Q3 2026,active
BEN-000799,Wangari,Hassan,Female,Bungoma,Scholarship,Maseno University,Bachelor,2025/2026,75.1,64.0,In Progress,2026-04-12,Q2 2026,active
BEN-000801,Kiptoo,Onyango,Male,Kisumu,Scholarship,Daystar University,Bachelor,2025/2026,63.0,65.4,Dropped,2026-01-30,Q1 2026,dropped_out
BEN-000802,Chepkoech,Hassan,Female,Mombasa,Scholarship,Jomo Kenyatta University,Bachelor,2026/2027,79.1,75.4,In Progress,2026-09-20,Q3 2026,active
BEN-000805,Njeri,Mohamed,Female,Nairobi,Scholarship,Catholic University of Eastern Africa,Bachelor,2025/2026,100.0,83.2,In Progress,2026-02-28,Q1 2026,active
BEN-000813,Kipchoge,Bett,Male,Kakamega,Scholarship,University of Nairobi,Master,2025/2026,72.2,53.7,In Progress,2026-06-02,Q2 2026,active
BEN-000815,Beatrice,Kimani,Female,Nairobi,Scholarship,Africa Nazarene University,Bachelor,2026/2027,85.2,69.8,In Progress,2026-09-12,Q3 2026,active
BEN-000817,Brenda,Kimani,Female,Mombasa,Scholarship,Catholic University of Eastern Africa,Diploma,2025/2026,70.7,60.2,In Progress,2026-01-28,Q1 2026,active
BEN-000822,Francis,Matano,Male,Kajiado,Scholarship,Strathmore University,Master,2025/2026,74.8,74.3,In Progress,2025-11-06,Q4 2025,active
BEN-000823,Nkatha,Njoroge,Female,Muranga,Scholarship,Catholic University of Eastern Africa,Diploma,2025/2026,68.9,67.7,In Progress,2026-03-12,Q1 2026,active
BEN-000828,Rotich,Gitau,Male,Machakos,Scholarship,Moi University,Bachelor,2025/2026,91.0,61.9,In Progress,2026-07-21,Q3 2026,active
BEN-000829,Nyambura,Ngugi,Female,Nairobi,Scholarship,Kenyatta University,Bachelor,2025/2026,88.2,58.7,Completed,2026-01-30,Q1 2026,completed
BEN-000832,Cherono,Kamau,Female,Nairobi,Scholarship,Strathmore University,Bachelor,2025/2026,95.1,84.1,In Progress,2026-08-06,Q3 2026,active
BEN-000839,Akinyi,Muthoni,Female,Mombasa,Scholarship,Mount Kenya University,Master,2025/2026,85.0,75.6,Completed,2025-10-10,Q4 2025,completed
BEN-000841,Mutua,Otieno,Male,Machakos,Scholarship,Africa Nazarene University,Bachelor,2025/2026,65.3,65.0,In Progress,2026-01-05,Q1 2026,active
BEN-000842,Awuor,Omondi,Female,Uasin Gishu,Scholarship,Strathmore University,Bachelor,2024/2025,98.8,69.3,Completed,2025-08-22,Q3 2025,completed
BEN-000847,Caroline,Katana,Female,Uasin Gishu,Scholarship,Strathmore University,Bachelor,2024/2025,77.2,50.3,Dropped,2025-07-27,Q3 2025,dropped_out
BEN-000848,Halima,Onyango,Female,Kakamega,Scholarship,Jomo Kenyatta University,Bachelor,2025/2026,61.5,67.3,In Progress,2026-06-19,Q2 2026,active
BEN-000851,Wanjiru,Wekesa,Female,Nairobi,Scholarship,Mount Kenya University,Bachelor,2025/2026,63.2,91.0,In Progress,2026-05-28,Q2 2026,active
BEN-000854,Kipchoge,Mwakio,Male,Uasin Gishu,Scholarship,Catholic University of Eastern Africa,Diploma,2025/2026,92.1,74.2,Completed,2026-01-03,Q1 2026,completed
BEN-000856,Barasa,Owino,MALE,Meru,Scholarship,Catholic University of Eastern Africa,Master,2024/2025,86.0,71.9,Completed,2025-05-13,Q2 2025,completed
BEN-000858,Vincent,Mwangi,Male,Nairobi,Scholarship,Moi University,Bachelor,2024/2025,95.4,61.5,Completed,2025-04-11,Q2 2025,completed
BEN-000863,Samuel,Rotich,Male,Kakamega,Scholarship,Strathmore University,Bachelor,2024/2025,78.8,78.1,Completed,2025-03-06,Q1 2025,completed
BEN-000864,Mohamed,Abdi,Male,Nairobi,Scholarship,Africa Nazarene University,Diploma,2025/2026,100.0,74.9,In Progress,2026-07-09,Q3 2026,active
BEN-000865,Mumbi,Njoroge,Female,Uasin Gishu,Scholarship,Daystar University,Diploma,2026/2027,92.6,41.4,In Progress,2026-09-15,Q3 2026,active
BEN-000868,Faith,Charo,Female,Mombasa,Scholarship,Africa Nazarene University,Bachelor,2025/2026,84.6,66.7,COMPLETED,2025-11-04,Q4 2025,completed
BEN-000869,Mercy,Achieng,Female,Nairobi,Scholarship,Kenyatta University,Diploma,2025/2026,100.0,55.8,In Progress,2026-08-15,Q3 2026,active
BEN-000870,Joy,Mutiso,Female,Machakos,Scholarship,Strathmore University,Bachelor,2025/2026,83.5,50.5,Completed,2026-02-23,Q1 2026,completed
BEN-000878,Neema,Odhiambo,Female,Kiambu,Scholarship,Daystar University,Master,2025/2026,69.8,70.7,In Progress,2026-07-18,Q3 2026,active
BEN-000879,Zawadi,Mutua,Female,Kajiado,Scholarship,Mount Kenya University,Diploma,2026/2027,89.2,50.9,In Progress,2026-09-21,Q3 2026,active
BEN-000884,Cynthia,Kilonzo,Female,Mombasa,Scholarship,Daystar University,Diploma,2025/2026,89.4,74.8,In Progress,2026-01-30,Q1 2026,active
BEN-000892,Beatrice,Ngugi,Female,KISUMU,Scholarship,Africa Nazarene University,Bachelor,2025/2026,77.0,60.2,In Progress,2026-05-04,Q2 2026,active
BEN-000896,Cynthia,Charo,Female,Kisumu,Scholarship,Strathmore University,Bachelor,2025/2026,84.2,51.0,In Progress,2026-02-03,Q1 2026,active
BEN-000897,David,Ngugi,Male,Uasin Gishu,Scholarship,Moi University,Diploma,2025/2026,80.6,58.5,In Progress,2026-07-07,Q3 2026,active
BEN-000899,Neema,Kimani,Female,Kakamega,Scholarship,University of Nairobi,Bachelor,2024/2025,87.9,45.9,Dropped,2025-01-11,Q1 2025,dropped_out
BEN-000900,Sharon,Koech,Female,Muranga,Scholarship,Moi University,Diploma,2026/2027,88.1,58.1,In Progress,2026-09-29,Q3 2026,active
BEN-000901,Kamau,Mbogo,Male,Mombasa,Scholarship,Catholic University of Eastern Africa,Bachelor,2025/2026,66.8,76.3,In Progress,2026-07-02,Q3 2026,active
BEN-000902,Atieno,Musyoka,Female,Uasin Gishu,Scholarship,Moi University,Bachelor,2024/2025,98.4,52.7,Completed,2025-04-29,Q2 2025,completed
BEN-000904,Grace,Cheruiyot,Female,kilifi,Scholarship,Jomo Kenyatta University,Bachelor,2025/2026,65.8,86.2,In Progress,2026-07-17,Q3 2026,active
BEN-000905,Neema,Barasa,Female,Nairobi,Scholarship,Mount Kenya University,Diploma,2024/2025,88.0,81.3,Completed,2025-02-15,Q1 2025,completed
BEN-000908,Halima,Onyango,Female,Muranga,Scholarship,Kenyatta University,Bachelor,2026/2027,91.4,52.7,In Progress,2026-09-04,Q3 2026,active
BEN-000909,Wanjiru,Juma,Female,Nairobi,Scholarship,Moi University,Bachelor,2025/2026,100.0,84.6,complete,2025-12-04,Q4 2025,completed
BEN-000912,Omondi,Kimani,Male,Nairobi,Scholarship,Africa Nazarene University,Diploma,2025/2026,85.8,67.6,In Progress,2026-05-05,Q2 2026,active
BEN-000918,Patrick,Kariuki,Male,Kiambu,Scholarship,Moi University,Bachelor,2025/2026,95.8,68.2,Completed,2025-10-13,Q4 2025,completed
BEN-000920,Emmanuel,Baya,Male,Nairobi,Scholarship,Kenyatta University,Bachelor,2025/2026,100.0,60.4,Dropped,2026-02-24,Q1 2026,dropped_out
BEN-000923,Grace,Juma,Female,nakuru,Scholarship,Mount Kenya University,Diploma,2025/2026,94.2,77.4,In Progress,2026-08-04,Q3 2026,active
BEN-000925,Caroline,Abdi,Female,Kisumu,Scholarship,Mount Kenya University,Bachelor,2025/2026,80.8,66.1,In Progress,2026-01-29,Q1 2026,active
BEN-000928,Atieno,Bett,Female,Kisii,Scholarship,University of Nairobi,Bachelor,2025/2026,87.9,74.7,In Progress,2026-06-07,Q2 2026,active
BEN-000931,Kipchoge,Katana,Male,Nakuru,Scholarship,Maseno University,Bachelor,2025/2026,69.4,54.7,Completed,2026-02-19,Q1 2026,completed
BEN-000938,Isaac,Odhiambo,Male,Nakuru,Scholarship,Africa Nazarene University,Bachelor,2026/2027,76.7,63.9,In Progress,2026-09-19,Q3 2026,active
BEN-000947,Halima,Owino,Female,Kakamega,Scholarship,Jomo Kenyatta University,Bachelor,2026/2027,66.2,52.5,In Progress,2026-09-21,Q3 2026,active
BEN-000948,Emmanuel,Mutiso,Male,Kajiado,Scholarship,Jomo Kenyatta University,Bachelor,2025/2026,90.9,100.0,In Progress,2026-03-09,Q1 2026,active
BEN-000949,Kilonzo,Kiptoo,Male,Uasin Gishu,Scholarship,University of Nairobi,Master,2025/2026,83.6,69.9,Completed,2025-09-19,Q3 2025,completed
BEN-000951,Zawadi,Owino,Female,Muranga County,Scholarship,Maseno University,Diploma,2026/2027,88.3,70.8,In Progress,2026-09-28,Q3 2026,active
BEN-000952,Musyoka,Omondi,M,Nairobi,Scholarship,Jomo Kenyatta University,Bachelor,2025/2026,100.0,52.6,In Progress,2026-08-02,Q3 2026,active
BEN-000954,Jerop,Korir,Female,Kisii,Scholarship,Africa Nazarene University,Master,2025/2026,71.6,42.8,In Progress,2025-10-28,Q4 2025,active
BEN-000955,David,Abdi,Male,Nairobi,Scholarship,Moi University,Bachelor,2025/2026,74.7,68.8,In Progress,2026-07-27,Q3 2026,active
BEN-000956,Nyambura,Kamau,Female,Uasin Gishu,Scholarship,Kenyatta University,Bachelor,2025/2026,90.4,74.3,Completed,2025-09-09,Q3 2025,completed
BEN-000961,Mohamed,Gitau,Male,Nakuru,Scholarship,Jomo Kenyatta University,Bachelor,2025/2026,78.4,81.4,In Progress,2026-01-03,Q1 2026,active
BEN-000962,Faith,Njoroge,Female,Kisumu,Scholarship,Maseno University,Bachelor,2025/2026,85.0,56.3,In Progress,2026-04-18,Q2 2026,active
BEN-000964,Samuel,Otieno,Male,Kisumu,Scholarship,Moi University,Bachelor,2025/2026,86.9,45.3,In Progress,2026-04-02,Q2 2026,active
BEN-000966,Baraka,Odhiambo,Male,Mombasa,Scholarship,Strathmore University,Bachelor,2025/2026,90.2,64.0,Completed,2025-09-17,Q3 2025,completed
BEN-000968,Kamau,Mohamed,MALE,machakos,Scholarship,Catholic University of Eastern Africa,Bachelor,2025/2026,84.5,67.1,In Progress,2026-06-20,Q2 2026,active
BEN-000970,Kelvin,Mbogo,Male,Muranga,Scholarship,Jomo Kenyatta University,Bachelor,2025/2026,79.0,66.1,In Progress,2026-08-25,Q3 2026,active
BEN-000979,Awuor,Barasa,Female,Kisii,Scholarship,Africa Nazarene University,Bachelor,2025/2026,96.4,66.0,In Progress,2026-04-07,Q2 2026,active
BEN-000984,Awuor,Abdi,Female,Nakuru,Scholarship,Kenyatta University,Bachelor,2024/2025,64.1,67.4,Completed,2025-08-23,Q3 2025,completed
BEN-000986,Cynthia,Njenga,Female,Meru,Scholarship,Strathmore University,Bachelor,2025/2026,100.0,41.9,In Progress,2026-08-05,Q3 2026,active
BEN-000987,Joseph,Onyango,Male,KILIFI,Scholarship,Catholic University of Eastern Africa,Master,2025/2026,77.9,58.2,Completed,2026-02-05,Q1 2026,completed
BEN-000989,Cheruiyot,Onyango,Male,Nairobi,Scholarship,Strathmore University,Bachelor,2025/2026,76.0,74.5,In Progress,2026-01-25,Q1 2026,active
BEN-000993,Cheruiyot,Otieno,Male,Nakuru County,Scholarship,Maseno University,Diploma,2024/2025,85.0,61.4,Completed,2025-03-29,Q1 2025,completed
BEN-000999,Cherono,Kiptoo,Female,Machakos,Scholarship,Strathmore University,Bachelor,2025/2026,87.4,49.4,In Progress,2026-04-23,Q2 2026,active
BEN-001001,Mercy,Kuria,Female,Nairobi,Scholarship,Maseno University,Bachelor,2024/2025,98.8,83.5,Dropped,2025-08-22,Q3 2025,dropped_out
BEN-001005,Onyango,Charo,Male,Mombasa,Scholarship,Jomo Kenyatta University,Master,2025/2026,93.4,37.3,In Progress,2026-05-06,Q2 2026,active
BEN-001013,Gathoni,Owino,F,Nairobi,Scholarship,Maseno University,Bachelor,2025/2026,100.0,60.2,In Progress,2026-07-22,Q3 2026,active
BEN-001017,Kevin,Baya,Male,Bungoma,Scholarship,Jomo Kenyatta University,Bachelor,2025/2026,84.9,64.1,In Progress,2026-08-29,Q3 2026,active
BEN-001020,Barasa,Musyoka,Male,Nairobi,Scholarship,Africa Nazarene University,Diploma,2025/2026,94.5,50.7,In Progress,2026-04-03,Q2 2026,active
BEN-001021,Purity,Bett,Female,machakos,Scholarship,University of Nairobi,Bachelor,2025/2026,72.7,64.4,In Progress,2026-07-11,Q3 2026,active
BEN-001024,Jerop,Nyambane,Female,Nakuru,Scholarship,Mount Kenya University,Master,2026/2027,94.7,65.2,In Progress,2026-09-11,Q3 2026,active
BEN-001026,Nyambura,Katana,Female,Nakuru,Scholarship,Kenyatta University,Bachelor,2024/2025,86.1,73.0,Completed,2025-03-10,Q1 2025,completed
BEN-001027,Korir,Mohamed,Male,Kisii,Scholarship,Mount Kenya University,Bachelor,2025/2026,95.8,72.0,In Progress,2026-01-21,Q1 2026,active
BEN-001029,Mohamed,Kariuki,Male,nairobi,Scholarship,Africa Nazarene University,Bachelor,2025/2026,96.4,58.8,In Progress,2026-08-08,Q3 2026,active
BEN-001030,Nasieku,Njenga,F,Nairobi,Scholarship,Daystar University,Bachelor,2025/2026,100.0,89.0,In Progress,2026-06-17,Q2 2026,active
BEN-001031,Nkatha,Matano,Female,Nyeri,Scholarship,Moi University,Diploma,2025/2026,77.9,59.3,In Progress,2025-10-11,Q4 2025,active
BEN-001034,Caroline,Mwangi,Female,Mombasa,Scholarship,Catholic University of Eastern Africa,Master,2025/2026,83.0,44.0,In Progress,2026-05-09,Q2 2026,active
BEN-001037,Ali,Gitau,Male,Nakuru,Scholarship,Maseno University,Bachelor,2024/2025,78.6,72.5,Dropped,2025-02-10,Q1 2025,dropped_out
BEN-001039,John,Nyambane,Male,NYERI,Scholarship,Catholic University of Eastern Africa,Bachelor,2025/2026,75.5,74.8,In Progress,2026-05-01,Q2 2026,active
BEN-001042,Omondi,Charo,MALE,Nakuru,Scholarship,Maseno University,Bachelor,2026/2027,100.0,55.9,In Progress,2026-09-17,Q3 2026,active
BEN-001043,Anyango,Charo,Female,Kiambu,Scholarship,Maseno University,Bachelor,2025/2026,90.0,69.0,In Progress,2026-04-29,Q2 2026,active
BEN-001046,Brian,Mutua,Male,Nakuru,Scholarship,Maseno University,Bachelor,2025/2026,80.2,73.1,Completed,2026-01-23,Q1 2026,completed
BEN-001049,Mumbi,Njoroge,Female,Kiambu,Scholarship,Mount Kenya University,Bachelor,2025/2026,88.4,79.3,In Progress,2026-05-30,Q2 2026,active
BEN-001055,Abdi,Mbogo,Male,Nairobi,Scholarship,Maseno University,Bachelor,2026/2027,94.0,73.4,In Progress,2026-09-06,Q3 2026,active
BEN-001056,Baraka,Juma,Male,Kisumu,Scholarship,Catholic University of Eastern Africa,Bachelor,2025/2026,81.1,58.3,In Progress,2026-08-16,Q3 2026,active
BEN-001058,Onyango,Odhiambo,Male,Nyeri,Scholarship,Kenyatta University,Bachelor,2025/2026,93.5,64.0,COMPLETED,2025-11-06,Q4 2025,completed
BEN-001060,Timothy,Hassan,Male,Uasin Gishu,Scholarship,Maseno University,Master,2026/2027,84.9,69.6,In Progress,2026-09-09,Q3 2026,active
BEN-001062,Brenda,Mutiso,Female,Uasin Gishu County,Scholarship,Mount Kenya University,Master,2025/2026,88.7,78.9,In Progress,2026-08-12,Q3 2026,active
BEN-001067,Emily,Wafula,Female,Machakos,Scholarship,Moi University,Bachelor,2024/2025,85.7,62.9,Completed,2025-07-01,Q3 2025,completed
BEN-001071,Kagure,Cheruiyot,Female,Kisii County,Scholarship,Jomo Kenyatta University,Diploma,2025/2026,73.7,69.8,dropped out,2025-09-04,Q3 2025,dropped_out
BEN-001072,Diana,Musyoka,Female,Kiambu,Scholarship,University of Nairobi,Bachelor,2025/2026,93.2,58.9,In Progress,2026-01-25,Q1 2026,active
BEN-001078,Kamau,Wekesa,Male,Nakuru,Scholarship,Daystar University,Diploma,2025/2026,98.5,70.4,In Progress,2026-01-20,Q1 2026,active
BEN-001079,Halima,Juma,Female,nyeri,Scholarship,Kenyatta University,Bachelor,2024/2025,73.6,69.2,COMPLETED,2025-03-05,Q1 2025,completed
BEN-001083,John,Owino,Male,Machakos,Scholarship,Catholic University of Eastern Africa,Diploma,2024/2025,86.3,61.8,Completed,2025-07-06,Q3 2025,completed
BEN-001087,Nasieku,Abdi,Female,Machakos,Scholarship,Strathmore University,Diploma,2025/2026,85.4,66.5,In Progress,2026-07-12,Q3 2026,active
BEN-001088,Anthony,Juma,Male,Kiambu,Scholarship,Mount Kenya University,Bachelor,2026/2027,100.0,66.7,In Progress,2026-09-20,Q3 2026,active
BEN-001091,Wanjiku,Bett,female,nairobi,Scholarship,Africa Nazarene University,Bachelor,2025/2026,83.4,53.5,In Progress,2026-01-28,Q1 2026,active
BEN-001096,Caroline,Katana,Female,Nairobi,Scholarship,Maseno University,Bachelor,2025/2026,100.0,80.9,Completed,2025-09-21,Q3 2025,completed
BEN-001100,Nicholas,Maina,Male,Nyeri,Scholarship,University of Nairobi,Bachelor,2024/2025,89.9,43.7,Completed,2025-04-10,Q2 2025,completed
BEN-001104,Wanjiku,Nyambane,Female,Uasin Gishu,Scholarship,Africa Nazarene University,Master,2025/2026,99.1,66.4,In Progress,2026-04-28,Q2 2026,active
BEN-001105,Zawadi,Mohamed,Female,Nairobi,Scholarship,University of Nairobi,Bachelor,2025/2026,82.0,69.6,In Progress,2026-07-18,Q3 2026,active
BEN-001115,Purity,Hassan,Female,Nakuru,Scholarship,Africa Nazarene University,Diploma,2025/2026,88.3,55.3,In Progress,2026-05-17,Q2 2026,active
BEN-001123,Anthony,Kamau,Male,Kisumu,Scholarship,Africa Nazarene University,Diploma,2025/2026,77.2,52.6,In Progress,2026-05-10,Q2 2026,active
BEN-001124,Simon,Mbogo,Male,Kajiado,Scholarship,Mount Kenya University,Bachelor,2024/2025,95.0,81.3,Completed,2025-07-08,Q3 2025,completed
BEN-001127,Atieno,Wekesa,Female,Uasin Gishu,Scholarship,University of Nairobi,Bachelor,2025/2026,97.1,58.9,In Progress,2026-05-21,Q2 2026,active
BEN-001132,Jerop,Achieng,Female,Meru,Scholarship,Strathmore University,Master,2024/2025,97.0,77.7,Completed,2025-06-08,Q2 2025,completed
BEN-001141,Diana,Nduta,Female,Kiambu,Scholarship,Mount Kenya University,Diploma,2025/2026,91.5,63.2,Dropped,2025-09-11,Q3 2025,dropped_out
BEN-001147,Gathoni,Kariuki,F,Kisii,Scholarship,Strathmore University,Bachelor,2025/2026,77.5,63.7,In Progress,2026-01-10,Q1 2026,active
BEN-001148,Mohamed,Bett,Male,Kakamega,Scholarship,Strathmore University,Bachelor,2025/2026,70.0,34.3,In Progress,2026-01-20,Q1 2026,active
BEN-001150,Daniel,Muthoni,Male,Nairobi,Scholarship,Jomo Kenyatta University,Master,2024/2025,93.5,77.1,Completed,2025-07-04,Q3 2025,completed
BEN-001151,Akinyi,Kuria,Female,kiambu,Scholarship,University of Nairobi,Bachelor,2024/2025,80.7,72.8,Completed,2025-07-18,Q3 2025,completed
BEN-001156,Atieno,Wafula,Female,Nakuru,Scholarship,Mount Kenya University,Bachelor,2025/2026,88.0,53.9,In Progress,2025-12-10,Q4 2025,active
BEN-001157,Kagure,Odhiambo,female,Kajiado,Scholarship,University of Nairobi,Diploma,2025/2026,97.5,73.5,complete,2025-11-05,Q4 2025,completed
BEN-001160,Chebet,Wanjiku,Female,Meru,Scholarship,Catholic University of Eastern Africa,Master,2024/2025,79.6,72.3,Completed,2025-08-12,Q3 2025,completed
BEN-001165,Kendi,Onyango,Female,Kilifi,Scholarship,Daystar University,Bachelor,2025/2026,80.2,62.3,Completed,2026-02-15,Q1 2026,completed
BEN-001167,Zawadi,Baya,Female,Kisumu,Scholarship,Catholic University of Eastern Africa,Bachelor,2025/2026,85.0,69.4,DROPPED,2025-12-20,Q4 2025,dropped_out
BEN-001170,Kevin,Matano,Male,Kisumu,Scholarship,Mount Kenya University,Master,2025/2026,76.6,44.6,In Progress,2025-12-14,Q4 2025,active
BEN-001173,Atieno,Mohamed,Female,Machakos,Scholarship,Africa Nazarene University,Bachelor,2025/2026,84.6,83.3,In Progress,2026-05-03,Q2 2026,active
BEN-001179,Atieno,Kariuki,Female,Kilifi,Scholarship,Strathmore University,Master,2025/2026,64.7,46.3,Completed,2026-01-25,Q1 2026,completed
BEN-001181,Wanjiku,Maina,Female,Mombasa,Scholarship,Strathmore University,Master,2025/2026,93.9,75.8,In Progress,2026-03-16,Q1 2026,active
BEN-001182,Anyango,Mutua,Female,Uasin Gishu,Scholarship,Mount Kenya University,Bachelor,2026/2027,91.6,62.5,In Progress,2026-09-26,Q3 2026,active
BEN-001184,Rotich,Maina,Male,Kiambu,Scholarship,Mount Kenya University,Bachelor,2025/2026,82.9,99.7,Completed,2025-10-26,Q4 2025,completed
BEN-001187,Simon,Kuria,Male,Mombasa County,Scholarship,Mount Kenya University,Bachelor,2026/2027,93.6,41.8,In Progress,2026-09-20,Q3 2026,active
BEN-001192,Mutua,Gitau,Male,Kiambu,Scholarship,Daystar University,Bachelor,2024/2025,100.0,88.6,Completed,2025-04-13,Q2 2025,completed
BEN-001196,Barasa,Maina,Male,Kisumu,Scholarship,Maseno University,Bachelor,2025/2026,89.5,77.8,In Progress,2026-04-22,Q2 2026,active
BEN-001199,Diana,Mutiso,Female,NYERI,Scholarship,Catholic University of Eastern Africa,Diploma,2024/2025,84.4,75.9,Completed,2025-04-05,Q2 2025,completed
BEN-001204,Timothy,Mutiso,Male,Uasin Gishu,Scholarship,Maseno University,Master,2025/2026,78.9,60.5,In Progress,2026-05-21,Q2 2026,active
BEN-001209,Nyambura,Owino,Female,Bungoma,Scholarship,Strathmore University,Diploma,2025/2026,87.1,62.1,In Progress,2026-06-26,Q2 2026,active
BEN-001210,Diana,Kilonzo,Female,Bungoma,Scholarship,Jomo Kenyatta University,Bachelor,2025/2026,78.1,75.6,In Progress,2026-06-16,Q2 2026,active
BEN-001217,Beatrice,Mwakio,Female,Nakuru,Scholarship,Maseno University,Bachelor,2025/2026,86.5,67.6,In Progress,2026-05-27,Q2 2026,active
BEN-001225,Gathoni,Wekesa,Female,Machakos,Scholarship,Daystar University,Bachelor,2025/2026,85.3,43.4,Completed,2026-03-04,Q1 2026,completed
BEN-001228,Jerop,Muthoni,FEMALE,Meru,Scholarship,Africa Nazarene University,Diploma,2025/2026,100.0,61.6,In Progress,2026-01-10,Q1 2026,active
BEN-001231,Omondi,Baya,Male,Mombasa,Scholarship,Catholic University of Eastern Africa,Bachelor,2025/2026,88.6,84.0,In Progress,2026-06-03,Q2 2026,active
BEN-001232,Grace,Matano,Female,Nyeri,Scholarship,Catholic University of Eastern Africa,Diploma,2025/2026,94.6,76.1,Completed,2025-10-07,Q4 2025,completed
BEN-001233,Gathoni,Baya,Female,Kiambu,Scholarship,Mount Kenya University,Diploma,2025/2026,77.9,65.5,In Progress,2025-10-02,Q4 2025,active
BEN-001237,Atieno,Wekesa,Female,Nairobi,Scholarship,Africa Nazarene University,Bachelor,2025/2026,97.0,68.6,In Progress,2026-07-31,Q3 2026,active
BEN-001239,Kilonzo,Bett,Male,Kiambu,Scholarship,Jomo Kenyatta University,Diploma,2025/2026,100.0,73.1,In Progress,2026-04-28,Q2 2026,active
BEN-001240,Brenda,Kariuki,Female,Kilifi,Scholarship,Africa Nazarene University,Diploma,2025/2026,77.3,84.2,In Progress,2025-12-14,Q4 2025,active
BEN-001246,Anyango,Njenga,Female,Nairobi,Scholarship,Kenyatta University,Bachelor,2025/2026,89.9,62.2,In Progress,2026-05-17,Q2 2026,active
BEN-001249,Wangari,Kariuki,Female,Nairobi,Scholarship,Moi University,Bachelor,2025/2026,78.9,82.9,Dropped,2025-09-20,Q3 2025,dropped_out
BEN-001258,Wangari,Omondi,Female,Kiambu,Scholarship,Daystar University,Diploma,2025/2026,92.2,53.2,COMPLETED,2025-10-03,Q4 2025,completed
BEN-001268,Simon,Gitau,MALE,Meru,Scholarship,Maseno University,Diploma,2025/2026,67.0,69.9,In Progress,2026-08-01,Q3 2026,active
BEN-001272,Purity,Matano,Female,Bungoma,Scholarship,Jomo Kenyatta University,Diploma,2024/2025,74.9,49.8,Completed,2025-02-03,Q1 2025,completed
BEN-001281,Akinyi,Mohamed,Female,Nairobi,Scholarship,Daystar University,Bachelor,2026/2027,87.0,73.6,In Progress,2026-09-16,Q3 2026,active
BEN-001282,Samuel,Cheruiyot,Male,Nairobi,Scholarship,Moi University,Bachelor,2025/2026,88.0,62.2,Completed,2025-09-12,Q3 2025,completed
BEN-001283,Grace,Koech,Female,Machakos,Scholarship,University of Nairobi,Bachelor,2024/2025,62.1,61.2,Completed,2025-05-15,Q2 2025,completed
BEN-001284,Cheruiyot,Ochieng,Male,Mombasa,Scholarship,Catholic University of Eastern Africa,Diploma,2025/2026,82.3,79.6,In Progress,2026-07-22,Q3 2026,active
BEN-001291,Patrick,Ngugi,Male,Nairobi,Scholarship,Strathmore University,Master,2025/2026,91.6,69.6,Completed,2026-02-24,Q1 2026,completed
BEN-001292,Onyango,Kuria,Male,Kiambu,Scholarship,Daystar University,Bachelor,2025/2026,82.3,57.1,In Progress,2026-03-28,Q1 2026,active
BEN-001294,Peter,Mwangi,Male,Bungoma,Scholarship,Africa Nazarene University,Bachelor,2025/2026,74.1,57.4,Completed,2026-01-29,Q1 2026,completed
BEN-001295,Barasa,Matano,Male,KISII,Scholarship,Strathmore University,Bachelor,2025/2026,69.1,56.9,In Progress,2026-05-11,Q2 2026,active
BEN-001296,Korir,Kamau,Male,Nyeri,Scholarship,University of Nairobi,Diploma,2025/2026,88.7,67.6,In Progress,2026-04-13,Q2 2026,active
BEN-001303,Peter,Owino,Male,Machakos,Scholarship,Africa Nazarene University,Master,2025/2026,100.0,69.4,In Progress,2026-07-05,Q3 2026,active
BEN-001305,Odhiambo,Rotich,Male,Muranga,Scholarship,Moi University,Bachelor,2025/2026,83.4,54.1,In Progress,2026-07-19,Q3 2026,active
BEN-001308,Awuor,Korir,Female,Kisumu,Scholarship,Strathmore University,Bachelor,2025/2026,64.4,45.1,Completed,2025-10-09,Q4 2025,completed
BEN-001314,Halima,Kiptoo,Female,Nairobi,Scholarship,University of Nairobi,Bachelor,2025/2026,87.3,72.7,In Progress,2026-08-11,Q3 2026,active
BEN-001316,Kamau,Wekesa,M,Nairobi,Scholarship,Moi University,Bachelor,2025/2026,83.2,78.1,In Progress,2026-06-20,Q2 2026,active
BEN-001318,John,Chebet,Male,Kisumu County,Scholarship,Daystar University,Diploma,2025/2026,70.3,51.0,In Progress,2026-07-20,Q3 2026,active
BEN-001319,James,Muthoni,Male,Nairobi,Scholarship,University of Nairobi,Master,2025/2026,88.9,66.9,In Progress,2026-08-21,Q3 2026,active
BEN-001320,Wangari,Juma,Female,Mombasa,Scholarship,University of Nairobi,Master,2025/2026,88.3,57.9,In Progress,2026-05-24,Q2 2026,active
BEN-001326,David,Kiptoo,Male,Nairobi,Scholarship,Moi University,Bachelor,2025/2026,91.2,68.4,In Progress,2026-06-15,Q2 2026,active
BEN-001331,Kevin,Njoroge,Male,Kajiado,Scholarship,Africa Nazarene University,Diploma,2024/2025,92.5,56.5,Completed,2025-06-28,Q2 2025,completed
BEN-001335,Ali,Barasa,Male,Nairobi,Scholarship,Africa Nazarene University,Master,2025/2026,97.5,54.5,In Progress,2025-10-13,Q4 2025,active
BEN-001341,Kelvin,Baya,Male,Kakamega,Scholarship,Strathmore University,Master,2024/2025,98.5,48.6,complete,2025-08-31,Q3 2025,completed
BEN-001345,David,Muthoni,Male,Mombasa,Scholarship,Africa Nazarene University,Bachelor,2024/2025,80.8,60.0,Completed,2025-04-12,Q2 2025,completed
BEN-001346,Nasieku,Cheruiyot,Female,Nairobi,Scholarship,Catholic University of Eastern Africa,Diploma,2025/2026,91.2,67.4,Completed,2026-03-31,Q1 2026,completed
BEN-001353,Halima,Mwangi,Female,Nakuru,Scholarship,Moi University,Diploma,2025/2026,76.0,54.2,In Progress,2026-07-18,Q3 2026,active
BEN-001356,Anyango,Wafula,Female,Nyeri,Scholarship,Maseno University,Bachelor,2025/2026,86.8,63.6,In Progress,2026-07-04,Q3 2026,active
BEN-001357,Esther,Njenga,Female,Nakuru,Scholarship,University of Nairobi,Diploma,2025/2026,85.3,74.3,In Progress,2026-02-10,Q1 2026,active
BEN-001361,Wanjiku,Rotich,Female,Kilifi,Scholarship,Maseno University,Bachelor,2025/2026,67.9,52.1,Completed,2025-10-09,Q4 2025,completed
BEN-001365,Peter,Kuria,Male,Machakos,Scholarship,Catholic University of Eastern Africa,Diploma,2024/2025,84.1,66.1,Completed,2025-08-19,Q3 2025,completed
BEN-001366,Timothy,Njenga,Male,Nakuru,Scholarship,Mount Kenya University,Diploma,2025/2026,87.4,74.0,In Progress,2026-06-24,Q2 2026,active
BEN-001371,Boniface,Wanjiku,Male,Kakamega,Scholarship,Africa Nazarene University,Diploma,2025/2026,89.7,51.4,Completed,2025-12-16,Q4 2025,completed
BEN-001375,Daniel,Rotich,Male,Kilifi,Scholarship,Maseno University,Bachelor,2025/2026,72.1,73.7,In Progress,2025-10-02,Q4 2025,active
BEN-001376,Kilonzo,Rotich,Male,Nairobi,Scholarship,Mount Kenya University,Diploma,2025/2026,76.5,55.5,Completed,2025-10-25,Q4 2025,completed
BEN-001378,Wekesa,Wafula,Male,Kilifi,Scholarship,Maseno University,Master,2025/2026,80.9,63.5,In Progress,2026-07-03,Q3 2026,active
BEN-001380,Achieng,Kimani,Female,Nairobi,Scholarship,Daystar University,Bachelor,2025/2026,100.0,67.6,complete,2026-01-15,Q1 2026,completed
BEN-001382,Mercy,Katana,Female,Nairobi,Scholarship,Strathmore University,Bachelor,2025/2026,99.1,57.9,Completed,2026-01-03,Q1 2026,completed
BEN-001389,Awuor,Koech,Female,Kiambu,Scholarship,Catholic University of Eastern Africa,Bachelor,2025/2026,90.9,70.2,COMPLETED,2025-11-02,Q4 2025,completed
BEN-001391,Nicholas,Otieno,MALE,Kisii,Scholarship,Jomo Kenyatta University,Bachelor,2025/2026,67.6,70.3,In Progress,2026-02-09,Q1 2026,active
BEN-001393,Nasieku,Abdi,Female,Kakamega,Scholarship,Daystar University,Bachelor,2025/2026,88.0,49.8,Completed,2025-09-22,Q3 2025,completed
BEN-001394,Kevin,Mutua,Male,Uasin Gishu,Scholarship,Africa Nazarene University,Bachelor,2025/2026,87.8,57.3,In Progress,2026-06-22,Q2 2026,active
BEN-001397,Mutua,Wekesa,m,Kisumu,Scholarship,Daystar University,Bachelor,2025/2026,76.4,80.6,COMPLETED,2025-12-26,Q4 2025,completed
BEN-001401,Ali,Matano,Male,Mombasa,Scholarship,Jomo Kenyatta University,Diploma,2024/2025,71.8,51.4,Completed,2025-04-07,Q2 2025,completed
BEN-001405,Kagure,Njoroge,f,mombasa,Scholarship,Strathmore University,Diploma,2025/2026,85.8,56.0,Completed,2025-10-03,Q4 2025,completed
BEN-001407,Chepkoech,Mutua,Female,Machakos,Scholarship,Kenyatta University,Diploma,2025/2026,86.1,67.7,In Progress,2026-03-03,Q1 2026,active
BEN-001410,Dennis,Mutua,Male,Nakuru County,Scholarship,Catholic University of Eastern Africa,Bachelor,2025/2026,94.5,43.2,In Progress,2026-04-30,Q2 2026,active
BEN-001414,Kendi,Hassan,Female,Kajiado,Scholarship,Africa Nazarene University,Bachelor,2025/2026,85.9,64.1,In Progress,2026-08-23,Q3 2026,active
BEN-001416,Brian,Katana,Male,Mombasa,Scholarship,Kenyatta University,Diploma,2024/2025,100.0,56.5,Completed,2025-07-20,Q3 2025,completed
BEN-001421,Simon,Kamau,Male,Kilifi,Scholarship,Mount Kenya University,Bachelor,2025/2026,81.5,59.3,In Progress,2026-04-10,Q2 2026,active
BEN-001430,Mumbi,Bett,Female,Mombasa,Scholarship,Maseno University,Bachelor,2025/2026,86.8,70.0,In Progress,2026-04-06,Q2 2026,active
BEN-001431,Abdi,Barasa,Male,Kisumu,Scholarship,Mount Kenya University,Bachelor,2025/2026,82.8,50.2,In Progress,2026-06-15,Q2 2026,active
BEN-001437,John,Kamau,Male,Kiambu County,Scholarship,University of Nairobi,Bachelor,2025/2026,82.3,72.3,In Progress,2026-05-15,Q2 2026,active
BEN-001440,Odhiambo,Korir,Male,Uasin Gishu,Scholarship,University of Nairobi,Diploma,2024/2025,78.3,82.3,Completed,2025-08-24,Q3 2025,completed
BEN-001441,Timothy,Achieng,Male,Kajiado County,Scholarship,Mount Kenya University,Master,2025/2026,90.9,48.7,Completed,2026-03-31,Q1 2026,completed
BEN-001442,Mercy,Bett,Female,Kisii,Scholarship,Mount Kenya University,Bachelor,2025/2026,73.3,58.5,Dropped,2026-01-22,Q1 2026,dropped_out
BEN-001445,Faith,Wekesa,Female,KAKAMEGA,Scholarship,Maseno University,Bachelor,2026/2027,79.1,71.8,In Progress,2026-09-23,Q3 2026,active
BEN-001446,Abdi,Chebet,Male,Nakuru,Scholarship,Africa Nazarene University,Diploma,2026/2027,72.5,51.3,In Progress,2026-09-28,Q3 2026,active
BEN-001449,Neema,Wekesa,Female,Nairobi,Scholarship,Jomo Kenyatta University,Bachelor,2025/2026,87.3,70.7,Completed,2025-10-19,Q4 2025,completed
BEN-001450,Atieno,Hassan,Female,Kakamega,Scholarship,Maseno University,Diploma,2024/2025,85.8,57.1,Completed,2025-04-04,Q2 2025,completed
BEN-001453,Awuor,Katana,Female,Bungoma,Scholarship,Jomo Kenyatta University,Diploma,2025/2026,76.0,62.7,In Progress,2026-07-08,Q3 2026,active
BEN-001455,Kiptoo,Kariuki,Male,Meru,Scholarship,Jomo Kenyatta University,Bachelor,2025/2026,73.4,54.4,In Progress,2026-05-20,Q2 2026,active
BEN-001457,Kiptoo,Kariuki,Male,Muranga,Scholarship,Jomo Kenyatta University,Bachelor,2025/2026,87.3,77.9,Completed,2026-02-12,Q1 2026,completed
BEN-001459,John,Hassan,Male,Kisumu,Scholarship,Jomo Kenyatta University,Bachelor,2025/2026,79.8,64.3,Completed,2025-11-29,Q4 2025,completed
BEN-001464,Joseph,Mutiso,Male,Kisii,Scholarship,Kenyatta University,Bachelor,2025/2026,76.8,55.8,In Progress,2026-08-11,Q3 2026,active
BEN-001471,Purity,Mohamed,Female,Nairobi,Scholarship,Catholic University of Eastern Africa,Bachelor,2025/2026,77.5,41.0,In Progress,2026-05-23,Q2 2026,active
BEN-001473,Kagure,Ochieng,Female,Muranga,Scholarship,University of Nairobi,Diploma,2024/2025,90.0,53.7,Completed,2025-07-22,Q3 2025,completed
BEN-001475,Cynthia,Wanjiku,Female,Machakos County,Scholarship,Maseno University,Bachelor,2025/2026,92.3,65.2,In Progress,2025-11-30,Q4 2025,active
BEN-001479,Atieno,Muthoni,Female,Kisumu,Scholarship,Moi University,Bachelor,2025/2026,87.5,42.4,In Progress,2025-10-26,Q4 2025,active
BEN-001480,Brenda,Odhiambo,Female,Nairobi,Scholarship,University of Nairobi,Bachelor,2024/2025,94.3,49.2,Dropped,2025-02-06,Q1 2025,dropped_out
BEN-001482,Abdi,Korir,male,Nairobi,Scholarship,Jomo Kenyatta University,Diploma,2025/2026,64.2,60.4,Completed,2025-12-21,Q4 2025,completed
BEN-001489,Cherono,Korir,Female,Mombasa,Scholarship,Mount Kenya University,Bachelor,2025/2026,76.2,46.6,In Progress,2026-07-02,Q3 2026,active
BEN-001496,Cherono,Rotich,FEMALE,Kakamega,Scholarship,Africa Nazarene University,Diploma,2025/2026,88.5,71.3,In Progress,2026-05-11,Q2 2026,active
BEN-001497,Awuor,Ngugi,Female,Kilifi,Scholarship,Daystar University,Bachelor,2024/2025,79.4,70.9,Completed,2025-08-03,Q3 2025,completed
BEN-001498,Peter,Kamau,Male,meru,Scholarship,Maseno University,Master,2025/2026,77.6,55.9,In Progress,2026-02-17,Q1 2026,active
BEN-001500,Otieno,Kariuki,Male,Uasin Gishu,Scholarship,Kenyatta University,Bachelor,2025/2026,96.5,84.1,In Progress,2026-07-19,Q3 2026,active
BEN-001501,James,Korir,Male,Uasin Gishu,Scholarship,Daystar University,Diploma,2026/2027,82.1,79.4,In Progress,2026-09-14,Q3 2026,active
BEN-001503,Wekesa,Omondi,Male,Nairobi,Scholarship,Jomo Kenyatta University,Bachelor,2024/2025,95.0,83.6,Completed,2025-08-15,Q3 2025,completed
BEN-001504,Wekesa,Chebet,Male,Kajiado,Scholarship,Moi University,Diploma,2025/2026,85.1,73.5,In Progress,2026-01-27,Q1 2026,active
BEN-001505,Wangari,Rotich,Female,Nairobi,Scholarship,Daystar University,Bachelor,2025/2026,97.4,81.0,In Progress,2026-06-29,Q2 2026,active
BEN-001507,Beatrice,Mutiso,Female,Nyeri,Scholarship,Jomo Kenyatta University,Bachelor,2024/2025,84.7,63.1,Completed,2025-01-02,Q1 2025,completed
BEN-001508,Halima,Odhiambo,Female,Bungoma,Scholarship,Kenyatta University,Diploma,2025/2026,97.7,52.4,Completed,2026-03-14,Q1 2026,completed
BEN-001509,Wangari,Baya,Female,Bungoma,Scholarship,Maseno University,Master,2025/2026,83.2,61.1,In Progress,2026-04-01,Q2 2026,active
BEN-001510,Samuel,Cheruiyot,Male,Kakamega,Scholarship,Moi University,Master,2025/2026,71.4,55.4,In Progress,2026-04-28,Q2 2026,active
BEN-001512,Mercy,Nyambane,Female,Machakos,Scholarship,Moi University,Bachelor,2025/2026,73.7,47.5,In Progress,2026-07-26,Q3 2026,active
BEN-001513,Naisula,Kimani,Female,Nakuru,Scholarship,Moi University,Master,2024/2025,91.1,64.2,Completed,2025-06-02,Q2 2025,completed
BEN-001514,Jerop,Kilonzo,Female,Kiambu,Scholarship,Catholic University of Eastern Africa,Diploma,2025/2026,78.6,46.6,In Progress,2026-05-01,Q2 2026,active
BEN-001516,Cynthia,Odhiambo,Female,Nairobi,Scholarship,University of Nairobi,Bachelor,2025/2026,100.0,61.5,In Progress,2026-07-22,Q3 2026,active
BEN-001517,Wanjiku,Ochieng,Female,Muranga,Scholarship,Daystar University,Diploma,2024/2025,70.9,63.0,complete,2025-06-12,Q2 2025,completed
BEN-001519,Wangari,Achieng,Female,Machakos,Scholarship,Strathmore University,Master,2025/2026,79.3,48.4,In Progress,2026-04-06,Q2 2026,active
BEN-001520,Mumbi,Wanjiku,Female,Nakuru,Scholarship,Maseno University,Bachelor,2025/2026,100.0,57.4,In Progress,2026-08-14,Q3 2026,active
BEN-001521,Otieno,Omondi,Male,Kakamega,Scholarship,Kenyatta University,Master,2025/2026,74.8,68.1,In Progress,2026-05-23,Q2 2026,active
BEN-001522,Nasieku,Kimani,Female,Kajiado,Scholarship,University of Nairobi,Bachelor,2025/2026,87.8,67.6,In Progress,2026-08-11,Q3 2026,active
BEN-001526,Mohamed,Mutua,m,Kajiado,Scholarship,Maseno University,Master,2024/2025,91.7,74.7,complete,2025-04-18,Q2 2025,completed
BEN-001532,Samuel,Kuria,Male,Kisii,Scholarship,Mount Kenya University,Master,2026/2027,88.5,45.5,In Progress,2026-09-06,Q3 2026,active
BEN-001536,Chepkoech,Owino,Female,Kakamega,Scholarship,University of Nairobi,Diploma,2024/2025,73.8,50.7,Dropped,2025-01-24,Q1 2025,dropped_out
BEN-001537,Mutua,Abdi,Male,Kakamega,Scholarship,Kenyatta University,Bachelor,2024/2025,72.7,71.4,Completed,2025-07-30,Q3 2025,completed
BEN-001538,Chepkoech,Maina,Female,Mombasa,Scholarship,Africa Nazarene University,Bachelor,2025/2026,64.9,62.4,In Progress,2026-07-27,Q3 2026,active
BEN-001539,Dennis,Mutiso,Male,Uasin Gishu,Scholarship,Kenyatta University,Diploma,2025/2026,90.1,81.0,In Progress,2026-03-24,Q1 2026,active
BEN-001548,Chebet,Mbogo,Female,Nyeri,Scholarship,Kenyatta University,Diploma,2025/2026,97.6,72.4,In Progress,2026-03-03,Q1 2026,active
BEN-001556,Wangari,Koech,female,Nairobi,Scholarship,Jomo Kenyatta University,Bachelor,2025/2026,97.8,80.1,In Progress,2026-02-07,Q1 2026,active
BEN-001557,David,Musyoka,Male,Mombasa,Scholarship,Strathmore University,Diploma,2024/2025,92.7,62.1,Completed,2025-03-27,Q1 2025,completed
BEN-001559,Kamau,Njoroge,Male,Mombasa,Scholarship,Mount Kenya University,Diploma,2026/2027,78.1,73.0,In Progress,2026-09-26,Q3 2026,active
BEN-001560,Kiptoo,Musyoka,Male,Kisumu,Scholarship,Mount Kenya University,Bachelor,2024/2025,64.6,64.2,DROPPED,2025-02-24,Q1 2025,dropped_out
BEN-001567,Akinyi,Kiptoo,Female,Nairobi,Scholarship,Maseno University,Bachelor,2025/2026,100.0,76.5,In Progress,2026-01-30,Q1 2026,active
BEN-001568,Faith,Achieng,Female,Kiambu,Scholarship,Mount Kenya University,Bachelor,2024/2025,78.9,81.3,Completed,2025-03-30,Q1 2025,completed
BEN-001569,Victor,Ngugi,Male,Kilifi,Scholarship,Africa Nazarene University,Bachelor,2024/2025,97.6,31.6,COMPLETED,2025-02-19,Q1 2025,completed
BEN-001570,Njeri,Kuria,Female,Nairobi,Scholarship,Kenyatta University,Bachelor,2025/2026,98.2,67.6,In Progress,2026-06-20,Q2 2026,active
BEN-001572,Cynthia,Matano,Female,Kiambu,Scholarship,Catholic University of Eastern Africa,Diploma,2024/2025,71.4,72.9,Completed,2025-05-01,Q2 2025,completed
BEN-001573,Jerop,Kuria,Female,Kajiado,Scholarship,Catholic University of Eastern Africa,Bachelor,2024/2025,81.9,65.7,complete,2025-04-14,Q2 2025,completed
BEN-001575,Faith,Charo,Female,Nairobi,Scholarship,Moi University,Bachelor,2025/2026,93.3,65.2,In Progress,2026-01-05,Q1 2026,active
BEN-001577,Barasa,Katana,MALE,Mombasa,Scholarship,Daystar University,Bachelor,2025/2026,77.1,46.2,In Progress,2026-07-12,Q3 2026,active
BEN-001578,Nasieku,Mutua,Female,Meru,Scholarship,Moi University,Bachelor,2025/2026,72.5,66.8,In Progress,2026-07-05,Q3 2026,active
BEN-001583,Anthony,Korir,Male,Bungoma,Scholarship,Strathmore University,Bachelor,2025/2026,90.1,68.8,In Progress,2026-08-29,Q3 2026,active
BEN-001586,Daniel,Odhiambo,Male,MOMBASA,Scholarship,Mount Kenya University,Bachelor,2025/2026,79.3,54.1,In Progress,2026-08-06,Q3 2026,active
BEN-001591,Neema,Kimani,Female,Kiambu,Scholarship,University of Nairobi,Bachelor,2025/2026,82.6,45.1,In Progress,2026-06-17,Q2 2026,active
BEN-001595,Sharon,Maina,Female,Kakamega,Scholarship,Jomo Kenyatta University,Bachelor,2024/2025,97.0,53.9,Completed,2025-03-20,Q1 2025,completed
BEN-001598,James,Otieno,Male,Uasin Gishu,Scholarship,Strathmore University,Bachelor,2025/2026,71.5,62.2,In Progress,2026-07-10,Q3 2026,active
BEN-001599,Awuor,Mwakio,Female,Meru,Scholarship,Africa Nazarene University,Bachelor,2024/2025,95.1,50.3,Completed,2025-05-04,Q2 2025,completed
BEN-001600,Wangari,Omondi,Female,Bungoma,Scholarship,Kenyatta University,Bachelor,2024/2025,76.5,70.0,Completed,2025-07-29,Q3 2025,completed
BEN-001601,Amina,Odhiambo,Female,Kakamega,Scholarship,Daystar University,Master,2025/2026,82.6,46.9,In Progress,2026-07-10,Q3 2026,active
BEN-001602,Caroline,Cheruiyot,Female,Nairobi,Scholarship,Maseno University,Bachelor,2024/2025,82.3,83.4,Completed,2025-07-30,Q3 2025,completed
BEN-001603,Kelvin,Kariuki,Male,Nairobi,Scholarship,University of Nairobi,Bachelor,2024/2025,92.3,61.0,Completed,2025-08-23,Q3 2025,completed
BEN-001606,Francis,Mwangi,Male,Kiambu,Scholarship,University of Nairobi,Bachelor,2024/2025,83.7,65.6,Completed,2025-08-11,Q3 2025,completed
BEN-001612,Vincent,Ochieng,Male,Bungoma,Scholarship,Daystar University,Bachelor,2024/2025,80.5,73.6,Completed,2025-05-26,Q2 2025,completed
BEN-001617,Otieno,Koech,Male,Nairobi,Scholarship,Africa Nazarene University,Bachelor,2025/2026,87.7,78.7,Completed,2025-11-06,Q4 2025,completed
BEN-001619,Mumbi,Otieno,Female,Mombasa,Scholarship,Jomo Kenyatta University,Bachelor,2024/2025,87.0,74.7,Dropped,2025-04-20,Q2 2025,dropped_out
BEN-001621,Chepkoech,Kimani,Female,Bungoma,Scholarship,Kenyatta University,Bachelor,2025/2026,87.1,55.5,Completed,2025-12-19,Q4 2025,completed
BEN-001622,Nkatha,Barasa,Female,Muranga,Scholarship,University of Nairobi,Master,2025/2026,83.6,73.4,Completed,2025-11-17,Q4 2025,completed
BEN-001624,Achieng,Nyambane,Female,Kisumu,Scholarship,Mount Kenya University,Bachelor,2026/2027,72.6,52.9,In Progress,2026-09-24,Q3 2026,active
BEN-001626,Zawadi,Ochieng,Female,Machakos,Scholarship,Maseno University,Bachelor,2025/2026,76.6,79.9,In Progress,2026-03-05,Q1 2026,active
BEN-001627,Anyango,Hassan,Female,Muranga,Scholarship,Maseno University,Bachelor,2025/2026,87.9,56.3,Completed,2025-11-11,Q4 2025,completed
BEN-001628,Ali,Maina,Male,Kajiado,Scholarship,Moi University,Diploma,2025/2026,95.2,54.6,Completed,2025-09-24,Q3 2025,completed
BEN-001633,Chebet,Hassan,Female,Meru,Scholarship,Mount Kenya University,Bachelor,2024/2025,87.0,71.5,Completed,2025-05-04,Q2 2025,completed
BEN-001634,Akinyi,Musyoka,Female,Nyeri,Scholarship,University of Nairobi,Bachelor,2024/2025,100.0,60.2,Completed,2025-06-26,Q2 2025,completed
BEN-001638,Emmanuel,Ochieng,Male,Kajiado,Scholarship,Daystar University,Bachelor,2026/2027,85.7,69.8,In Progress,2026-09-24,Q3 2026,active
BEN-001643,Achieng,Barasa,Female,Kisumu,Scholarship,Africa Nazarene University,Master,2025/2026,85.4,44.1,In Progress,2026-07-20,Q3 2026,active
BEN-001644,Kamau,Juma,Male,Nakuru,Scholarship,Daystar University,Bachelor,2024/2025,93.2,91.6,Dropped,2025-07-29,Q3 2025,dropped_out
BEN-001647,Kipchoge,Kimani,Male,NAIROBI,Scholarship,Strathmore University,Bachelor,2024/2025,89.3,69.0,Completed,2025-03-11,Q1 2025,completed
BEN-001649,Cherono,Abdi,Female,Uasin Gishu,Scholarship,Moi University,Bachelor,2024/2025,81.0,75.9,Completed,2025-05-29,Q2 2025,completed
BEN-001650,Dennis,Juma,Male,bungoma,Scholarship,Moi University,Bachelor,2025/2026,82.7,76.4,In Progress,2026-03-13,Q1 2026,active
BEN-001652,Achieng,Onyango,Female,Nairobi,Scholarship,Mount Kenya University,Bachelor,2025/2026,89.9,75.0,In Progress,2026-08-03,Q3 2026,active
BEN-001654,Akinyi,Ngugi,Female,Kisii,Scholarship,Daystar University,Bachelor,2026/2027,80.7,45.9,In Progress,2026-09-03,Q3 2026,active
BEN-001658,Neema,Mbogo,Female,Machakos,Scholarship,Maseno University,Bachelor,2025/2026,74.9,48.4,In Progress,2026-01-01,Q1 2026,active
BEN-001667,Akinyi,Cheruiyot,Female,Nairobi,Scholarship,Daystar University,Diploma,2025/2026,88.6,83.0,Completed,2025-12-17,Q4 2025,completed
BEN-001669,Faith,Cheruiyot,Female,KIAMBU,Scholarship,Mount Kenya University,Bachelor,2025/2026,73.7,66.0,In Progress,2026-08-03,Q3 2026,active
BEN-001670,Atieno,Kariuki,Female,Machakos,Scholarship,Catholic University of Eastern Africa,Master,2024/2025,65.7,51.9,COMPLETED,2025-06-06,Q2 2025,completed
BEN-001675,Esther,Wanjiku,Female,Kakamega,Scholarship,University of Nairobi,Bachelor,2025/2026,78.4,72.3,Completed,2025-12-11,Q4 2025,completed
BEN-001676,Neema,Rotich,Female,Kisumu,Scholarship,Catholic University of Eastern Africa,Bachelor,2024/2025,69.5,73.8,Completed,2025-02-04,Q1 2025,completed
BEN-001682,Cherono,Mutua,Female,Nairobi,Scholarship,Daystar University,Diploma,2025/2026,100.0,72.5,In Progress,2026-06-30,Q2 2026,active
BEN-001689,Nasieku,Owino,Female,Kajiado,Scholarship,University of Nairobi,Diploma,2025/2026,98.9,78.9,In Progress,2026-07-03,Q3 2026,active
BEN-001690,Gathoni,Gitau,Female,uasin gishu,Scholarship,Catholic University of Eastern Africa,Bachelor,2025/2026,100.0,75.3,In Progress,2026-07-21,Q3 2026,active
BEN-001691,Onyango,Mwangi,Male,Kisumu,Scholarship,Moi University,Bachelor,2025/2026,72.6,65.9,In Progress,2026-08-02,Q3 2026,active
BEN-001693,Kagure,Njoroge,Female,Bungoma,Scholarship,Strathmore University,Bachelor,2025/2026,65.2,74.6,In Progress,2026-06-01,Q2 2026,active
BEN-001698,Esther,Mutua,Female,Nyeri,Scholarship,Mount Kenya University,Bachelor,2025/2026,91.6,66.8,In Progress,2025-11-17,Q4 2025,active
BEN-001707,Abdi,Muthoni,Male,Nairobi County,Scholarship,Catholic University of Eastern Africa,Diploma,2025/2026,87.1,63.5,COMPLETED,2025-10-27,Q4 2025,completed
BEN-001711,Chebet,Ochieng,Female,Nyeri,Scholarship,Mount Kenya University,Bachelor,2025/2026,78.4,64.0,In Progress,2026-04-25,Q2 2026,active
BEN-001712,Esther,Kiptoo,Female,Mombasa,Scholarship,Kenyatta University,Master,2025/2026,88.1,54.1,In Progress,2026-05-25,Q2 2026,active
BEN-001713,Francis,Omondi,Male,kilifi,Scholarship,Mount Kenya University,Bachelor,2025/2026,75.3,67.4,In Progress,2026-06-18,Q2 2026,active
BEN-001716,Emily,Chebet,Female,Kiambu,Scholarship,Mount Kenya University,Bachelor,2025/2026,98.7,71.7,In Progress,2026-01-18,Q1 2026,active
BEN-001724,Diana,Mwakio,Female,Kakamega,Scholarship,Catholic University of Eastern Africa,Diploma,2025/2026,76.1,60.2,Dropped,2025-09-19,Q3 2025,dropped_out
BEN-001725,Brian,Hassan,Male,Nairobi,Scholarship,Maseno University,Bachelor,2025/2026,81.6,69.8,In Progress,2026-01-16,Q1 2026,active
BEN-001726,Nyambura,Maina,Female,Bungoma,Scholarship,Catholic University of Eastern Africa,Master,2025/2026,69.6,86.2,COMPLETED,2026-01-02,Q1 2026,completed
BEN-001727,Amina,Wekesa,Female,Kajiado,Scholarship,University of Nairobi,Master,2025/2026,85.1,63.3,In Progress,2026-06-06,Q2 2026,active
BEN-001729,Cherono,Kamau,Female,Nairobi,Scholarship,Kenyatta University,Master,2026/2027,90.7,57.9,In Progress,2026-09-28,Q3 2026,active
BEN-001730,Kevin,Mwakio,Male,Kiambu,Scholarship,Strathmore University,Bachelor,2025/2026,76.7,67.1,Completed,2026-02-21,Q1 2026,completed
BEN-001732,Sharon,Hassan,Female,Meru,Scholarship,Mount Kenya University,Bachelor,2025/2026,75.1,70.8,In Progress,2026-08-15,Q3 2026,active
BEN-001733,Purity,Musyoka,Female,Nairobi,Scholarship,Jomo Kenyatta University,Bachelor,2024/2025,97.1,43.1,Completed,2025-04-30,Q2 2025,completed
BEN-001735,Chepkoech,Koech,Female,Nairobi,Scholarship,Africa Nazarene University,Bachelor,2025/2026,100.0,60.4,In Progress,2026-08-31,Q3 2026,active
BEN-001736,Njeri,Kiptoo,Female,Nairobi,Scholarship,Kenyatta University,Bachelor,2025/2026,99.7,75.7,In Progress,2026-01-21,Q1 2026,active
BEN-001738,Zawadi,Koech,Female,Kajiado,Scholarship,Maseno University,Diploma,2025/2026,93.6,87.3,In Progress,2025-12-04,Q4 2025,active
BEN-001741,Anyango,Chebet,Female,Kakamega,Scholarship,Kenyatta University,Bachelor,2024/2025,76.7,50.7,Completed,2025-06-10,Q2 2025,completed
BEN-001742,Cheruiyot,Njoroge,Male,Kisumu,Scholarship,Daystar University,Bachelor,2025/2026,87.6,70.9,In Progress,2026-03-11,Q1 2026,active
BEN-001748,Boniface,Kiptoo,Male,Nairobi,Scholarship,Moi University,Bachelor,2025/2026,72.2,61.2,Completed,2025-11-04,Q4 2025,completed
BEN-001751,Rotich,Gitau,Male,Uasin Gishu,Scholarship,University of Nairobi,Bachelor,2025/2026,92.6,64.2,complete,2026-02-07,Q1 2026,completed
BEN-001753,Nasieku,Juma,Female,Kajiado,Scholarship,Moi University,Diploma,2025/2026,72.8,56.3,In Progress,2026-07-03,Q3 2026,active
BEN-001759,Achieng,Mohamed,Female,Kiambu,Scholarship,Maseno University,Master,2025/2026,100.0,77.2,In Progress,2026-01-21,Q1 2026,active
BEN-001760,Emmanuel,Kilonzo,Male,Mombasa,Scholarship,Africa Nazarene University,Bachelor,2025/2026,80.6,67.9,Completed,2026-03-18,Q1 2026,completed
BEN-001761,Beatrice,Kiptoo,Female,Kilifi,Scholarship,Mount Kenya University,Master,2025/2026,60.1,90.3,Dropped,2026-02-25,Q1 2026,dropped_out
BEN-001763,Dennis,Ochieng,Male,KISUMU,Scholarship,Strathmore University,Diploma,2025/2026,78.7,75.8,In Progress,2026-06-18,Q2 2026,active
BEN-001769,Wangari,Kamau,Female,Kakamega,Scholarship,Kenyatta University,Diploma,2025/2026,74.4,54.6,In Progress,2026-06-28,Q2 2026,active
BEN-001770,Cherono,Korir,FEMALE,Nakuru,Scholarship,Catholic University of Eastern Africa,Bachelor,2026/2027,90.1,59.3,In Progress,2026-09-14,Q3 2026,active
BEN-001771,Korir,Nyambane,Male,machakos,Scholarship,University of Nairobi,Bachelor,2025/2026,83.4,69.3,In Progress,2026-06-03,Q2 2026,active
BEN-001773,Kendi,Rotich,Female,Kisumu,Scholarship,Catholic University of Eastern Africa,Bachelor,2025/2026,77.5,63.2,In Progress,2026-08-14,Q3 2026,active
BEN-001775,Brian,Mutua,Male,Nairobi,Scholarship,Mount Kenya University,Master,2025/2026,84.5,57.0,In Progress,2026-05-11,Q2 2026,active
BEN-001780,Nyambura,Mohamed,Female,Kisii,Scholarship,Africa Nazarene University,Bachelor,2024/2025,69.5,64.8,dropped out,2025-02-28,Q1 2025,dropped_out
BEN-001781,Naisula,Gitau,Female,Mombasa,Scholarship,Africa Nazarene University,Diploma,2025/2026,67.9,63.1,In Progress,2026-04-26,Q2 2026,active
BEN-001783,Amina,Musyoka,Female,Kiambu,Scholarship,Daystar University,Bachelor,2025/2026,86.3,82.6,In Progress,2026-05-09,Q2 2026,active
BEN-001784,Nkatha,Koech,Female,Nairobi County,Scholarship,University of Nairobi,Bachelor,2024/2025,88.2,62.0,Completed,2025-08-11,Q3 2025,completed
BEN-001785,Chebet,Kilonzo,Female,Bungoma,Scholarship,Jomo Kenyatta University,Master,2024/2025,81.8,64.0,Completed,2025-08-08,Q3 2025,completed
BEN-001786,Emmanuel,Juma,MALE,Nairobi,Scholarship,Jomo Kenyatta University,Master,2025/2026,99.0,76.5,In Progress,2026-04-16,Q2 2026,active
BEN-001790,Faith,Katana,Female,Nairobi,Scholarship,Moi University,Diploma,2025/2026,91.2,71.9,Completed,2026-01-10,Q1 2026,completed
BEN-001795,Atieno,Njenga,Female,Kakamega,Scholarship,Maseno University,Bachelor,2025/2026,75.3,59.0,In Progress,2026-04-03,Q2 2026,active
BEN-001798,Omondi,Wanjiku,Male,Kilifi,Scholarship,University of Nairobi,Bachelor,2025/2026,86.0,56.6,In Progress,2025-11-27,Q4 2025,active
BEN-001802,Brenda,Odhiambo,Female,Kiambu,Scholarship,Moi University,Bachelor,2025/2026,88.3,54.5,In Progress,2026-08-19,Q3 2026,active
BEN-001803,Boniface,Achieng,Male,Kiambu,Scholarship,Maseno University,Bachelor,2024/2025,83.5,68.9,Completed,2025-04-30,Q2 2025,completed
BEN-001804,Mohamed,Kamau,m,Kisii,Scholarship,Catholic University of Eastern Africa,Bachelor,2025/2026,80.1,69.7,Completed,2025-12-13,Q4 2025,completed
BEN-001807,Peter,Ochieng,Male,Kisii,Scholarship,Strathmore University,Bachelor,2025/2026,72.0,53.0,Completed,2025-09-06,Q3 2025,completed
BEN-001814,Kendi,Owino,Female,Kakamega County,Scholarship,Mount Kenya University,Bachelor,2025/2026,89.8,53.8,complete,2025-10-19,Q4 2025,completed
BEN-001815,Emmanuel,Maina,Male,Nairobi,Scholarship,Maseno University,Bachelor,2024/2025,77.9,80.3,Completed,2025-07-20,Q3 2025,completed
BEN-001826,Omondi,Nduta,Male,Machakos,Scholarship,Maseno University,Bachelor,2025/2026,99.6,68.2,In Progress,2026-06-01,Q2 2026,active
BEN-001829,Timothy,Nyambane,Male,Kiambu,Scholarship,Moi University,Diploma,2025/2026,90.5,79.3,Completed,2025-10-14,Q4 2025,completed
BEN-001834,Achieng,Muthoni,f,NYERI,Scholarship,University of Nairobi,Bachelor,2024/2025,100.0,71.8,Completed,2025-06-19,Q2 2025,completed
BEN-001835,Nicholas,Charo,Male,Kisumu,Scholarship,Moi University,Bachelor,2025/2026,79.4,46.4,In Progress,2026-07-06,Q3 2026,active
BEN-001836,Esther,Njoroge,Female,Nakuru,Scholarship,Kenyatta University,Bachelor,2025/2026,66.3,51.6,Completed,2025-10-09,Q4 2025,completed
BEN-001837,Cynthia,Njenga,Female,Nairobi,Scholarship,Daystar University,Master,2025/2026,88.8,75.9,Completed,2026-02-12,Q1 2026,completed
BEN-001839,Halima,Barasa,Female,Uasin Gishu,Scholarship,Mount Kenya University,Bachelor,2025/2026,80.3,73.0,Completed,2025-12-05,Q4 2025,completed
BEN-001846,Nicholas,Mwangi,Male,Kisii,Scholarship,Maseno University,Bachelor,2025/2026,98.1,71.4,In Progress,2026-08-29,Q3 2026,active
BEN-001847,Francis,Wanjiku,Male,Bungoma County,Scholarship,University of Nairobi,Bachelor,2025/2026,71.0,60.2,In Progress,2026-04-24,Q2 2026,active
BEN-001848,Amina,Baya,Female,Nairobi County,Scholarship,Jomo Kenyatta University,Bachelor,2024/2025,100.0,53.3,Completed,2025-05-03,Q2 2025,completed
BEN-001850,Nicholas,Koech,Male,Kakamega,Scholarship,Moi University,Bachelor,2025/2026,70.1,54.7,dropped out,2025-09-18,Q3 2025,dropped_out
BEN-001854,Amina,Cheruiyot,Female,Nakuru,Scholarship,Maseno University,Master,2025/2026,89.8,60.6,Completed,2026-03-03,Q1 2026,completed
BEN-001855,Collins,Abdi,Male,Meru,Scholarship,Moi University,Bachelor,2025/2026,68.2,61.7,In Progress,2026-07-16,Q3 2026,active
BEN-001859,Omondi,Bett,Male,Nairobi,Scholarship,Kenyatta University,Bachelor,2025/2026,93.7,74.0,In Progress,2026-04-10,Q2 2026,active
BEN-001860,Kagure,Odhiambo,Female,Nairobi,Scholarship,Africa Nazarene University,Bachelor,2025/2026,92.9,67.4,In Progress,2026-06-10,Q2 2026,active
BEN-001863,Mohamed,Onyango,Male,Meru,Scholarship,Mount Kenya University,Bachelor,2025/2026,91.9,66.5,In Progress,2026-02-28,Q1 2026,active
BEN-001864,Cynthia,Maina,Female,Bungoma,Scholarship,Maseno University,Master,2025/2026,92.5,70.5,In Progress,2026-07-05,Q3 2026,active
BEN-001866,Cherono,Otieno,Female,Nakuru,Scholarship,Jomo Kenyatta University,Bachelor,2025/2026,100.0,59.4,In Progress,2026-03-13,Q1 2026,active
BEN-001867,Stephen,Bett,Male,Muranga,Scholarship,Mount Kenya University,Bachelor,2025/2026,100.0,75.2,In Progress,2025-10-20,Q4 2025,active
BEN-001872,Purity,Achieng,Female,Bungoma,Scholarship,Africa Nazarene University,Bachelor,2025/2026,94.6,69.4,In Progress,2026-03-21,Q1 2026,active
BEN-001874,Mumbi,Juma,Female,Nairobi,Scholarship,Maseno University,Diploma,2025/2026,82.4,57.2,Completed,2026-03-21,Q1 2026,completed
BEN-001877,Atieno,Koech,Female,Kisumu,Scholarship,Jomo Kenyatta University,Bachelor,2025/2026,71.3,30.4,Completed,2026-03-02,Q1 2026,completed
BEN-001881,Kagure,Ochieng,female,Kilifi,Scholarship,Maseno University,Bachelor,2025/2026,82.0,63.3,In Progress,2026-06-03,Q2 2026,active
BEN-001882,Omondi,Kiptoo,Male,Meru,Scholarship,Catholic University of Eastern Africa,Master,2025/2026,85.8,50.1,Completed,2025-09-22,Q3 2025,completed
BEN-001883,Juma,Nduta,Male,Nairobi,Scholarship,University of Nairobi,Bachelor,2025/2026,95.4,91.0,In Progress,2026-08-18,Q3 2026,active
BEN-001887,Akinyi,Kilonzo,Female,Mombasa,Scholarship,Jomo Kenyatta University,Master,2025/2026,85.3,59.7,In Progress,2026-06-18,Q2 2026,active
BEN-001890,Awuor,Ngugi,Female,Kiambu,Scholarship,Mount Kenya University,Bachelor,2025/2026,77.0,80.5,In Progress,2026-07-29,Q3 2026,active
BEN-001893,Achieng,Otieno,female,Nairobi,Scholarship,Maseno University,Diploma,2024/2025,99.8,77.5,Completed,2025-05-01,Q2 2025,completed
BEN-001895,Wanjiku,Odhiambo,Female,Bungoma,Scholarship,Moi University,Master,2026/2027,73.7,53.5,In Progress,2026-09-29,Q3 2026,active
BEN-001896,Onyango,Omondi,Male,Kakamega County,Scholarship,Africa Nazarene University,Master,2025/2026,68.0,67.6,Completed,2025-12-07,Q4 2025,completed
BEN-001897,Mutua,Kilonzo,Male,Bungoma,Scholarship,Catholic University of Eastern Africa,Diploma,2024/2025,64.1,64.6,Dropped,2025-01-03,Q1 2025,dropped_out
BEN-001901,Simon,Koech,Male,Nyeri,Scholarship,Mount Kenya University,Bachelor,2024/2025,82.6,47.6,Completed,2025-07-11,Q3 2025,completed
BEN-001904,Kagure,Mohamed,Female,Nairobi,Scholarship,Strathmore University,Bachelor,2025/2026,88.9,75.7,In Progress,2026-07-25,Q3 2026,active
BEN-001906,Kelvin,Mwangi,Male,Muranga,Scholarship,Mount Kenya University,Master,2026/2027,90.0,64.9,In Progress,2026-09-16,Q3 2026,active
BEN-001908,Peter,Njoroge,Male,Nakuru,Scholarship,Kenyatta University,Master,2025/2026,87.3,51.3,In Progress,2026-06-03,Q2 2026,active
BEN-001911,Barasa,Katana,Male,Kakamega,Scholarship,University of Nairobi,Diploma,2025/2026,85.2,64.6,Completed,2025-12-02,Q4 2025,completed
BEN-001914,Jerop,Kiptoo,Female,Mombasa,Scholarship,Jomo Kenyatta University,Diploma,2025/2026,80.4,56.1,In Progress,2026-02-19,Q1 2026,active
BEN-001917,Ali,Rotich,MALE,Nakuru,Scholarship,Jomo Kenyatta University,Master,2025/2026,87.1,67.2,Completed,2025-11-10,Q4 2025,completed
BEN-001919,Samuel,Nyambane,Male,Kajiado,Scholarship,Daystar University,Diploma,2025/2026,70.4,68.8,Completed,2025-09-23,Q3 2025,completed
BEN-001922,Anyango,Rotich,Female,Uasin Gishu,Scholarship,Daystar University,Diploma,2025/2026,78.2,62.8,In Progress,2026-08-04,Q3 2026,active
BEN-001926,Faith,Hassan,Female,Nairobi,Scholarship,Maseno University,Bachelor,2024/2025,73.5,57.0,Completed,2025-04-22,Q2 2025,completed
BEN-001927,Gathoni,Kamau,Female,Bungoma,Scholarship,Africa Nazarene University,Bachelor,2026/2027,78.2,55.0,In Progress,2026-09-17,Q3 2026,active
BEN-001928,Kagure,Mwangi,Female,Kakamega,Scholarship,Moi University,Bachelor,2025/2026,83.0,67.9,Completed,2026-01-12,Q1 2026,completed
BEN-001929,Kendi,Wanjiku,Female,Kilifi,Scholarship,Africa Nazarene University,Bachelor,2024/2025,70.7,49.7,Completed,2025-05-19,Q2 2025,completed
BEN-001939,Beatrice,Nyambane,Female,Mombasa County,Scholarship,Strathmore University,Master,2026/2027,83.5,59.6,In Progress,2026-09-22,Q3 2026,active
BEN-001941,Cheruiyot,Mutiso,Male,NAIROBI,Scholarship,Africa Nazarene University,Diploma,2025/2026,94.9,86.0,In Progress,2026-03-23,Q1 2026,active
BEN-001946,Naisula,Juma,Female,Kiambu,Scholarship,University of Nairobi,Bachelor,2025/2026,100.0,43.3,In Progress,2026-08-10,Q3 2026,active
BEN-001948,Kiptoo,Rotich,Male,Nyeri,Scholarship,Moi University,Bachelor,2024/2025,98.0,58.7,Dropped,2025-04-21,Q2 2025,dropped_out
BEN-001963,Anyango,Hassan,Female,Kakamega,Scholarship,Strathmore University,Diploma,2024/2025,84.9,81.5,Completed,2025-06-25,Q2 2025,completed
BEN-001964,Nasieku,Mutiso,Female,Nakuru,Scholarship,Strathmore University,Bachelor,2024/2025,96.3,73.0,Completed,2025-08-21,Q3 2025,completed
BEN-001965,Nasieku,Njenga,female,Kisumu,Scholarship,Catholic University of Eastern Africa,Bachelor,2025/2026,58.3,63.3,In Progress,2026-04-03,Q2 2026,active
BEN-001966,Kendi,Njoroge,Female,Kajiado,Scholarship,Africa Nazarene University,Diploma,2025/2026,82.4,44.3,Completed,2025-11-17,Q4 2025,completed
BEN-001968,Kilonzo,Mbogo,Male,Kisumu,Scholarship,Strathmore University,Bachelor,2025/2026,76.9,69.9,In Progress,2026-08-04,Q3 2026,active
BEN-001972,Nkatha,Nyambane,Female,Kilifi,Scholarship,Daystar University,Bachelor,2025/2026,79.1,38.8,Completed,2026-02-02,Q1 2026,completed
BEN-001973,Simon,Bett,Male,Nairobi,Scholarship,Strathmore University,Bachelor,2025/2026,97.3,56.4,In Progress,2025-12-12,Q4 2025,active
BEN-001980,Onyango,Kilonzo,Male,Nairobi,Scholarship,Moi University,Bachelor,2025/2026,99.0,63.7,In Progress,2026-01-12,Q1 2026,active
BEN-001982,Kipchoge,Mwakio,m,Muranga,Scholarship,Strathmore University,Master,2025/2026,100.0,95.7,In Progress,2026-06-25,Q2 2026,active
BEN-001985,Cynthia,Koech,Female,Kisii,Scholarship,Kenyatta University,Bachelor,2025/2026,75.6,68.6,Dropped,2026-01-19,Q1 2026,dropped_out
BEN-001988,Stephen,Kimani,Male,Uasin Gishu,Scholarship,University of Nairobi,Bachelor,2025/2026,85.0,54.6,In Progress,2026-06-23,Q2 2026,active
BEN-001990,Ali,Mwakio,Male,NAIROBI,Scholarship,University of Nairobi,Diploma,2025/2026,100.0,61.3,Completed,2026-02-15,Q1 2026,completed
BEN-001997,Kagure,Baya,Female,Nairobi,Scholarship,Africa Nazarene University,Master,2025/2026,93.9,88.6,In Progress,2026-06-25,Q2 2026,active
BEN-002001,Kamau,Abdi,Male,Nyeri,Scholarship,Jomo Kenyatta University,Diploma,2024/2025,91.0,55.3,Completed,2025-05-20,Q2 2025,completed
BEN-002004,Diana,Matano,Female,Kakamega,Scholarship,Moi University,Bachelor,2024/2025,85.5,59.2,Completed,2025-07-26,Q3 2025,completed
BEN-002006,Brian,Kiptoo,Male,Mombasa,Scholarship,Strathmore University,Diploma,2025/2026,83.0,80.5,In Progress,2026-08-06,Q3 2026,active
BEN-002007,Nicholas,Wanjiku,Male,Kilifi,Scholarship,Catholic University of Eastern Africa,Master,2025/2026,82.1,58.5,Completed,2025-09-09,Q3 2025,completed
BEN-002008,Purity,Kiptoo,f,Kisii,Scholarship,Kenyatta University,Bachelor,2024/2025,85.1,36.7,Completed,2025-04-08,Q2 2025,completed
BEN-002009,Simon,Mbogo,Male,mombasa,Scholarship,Kenyatta University,Bachelor,2025/2026,90.9,69.4,In Progress,2026-08-09,Q3 2026,active
BEN-002010,Emily,Baya,Female,Kisii,Scholarship,Moi University,Master,2025/2026,73.0,60.8,In Progress,2026-06-11,Q2 2026,active
BEN-002011,Grace,Charo,Female,Kakamega,Scholarship,University of Nairobi,Diploma,2025/2026,76.0,65.6,In Progress,2026-06-25,Q2 2026,active
BEN-002013,Victor,Mutua,Male,Uasin Gishu,Scholarship,Strathmore University,Diploma,2025/2026,85.8,75.7,In Progress,2026-07-05,Q3 2026,active
BEN-002017,Halima,Musyoka,female,Nakuru,Scholarship,Moi University,Master,2025/2026,78.4,70.5,In Progress,2026-08-15,Q3 2026,active
BEN-002019,Caroline,Nyambane,Female,Nairobi,Scholarship,Kenyatta University,Diploma,2025/2026,93.0,71.4,In Progress,2026-07-07,Q3 2026,active
BEN-002024,Chepkoech,Hassan,Female,Kiambu,Scholarship,Strathmore University,Diploma,2025/2026,71.1,75.2,In Progress,2026-05-24,Q2 2026,active
BEN-002025,Mercy,Kilonzo,Female,Nairobi,Scholarship,Catholic University of Eastern Africa,Diploma,2025/2026,89.5,35.0,In Progress,2025-11-06,Q4 2025,active
BEN-002026,Omondi,Onyango,Male,Nyeri,Scholarship,Mount Kenya University,Bachelor,2026/2027,67.9,53.9,In Progress,2026-09-18,Q3 2026,active
BEN-002027,Mohamed,Charo,Male,Nairobi,Scholarship,Strathmore University,Bachelor,2025/2026,80.0,83.7,In Progress,2026-08-15,Q3 2026,active
BEN-002030,Otieno,Njenga,Male,Kisumu,Scholarship,University of Nairobi,Bachelor,2024/2025,69.4,68.1,Completed,2025-08-28,Q3 2025,completed
BEN-002039,Kelvin,Muthoni,Male,Kilifi,Scholarship,University of Nairobi,Bachelor,2025/2026,68.7,53.9,In Progress,2026-08-12,Q3 2026,active
BEN-002040,Isaac,Ochieng,Male,Nairobi,Scholarship,Moi University,Bachelor,2024/2025,79.7,46.9,Completed,2025-08-14,Q3 2025,completed
BEN-002045,Cherono,Owino,Female,Nairobi,Scholarship,University of Nairobi,Diploma,2025/2026,100.0,79.6,In Progress,2026-07-15,Q3 2026,active
BEN-002050,Otieno,Juma,Male,MACHAKOS,Scholarship,Maseno University,Bachelor,2025/2026,92.6,62.2,Completed,2025-09-28,Q3 2025,completed
BEN-002051,Diana,Mohamed,Female,Mombasa,Scholarship,Mount Kenya University,Master,2025/2026,55.1,68.5,In Progress,2026-07-19,Q3 2026,active
BEN-002053,Awuor,Juma,Female,Kiambu,Scholarship,Africa Nazarene University,Bachelor,2025/2026,97.0,72.0,Completed,2025-11-20,Q4 2025,completed
BEN-002056,Collins,Kilonzo,Male,Kisumu,Scholarship,Moi University,Bachelor,2025/2026,72.5,67.7,In Progress,2026-05-15,Q2 2026,active
BEN-002061,Timothy,Korir,Male,Muranga,Scholarship,Catholic University of Eastern Africa,Diploma,2024/2025,87.7,70.9,Completed,2025-05-07,Q2 2025,completed
BEN-002062,Vincent,Musyoka,Male,BUNGOMA,Scholarship,Jomo Kenyatta University,Bachelor,2025/2026,78.1,70.1,In Progress,2026-05-13,Q2 2026,active
BEN-002065,Collins,Abdi,Male,Uasin Gishu,Scholarship,Maseno University,Bachelor,2025/2026,86.1,67.1,In Progress,2026-03-07,Q1 2026,active
BEN-002066,Kilonzo,Matano,Male,Meru,Scholarship,Daystar University,Diploma,2024/2025,89.9,74.6,Completed,2025-04-19,Q2 2025,completed
BEN-002067,Kilonzo,Musyoka,Male,Kakamega County,Scholarship,Strathmore University,Diploma,2025/2026,77.8,54.6,In Progress,2026-08-21,Q3 2026,active
BEN-002069,Cheruiyot,Maina,Male,Nairobi,Scholarship,Africa Nazarene University,Diploma,2025/2026,100.0,96.8,In Progress,2026-08-14,Q3 2026,active
BEN-002072,Caroline,Kiptoo,Female,Mombasa,Scholarship,Daystar University,Diploma,2024/2025,74.6,71.8,Completed,2025-07-08,Q3 2025,completed
BEN-002076,Kiptoo,Njenga,Male,Kisumu,Scholarship,Mount Kenya University,Master,2025/2026,73.1,67.2,In Progress,2026-06-19,Q2 2026,active
BEN-002077,Wanjiku,Mwakio,Female,NAIROBI,Scholarship,Maseno University,Diploma,2024/2025,96.5,54.5,COMPLETED,2025-05-09,Q2 2025,completed
BEN-002081,Wekesa,Maina,Male,Kisii,Scholarship,Maseno University,Diploma,2025/2026,73.8,75.0,In Progress,2026-05-19,Q2 2026,active
BEN-002087,Neema,Kilonzo,female,Kiambu,Scholarship,University of Nairobi,Master,2025/2026,81.9,61.7,In Progress,2026-08-24,Q3 2026,active
BEN-002090,Collins,Chebet,MALE,Kisumu,Scholarship,Daystar University,Bachelor,2025/2026,82.0,56.6,In Progress,2026-06-22,Q2 2026,active
BEN-002095,Nkatha,Rotich,Female,Nairobi,Scholarship,Jomo Kenyatta University,Diploma,2025/2026,89.0,66.7,In Progress,2026-04-30,Q2 2026,active
BEN-002099,Wekesa,Koech,Male,MOMBASA,Scholarship,Daystar University,Bachelor,2025/2026,76.0,65.5,Completed,2026-01-02,Q1 2026,completed
BEN-002100,Anthony,Koech,Male,Kilifi,Scholarship,Africa Nazarene University,Master,2025/2026,74.0,68.5,In Progress,2026-07-16,Q3 2026,active
BEN-002101,Caroline,Koech,Female,Uasin Gishu,Scholarship,Catholic University of Eastern Africa,Bachelor,2025/2026,90.9,71.1,In Progress,2026-02-28,Q1 2026,active
BEN-002103,Kiptoo,Kimani,Male,KAJIADO,Scholarship,Maseno University,Diploma,2025/2026,86.8,32.0,In Progress,2026-04-19,Q2 2026,active
BEN-002106,Anyango,Gitau,Female,Kakamega,Scholarship,Moi University,Bachelor,2026/2027,73.8,57.7,In Progress,2026-09-11,Q3 2026,active
BEN-002107,Patrick,Wanjiku,Male,machakos,Scholarship,Daystar University,Bachelor,2025/2026,89.4,73.9,Dropped,2025-09-11,Q3 2025,dropped_out
BEN-002110,Cherono,Mutua,Female,Meru,Scholarship,Strathmore University,Bachelor,2025/2026,90.1,80.8,In Progress,2026-05-21,Q2 2026,active
BEN-002112,Wekesa,Baya,Male,Muranga County,Scholarship,Maseno University,Master,2024/2025,74.3,62.4,Completed,2025-02-11,Q1 2025,completed
BEN-002113,Mercy,Owino,Female,nyeri,Scholarship,Moi University,Bachelor,2025/2026,84.8,76.7,Completed,2025-12-24,Q4 2025,completed
BEN-002116,Kendi,Chebet,Female,meru,Scholarship,Strathmore University,Bachelor,2025/2026,90.3,65.1,In Progress,2026-08-02,Q3 2026,active
BEN-002118,Halima,Baya,Female,Kilifi,Scholarship,Strathmore University,Bachelor,2026/2027,94.2,66.9,In Progress,2026-09-29,Q3 2026,active
BEN-002119,Chebet,Nduta,Female,Kiambu,Scholarship,Kenyatta University,Diploma,2025/2026,82.6,51.8,In Progress,2026-06-14,Q2 2026,active
BEN-002134,Chebet,Kariuki,Female,Mombasa,Scholarship,Africa Nazarene University,Master,2025/2026,79.3,47.3,In Progress,2026-05-18,Q2 2026,active
BEN-002135,Juma,Kiptoo,Male,Kakamega,Scholarship,Mount Kenya University,Bachelor,2024/2025,74.1,70.1,Dropped,2025-07-25,Q3 2025,dropped_out
BEN-002136,Mumbi,Baya,Female,Meru,Scholarship,Catholic University of Eastern Africa,Diploma,2024/2025,85.4,70.5,Completed,2025-06-26,Q2 2025,completed
BEN-002138,Odhiambo,Katana,m,Mombasa,Scholarship,Strathmore University,Bachelor,2025/2026,98.2,57.0,In Progress,2026-05-14,Q2 2026,active
BEN-002145,Onyango,Cheruiyot,Male,Mombasa,Scholarship,Mount Kenya University,Diploma,2026/2027,78.8,77.3,In Progress,2026-09-14,Q3 2026,active
BEN-002146,Akinyi,Rotich,Female,Nyeri,Scholarship,Africa Nazarene University,Master,2026/2027,79.3,79.4,In Progress,2026-09-20,Q3 2026,active
BEN-002151,Francis,Nyambane,Male,Nairobi,Scholarship,Moi University,Bachelor,2025/2026,88.9,100.0,Completed,2026-03-01,Q1 2026,completed
BEN-002154,Nkatha,Kariuki,Female,Meru,Scholarship,Africa Nazarene University,Diploma,2025/2026,74.2,75.2,In Progress,2026-03-16,Q1 2026,active
BEN-002155,Diana,Juma,Female,Nakuru,Scholarship,Catholic University of Eastern Africa,Master,2026/2027,72.0,53.0,In Progress,2026-09-10,Q3 2026,active
BEN-002157,Mohamed,Ngugi,Male,NAIROBI,Scholarship,Jomo Kenyatta University,Bachelor,2025/2026,87.2,76.2,In Progress,2026-06-03,Q2 2026,active
BEN-002159,Kelvin,Owino,Male,nakuru,Scholarship,Catholic University of Eastern Africa,Bachelor,2025/2026,95.1,79.9,Dropped,2026-01-22,Q1 2026,dropped_out
BEN-002161,Chepkoech,Ochieng,Female,Nairobi,Scholarship,Africa Nazarene University,Bachelor,2024/2025,92.1,99.3,Completed,2025-08-29,Q3 2025,completed
BEN-002165,Grace,Kariuki,Female,Meru County,Scholarship,Kenyatta University,Diploma,2025/2026,87.5,71.2,In Progress,2026-05-30,Q2 2026,active
BEN-002172,Cynthia,Kuria,Female,Nairobi,Scholarship,Kenyatta University,Diploma,2025/2026,80.1,78.9,In Progress,2026-06-09,Q2 2026,active
BEN-002176,Chebet,Musyoka,Female,meru,Scholarship,University of Nairobi,Bachelor,2025/2026,96.7,82.3,Completed,2025-09-15,Q3 2025,completed
BEN-002178,Nasieku,Otieno,f,Mombasa,Scholarship,Africa Nazarene University,Bachelor,2025/2026,83.8,50.5,In Progress,2026-08-24,Q3 2026,active
BEN-002183,Cynthia,Kimani,Female,Nairobi,Scholarship,Catholic University of Eastern Africa,Diploma,2025/2026,90.3,73.5,In Progress,2026-03-02,Q1 2026,active
BEN-002186,Mercy,Barasa,Female,Nakuru,Scholarship,Kenyatta University,Diploma,2025/2026,79.6,80.2,In Progress,2026-05-16,Q2 2026,active
BEN-002189,Mutua,Ngugi,Male,Kajiado,Scholarship,Kenyatta University,Bachelor,2025/2026,91.7,62.3,In Progress,2026-04-24,Q2 2026,active
BEN-002191,Purity,Wekesa,Female,Machakos,Scholarship,Daystar University,Bachelor,2026/2027,94.5,54.8,In Progress,2026-09-30,Q3 2026,active
BEN-002193,Achieng,Hassan,Female,Kilifi,Scholarship,Africa Nazarene University,Bachelor,2025/2026,78.7,60.4,In Progress,2026-07-11,Q3 2026,active
BEN-002196,Cynthia,Gitau,Female,bungoma,Scholarship,Strathmore University,Master,2025/2026,76.8,55.6,In Progress,2025-12-24,Q4 2025,active
BEN-002197,Collins,Musyoka,Male,Kakamega,Scholarship,Kenyatta University,Master,2025/2026,85.8,68.6,In Progress,2026-06-03,Q2 2026,active
BEN-002198,Jerop,Ngugi,Female,Kisii,Scholarship,Kenyatta University,Bachelor,2025/2026,84.5,52.0,In Progress,2026-08-01,Q3 2026,active
BEN-002203,John,Rotich,Male,Kisumu,Scholarship,Catholic University of Eastern Africa,Bachelor,2024/2025,78.4,76.5,Completed,2025-02-16,Q1 2025,completed
BEN-002209,Kendi,Koech,Female,Nakuru,Scholarship,Mount Kenya University,Diploma,2025/2026,93.6,65.0,Completed,2025-09-01,Q3 2025,completed
BEN-002211,Anthony,Odhiambo,Male,Kilifi,Scholarship,Africa Nazarene University,Master,2025/2026,82.5,78.2,In Progress,2026-05-27,Q2 2026,active
BEN-002214,Esther,Kamau,Female,Bungoma,Scholarship,Africa Nazarene University,Diploma,2025/2026,73.6,41.5,In Progress,2025-12-07,Q4 2025,active
BEN-002222,Abdi,Wanjiku,Male,Nakuru,Scholarship,Mount Kenya University,Bachelor,2024/2025,87.3,54.7,Completed,2025-05-10,Q2 2025,completed
BEN-002223,Samuel,Bett,Male,Meru,Scholarship,Daystar University,Diploma,2025/2026,88.0,71.7,In Progress,2025-12-31,Q4 2025,active
BEN-002224,Akinyi,Chebet,Female,Nairobi,Scholarship,Moi University,Bachelor,2025/2026,84.3,69.7,In Progress,2026-05-11,Q2 2026,active
BEN-002226,Simon,Otieno,Male,Nairobi,Scholarship,Catholic University of Eastern Africa,Diploma,2025/2026,81.8,64.0,Completed,2025-12-16,Q4 2025,completed
BEN-002228,Timothy,Owino,Male,Kilifi,Scholarship,Africa Nazarene University,Bachelor,2025/2026,70.2,49.4,Completed,2025-12-17,Q4 2025,completed
BEN-002230,Kiptoo,Matano,Male,Meru,Scholarship,University of Nairobi,Bachelor,2024/2025,61.0,57.6,Completed,2025-01-10,Q1 2025,completed
BEN-002232,Onyango,Musyoka,Male,Nairobi,Scholarship,Jomo Kenyatta University,Bachelor,2024/2025,81.4,76.5,Dropped,2025-06-07,Q2 2025,dropped_out
BEN-002240,Beatrice,Wanjiku,Female,Nairobi,Scholarship,Kenyatta University,Bachelor,2024/2025,100.0,73.6,Completed,2025-08-24,Q3 2025,completed
BEN-002244,Wangari,Chebet,Female,Kiambu,Scholarship,Africa Nazarene University,Bachelor,2025/2026,81.2,62.5,In Progress,2026-04-11,Q2 2026,active
BEN-002246,Barasa,Nduta,Male,Kisii,Scholarship,Kenyatta University,Bachelor,2025/2026,74.6,56.4,In Progress,2026-06-27,Q2 2026,active
BEN-002247,Halima,Njoroge,Female,Machakos,Scholarship,Catholic University of Eastern Africa,Master,2025/2026,90.7,97.1,In Progress,2025-11-12,Q4 2025,active
BEN-002252,Awuor,Bett,Female,Kisumu,Scholarship,Kenyatta University,Master,2026/2027,81.8,54.6,In Progress,2026-09-24,Q3 2026,active
BEN-002256,Peter,Nyambane,Male,Kakamega,Scholarship,Daystar University,Bachelor,2025/2026,85.3,66.6,In Progress,2026-06-30,Q2 2026,active
BEN-002257,Kamau,Abdi,Male,Kajiado,Scholarship,University of Nairobi,Bachelor,2025/2026,80.9,54.0,In Progress,2026-05-21,Q2 2026,active
BEN-002260,Chepkoech,Mbogo,Female,Nairobi,Scholarship,Maseno University,Bachelor,2024/2025,86.1,54.7,Completed,2025-06-15,Q2 2025,completed
BEN-002262,Rotich,Nyambane,Male,Nakuru,Scholarship,Mount Kenya University,Diploma,2025/2026,99.8,69.0,In Progress,2026-06-22,Q2 2026,active
BEN-002263,Gathoni,Mohamed,Female,Mombasa,Scholarship,Daystar University,Bachelor,2024/2025,84.3,58.7,Dropped,2025-04-07,Q2 2025,dropped_out
BEN-002266,Kamau,Njenga,Male,Kiambu,Scholarship,University of Nairobi,Bachelor,2026/2027,85.2,52.9,In Progress,2026-09-28,Q3 2026,active
BEN-002267,Kipchoge,Koech,Male,Nakuru,Scholarship,University of Nairobi,Bachelor,2025/2026,95.9,66.2,In Progress,2026-07-30,Q3 2026,active
BEN-002271,Chebet,Wafula,Female,Kakamega,Scholarship,Mount Kenya University,Bachelor,2025/2026,64.4,59.5,Completed,2025-11-05,Q4 2025,completed
BEN-002273,Simon,Mohamed,Male,Kisumu County,Scholarship,Moi University,Diploma,2025/2026,84.6,61.7,Completed,2026-02-21,Q1 2026,completed
BEN-002274,Jerop,Maina,Female,Mombasa,Scholarship,Daystar University,Bachelor,2025/2026,92.9,49.8,In Progress,2026-01-18,Q1 2026,active
BEN-002275,Otieno,Nduta,Male,Nakuru,Scholarship,Mount Kenya University,Master,2024/2025,79.7,44.5,Completed,2025-03-10,Q1 2025,completed
BEN-002280,Vincent,Koech,Male,Kakamega,Scholarship,Africa Nazarene University,Bachelor,2025/2026,71.8,68.5,In Progress,2026-05-31,Q2 2026,active
BEN-002284,Wanjiku,Chebet,Female,Kilifi,Scholarship,University of Nairobi,Bachelor,2026/2027,75.6,66.4,In Progress,2026-09-18,Q3 2026,active
BEN-002286,Nyambura,Kiptoo,Female,Nairobi,Scholarship,Moi University,Bachelor,2025/2026,98.6,66.8,In Progress,2026-05-15,Q2 2026,active
BEN-002289,Otieno,Wanjiku,Male,Nairobi,Scholarship,University of Nairobi,Bachelor,2025/2026,92.9,77.6,In Progress,2026-03-13,Q1 2026,active
BEN-002294,Wanjiru,Musyoka,f,Mombasa,Scholarship,Daystar University,Master,2025/2026,80.4,56.6,In Progress,2026-06-04,Q2 2026,active
BEN-002295,Collins,Achieng,Male,Kiambu,Scholarship,Jomo Kenyatta University,Bachelor,2024/2025,89.9,81.3,Completed,2025-08-13,Q3 2025,completed
BEN-002296,Anthony,Njoroge,Male,Bungoma,Scholarship,Mount Kenya University,Diploma,2024/2025,96.7,53.5,Completed,2025-04-08,Q2 2025,completed
BEN-002297,Kamau,Otieno,Male,Kajiado,Scholarship,University of Nairobi,Bachelor,2024/2025,72.6,52.2,Completed,2025-05-16,Q2 2025,completed
BEN-002298,Cheruiyot,Odhiambo,MALE,Meru,Scholarship,Mount Kenya University,Bachelor,2024/2025,79.6,78.5,Completed,2025-07-31,Q3 2025,completed
BEN-002301,Neema,Mutiso,F,Nairobi,Scholarship,Africa Nazarene University,Bachelor,2025/2026,92.6,70.3,In Progress,2026-05-15,Q2 2026,active
BEN-002302,Omondi,Baya,Male,Bungoma,Scholarship,University of Nairobi,Master,2025/2026,83.1,49.7,Completed,2025-11-10,Q4 2025,completed
BEN-002313,Cynthia,Chebet,Female,Kiambu,Scholarship,University of Nairobi,Diploma,2026/2027,81.2,57.9,In Progress,2026-09-09,Q3 2026,active
BEN-002314,Jerop,Odhiambo,Female,Uasin Gishu,Scholarship,Strathmore University,Bachelor,2025/2026,89.9,67.8,Completed,2025-12-19,Q4 2025,completed
BEN-002315,Wanjiku,Kimani,Female,Kajiado,Scholarship,Catholic University of Eastern Africa,Bachelor,2026/2027,97.0,68.7,In Progress,2026-09-18,Q3 2026,active
BEN-002316,Chepkoech,Owino,Female,Nairobi,Scholarship,Africa Nazarene University,Bachelor,2025/2026,77.7,70.5,In Progress,2026-07-08,Q3 2026,active
BEN-002319,Odhiambo,Omondi,Male,Kajiado,Scholarship,Africa Nazarene University,Diploma,2025/2026,86.0,55.4,In Progress,2026-01-27,Q1 2026,active
BEN-002321,Mercy,Njenga,Female,Nairobi,Scholarship,Maseno University,Bachelor,2024/2025,100.0,63.6,Completed,2025-07-08,Q3 2025,completed
BEN-002322,Sharon,Nyambane,Female,Nyeri,Scholarship,Kenyatta University,Bachelor,2024/2025,92.2,43.9,Dropped,2025-08-08,Q3 2025,dropped_out
BEN-002324,Njeri,Mutua,Female,Nairobi,Scholarship,Mount Kenya University,Diploma,2024/2025,72.6,66.6,Completed,2025-08-29,Q3 2025,completed
BEN-002329,Sharon,Mwangi,Female,Nairobi,Scholarship,University of Nairobi,Bachelor,2026/2027,96.2,83.0,In Progress,2026-09-25,Q3 2026,active
BEN-002330,Daniel,Achieng,m,Kisumu,Scholarship,Strathmore University,Master,2025/2026,89.2,56.5,In Progress,2026-03-23,Q1 2026,active
BEN-002332,Abdi,Owino,Male,Bungoma,Scholarship,University of Nairobi,Master,2025/2026,80.4,56.6,In Progress,2026-06-15,Q2 2026,active
BEN-002335,Sharon,Cheruiyot,Female,Nairobi,Scholarship,Strathmore University,Master,2024/2025,100.0,48.4,Completed,2025-08-31,Q3 2025,completed
BEN-002337,Mumbi,Chebet,Female,Nakuru,Scholarship,University of Nairobi,Bachelor,2025/2026,82.6,75.7,In Progress,2025-11-08,Q4 2025,active
BEN-002339,Vincent,Njenga,MALE,Nakuru,Scholarship,Africa Nazarene University,Diploma,2025/2026,97.4,79.1,In Progress,2026-04-17,Q2 2026,active
BEN-002345,Mutua,Nduta,Male,Kisumu,Scholarship,Moi University,Diploma,2025/2026,70.3,63.3,Completed,2025-10-15,Q4 2025,completed
BEN-002363,Musyoka,Wanjiku,Male,Kisumu,Scholarship,Catholic University of Eastern Africa,Master,2025/2026,91.3,78.5,In Progress,2026-08-13,Q3 2026,active
BEN-002369,Akinyi,Charo,Female,Nakuru,Scholarship,Jomo Kenyatta University,Bachelor,2025/2026,89.6,82.9,In Progress,2026-02-28,Q1 2026,active
BEN-002370,Zawadi,Cheruiyot,Female,machakos,Scholarship,Africa Nazarene University,Diploma,2025/2026,86.9,51.0,In Progress,2026-03-08,Q1 2026,active
BEN-002371,Jerop,Wanjiku,Female,Kilifi,Scholarship,University of Nairobi,Bachelor,2025/2026,95.5,66.1,In Progress,2026-05-30,Q2 2026,active
BEN-002372,Njeri,Muthoni,f,Kisii,Scholarship,University of Nairobi,Diploma,2025/2026,68.6,34.6,In Progress,2026-05-12,Q2 2026,active
BEN-002373,Zawadi,Kamau,Female,Kakamega,Scholarship,Africa Nazarene University,Bachelor,2025/2026,88.4,58.8,In Progress,2026-06-25,Q2 2026,active
BEN-002374,Chepkoech,Juma,Female,Bungoma,Scholarship,Mount Kenya University,Bachelor,2025/2026,89.9,68.1,In Progress,2026-08-15,Q3 2026,active
BEN-002377,Wanjiku,Gitau,Female,Kakamega,Scholarship,Jomo Kenyatta University,Bachelor,2026/2027,67.0,58.2,In Progress,2026-09-22,Q3 2026,active
BEN-002379,Mumbi,Omondi,Female,Kisii,Scholarship,University of Nairobi,Bachelor,2024/2025,94.8,69.6,Completed,2025-05-23,Q2 2025,completed
BEN-002382,Anyango,Abdi,Female,Nairobi,Scholarship,Daystar University,Master,2025/2026,89.8,51.8,In Progress,2026-07-27,Q3 2026,active
BEN-002385,Mercy,Odhiambo,Female,kisumu,Scholarship,Daystar University,Master,2024/2025,82.5,39.0,Completed,2025-05-28,Q2 2025,completed
BEN-002388,Kelvin,Odhiambo,Male,Kilifi,Scholarship,Africa Nazarene University,Master,2025/2026,72.1,49.4,Dropped,2026-01-11,Q1 2026,dropped_out
BEN-002389,Faith,Onyango,Female,Machakos,Scholarship,University of Nairobi,Diploma,2024/2025,77.7,72.4,Completed,2025-03-02,Q1 2025,completed
BEN-002390,Samuel,Ochieng,Male,Bungoma,Scholarship,Jomo Kenyatta University,Bachelor,2025/2026,88.4,77.1,Completed,2025-09-27,Q3 2025,completed
BEN-002392,Faith,Mutiso,Female,Meru,Scholarship,Daystar University,Bachelor,2024/2025,100.0,78.1,Completed,2025-03-15,Q1 2025,completed
BEN-002395,Faith,Odhiambo,Female,Kisii,Scholarship,Maseno University,Bachelor,2025/2026,73.4,58.2,Completed,2025-11-19,Q4 2025,completed
BEN-002396,David,Mutua,Male,Muranga,Scholarship,Maseno University,Bachelor,2024/2025,85.6,74.7,Completed,2025-04-14,Q2 2025,completed
BEN-002397,Nicholas,Kariuki,Male,kisumu,Scholarship,Maseno University,Diploma,2025/2026,71.2,77.1,In Progress,2026-05-06,Q2 2026,active
BEN-002399,Francis,Njoroge,Male,Mombasa County,Scholarship,Maseno University,Bachelor,2025/2026,80.9,69.0,In Progress,2026-01-02,Q1 2026,active
BEN-002400,Mutua,Ngugi,Male,Bungoma,Scholarship,Kenyatta University,Bachelor,2025/2026,90.9,45.9,In Progress,2026-04-20,Q2 2026,active
BEN-002402,Nkatha,Wekesa,Female,Kajiado,Scholarship,Africa Nazarene University,Bachelor,2024/2025,82.5,65.7,complete,2025-06-18,Q2 2025,completed
BEN-002405,Mohamed,Kariuki,Male,Kisumu,Scholarship,Catholic University of Eastern Africa,Bachelor,2026/2027,75.1,55.6,In Progress,2026-09-09,Q3 2026,active
BEN-002407,Kevin,Koech,M,Kilifi,Scholarship,Moi University,Bachelor,2025/2026,88.0,39.0,In Progress,2025-11-04,Q4 2025,active
BEN-002423,Akinyi,Njoroge,Female,Nakuru,Scholarship,Kenyatta University,Diploma,2025/2026,75.7,53.5,In Progress,2026-04-22,Q2 2026,active
BEN-002427,Beatrice,Ochieng,female,Nairobi,Scholarship,Catholic University of Eastern Africa,Diploma,2025/2026,88.1,62.8,Completed,2025-11-04,Q4 2025,completed
BEN-002429,Chebet,Njoroge,Female,Nairobi,Scholarship,Maseno University,Bachelor,2024/2025,97.7,57.7,Completed,2025-06-09,Q2 2025,completed
BEN-002433,Rotich,Cheruiyot,Male,Machakos,Scholarship,Africa Nazarene University,Bachelor,2025/2026,75.6,80.6,In Progress,2026-07-10,Q3 2026,active
BEN-002435,Wanjiku,Katana,Female,Kajiado,Scholarship,Kenyatta University,Bachelor,2025/2026,86.2,47.8,In Progress,2025-10-21,Q4 2025,active
BEN-002437,Kagure,Wafula,Female,Nyeri,Scholarship,Catholic University of Eastern Africa,Bachelor,2025/2026,92.7,76.2,In Progress,2026-03-30,Q1 2026,active
BEN-002439,Sharon,Kilonzo,Female,Meru,Scholarship,Moi University,Bachelor,2025/2026,99.0,84.2,Completed,2026-01-27,Q1 2026,completed
BEN-002440,Ali,Hassan,Male,Machakos,Scholarship,Strathmore University,Master,2025/2026,60.7,68.1,In Progress,2026-07-30,Q3 2026,active
BEN-002441,Rotich,Wafula,Male,Kisumu,Scholarship,Jomo Kenyatta University,Diploma,2025/2026,80.8,51.7,In Progress,2026-05-25,Q2 2026,active
BEN-002443,Sharon,Wekesa,Female,Meru,Scholarship,Catholic University of Eastern Africa,Bachelor,2025/2026,80.0,54.6,Completed,2025-12-21,Q4 2025,completed
BEN-002444,Chepkoech,Nyambane,F,Kiambu,Scholarship,University of Nairobi,Diploma,2025/2026,96.8,81.5,In Progress,2026-05-07,Q2 2026,active
BEN-002445,Kendi,Barasa,Female,Kisumu,Scholarship,Jomo Kenyatta University,Bachelor,2025/2026,97.1,58.1,In Progress,2026-07-26,Q3 2026,active
BEN-002449,Nkatha,Wanjiku,Female,Meru,Scholarship,Jomo Kenyatta University,Diploma,2025/2026,100.0,41.7,In Progress,2026-08-16,Q3 2026,active
BEN-002450,Emily,Wanjiku,Female,Nairobi,Scholarship,Moi University,Bachelor,2025/2026,96.8,61.7,In Progress,2026-08-12,Q3 2026,active
BEN-002452,Kelvin,Kuria,Male,Nairobi,Scholarship,Mount Kenya University,Master,2024/2025,86.0,66.7,Completed,2025-05-29,Q2 2025,completed
BEN-002455,Mercy,Charo,Female,Kakamega,Scholarship,Mount Kenya University,Diploma,2025/2026,100.0,48.0,Completed,2025-10-19,Q4 2025,completed
BEN-002457,Cheruiyot,Owino,Male,Uasin Gishu,Scholarship,Moi University,Bachelor,2025/2026,92.5,63.5,In Progress,2026-03-29,Q1 2026,active
BEN-002458,Joy,Bett,Female,Nairobi,Scholarship,Catholic University of Eastern Africa,Master,2025/2026,97.4,88.4,In Progress,2026-06-19,Q2 2026,active
BEN-002460,Halima,Ngugi,Female,Nyeri,Scholarship,Maseno University,Diploma,2025/2026,82.6,89.3,Completed,2025-09-04,Q3 2025,completed
BEN-002472,Emmanuel,Bett,Male,Kakamega,Scholarship,University of Nairobi,Bachelor,2025/2026,74.2,74.2,In Progress,2026-08-28,Q3 2026,active
BEN-002473,Vincent,Katana,Male,machakos,Scholarship,Jomo Kenyatta University,Bachelor,2026/2027,81.6,64.8,In Progress,2026-09-08,Q3 2026,active
BEN-002485,Nkatha,Koech,FEMALE,Kisumu,Scholarship,Maseno University,Bachelor,2025/2026,78.9,63.7,In Progress,2026-03-09,Q1 2026,active
BEN-002486,Akinyi,Baya,Female,Nairobi,Scholarship,Moi University,Diploma,2025/2026,85.5,76.0,Completed,2025-12-17,Q4 2025,completed
BEN-002487,Cheruiyot,Korir,Male,Machakos,Scholarship,Moi University,Diploma,2025/2026,86.0,56.0,Completed,2025-09-21,Q3 2025,completed
BEN-002490,Atieno,Wekesa,Female,Nairobi,Scholarship,Jomo Kenyatta University,Master,2025/2026,92.9,65.1,Completed,2025-11-11,Q4 2025,completed
BEN-002491,Brenda,Mutua,Female,Machakos,Scholarship,Jomo Kenyatta University,Master,2025/2026,80.1,64.9,In Progress,2025-12-28,Q4 2025,active
BEN-002494,Otieno,Abdi,Male,Mombasa,Scholarship,Maseno University,Diploma,2025/2026,73.1,61.7,In Progress,2026-01-07,Q1 2026,active
BEN-002500,Zawadi,Cheruiyot,Female,Mombasa,Scholarship,Maseno University,Bachelor,2025/2026,74.7,77.3,In Progress,2026-04-02,Q2 2026,active
BEN-002501,Samuel,Ochieng,Male,Meru,Scholarship,University of Nairobi,Bachelor,2024/2025,81.9,72.5,Completed,2025-03-15,Q1 2025,completed
BEN-002502,Cheruiyot,Katana,Male,mombasa,Scholarship,Strathmore University,Diploma,2025/2026,69.4,64.6,In Progress,2026-08-29,Q3 2026,active
BEN-002503,Mumbi,Onyango,Female,Machakos,Scholarship,Strathmore University,Bachelor,2024/2025,73.8,53.6,complete,2025-02-14,Q1 2025,completed
BEN-002507,Isaac,Wafula,Male,KAJIADO,Scholarship,Mount Kenya University,Bachelor,2024/2025,85.8,50.3,Completed,2025-04-16,Q2 2025,completed
BEN-002509,Wanjiku,Ochieng,f,Nakuru,Scholarship,Strathmore University,Bachelor,2025/2026,80.3,69.7,In Progress,2026-05-22,Q2 2026,active
BEN-002511,Abdi,Gitau,Male,Nairobi,Scholarship,Jomo Kenyatta University,Diploma,2025/2026,85.2,73.0,In Progress,2026-07-16,Q3 2026,active
BEN-002512,Mumbi,Mutiso,Female,Bungoma,Scholarship,Catholic University of Eastern Africa,Master,2024/2025,68.6,49.3,Completed,2025-01-23,Q1 2025,completed
BEN-002515,Zawadi,Wanjiku,f,Uasin Gishu,Scholarship,Moi University,Bachelor,2024/2025,91.7,63.6,Completed,2025-06-18,Q2 2025,completed
BEN-002518,Omondi,Mutiso,Male,Nairobi,Scholarship,Jomo Kenyatta University,Bachelor,2025/2026,96.3,69.6,In Progress,2026-06-27,Q2 2026,active
BEN-002520,Francis,Onyango,Male,MURANGA,Scholarship,Daystar University,Master,2025/2026,70.6,73.5,In Progress,2026-02-19,Q1 2026,active
BEN-002521,John,Kamau,Male,Kiambu,Scholarship,Catholic University of Eastern Africa,Bachelor,2026/2027,91.0,54.2,In Progress,2026-09-26,Q3 2026,active
BEN-002522,Collins,Charo,Male,Nairobi County,Scholarship,Moi University,Bachelor,2025/2026,92.3,54.7,In Progress,2026-05-07,Q2 2026,active
BEN-002523,Mutua,Koech,Male,Machakos,Scholarship,Daystar University,Bachelor,2024/2025,62.3,82.0,Completed,2025-06-16,Q2 2025,completed
BEN-002524,Victor,Cheruiyot,Male,Nakuru,Scholarship,University of Nairobi,Bachelor,2024/2025,81.8,62.9,Completed,2025-03-05,Q1 2025,completed
BEN-002525,Kiptoo,Kariuki,Male,Machakos County,Scholarship,Maseno University,Bachelor,2025/2026,75.2,61.9,Completed,2025-09-20,Q3 2025,completed
BEN-002527,Joy,Kuria,Female,Nairobi,Scholarship,University of Nairobi,Bachelor,2025/2026,93.4,58.1,In Progress,2026-02-01,Q1 2026,active
BEN-002529,Samuel,Omondi,Male,Nakuru,Scholarship,Africa Nazarene University,Bachelor,2025/2026,90.0,53.6,In Progress,2026-06-05,Q2 2026,active
BEN-002530,Dennis,Nyambane,Male,Kajiado,Scholarship,University of Nairobi,Master,2025/2026,75.5,70.3,Completed,2026-02-12,Q1 2026,completed
BEN-002535,Kagure,Omondi,Female,Machakos,Scholarship,Catholic University of Eastern Africa,Diploma,2025/2026,75.0,47.8,In Progress,2025-12-28,Q4 2025,active
BEN-002536,Stephen,Matano,Male,Kisumu,Scholarship,Strathmore University,Bachelor,2025/2026,75.9,45.6,In Progress,2025-10-04,Q4 2025,active
BEN-002537,Kelvin,Baya,Male,Nairobi,Scholarship,Catholic University of Eastern Africa,Master,2025/2026,100.0,86.7,In Progress,2025-11-01,Q4 2025,active
BEN-002540,Beatrice,Onyango,Female,Machakos,Scholarship,University of Nairobi,Diploma,2025/2026,84.7,68.9,In Progress,2026-04-28,Q2 2026,active
BEN-002545,Chepkoech,Ngugi,Female,Kajiado,Scholarship,Daystar University,Master,2026/2027,86.0,62.9,In Progress,2026-09-15,Q3 2026,active
BEN-002547,Kilonzo,Bett,Male,Kisii,Scholarship,Catholic University of Eastern Africa,Bachelor,2025/2026,66.9,80.5,Completed,2025-09-29,Q3 2025,completed
BEN-002548,Amina,Cheruiyot,Female,Nairobi,Scholarship,University of Nairobi,Bachelor,2025/2026,100.0,59.1,In Progress,2026-07-01,Q3 2026,active
BEN-002549,Esther,Achieng,Female,Meru,Scholarship,Catholic University of Eastern Africa,Master,2025/2026,80.4,69.4,Completed,2026-01-26,Q1 2026,completed
BEN-002550,Emily,Njenga,Female,KISUMU,Scholarship,Strathmore University,Diploma,2025/2026,84.4,65.3,Completed,2025-09-24,Q3 2025,completed
BEN-002554,Nicholas,Mwangi,Male,Nakuru,Scholarship,Maseno University,Bachelor,2025/2026,88.0,45.7,Completed,2026-02-16,Q1 2026,completed
BEN-002557,Barasa,Musyoka,Male,Machakos,Scholarship,University of Nairobi,Diploma,2025/2026,81.7,76.5,In Progress,2026-05-22,Q2 2026,active
BEN-002560,Onyango,Kilonzo,Male,Kiambu County,Scholarship,Moi University,Diploma,2025/2026,76.3,75.6,In Progress,2026-07-17,Q3 2026,active
BEN-002563,Purity,Kiptoo,F,Meru,Scholarship,University of Nairobi,Diploma,2025/2026,87.5,78.5,Completed,2025-09-05,Q3 2025,completed
BEN-002564,Wanjiku,Rotich,Female,Mombasa,Scholarship,Strathmore University,Bachelor,2026/2027,88.1,69.3,In Progress,2026-09-25,Q3 2026,active
BEN-002566,Stephen,Musyoka,Male,Kajiado,Scholarship,Jomo Kenyatta University,Bachelor,2024/2025,88.8,81.7,Dropped,2025-01-26,Q1 2025,dropped_out
BEN-002567,Wekesa,Matano,male,Meru,Scholarship,Moi University,Bachelor,2025/2026,61.4,63.2,In Progress,2025-10-29,Q4 2025,active
BEN-002569,Diana,Mwangi,Female,Kakamega,Scholarship,Catholic University of Eastern Africa,Diploma,2026/2027,95.1,68.3,In Progress,2026-09-02,Q3 2026,active
BEN-002571,Naisula,Owino,F,Mombasa,Scholarship,Catholic University of Eastern Africa,Diploma,2025/2026,79.8,68.5,In Progress,2026-06-09,Q2 2026,active
BEN-002575,Kipchoge,Kuria,Male,Nakuru,Scholarship,Kenyatta University,Bachelor,2025/2026,96.2,72.1,In Progress,2026-05-01,Q2 2026,active
BEN-002577,Chepkoech,Hassan,Female,Kajiado,Scholarship,Jomo Kenyatta University,Diploma,2025/2026,73.0,49.1,In Progress,2026-01-29,Q1 2026,active
BEN-002578,Joy,Omondi,Female,Nairobi,Scholarship,Daystar University,Bachelor,2024/2025,89.7,51.0,Completed,2025-01-22,Q1 2025,completed
BEN-002580,Kagure,Bett,Female,Nakuru,Scholarship,Moi University,Bachelor,2024/2025,87.1,59.2,Completed,2025-06-16,Q2 2025,completed
BEN-002587,Kevin,Koech,Male,Nakuru,Scholarship,Jomo Kenyatta University,Master,2025/2026,82.2,79.9,In Progress,2026-03-31,Q1 2026,active
BEN-002589,Baraka,Kimani,Male,Machakos,Scholarship,Jomo Kenyatta University,Bachelor,2024/2025,95.9,56.4,Completed,2025-07-17,Q3 2025,completed
BEN-002592,Jerop,Kuria,Female,Uasin Gishu,Scholarship,Daystar University,Diploma,2025/2026,80.1,74.9,COMPLETED,2025-11-08,Q4 2025,completed
BEN-002597,Anyango,Katana,Female,Nairobi,Scholarship,Mount Kenya University,Bachelor,2025/2026,81.9,87.5,In Progress,2025-10-04,Q4 2025,active
BEN-002599,Gathoni,Bett,Female,Kajiado,Scholarship,University of Nairobi,Bachelor,2024/2025,92.7,77.7,Completed,2025-05-03,Q2 2025,completed
BEN-002600,Barasa,Achieng,Male,Uasin Gishu,Scholarship,Africa Nazarene University,Master,2025/2026,80.3,67.2,In Progress,2026-02-27,Q1 2026,active
BEN-002604,Nasieku,Abdi,Female,Kiambu,Scholarship,Maseno University,Master,2025/2026,82.1,65.9,In Progress,2026-05-29,Q2 2026,active
BEN-002605,Halima,Muthoni,Female,Kakamega,Scholarship,Daystar University,Master,2025/2026,82.7,45.7,In Progress,2026-07-15,Q3 2026,active
BEN-002606,Baraka,Owino,Male,Meru,Scholarship,Kenyatta University,Diploma,2024/2025,78.1,71.4,complete,2025-02-25,Q1 2025,completed
BEN-002607,Halima,Njoroge,Female,Nairobi,Scholarship,Maseno University,Master,2025/2026,94.6,63.4,In Progress,2026-05-06,Q2 2026,active
BEN-002609,Zawadi,Mutua,Female,Meru,Scholarship,Moi University,Master,2024/2025,89.4,64.2,Completed,2025-01-05,Q1 2025,completed
BEN-002610,Barasa,Ngugi,Male,Nakuru,Scholarship,Africa Nazarene University,Bachelor,2025/2026,71.4,84.3,Completed,2025-12-24,Q4 2025,completed
BEN-002614,Anyango,Rotich,Female,Nairobi,Scholarship,Africa Nazarene University,Bachelor,2025/2026,99.6,58.2,In Progress,2026-02-26,Q1 2026,active
BEN-002615,Baraka,Abdi,Male,Mombasa,Scholarship,Africa Nazarene University,Master,2025/2026,94.3,73.1,Completed,2026-03-08,Q1 2026,completed
BEN-002616,Boniface,Njenga,Male,Nairobi,Scholarship,Maseno University,Bachelor,2025/2026,87.1,62.7,In Progress,2026-01-21,Q1 2026,active
BEN-002618,Esther,Barasa,Female,Kajiado,Scholarship,Kenyatta University,Diploma,2025/2026,93.3,58.8,Completed,2025-11-03,Q4 2025,completed
BEN-002621,Daniel,Mbogo,Male,Machakos,Scholarship,Maseno University,Bachelor,2025/2026,86.0,66.4,In Progress,2026-01-04,Q1 2026,active
BEN-002623,Kipchoge,Mbogo,Male,Kajiado,Scholarship,Kenyatta University,Diploma,2024/2025,84.3,64.0,Completed,2025-03-12,Q1 2025,completed
BEN-002627,Zawadi,Omondi,Female,Meru,Scholarship,Catholic University of Eastern Africa,Master,2025/2026,84.2,43.2,In Progress,2026-05-21,Q2 2026,active
BEN-002630,Amina,Chebet,Female,KISUMU,Scholarship,Jomo Kenyatta University,Bachelor,2026/2027,65.7,72.6,In Progress,2026-09-17,Q3 2026,active
BEN-002636,Boniface,Chebet,Male,Nairobi,Scholarship,Maseno University,Diploma,2026/2027,98.7,87.4,In Progress,2026-09-06,Q3 2026,active
BEN-002637,Amina,Ngugi,Female,nairobi,Scholarship,Catholic University of Eastern Africa,Master,2024/2025,84.9,59.5,Dropped,2025-05-05,Q2 2025,dropped_out
BEN-002638,Nicholas,Njoroge,Male,Nairobi,Scholarship,Strathmore University,Bachelor,2025/2026,84.4,81.8,In Progress,2026-07-11,Q3 2026,active
BEN-002644,Peter,Wanjiku,Male,Nakuru,Scholarship,Jomo Kenyatta University,Bachelor,2025/2026,85.6,74.0,In Progress,2026-04-16,Q2 2026,active
BEN-002649,Kendi,Kiptoo,Female,Nairobi,Scholarship,Mount Kenya University,Bachelor,2025/2026,71.7,60.8,In Progress,2026-01-13,Q1 2026,active
BEN-002650,Mutua,Ochieng,Male,Nairobi,Scholarship,University of Nairobi,Diploma,2025/2026,83.3,84.1,complete,2025-11-04,Q4 2025,completed
BEN-002652,Isaac,Matano,Male,Mombasa,Scholarship,University of Nairobi,Bachelor,2025/2026,76.6,74.7,In Progress,2026-07-16,Q3 2026,active
BEN-002656,John,Korir,Male,Machakos,Scholarship,Kenyatta University,Bachelor,2026/2027,77.2,64.5,In Progress,2026-09-27,Q3 2026,active
BEN-002659,Wangari,Cheruiyot,Female,Nyeri,Scholarship,University of Nairobi,Bachelor,2025/2026,81.9,68.7,In Progress,2026-01-16,Q1 2026,active
BEN-002660,Akinyi,Bett,Female,Nakuru,Scholarship,Africa Nazarene University,Bachelor,2026/2027,94.1,62.1,In Progress,2026-09-22,Q3 2026,active
BEN-002661,Juma,Ochieng,m,Nairobi,Scholarship,Jomo Kenyatta University,Bachelor,2024/2025,87.4,65.7,Completed,2025-08-25,Q3 2025,completed
BEN-002662,Onyango,Musyoka,Male,Nakuru,Scholarship,Mount Kenya University,Bachelor,2024/2025,84.5,47.5,COMPLETED,2025-07-02,Q3 2025,completed
BEN-002668,Anthony,Njenga,Male,Meru,Scholarship,Jomo Kenyatta University,Bachelor,2025/2026,75.0,62.6,Completed,2026-01-11,Q1 2026,completed
BEN-002669,Njeri,Juma,Female,Kajiado,Scholarship,Strathmore University,Bachelor,2024/2025,72.3,57.5,Completed,2025-04-15,Q2 2025,completed
BEN-002671,Halima,Cheruiyot,female,Kisumu,Scholarship,Jomo Kenyatta University,Bachelor,2024/2025,76.5,64.4,DROPPED,2025-03-01,Q1 2025,dropped_out
BEN-002676,Mohamed,Omondi,Male,Nakuru,Scholarship,Daystar University,Bachelor,2024/2025,85.8,58.2,Completed,2025-02-16,Q1 2025,completed
BEN-002677,Sharon,Mutiso,Female,Mombasa,Scholarship,Catholic University of Eastern Africa,Diploma,2025/2026,80.8,78.7,In Progress,2026-08-19,Q3 2026,active
BEN-002680,Awuor,Gitau,Female,mombasa,Scholarship,Strathmore University,Diploma,2025/2026,80.4,54.8,In Progress,2026-07-22,Q3 2026,active
BEN-002681,Purity,Gitau,Female,Kisumu,Scholarship,Kenyatta University,Diploma,2025/2026,82.9,44.6,Dropped,2025-12-19,Q4 2025,dropped_out
BEN-002686,Brenda,Korir,F,Mombasa,Scholarship,Jomo Kenyatta University,Bachelor,2025/2026,85.7,52.9,In Progress,2026-01-16,Q1 2026,active
BEN-002687,Nasieku,Mwangi,Female,nairobi,Scholarship,University of Nairobi,Master,2025/2026,100.0,46.4,In Progress,2026-08-15,Q3 2026,active
BEN-002688,Brenda,Omondi,Female,Nairobi,Scholarship,Daystar University,Diploma,2024/2025,88.1,83.5,Completed,2025-08-30,Q3 2025,completed
BEN-002692,Nicholas,Mwakio,Male,Nyeri,Scholarship,Mount Kenya University,Bachelor,2025/2026,70.2,58.0,Completed,2026-02-08,Q1 2026,completed
BEN-002693,Anyango,Ochieng,Female,Nairobi,Scholarship,Africa Nazarene University,Bachelor,2025/2026,100.0,71.5,Completed,2025-11-03,Q4 2025,completed
BEN-002694,Naisula,Abdi,Female,Nakuru,Scholarship,Maseno University,Bachelor,2025/2026,89.3,56.0,Completed,2025-09-03,Q3 2025,completed
BEN-002700,Mutua,Kimani,Male,Kiambu,Scholarship,Moi University,Bachelor,2024/2025,80.6,40.8,Completed,2025-05-01,Q2 2025,completed
BEN-002704,Victor,Odhiambo,Male,Bungoma,Scholarship,Kenyatta University,Bachelor,2025/2026,95.3,62.4,In Progress,2026-05-25,Q2 2026,active
BEN-002706,Diana,Owino,Female,Kiambu,Scholarship,University of Nairobi,Bachelor,2026/2027,100.0,75.7,In Progress,2026-09-22,Q3 2026,active
BEN-002709,Francis,Kuria,Male,Nakuru,Scholarship,Kenyatta University,Diploma,2025/2026,75.8,52.9,In Progress,2026-04-01,Q2 2026,active
BEN-002710,John,Baya,Male,Machakos,Scholarship,Kenyatta University,Diploma,2025/2026,98.7,45.9,In Progress,2026-02-06,Q1 2026,active
BEN-002716,Chepkoech,Mwakio,Female,Uasin Gishu,Scholarship,Strathmore University,Bachelor,2025/2026,90.8,57.7,In Progress,2025-11-23,Q4 2025,active
BEN-002718,Nicholas,Bett,Male,Nairobi,Scholarship,Catholic University of Eastern Africa,Diploma,2024/2025,85.0,74.7,Completed,2025-07-26,Q3 2025,completed
BEN-002719,Halima,Kilonzo,Female,Kakamega,Scholarship,Catholic University of Eastern Africa,Master,2025/2026,81.3,75.7,In Progress,2026-07-06,Q3 2026,active
BEN-002720,Kagure,Ochieng,Female,Nairobi,Scholarship,Kenyatta University,Diploma,2025/2026,100.0,58.4,In Progress,2026-07-09,Q3 2026,active
BEN-002723,Odhiambo,Ngugi,Male,Nakuru,Scholarship,Mount Kenya University,Bachelor,2025/2026,71.3,46.8,In Progress,2026-05-07,Q2 2026,active
BEN-002725,Jerop,Baya,Female,Uasin Gishu,Scholarship,Strathmore University,Bachelor,2025/2026,96.2,67.1,In Progress,2026-06-13,Q2 2026,active
BEN-002726,Jerop,Wafula,Female,Machakos,Scholarship,Jomo Kenyatta University,Bachelor,2025/2026,81.2,79.8,In Progress,2026-05-06,Q2 2026,active
BEN-002733,Akinyi,Maina,Female,Kajiado,Scholarship,Kenyatta University,Diploma,2026/2027,84.2,62.4,In Progress,2026-09-03,Q3 2026,active
BEN-002735,Collins,Barasa,Male,Kajiado,Scholarship,Catholic University of Eastern Africa,Master,2025/2026,96.1,75.6,Completed,2025-09-24,Q3 2025,completed
BEN-002736,Francis,Muthoni,Male,Nairobi,Scholarship,Kenyatta University,Bachelor,2025/2026,88.1,62.7,In Progress,2026-06-26,Q2 2026,active
BEN-002741,Simon,Nduta,Male,Nakuru,Scholarship,Kenyatta University,Bachelor,2024/2025,84.0,58.3,Completed,2025-03-25,Q1 2025,completed
BEN-002745,Kevin,Mwakio,Male,Uasin Gishu,Scholarship,University of Nairobi,Master,2025/2026,87.1,71.5,In Progress,2026-05-19,Q2 2026,active
BEN-002749,Wekesa,Owino,Male,Nairobi,Scholarship,Catholic University of Eastern Africa,Bachelor,2025/2026,99.6,67.8,In Progress,2026-07-30,Q3 2026,active
BEN-002752,Nyambura,Onyango,Female,Kisii,Scholarship,Catholic University of Eastern Africa,Diploma,2025/2026,75.5,60.5,Completed,2025-09-04,Q3 2025,completed
BEN-002753,Odhiambo,Odhiambo,Male,Kakamega,Scholarship,Daystar University,Bachelor,2025/2026,69.4,71.0,Completed,2025-10-19,Q4 2025,completed
BEN-002754,Gathoni,Muthoni,Female,Meru,Scholarship,Maseno University,Bachelor,2025/2026,92.9,75.8,In Progress,2025-12-16,Q4 2025,active
BEN-002756,Gathoni,Koech,Female,Kajiado,Scholarship,Daystar University,Diploma,2024/2025,85.3,64.5,Dropped,2025-04-30,Q2 2025,dropped_out
BEN-002759,Emily,Kariuki,Female,KAKAMEGA,Scholarship,Strathmore University,Bachelor,2025/2026,69.9,61.3,Completed,2025-12-21,Q4 2025,completed
BEN-002760,Anthony,Otieno,Male,Kakamega,Scholarship,Moi University,Bachelor,2025/2026,76.4,60.5,Completed,2025-10-14,Q4 2025,completed
BEN-002770,Cynthia,Gitau,Female,Meru,Scholarship,Moi University,Bachelor,2025/2026,84.0,62.8,In Progress,2026-02-01,Q1 2026,active
BEN-002771,Odhiambo,Kilonzo,Male,Meru County,Scholarship,Maseno University,Diploma,2025/2026,93.8,53.3,In Progress,2026-07-09,Q3 2026,active
BEN-002772,Kilonzo,Odhiambo,Male,Meru,Scholarship,Mount Kenya University,Bachelor,2026/2027,79.4,64.4,In Progress,2026-09-09,Q3 2026,active
BEN-002773,Chepkoech,Odhiambo,Female,Kisumu,Scholarship,University of Nairobi,Master,2025/2026,73.0,53.5,Dropped,2025-09-27,Q3 2025,dropped_out
BEN-002774,Kevin,Chebet,Male,Uasin Gishu,Scholarship,Catholic University of Eastern Africa,Bachelor,2024/2025,86.8,73.0,Completed,2025-02-26,Q1 2025,completed
BEN-002777,Wekesa,Koech,Male,Nairobi,Scholarship,Strathmore University,Bachelor,2025/2026,85.6,78.0,In Progress,2026-05-21,Q2 2026,active
BEN-002778,Nasieku,Ngugi,FEMALE,Nairobi,Scholarship,Catholic University of Eastern Africa,Master,2026/2027,100.0,60.8,In Progress,2026-09-06,Q3 2026,active
BEN-002781,Grace,Maina,Female,Kisumu,Scholarship,University of Nairobi,Diploma,2025/2026,81.9,67.2,In Progress,2026-01-09,Q1 2026,active
BEN-002783,Korir,Kimani,Male,Mombasa,Scholarship,Daystar University,Bachelor,2025/2026,87.4,50.4,In Progress,2026-08-06,Q3 2026,active
BEN-002790,Musyoka,Matano,Male,Kajiado,Scholarship,Kenyatta University,Bachelor,2024/2025,79.3,62.3,Completed,2025-01-25,Q1 2025,completed
BEN-002794,Cynthia,Ochieng,Female,Kisii,Scholarship,Africa Nazarene University,Diploma,2024/2025,94.3,68.1,Completed,2025-05-01,Q2 2025,completed
BEN-002798,Vincent,Mbogo,Male,Nairobi,Scholarship,Maseno University,Bachelor,2025/2026,98.9,68.1,In Progress,2026-04-13,Q2 2026,active
BEN-002799,Abdi,Omondi,Male,Muranga,Scholarship,Jomo Kenyatta University,Bachelor,2024/2025,67.3,88.2,complete,2025-06-28,Q2 2025,completed
BEN-002800,Emmanuel,Charo,Male,Nyeri,Scholarship,Daystar University,Bachelor,2024/2025,84.8,76.0,complete,2025-03-30,Q1 2025,completed
BEN-002801,Kendi,Kimani,Female,Nairobi,Scholarship,Jomo Kenyatta University,Bachelor,2024/2025,100.0,58.2,Completed,2025-04-12,Q2 2025,completed
BEN-002802,Kagure,Kamau,Female,Nakuru,Scholarship,University of Nairobi,Diploma,2025/2026,91.2,52.9,In Progress,2026-06-07,Q2 2026,active
BEN-002803,Sharon,Katana,Female,Nairobi,Scholarship,Moi University,Bachelor,2025/2026,85.8,72.5,In Progress,2026-08-25,Q3 2026,active
BEN-002804,Akinyi,Musyoka,Female,Kisii,Scholarship,Daystar University,Bachelor,2025/2026,65.9,51.7,In Progress,2026-02-12,Q1 2026,active
BEN-002812,Mercy,Odhiambo,Female,Nairobi,Scholarship,University of Nairobi,Bachelor,2025/2026,94.3,72.8,Completed,2025-10-11,Q4 2025,completed
BEN-002814,Vincent,Owino,Male,Kisumu,Scholarship,Mount Kenya University,Bachelor,2025/2026,77.3,52.2,In Progress,2026-02-01,Q1 2026,active
BEN-002817,Onyango,Charo,Male,Meru,Scholarship,Kenyatta University,Diploma,2025/2026,96.6,78.9,In Progress,2026-07-19,Q3 2026,active
BEN-002827,Chebet,Charo,Female,Kajiado,Scholarship,Daystar University,Bachelor,2025/2026,94.2,73.0,In Progress,2026-08-10,Q3 2026,active
BEN-002828,Nasieku,Ngugi,Female,Mombasa,Scholarship,Maseno University,Diploma,2025/2026,100.0,90.4,In Progress,2026-06-12,Q2 2026,active
BEN-002829,Patrick,Hassan,Male,Nairobi,Scholarship,Catholic University of Eastern Africa,Bachelor,2025/2026,95.1,74.8,In Progress,2026-07-30,Q3 2026,active
BEN-002832,Kiptoo,Mbogo,Male,KILIFI,Scholarship,Moi University,Diploma,2024/2025,78.1,78.0,Completed,2025-01-19,Q1 2025,completed
BEN-002834,Wanjiru,Katana,Female,Kisumu,Scholarship,Daystar University,Bachelor,2025/2026,93.1,62.8,In Progress,2026-07-03,Q3 2026,active
BEN-002842,Kevin,Wafula,Male,Kakamega,Scholarship,University of Nairobi,Diploma,2024/2025,92.8,69.0,Dropped,2025-03-22,Q1 2025,dropped_out
BEN-002846,Wekesa,Onyango,m,Mombasa,Scholarship,Jomo Kenyatta University,Bachelor,2025/2026,77.6,51.1,In Progress,2025-11-15,Q4 2025,active
BEN-002847,Wanjiru,Abdi,Female,Kiambu,Scholarship,Moi University,Master,2025/2026,88.1,67.6,In Progress,2026-01-30,Q1 2026,active
BEN-002851,Simon,Nduta,Male,NAIROBI,Scholarship,Moi University,Bachelor,2025/2026,94.1,88.5,In Progress,2026-08-01,Q3 2026,active
BEN-002854,Brenda,Ochieng,Female,Muranga,Scholarship,Mount Kenya University,Master,2025/2026,77.0,76.2,In Progress,2025-11-03,Q4 2025,active
BEN-002857,Peter,Mwakio,Male,Nairobi,Scholarship,Maseno University,Diploma,2025/2026,100.0,73.0,In Progress,2026-06-02,Q2 2026,active
BEN-002860,Dennis,Gitau,MALE,nairobi,Scholarship,Maseno University,Master,2025/2026,100.0,69.5,Completed,2025-12-12,Q4 2025,completed
BEN-002862,Chebet,Owino,Female,Uasin Gishu,Scholarship,Catholic University of Eastern Africa,Diploma,2025/2026,82.2,62.9,In Progress,2026-08-02,Q3 2026,active
BEN-002863,Purity,Korir,Female,Nairobi,Scholarship,Moi University,Bachelor,2024/2025,91.3,86.7,Completed,2025-07-22,Q3 2025,completed
BEN-002864,Anthony,Ngugi,Male,Nairobi,Scholarship,Kenyatta University,Diploma,2025/2026,89.5,80.5,In Progress,2026-02-28,Q1 2026,active
BEN-002865,Francis,Chebet,Male,Nairobi,Scholarship,Catholic University of Eastern Africa,Diploma,2026/2027,74.5,71.8,In Progress,2026-09-27,Q3 2026,active
BEN-002867,Diana,Mutua,female,MURANGA,Scholarship,Jomo Kenyatta University,Diploma,2025/2026,80.5,62.8,In Progress,2026-08-24,Q3 2026,active
BEN-002869,Emily,Njoroge,Female,Kiambu,Scholarship,Kenyatta University,Bachelor,2025/2026,78.3,79.9,In Progress,2026-07-11,Q3 2026,active
BEN-002877,Francis,Wafula,Male,Kilifi,Scholarship,Daystar University,Bachelor,2025/2026,71.4,62.6,In Progress,2025-11-19,Q4 2025,active
BEN-002878,Gathoni,Rotich,Female,Kisii,Scholarship,Jomo Kenyatta University,Bachelor,2024/2025,86.2,67.7,Completed,2025-04-15,Q2 2025,completed
BEN-002880,Purity,Wanjiku,female,Kiambu,Scholarship,Catholic University of Eastern Africa,Bachelor,2025/2026,86.4,72.1,In Progress,2026-01-21,Q1 2026,active
BEN-002881,Kamau,Wafula,Male,Kakamega,Scholarship,Africa Nazarene University,Bachelor,2024/2025,74.5,61.9,COMPLETED,2025-06-17,Q2 2025,completed
BEN-002884,David,Wanjiku,Male,Kilifi,Scholarship,Strathmore University,Master,2025/2026,86.3,61.1,In Progress,2026-08-07,Q3 2026,active
BEN-002885,Mohamed,Mutua,Male,Uasin Gishu,Scholarship,Jomo Kenyatta University,Bachelor,2024/2025,82.3,60.0,Completed,2025-03-13,Q1 2025,completed
BEN-002889,Neema,Kamau,Female,Nairobi,Scholarship,Maseno University,Diploma,2024/2025,86.1,84.5,Completed,2025-05-15,Q2 2025,completed
BEN-002890,Wekesa,Nyambane,Male,kajiado,Scholarship,Mount Kenya University,Diploma,2025/2026,92.0,60.7,In Progress,2026-01-25,Q1 2026,active
BEN-002891,Njeri,Ochieng,Female,Meru,Scholarship,Daystar University,Diploma,2025/2026,83.9,59.2,In Progress,2026-08-20,Q3 2026,active
BEN-002894,Jerop,Nduta,Female,Nairobi,Scholarship,Moi University,Bachelor,2026/2027,100.0,71.2,In Progress,2026-09-20,Q3 2026,active
BEN-002903,Chepkoech,Nyambane,Female,Kisumu,Scholarship,Daystar University,Bachelor,2025/2026,78.6,53.1,In Progress,2026-07-20,Q3 2026,active
BEN-002904,Brenda,Charo,Female,Mombasa,Scholarship,Africa Nazarene University,Bachelor,2025/2026,72.2,73.1,In Progress,2026-03-18,Q1 2026,active
BEN-002906,Peter,Ochieng,Male,Mombasa,Scholarship,Africa Nazarene University,Master,2025/2026,70.4,47.9,Completed,2025-12-19,Q4 2025,completed
BEN-002908,Kilonzo,Mutiso,MALE,Kiambu,Scholarship,Kenyatta University,Diploma,2026/2027,99.5,48.9,In Progress,2026-09-20,Q3 2026,active
BEN-002911,Kipchoge,Kilonzo,Male,Nairobi,Scholarship,Jomo Kenyatta University,Bachelor,2025/2026,96.1,47.8,In Progress,2026-04-02,Q2 2026,active
BEN-002913,Mercy,Wekesa,FEMALE,Kisii,Scholarship,Daystar University,Bachelor,2024/2025,91.3,75.2,Completed,2025-08-20,Q3 2025,completed
BEN-002915,Musyoka,Ngugi,Male,Uasin Gishu,Scholarship,Moi University,Diploma,2025/2026,91.8,33.6,In Progress,2026-06-16,Q2 2026,active
BEN-002921,Njeri,Muthoni,Female,Nakuru,Scholarship,Africa Nazarene University,Diploma,2025/2026,99.0,60.9,In Progress,2026-04-06,Q2 2026,active
BEN-002922,Brian,Katana,Male,MERU,Scholarship,Kenyatta University,Master,2025/2026,85.4,41.1,Completed,2025-12-27,Q4 2025,completed
BEN-002933,Boniface,Baya,Male,Nairobi,Scholarship,Daystar University,Bachelor,2025/2026,71.4,71.8,In Progress,2026-06-03,Q2 2026,active
BEN-002934,Purity,Kuria,Female,Kisumu,Scholarship,Maseno University,Bachelor,2024/2025,75.9,69.2,Completed,2025-03-26,Q1 2025,completed
BEN-002940,Simon,Mbogo,Male,Uasin Gishu,Scholarship,Moi University,Diploma,2025/2026,100.0,65.4,In Progress,2026-02-14,Q1 2026,active
BEN-002941,Atieno,Mbogo,FEMALE,Kisii,Scholarship,Africa Nazarene University,Diploma,2025/2026,82.6,69.2,In Progress,2026-02-01,Q1 2026,active
BEN-002942,Omondi,Mwangi,Male,kiambu,Scholarship,University of Nairobi,Master,2025/2026,100.0,87.7,In Progress,2026-05-29,Q2 2026,active
BEN-002947,Anyango,Wekesa,Female,Kajiado,Scholarship,Mount Kenya University,Bachelor,2025/2026,92.5,83.8,In Progress,2026-03-06,Q1 2026,active
BEN-002948,Zawadi,Mwangi,Female,Nakuru,Scholarship,Jomo Kenyatta University,Bachelor,2024/2025,85.4,70.4,Completed,2025-01-13,Q1 2025,completed
BEN-002952,Kevin,Njenga,Male,Kisii,Scholarship,Kenyatta University,Master,2025/2026,82.3,64.7,In Progress,2026-08-07,Q3 2026,active
BEN-002955,Onyango,Cheruiyot,Male,Nakuru,Scholarship,University of Nairobi,Diploma,2025/2026,78.4,68.6,In Progress,2026-05-26,Q2 2026,active
BEN-002957,Kendi,Otieno,F,Kajiado,Scholarship,Daystar University,Master,2025/2026,69.8,52.1,Completed,2026-03-03,Q1 2026,completed
BEN-002960,David,Wafula,Male,Meru,Scholarship,Moi University,Bachelor,2025/2026,71.5,56.9,Completed,2025-11-05,Q4 2025,completed
BEN-002961,Atieno,Kiptoo,Female,Meru,Scholarship,University of Nairobi,Master,2025/2026,100.0,69.2,In Progress,2026-01-16,Q1 2026,active
BEN-002963,Cynthia,Mbogo,Female,Kilifi,Scholarship,Moi University,Diploma,2025/2026,99.6,69.5,In Progress,2026-04-10,Q2 2026,active
BEN-002964,Kipchoge,Cheruiyot,Male,Nyeri,Scholarship,Kenyatta University,Master,2026/2027,81.7,63.3,In Progress,2026-09-04,Q3 2026,active
BEN-002966,Zawadi,Kimani,Female,Bungoma,Scholarship,Africa Nazarene University,Diploma,2025/2026,85.6,68.6,In Progress,2026-02-25,Q1 2026,active
BEN-002971,Boniface,Achieng,Male,Machakos,Scholarship,Maseno University,Bachelor,2025/2026,67.5,53.9,Completed,2025-12-19,Q4 2025,completed
BEN-002975,Awuor,Hassan,Female,Muranga,Scholarship,Mount Kenya University,Diploma,2024/2025,80.4,59.3,Dropped,2025-05-16,Q2 2025,dropped_out
BEN-002982,Francis,Kuria,Male,Nakuru,Scholarship,Moi University,Bachelor,2026/2027,94.8,76.3,In Progress,2026-09-29,Q3 2026,active
BEN-002984,Boniface,Wekesa,Male,Nakuru,Scholarship,Kenyatta University,Diploma,2025/2026,74.3,70.9,In Progress,2026-07-18,Q3 2026,active
BEN-002988,Joseph,Wafula,Male,Bungoma,Scholarship,Strathmore University,Bachelor,2025/2026,89.4,64.5,In Progress,2026-01-20,Q1 2026,active
BEN-002990,Boniface,Ngugi,Male,Meru,Scholarship,Maseno University,Bachelor,2024/2025,69.7,70.1,Dropped,2025-04-18,Q2 2025,dropped_out
BEN-002991,Purity,Gitau,Female,Kakamega,Scholarship,Kenyatta University,Bachelor,2025/2026,66.1,48.5,In Progress,2025-11-23,Q4 2025,active
BEN-002992,Kiptoo,Nyambane,Male,Nairobi,Scholarship,University of Nairobi,Bachelor,2024/2025,80.3,86.0,Completed,2025-01-01,Q1 2025,completed
BEN-002994,Omondi,Odhiambo,Male,Mombasa,Scholarship,Maseno University,Bachelor,2025/2026,80.7,75.7,In Progress,2026-06-19,Q2 2026,active
BEN-002995,Jerop,Hassan,f,Kisumu,Scholarship,Mount Kenya University,Bachelor,2026/2027,78.2,58.6,In Progress,2026-09-14,Q3 2026,active
BEN-002998,Kilonzo,Wekesa,Male,Kajiado,Scholarship,University of Nairobi,Bachelor,2024/2025,85.4,62.1,Completed,2025-06-18,Q2 2025,completed
BEN-003001,Achieng,Chebet,Female,Nairobi,Scholarship,University of Nairobi,Diploma,2025/2026,100.0,44.6,Completed,2025-09-02,Q3 2025,completed
BEN-003003,Caroline,Gitau,Female,Kisii,Scholarship,Daystar University,Diploma,2024/2025,96.7,48.6,Dropped,2025-04-28,Q2 2025,dropped_out
BEN-003005,Faith,Onyango,Female,Kiambu,Scholarship,Kenyatta University,Bachelor,2025/2026,95.4,86.0,In Progress,2026-08-05,Q3 2026,active
BEN-003009,Joy,Mutua,Female,Kajiado,Scholarship,Kenyatta University,Bachelor,2026/2027,85.0,83.2,In Progress,2026-09-20,Q3 2026,active
BEN-003010,Akinyi,Gitau,Female,Meru,Scholarship,Daystar University,Bachelor,2024/2025,85.5,70.5,Completed,2025-08-05,Q3 2025,completed
BEN-003012,Chebet,Njenga,Female,Kisii,Scholarship,Moi University,Bachelor,2025/2026,78.7,53.9,Completed,2025-09-03,Q3 2025,completed
BEN-003015,Zawadi,Ochieng,Female,Kilifi County,Scholarship,University of Nairobi,Bachelor,2025/2026,79.8,52.1,In Progress,2026-05-14,Q2 2026,active
BEN-003018,Emily,Nyambane,Female,Machakos,Scholarship,Daystar University,Bachelor,2025/2026,83.9,58.0,Completed,2025-10-31,Q4 2025,completed
BEN-003019,Nicholas,Kimani,Male,kiambu,Scholarship,Strathmore University,Bachelor,2025/2026,97.2,54.5,In Progress,2026-07-14,Q3 2026,active
BEN-003020,Omondi,Mutua,Male,Kiambu,Scholarship,Jomo Kenyatta University,Master,2025/2026,91.1,46.1,In Progress,2026-05-14,Q2 2026,active
BEN-003022,Akinyi,Kimani,Female,Nairobi,Scholarship,Jomo Kenyatta University,Bachelor,2025/2026,92.8,69.6,In Progress,2026-07-07,Q3 2026,active
BEN-003025,Emmanuel,Owino,Male,Nyeri,Scholarship,Moi University,Bachelor,2024/2025,89.9,65.4,Completed,2025-07-11,Q3 2025,completed
BEN-003032,Wangari,Nduta,Female,Nakuru,Scholarship,Strathmore University,Bachelor,2025/2026,100.0,61.2,In Progress,2026-01-19,Q1 2026,active
BEN-003033,Kiptoo,Wafula,Male,Bungoma,Scholarship,Daystar University,Master,2025/2026,88.0,59.2,In Progress,2026-01-06,Q1 2026,active
BEN-003034,Jerop,Mohamed,Female,Kakamega,Scholarship,Strathmore University,Bachelor,2025/2026,85.8,67.5,In Progress,2026-04-09,Q2 2026,active
BEN-003035,Kagure,Maina,Female,Kisumu,Scholarship,Mount Kenya University,Master,2025/2026,89.8,83.3,Dropped,2025-09-16,Q3 2025,dropped_out
BEN-003036,Faith,Achieng,Female,Kajiado,Scholarship,Jomo Kenyatta University,Master,2025/2026,72.8,55.5,In Progress,2026-02-19,Q1 2026,active
BEN-003039,Isaac,Kiptoo,Male,Kiambu,Scholarship,Catholic University of Eastern Africa,Diploma,2025/2026,100.0,55.7,Completed,2025-09-22,Q3 2025,completed
BEN-003043,Nyambura,Mutiso,Female,Nairobi,Scholarship,Catholic University of Eastern Africa,Bachelor,2025/2026,100.0,59.9,In Progress,2026-07-04,Q3 2026,active
BEN-003044,Isaac,Omondi,Male,Bungoma,Scholarship,Strathmore University,Diploma,2024/2025,74.7,77.0,Dropped,2025-03-13,Q1 2025,dropped_out
BEN-003049,Anyango,Kilonzo,Female,Nakuru,Scholarship,University of Nairobi,Bachelor,2025/2026,82.3,70.2,In Progress,2026-01-19,Q1 2026,active
BEN-003050,Wekesa,Mutua,Male,Mombasa,Scholarship,Strathmore University,Bachelor,2025/2026,88.9,41.9,Completed,2025-12-04,Q4 2025,completed
BEN-003054,Mercy,Ngugi,Female,Kisii,Scholarship,University of Nairobi,Bachelor,2026/2027,73.4,51.7,In Progress,2026-09-13,Q3 2026,active
BEN-003055,Beatrice,Korir,Female,Kiambu,Scholarship,Mount Kenya University,Diploma,2025/2026,100.0,52.5,Completed,2026-03-27,Q1 2026,completed
BEN-003056,Beatrice,Korir,Female,Kiambu,Scholarship,Strathmore University,Bachelor,2025/2026,87.5,76.1,In Progress,2026-08-22,Q3 2026,active
BEN-003057,Akinyi,Kiptoo,Female,Kiambu,Scholarship,Jomo Kenyatta University,Bachelor,2025/2026,85.7,69.9,Completed,2025-12-20,Q4 2025,completed
BEN-003061,Victor,Otieno,Male,Bungoma,Scholarship,Moi University,Master,2024/2025,69.1,83.9,COMPLETED,2025-02-02,Q1 2025,completed
BEN-003064,John,Matano,M,Nairobi,Scholarship,Daystar University,Bachelor,2025/2026,82.2,94.0,In Progress,2026-02-18,Q1 2026,active
BEN-003067,Samuel,Nyambane,Male,Nakuru,Scholarship,Moi University,Master,2025/2026,74.5,56.6,In Progress,2026-01-30,Q1 2026,active
BEN-003073,Halima,Matano,Female,Bungoma,Scholarship,Moi University,Bachelor,2025/2026,92.0,49.8,In Progress,2026-08-12,Q3 2026,active
BEN-003074,Otieno,Ochieng,Male,Mombasa,Scholarship,Kenyatta University,Bachelor,2024/2025,83.3,66.4,Completed,2025-08-28,Q3 2025,completed
BEN-003075,Wangari,Kamau,Female,Kajiado,Scholarship,Jomo Kenyatta University,Diploma,2024/2025,82.5,64.5,Completed,2025-02-03,Q1 2025,completed
BEN-003076,Caroline,Matano,Female,mombasa,Scholarship,University of Nairobi,Master,2025/2026,69.5,58.6,Dropped,2025-11-16,Q4 2025,dropped_out
BEN-003083,Grace,Odhiambo,Female,nairobi,Scholarship,Catholic University of Eastern Africa,Master,2025/2026,82.6,71.4,complete,2026-02-20,Q1 2026,completed
BEN-003087,Wangari,Onyango,F,Nairobi,Scholarship,University of Nairobi,Diploma,2025/2026,100.0,83.4,In Progress,2026-06-11,Q2 2026,active
BEN-003092,Grace,Muthoni,Female,Kisumu,Scholarship,Africa Nazarene University,Bachelor,2025/2026,72.2,79.4,Completed,2025-11-03,Q4 2025,completed
BEN-003095,Kilonzo,Ochieng,Male,Kisumu,Scholarship,Moi University,Bachelor,2024/2025,72.1,62.8,Completed,2025-02-09,Q1 2025,completed
BEN-003097,Vincent,Maina,Male,Kiambu,Scholarship,Moi University,Bachelor,2025/2026,92.3,64.2,In Progress,2025-10-20,Q4 2025,active
BEN-003099,Collins,Hassan,Male,Meru,Scholarship,Kenyatta University,Bachelor,2025/2026,93.0,44.9,Completed,2026-03-13,Q1 2026,completed
BEN-003100,James,Barasa,Male,kiambu,Scholarship,Strathmore University,Diploma,2025/2026,84.0,75.7,In Progress,2026-06-11,Q2 2026,active
BEN-003102,Kamau,Mwakio,Male,Kakamega,Scholarship,Africa Nazarene University,Bachelor,2025/2026,69.5,52.8,In Progress,2026-04-12,Q2 2026,active
BEN-003103,Anyango,Maina,Female,Kajiado,Scholarship,Catholic University of Eastern Africa,Bachelor,2024/2025,90.5,73.4,Completed,2025-08-31,Q3 2025,completed
BEN-003104,Neema,Nyambane,Female,Kisumu,Scholarship,Catholic University of Eastern Africa,Bachelor,2024/2025,85.5,59.9,Completed,2025-07-28,Q3 2025,completed
BEN-003108,Kendi,Musyoka,Female,Nairobi,Scholarship,University of Nairobi,Bachelor,2024/2025,91.7,54.4,Completed,2025-03-04,Q1 2025,completed
BEN-003109,Chebet,Gitau,Female,Kiambu,Scholarship,Kenyatta University,Bachelor,2025/2026,88.6,58.7,Completed,2025-09-17,Q3 2025,completed
BEN-003111,Brenda,Mohamed,Female,Kakamega,Scholarship,Strathmore University,Bachelor,2025/2026,83.7,60.1,Dropped,2025-12-20,Q4 2025,dropped_out
BEN-003112,Mumbi,Mbogo,f,uasin gishu,Scholarship,Jomo Kenyatta University,Bachelor,2024/2025,85.9,64.3,Completed,2025-08-16,Q3 2025,completed
BEN-003114,Emmanuel,Rotich,Male,Machakos,Scholarship,Catholic University of Eastern Africa,Bachelor,2025/2026,71.7,52.8,Dropped,2026-03-27,Q1 2026,dropped_out
BEN-003116,Emily,Matano,Female,Kakamega,Scholarship,Catholic University of Eastern Africa,Master,2025/2026,99.8,73.0,In Progress,2026-07-01,Q3 2026,active
BEN-003124,Cheruiyot,Juma,Male,Machakos,Scholarship,Catholic University of Eastern Africa,Bachelor,2024/2025,96.3,48.3,Dropped,2025-02-28,Q1 2025,dropped_out
BEN-003127,Kagure,Gitau,Female,Nakuru,Scholarship,Moi University,Bachelor,2025/2026,82.2,59.1,Completed,2026-01-25,Q1 2026,completed
BEN-003133,Esther,Korir,Female,Nairobi,Scholarship,Moi University,Master,2025/2026,94.4,60.4,In Progress,2026-06-07,Q2 2026,active
BEN-003134,Wangari,Korir,Female,Bungoma,Scholarship,Catholic University of Eastern Africa,Master,2025/2026,73.7,66.0,In Progress,2026-04-14,Q2 2026,active
BEN-003141,Kiptoo,Nduta,Male,Kiambu,Scholarship,Mount Kenya University,Bachelor,2024/2025,99.2,65.0,COMPLETED,2025-03-28,Q1 2025,completed
BEN-003142,Barasa,Matano,MALE,Machakos,Scholarship,Mount Kenya University,Bachelor,2025/2026,68.6,66.4,In Progress,2026-07-09,Q3 2026,active
BEN-003144,Isaac,Njoroge,Male,Machakos,Scholarship,Daystar University,Bachelor,2024/2025,79.6,73.3,Completed,2025-07-11,Q3 2025,completed
BEN-003148,Korir,Ngugi,Male,Kakamega,Scholarship,University of Nairobi,Diploma,2025/2026,83.6,65.7,Dropped,2025-11-03,Q4 2025,dropped_out
BEN-003160,Anthony,Ngugi,Male,Mombasa,Scholarship,Jomo Kenyatta University,Bachelor,2025/2026,84.1,58.2,In Progress,2026-03-20,Q1 2026,active
BEN-003161,Cheruiyot,Wanjiku,Male,Bungoma,Scholarship,Kenyatta University,Diploma,2025/2026,87.0,66.1,In Progress,2026-05-31,Q2 2026,active
BEN-003168,Naisula,Rotich,Female,Kakamega,Scholarship,Jomo Kenyatta University,Diploma,2025/2026,74.8,57.2,In Progress,2026-03-02,Q1 2026,active
BEN-003169,Awuor,Onyango,Female,MERU,Scholarship,Daystar University,Diploma,2026/2027,69.9,74.5,In Progress,2026-09-21,Q3 2026,active
BEN-003170,Timothy,Maina,m,Uasin Gishu,Scholarship,Kenyatta University,Diploma,2025/2026,88.0,70.3,Completed,2025-10-20,Q4 2025,completed
BEN-003180,Akinyi,Kamau,Female,Kiambu,Scholarship,Maseno University,Master,2024/2025,86.9,67.5,Completed,2025-08-11,Q3 2025,completed
BEN-003187,Odhiambo,Baya,Male,Kilifi,Scholarship,Mount Kenya University,Bachelor,2025/2026,87.8,55.6,In Progress,2026-01-20,Q1 2026,active
BEN-003188,Chepkoech,Njenga,Female,Kisumu,Scholarship,Africa Nazarene University,Bachelor,2025/2026,61.1,67.8,In Progress,2026-06-18,Q2 2026,active
BEN-003190,Caroline,Nyambane,Female,Uasin Gishu,Scholarship,Moi University,Master,2025/2026,86.2,61.9,Completed,2025-11-23,Q4 2025,completed
BEN-003193,Mercy,Matano,Female,Kajiado,Scholarship,Mount Kenya University,Bachelor,2025/2026,97.0,56.6,In Progress,2026-04-24,Q2 2026,active
BEN-003194,Emily,Njenga,Female,Nakuru,Scholarship,Strathmore University,Bachelor,2024/2025,91.0,63.8,Completed,2025-08-03,Q3 2025,completed
BEN-003197,Mohamed,Juma,male,Nairobi,Scholarship,Catholic University of Eastern Africa,Bachelor,2026/2027,87.6,57.9,In Progress,2026-09-06,Q3 2026,active
BEN-003200,Mumbi,Korir,Female,Uasin Gishu,Scholarship,Moi University,Bachelor,2024/2025,85.4,54.4,Completed,2025-05-01,Q2 2025,completed
BEN-003204,Cherono,Ochieng,Female,Machakos,Scholarship,Mount Kenya University,Diploma,2024/2025,68.4,57.1,Completed,2025-05-13,Q2 2025,completed
BEN-003209,Omondi,Wafula,Male,Kiambu,Scholarship,University of Nairobi,Bachelor,2025/2026,93.2,75.4,Completed,2025-09-14,Q3 2025,completed
BEN-003211,Esther,Abdi,Female,Meru,Scholarship,Africa Nazarene University,Diploma,2025/2026,74.5,69.6,In Progress,2026-04-28,Q2 2026,active
BEN-003215,Ali,Kuria,Male,Nairobi,Scholarship,Kenyatta University,Bachelor,2025/2026,85.9,68.5,In Progress,2026-08-22,Q3 2026,active
BEN-003216,Amina,Mbogo,Female,Nyeri,Scholarship,Catholic University of Eastern Africa,Diploma,2025/2026,96.7,79.2,In Progress,2026-05-06,Q2 2026,active
BEN-003218,Anyango,Charo,Female,Meru,Scholarship,Moi University,Bachelor,2024/2025,72.5,59.7,Completed,2025-05-09,Q2 2025,completed
BEN-003219,Onyango,Kimani,Male,Meru,Scholarship,Daystar University,Master,2025/2026,86.5,50.6,Completed,2026-02-12,Q1 2026,completed
BEN-003225,Korir,Baya,Male,Nairobi,Scholarship,Jomo Kenyatta University,Master,2025/2026,84.9,88.6,In Progress,2026-08-16,Q3 2026,active
BEN-003229,Esther,Korir,Female,Kiambu,Scholarship,Strathmore University,Bachelor,2025/2026,93.2,65.2,In Progress,2026-05-02,Q2 2026,active
BEN-003230,Abdi,Omondi,Male,Nakuru,Scholarship,Catholic University of Eastern Africa,Bachelor,2025/2026,100.0,69.4,In Progress,2026-05-31,Q2 2026,active
BEN-003233,Nasieku,Nduta,Female,Kakamega,Scholarship,Moi University,Bachelor,2025/2026,90.6,54.5,In Progress,2026-04-30,Q2 2026,active
BEN-003235,Emmanuel,Wafula,Male,Nairobi,Scholarship,Maseno University,Bachelor,2024/2025,100.0,54.8,Completed,2025-04-28,Q2 2025,completed
BEN-003236,Rotich,Kiptoo,male,Uasin Gishu,Scholarship,Moi University,Bachelor,2025/2026,77.3,47.7,In Progress,2026-04-22,Q2 2026,active
BEN-003241,Nyambura,Mutua,Female,Nakuru,Scholarship,Catholic University of Eastern Africa,Diploma,2025/2026,78.8,64.0,In Progress,2026-02-05,Q1 2026,active
BEN-003243,Musyoka,Kamau,Male,Mombasa,Scholarship,Daystar University,Master,2024/2025,78.2,81.4,Completed,2025-08-07,Q3 2025,completed
BEN-003245,Vincent,Kamau,Male,Nairobi,Scholarship,Africa Nazarene University,Bachelor,2025/2026,100.0,78.8,In Progress,2025-11-21,Q4 2025,active
BEN-003247,Sharon,Mbogo,Female,Bungoma,Scholarship,University of Nairobi,Diploma,2025/2026,82.8,66.4,In Progress,2026-03-01,Q1 2026,active
BEN-003248,Kiptoo,Hassan,Male,Kiambu,Scholarship,Strathmore University,Bachelor,2024/2025,96.7,44.9,Completed,2025-05-27,Q2 2025,completed
BEN-003254,Omondi,Kamau,Male,Nyeri,Scholarship,Kenyatta University,Bachelor,2024/2025,73.7,85.5,complete,2025-05-12,Q2 2025,completed
BEN-003255,Nkatha,Musyoka,Female,Nakuru,Scholarship,Africa Nazarene University,Bachelor,2024/2025,83.9,58.2,Dropped,2025-08-24,Q3 2025,dropped_out
BEN-003260,Emmanuel,Chebet,male,Nairobi,Scholarship,Kenyatta University,Bachelor,2025/2026,100.0,63.9,Completed,2025-10-07,Q4 2025,completed
BEN-003263,Neema,Mutiso,Female,KAKAMEGA,Scholarship,Mount Kenya University,Diploma,2025/2026,77.6,30.0,In Progress,2026-07-31,Q3 2026,active
BEN-003265,Wangari,Chebet,Female,Nairobi,Scholarship,Jomo Kenyatta University,Master,2025/2026,74.9,54.3,In Progress,2025-11-25,Q4 2025,active
BEN-003267,Mohamed,Ochieng,male,Nairobi,Scholarship,Moi University,Bachelor,2025/2026,95.3,78.0,In Progress,2026-01-14,Q1 2026,active
BEN-003268,Nyambura,Abdi,Female,Nairobi,Scholarship,Africa Nazarene University,Master,2024/2025,93.6,59.5,Completed,2025-08-08,Q3 2025,completed
BEN-003269,Wangari,Mutua,Female,Nairobi,Scholarship,Mount Kenya University,Bachelor,2024/2025,89.7,96.0,Completed,2025-02-28,Q1 2025,completed
BEN-003271,Wanjiku,Kiptoo,female,Machakos,Scholarship,Africa Nazarene University,Bachelor,2025/2026,100.0,60.6,In Progress,2025-12-12,Q4 2025,active
BEN-003272,Caroline,Njoroge,Female,Nairobi,Scholarship,Mount Kenya University,Bachelor,2025/2026,78.7,58.6,In Progress,2025-12-11,Q4 2025,active
BEN-003274,Ali,Cheruiyot,Male,Kajiado,Scholarship,Strathmore University,Bachelor,2024/2025,67.8,80.2,Dropped,2025-04-02,Q2 2025,dropped_out
BEN-003278,Beatrice,Kiptoo,Female,Nairobi,Scholarship,Catholic University of Eastern Africa,Bachelor,2025/2026,99.2,68.2,In Progress,2026-02-03,Q1 2026,active
BEN-003281,Amina,Abdi,Female,Nairobi,Scholarship,Strathmore University,Master,2025/2026,80.0,100.0,Completed,2025-12-20,Q4 2025,completed
BEN-003286,Jerop,Wanjiku,Female,Bungoma,Scholarship,Strathmore University,Bachelor,2025/2026,99.2,57.9,In Progress,2026-06-24,Q2 2026,active
BEN-003287,Zawadi,Barasa,Female,Meru,Scholarship,Maseno University,Diploma,2025/2026,70.5,62.4,Dropped,2025-11-13,Q4 2025,dropped_out
BEN-003288,Sharon,Mbogo,Female,Machakos,Scholarship,Catholic University of Eastern Africa,Master,2024/2025,73.3,56.0,Dropped,2025-05-29,Q2 2025,dropped_out
BEN-003289,Kilonzo,Omondi,Male,Meru,Scholarship,Mount Kenya University,Bachelor,2025/2026,87.1,49.7,In Progress,2025-10-07,Q4 2025,active
BEN-003294,Nyambura,Kiptoo,Female,Nairobi,Scholarship,Maseno University,Bachelor,2025/2026,94.6,57.5,In Progress,2026-06-10,Q2 2026,active
BEN-003299,Esther,Maina,Female,Nairobi,Scholarship,Catholic University of Eastern Africa,Diploma,2025/2026,100.0,69.3,Completed,2026-02-09,Q1 2026,completed
BEN-003302,Wangari,Kariuki,Female,Nairobi,Scholarship,Moi University,Master,2024/2025,94.9,63.1,Completed,2025-04-29,Q2 2025,completed
BEN-003308,Stephen,Ochieng,Male,Bungoma,Scholarship,Maseno University,Bachelor,2025/2026,86.0,72.8,In Progress,2026-02-13,Q1 2026,active
BEN-003310,Awuor,Maina,Female,NYERI,Scholarship,University of Nairobi,Diploma,2025/2026,80.4,65.2,In Progress,2026-08-05,Q3 2026,active
BEN-003316,Cynthia,Kariuki,Female,Machakos,Scholarship,Kenyatta University,Bachelor,2025/2026,91.9,59.8,In Progress,2026-06-01,Q2 2026,active
BEN-003317,Musyoka,Njenga,Male,Bungoma,Scholarship,Maseno University,Master,2025/2026,67.1,53.9,In Progress,2026-04-14,Q2 2026,active
BEN-003318,Kendi,Maina,Female,Nairobi,Scholarship,Daystar University,Bachelor,2024/2025,89.9,54.4,Completed,2025-03-30,Q1 2025,completed
BEN-003320,Anyango,Baya,Female,Kiambu,Scholarship,Maseno University,Diploma,2025/2026,80.4,97.9,Completed,2025-11-12,Q4 2025,completed
BEN-003323,Kiptoo,Maina,Male,Machakos,Scholarship,Jomo Kenyatta University,Bachelor,2025/2026,86.6,58.4,In Progress,2026-02-03,Q1 2026,active
BEN-003326,Wekesa,Musyoka,Male,Nairobi,Scholarship,Africa Nazarene University,Diploma,2025/2026,74.4,81.4,In Progress,2026-07-05,Q3 2026,active
BEN-003327,Cheruiyot,Ochieng,Male,Uasin Gishu,Scholarship,Mount Kenya University,Bachelor,2025/2026,78.4,64.7,Completed,2026-03-03,Q1 2026,completed
BEN-003336,Purity,Owino,Female,Nairobi,Scholarship,Mount Kenya University,Bachelor,2024/2025,93.1,74.5,Completed,2025-01-18,Q1 2025,completed
BEN-003339,Wanjiku,Cheruiyot,Female,Meru,Scholarship,University of Nairobi,Bachelor,2024/2025,85.5,41.4,complete,2025-08-01,Q3 2025,completed
BEN-003340,Boniface,Korir,Male,Mombasa,Scholarship,Catholic University of Eastern Africa,Bachelor,2025/2026,80.8,52.2,In Progress,2026-01-01,Q1 2026,active
BEN-003345,Simon,Nduta,m,Kakamega,Scholarship,Moi University,Master,2025/2026,84.2,69.3,In Progress,2026-06-01,Q2 2026,active
BEN-003348,Nasieku,Nyambane,Female,Machakos,Scholarship,Africa Nazarene University,Bachelor,2025/2026,82.1,60.3,Completed,2026-01-18,Q1 2026,completed
BEN-003354,Vincent,Mwangi,Male,Nairobi,Scholarship,Mount Kenya University,Bachelor,2025/2026,93.4,59.5,Completed,2026-01-10,Q1 2026,completed
BEN-003357,Naisula,Kamau,Female,Nairobi,Scholarship,Kenyatta University,Master,2026/2027,92.3,80.2,In Progress,2026-09-15,Q3 2026,active
BEN-003360,Beatrice,Bett,FEMALE,Machakos,Scholarship,Catholic University of Eastern Africa,Bachelor,2025/2026,88.5,47.0,Completed,2026-02-06,Q1 2026,completed
BEN-003362,Simon,Gitau,Male,Nairobi,Scholarship,Jomo Kenyatta University,Bachelor,2025/2026,94.5,86.7,In Progress,2026-03-19,Q1 2026,active
BEN-003365,Anyango,Owino,Female,Kisumu,Scholarship,Daystar University,Diploma,2025/2026,75.1,68.7,In Progress,2026-01-28,Q1 2026,active
BEN-003374,Dennis,Koech,Male,Mombasa,Scholarship,University of Nairobi,Diploma,2025/2026,74.1,58.5,Completed,2025-12-11,Q4 2025,completed
BEN-003377,Timothy,Ochieng,Male,Nakuru,Scholarship,Catholic University of Eastern Africa,Bachelor,2025/2026,71.4,65.3,In Progress,2026-08-29,Q3 2026,active
BEN-003380,Patrick,Hassan,Male,Kisumu,Scholarship,Africa Nazarene University,Diploma,2025/2026,97.4,58.8,Completed,2025-10-31,Q4 2025,completed
BEN-003381,Juma,Muthoni,Male,Nairobi,Scholarship,Jomo Kenyatta University,Bachelor,2025/2026,95.5,47.9,In Progress,2026-07-18,Q3 2026,active
BEN-003383,Diana,Katana,Female,Nairobi,Scholarship,Catholic University of Eastern Africa,Bachelor,2025/2026,99.7,74.7,In Progress,2026-01-22,Q1 2026,active
BEN-003384,Wanjiku,Onyango,Female,Meru,Scholarship,Jomo Kenyatta University,Diploma,2025/2026,75.0,58.1,In Progress,2026-01-07,Q1 2026,active
BEN-003393,Brenda,Baya,Female,Nairobi,Scholarship,Jomo Kenyatta University,Diploma,2025/2026,83.6,74.3,In Progress,2026-03-31,Q1 2026,active
BEN-003394,Njeri,Achieng,Female,Nakuru,Scholarship,Strathmore University,Bachelor,2025/2026,80.1,50.1,Completed,2025-10-23,Q4 2025,completed
BEN-003396,Rotich,Njenga,Male,Kiambu,Scholarship,Jomo Kenyatta University,Bachelor,2025/2026,97.1,70.8,In Progress,2026-04-08,Q2 2026,active
BEN-003397,Omondi,Achieng,Male,Uasin Gishu,Scholarship,Kenyatta University,Bachelor,2025/2026,90.5,32.2,In Progress,2026-08-22,Q3 2026,active
BEN-003398,Kevin,Wafula,Male,Nakuru,Scholarship,Africa Nazarene University,Bachelor,2025/2026,76.7,61.1,Completed,2025-11-20,Q4 2025,completed
BEN-003406,Faith,Charo,Female,Muranga,Scholarship,University of Nairobi,Master,2025/2026,90.1,65.3,In Progress,2026-05-21,Q2 2026,active
BEN-003410,Kendi,Cheruiyot,Female,Kajiado,Scholarship,Catholic University of Eastern Africa,Bachelor,2026/2027,82.1,65.1,In Progress,2026-09-30,Q3 2026,active
BEN-003412,Omondi,Korir,Male,Uasin Gishu,Scholarship,Daystar University,Diploma,2025/2026,86.4,50.1,In Progress,2026-08-30,Q3 2026,active
BEN-003414,Atieno,Hassan,Female,Kilifi,Scholarship,Moi University,Diploma,2024/2025,73.7,60.9,Completed,2025-07-06,Q3 2025,completed
BEN-003419,Samuel,Mutiso,Male,Uasin Gishu,Scholarship,Kenyatta University,Bachelor,2025/2026,70.7,68.9,In Progress,2026-02-10,Q1 2026,active
BEN-003420,Vincent,Mbogo,Male,Mombasa,Scholarship,Jomo Kenyatta University,Bachelor,2025/2026,95.5,72.0,In Progress,2026-08-15,Q3 2026,active
BEN-003422,Rotich,Barasa,Male,Mombasa,Scholarship,Africa Nazarene University,Diploma,2025/2026,80.3,74.7,In Progress,2026-07-17,Q3 2026,active
BEN-003429,Emily,Gitau,Female,Kilifi,Scholarship,Moi University,Master,2025/2026,81.5,48.4,Completed,2026-02-04,Q1 2026,completed
BEN-003431,Vincent,Wafula,Male,Bungoma,Scholarship,Maseno University,Master,2025/2026,72.0,73.6,In Progress,2026-08-24,Q3 2026,active
BEN-003433,Faith,Onyango,Female,Uasin Gishu,Scholarship,Mount Kenya University,Master,2024/2025,66.0,70.1,Completed,2025-08-07,Q3 2025,completed
BEN-003436,Diana,Korir,Female,Nairobi,Scholarship,Moi University,Bachelor,2025/2026,84.7,52.8,In Progress,2026-08-14,Q3 2026,active
BEN-003438,Gathoni,Kilonzo,Female,Muranga,Scholarship,Jomo Kenyatta University,Bachelor,2025/2026,78.9,62.2,In Progress,2026-08-01,Q3 2026,active
BEN-003439,Emmanuel,Njenga,Male,Nairobi,Scholarship,Maseno University,Diploma,2024/2025,100.0,71.4,Completed,2025-07-10,Q3 2025,completed
BEN-003448,Wangari,Cheruiyot,FEMALE,Kiambu,Scholarship,Mount Kenya University,Bachelor,2025/2026,85.3,73.8,In Progress,2025-12-26,Q4 2025,active
BEN-003449,John,Mutiso,Male,Bungoma,Scholarship,Moi University,Bachelor,2025/2026,88.8,52.9,In Progress,2026-06-20,Q2 2026,active
BEN-003451,Cynthia,Gitau,Female,NAIROBI,Scholarship,Kenyatta University,Bachelor,2025/2026,88.1,67.8,Completed,2025-12-30,Q4 2025,completed
BEN-003452,Kamau,Gitau,Male,Machakos,Scholarship,Kenyatta University,Diploma,2024/2025,75.4,55.8,Completed,2025-04-12,Q2 2025,completed
BEN-003453,Awuor,Kimani,Female,Nakuru,Scholarship,Mount Kenya University,Bachelor,2025/2026,89.0,67.0,In Progress,2026-02-27,Q1 2026,active
BEN-003454,Gathoni,Gitau,Female,Kajiado,Scholarship,Maseno University,Diploma,2025/2026,99.1,50.5,In Progress,2026-08-26,Q3 2026,active
BEN-003458,Ali,Kariuki,Male,Machakos,Scholarship,Africa Nazarene University,Bachelor,2025/2026,85.6,53.3,In Progress,2026-06-27,Q2 2026,active
BEN-003459,Anthony,Musyoka,Male,MOMBASA,Scholarship,University of Nairobi,Bachelor,2026/2027,85.1,51.3,In Progress,2026-09-24,Q3 2026,active
BEN-003460,Boniface,Bett,M,Kakamega,Scholarship,Jomo Kenyatta University,Diploma,2025/2026,76.4,49.0,In Progress,2026-01-08,Q1 2026,active
BEN-003461,Nasieku,Wekesa,Female,Kakamega,Scholarship,Mount Kenya University,Bachelor,2024/2025,66.8,69.5,Completed,2025-05-14,Q2 2025,completed
BEN-003462,Diana,Odhiambo,Female,Nairobi,Scholarship,Africa Nazarene University,Master,2024/2025,86.0,64.7,Dropped,2025-01-30,Q1 2025,dropped_out
BEN-003463,Samuel,Bett,Male,Muranga,Scholarship,Jomo Kenyatta University,Bachelor,2024/2025,73.2,52.5,Dropped,2025-07-15,Q3 2025,dropped_out
BEN-003469,Sharon,Odhiambo,Female,Muranga,Scholarship,Kenyatta University,Bachelor,2024/2025,71.8,55.5,dropped out,2025-07-26,Q3 2025,dropped_out
BEN-003474,Njeri,Baya,Female,Nairobi,Scholarship,Catholic University of Eastern Africa,Diploma,2024/2025,80.7,73.7,Completed,2025-05-01,Q2 2025,completed
BEN-003477,Awuor,Juma,Female,Muranga,Scholarship,Mount Kenya University,Bachelor,2025/2026,75.5,59.5,In Progress,2026-08-06,Q3 2026,active
BEN-003479,Daniel,Juma,Male,Mombasa County,Scholarship,Moi University,Bachelor,2025/2026,75.2,82.1,Completed,2025-09-21,Q3 2025,completed
BEN-003484,Cheruiyot,Kamau,Male,Kakamega,Scholarship,Jomo Kenyatta University,Bachelor,2024/2025,71.0,50.2,Completed,2025-07-14,Q3 2025,completed
BEN-003488,Neema,Njenga,Female,Nyeri,Scholarship,Daystar University,Master,2025/2026,86.6,73.8,Dropped,2026-02-25,Q1 2026,dropped_out
BEN-003490,James,Kiptoo,Male,Machakos,Scholarship,Daystar University,Bachelor,2025/2026,80.0,76.9,In Progress,2026-05-07,Q2 2026,active
BEN-003493,Faith,Korir,Female,Nairobi County,Scholarship,Kenyatta University,Bachelor,2024/2025,88.6,51.5,COMPLETED,2025-04-16,Q2 2025,completed
BEN-003497,Musyoka,Achieng,Male,Kiambu,Scholarship,Mount Kenya University,Diploma,2025/2026,90.2,67.4,In Progress,2026-01-22,Q1 2026,active
BEN-003499,Mumbi,Otieno,FEMALE,Mombasa,Scholarship,Maseno University,Bachelor,2024/2025,71.0,53.5,Completed,2025-03-21,Q1 2025,completed
BEN-003500,Emily,Kariuki,female,Bungoma,Scholarship,Jomo Kenyatta University,Master,2024/2025,80.2,55.1,Completed,2025-07-28,Q3 2025,completed
BEN-003501,Akinyi,Cheruiyot,Female,Kisii,Scholarship,Moi University,Bachelor,2025/2026,78.1,67.6,In Progress,2026-04-08,Q2 2026,active
BEN-003502,Atieno,Matano,Female,Nyeri,Scholarship,Kenyatta University,Bachelor,2025/2026,90.5,79.3,In Progress,2026-08-12,Q3 2026,active
BEN-003503,Stephen,Koech,Male,Kisumu County,Scholarship,Jomo Kenyatta University,Master,2025/2026,61.3,58.4,complete,2025-09-18,Q3 2025,completed
BEN-003504,Gathoni,Wekesa,Female,Nakuru,Scholarship,Kenyatta University,Diploma,2025/2026,80.0,61.7,Completed,2025-09-19,Q3 2025,completed
BEN-003507,Wanjiku,Juma,Female,Kilifi,Scholarship,Strathmore University,Diploma,2025/2026,76.4,53.4,Completed,2025-12-19,Q4 2025,completed
BEN-003509,Kipchoge,Kariuki,Male,Kisii,Scholarship,Africa Nazarene University,Bachelor,2024/2025,92.6,48.9,Completed,2025-08-06,Q3 2025,completed
BEN-003522,Isaac,Njoroge,m,NAIROBI,Scholarship,Jomo Kenyatta University,Bachelor,2025/2026,100.0,60.6,Completed,2026-03-09,Q1 2026,completed
BEN-003524,Purity,Baya,Female,Machakos,Scholarship,Maseno University,Master,2025/2026,85.4,66.1,In Progress,2026-06-16,Q2 2026,active
BEN-003525,Korir,Wafula,Male,Kakamega,Scholarship,Maseno University,Diploma,2024/2025,82.9,77.3,Dropped,2025-07-26,Q3 2025,dropped_out
BEN-003526,Korir,Nduta,Male,Nairobi,Scholarship,Jomo Kenyatta University,Bachelor,2025/2026,90.1,47.8,In Progress,2026-07-28,Q3 2026,active
BEN-003531,Emily,Mutiso,Female,Mombasa County,Scholarship,Daystar University,Diploma,2025/2026,73.9,68.2,Completed,2025-10-13,Q4 2025,completed
BEN-003535,Anyango,Njoroge,Female,Mombasa,Scholarship,University of Nairobi,Bachelor,2026/2027,92.3,42.2,In Progress,2026-09-10,Q3 2026,active
BEN-003543,Joy,Njenga,Female,Nairobi,Scholarship,Strathmore University,Bachelor,2025/2026,86.1,63.9,Completed,2025-11-04,Q4 2025,completed
BEN-003544,Grace,Achieng,Female,Mombasa,Scholarship,Mount Kenya University,Diploma,2025/2026,87.0,61.3,In Progress,2026-01-12,Q1 2026,active
BEN-003546,Cynthia,Kariuki,Female,Nairobi,Scholarship,Maseno University,Diploma,2026/2027,100.0,71.9,In Progress,2026-09-28,Q3 2026,active
BEN-003552,Faith,Mwangi,Female,Mombasa,Scholarship,Catholic University of Eastern Africa,Bachelor,2024/2025,98.8,77.0,Dropped,2025-06-17,Q2 2025,dropped_out
BEN-003553,Nasieku,Mwangi,female,Kiambu,Scholarship,Moi University,Bachelor,2025/2026,83.1,84.7,Completed,2025-12-27,Q4 2025,completed
BEN-003556,Vincent,Mutua,Male,Meru,Scholarship,Strathmore University,Master,2025/2026,90.9,73.2,Completed,2025-09-21,Q3 2025,completed
BEN-003558,Faith,Wanjiku,Female,Muranga,Scholarship,Strathmore University,Master,2025/2026,85.5,71.3,Completed,2025-10-11,Q4 2025,completed
BEN-003561,Jerop,Mutiso,Female,Kilifi,Scholarship,Maseno University,Master,2026/2027,83.6,59.6,In Progress,2026-09-04,Q3 2026,active
BEN-003565,Purity,Onyango,Female,Bungoma,Scholarship,University of Nairobi,Master,2024/2025,79.0,70.8,Completed,2025-06-29,Q2 2025,completed
BEN-003569,Boniface,Matano,Male,Kakamega,Scholarship,Kenyatta University,Bachelor,2025/2026,77.0,69.2,Completed,2026-02-15,Q1 2026,completed
BEN-003571,Brian,Wanjiku,Male,Meru,Scholarship,Africa Nazarene University,Diploma,2025/2026,83.8,61.4,In Progress,2026-02-27,Q1 2026,active
BEN-003577,Timothy,Otieno,Male,Nairobi,Scholarship,Strathmore University,Bachelor,2025/2026,94.3,57.0,In Progress,2026-07-31,Q3 2026,active
BEN-003582,Esther,Onyango,Female,Nyeri,Scholarship,Mount Kenya University,Bachelor,2024/2025,75.7,48.1,Completed,2025-05-07,Q2 2025,completed
BEN-003587,Omondi,Charo,Male,Nairobi,Scholarship,Daystar University,Bachelor,2025/2026,89.1,63.7,complete,2025-11-13,Q4 2025,completed
BEN-003588,David,Wekesa,Male,Kakamega,Scholarship,Strathmore University,Bachelor,2026/2027,83.8,53.9,In Progress,2026-09-20,Q3 2026,active
BEN-003589,Wanjiru,Ochieng,Female,Kiambu,Scholarship,Catholic University of Eastern Africa,Bachelor,2025/2026,90.0,61.7,In Progress,2026-07-19,Q3 2026,active
BEN-003593,Brenda,Odhiambo,Female,Kiambu,Scholarship,University of Nairobi,Master,2025/2026,90.7,72.2,Completed,2025-10-07,Q4 2025,completed
BEN-003596,Patrick,Kariuki,Male,Nairobi,Scholarship,Strathmore University,Diploma,2025/2026,82.8,78.6,In Progress,2026-05-09,Q2 2026,active
BEN-003598,James,Njenga,Male,Bungoma,Scholarship,Maseno University,Bachelor,2025/2026,80.6,70.9,In Progress,2026-07-28,Q3 2026,active
BEN-003599,Purity,Njoroge,Female,Kajiado,Scholarship,Mount Kenya University,Bachelor,2025/2026,91.4,63.6,In Progress,2026-06-20,Q2 2026,active
BEN-003600,Kelvin,Mutua,Male,Kiambu,Scholarship,Catholic University of Eastern Africa,Bachelor,2025/2026,99.3,59.3,In Progress,2026-08-24,Q3 2026,active
BEN-003603,Kipchoge,Juma,Male,Kiambu,Scholarship,Daystar University,Bachelor,2025/2026,96.9,59.1,In Progress,2026-07-16,Q3 2026,active
BEN-003611,Kamau,Kilonzo,Male,Nairobi,Scholarship,Moi University,Master,2025/2026,100.0,44.0,In Progress,2026-04-14,Q2 2026,active
BEN-003615,Cynthia,Baya,Female,Meru,Scholarship,Strathmore University,Bachelor,2024/2025,77.8,58.6,Completed,2025-06-24,Q2 2025,completed
BEN-003617,Gathoni,Cheruiyot,Female,Mombasa,Scholarship,Maseno University,Bachelor,2025/2026,80.7,50.7,Completed,2025-09-29,Q3 2025,completed
BEN-003618,Daniel,Baya,Male,Mombasa,Scholarship,Mount Kenya University,Bachelor,2024/2025,85.0,60.8,Completed,2025-05-16,Q2 2025,completed
BEN-003619,Cynthia,Muthoni,f,Nairobi,Scholarship,Jomo Kenyatta University,Bachelor,2025/2026,100.0,69.8,In Progress,2025-11-16,Q4 2025,active
BEN-003622,Mohamed,Kilonzo,Male,Muranga,Scholarship,Jomo Kenyatta University,Bachelor,2025/2026,83.3,65.5,In Progress,2026-01-09,Q1 2026,active
BEN-003625,Jerop,Abdi,Female,Kisii,Scholarship,Maseno University,Master,2025/2026,87.3,57.5,Dropped,2026-02-17,Q1 2026,dropped_out
BEN-003628,Chepkoech,Wanjiku,Female,Kiambu,Scholarship,Mount Kenya University,Bachelor,2025/2026,100.0,79.7,In Progress,2026-03-27,Q1 2026,active
BEN-003629,Njeri,Cheruiyot,Female,Nairobi,Scholarship,Kenyatta University,Bachelor,2025/2026,88.4,83.0,In Progress,2026-08-19,Q3 2026,active
BEN-003630,Njeri,Achieng,F,Machakos,Scholarship,Jomo Kenyatta University,Bachelor,2025/2026,86.4,67.0,In Progress,2026-07-31,Q3 2026,active
BEN-003631,Nkatha,Mohamed,Female,Nairobi,Scholarship,Jomo Kenyatta University,Bachelor,2025/2026,97.7,48.6,In Progress,2026-01-11,Q1 2026,active
BEN-003632,Kelvin,Wekesa,Male,Kajiado,Scholarship,Daystar University,Master,2024/2025,90.3,61.3,Completed,2025-03-04,Q1 2025,completed
BEN-003636,Wanjiku,Baya,Female,Muranga,Scholarship,Africa Nazarene University,Master,2025/2026,77.0,74.6,In Progress,2026-01-14,Q1 2026,active
BEN-003640,Kendi,Njenga,Female,Kisumu,Scholarship,Kenyatta University,Master,2024/2025,90.7,54.0,Completed,2025-02-26,Q1 2025,completed
BEN-003647,Emmanuel,Mbogo,Male,Nairobi,Scholarship,Daystar University,Bachelor,2025/2026,92.7,60.6,Completed,2025-09-03,Q3 2025,completed
BEN-003648,Abdi,Muthoni,Male,Meru,Scholarship,Kenyatta University,Bachelor,2025/2026,77.0,78.8,In Progress,2026-06-10,Q2 2026,active
BEN-003649,Atieno,Mbogo,Female,Nyeri,Scholarship,Kenyatta University,Diploma,2025/2026,100.0,58.5,Completed,2025-09-24,Q3 2025,completed
BEN-003650,Odhiambo,Mwakio,Male,Machakos,Scholarship,Moi University,Bachelor,2024/2025,67.6,79.3,Dropped,2025-05-28,Q2 2025,dropped_out
BEN-003651,Amina,Maina,Female,Uasin Gishu,Scholarship,Catholic University of Eastern Africa,Diploma,2024/2025,100.0,61.5,Completed,2025-07-16,Q3 2025,completed
BEN-003652,Kelvin,Mwakio,Male,kisumu,Scholarship,Africa Nazarene University,Diploma,2025/2026,76.2,71.5,In Progress,2026-05-15,Q2 2026,active
BEN-003654,John,Hassan,Male,Kisumu,Scholarship,Maseno University,Bachelor,2024/2025,59.6,52.4,Completed,2025-08-26,Q3 2025,completed
BEN-003659,Juma,Kuria,Male,Kisii,Scholarship,University of Nairobi,Master,2024/2025,89.8,41.7,COMPLETED,2025-04-01,Q2 2025,completed
BEN-003663,Grace,Abdi,Female,Muranga,Scholarship,Daystar University,Diploma,2025/2026,86.8,76.6,In Progress,2026-03-04,Q1 2026,active
BEN-003666,Cheruiyot,Wafula,M,Nairobi,Scholarship,Daystar University,Bachelor,2025/2026,92.4,71.5,In Progress,2026-08-09,Q3 2026,active
BEN-003667,Amina,Mbogo,Female,Bungoma,Scholarship,Catholic University of Eastern Africa,Bachelor,2025/2026,79.5,65.7,In Progress,2026-07-12,Q3 2026,active
BEN-003668,Joseph,Owino,Male,Kilifi,Scholarship,Mount Kenya University,Diploma,2025/2026,72.4,56.0,In Progress,2026-04-13,Q2 2026,active
BEN-003671,Chebet,Mwakio,Female,Kisumu,Scholarship,Moi University,Master,2025/2026,76.6,67.8,Completed,2026-01-24,Q1 2026,completed
BEN-003672,Dennis,Wafula,Male,Nakuru,Scholarship,Strathmore University,Bachelor,2025/2026,83.3,62.0,In Progress,2026-07-19,Q3 2026,active
BEN-003678,Emily,Matano,Female,Nairobi,Scholarship,Mount Kenya University,Bachelor,2025/2026,92.9,82.2,In Progress,2026-05-27,Q2 2026,active
BEN-003680,John,Wanjiku,Male,Mombasa,Scholarship,Moi University,Master,2025/2026,69.4,47.3,In Progress,2026-07-30,Q3 2026,active
BEN-003683,Wanjiku,Chebet,Female,Machakos,Scholarship,Africa Nazarene University,Bachelor,2024/2025,76.4,75.4,Completed,2025-06-13,Q2 2025,completed
BEN-003689,Vincent,Wanjiku,Male,Nairobi,Scholarship,Kenyatta University,Bachelor,2025/2026,87.4,58.5,In Progress,2026-06-19,Q2 2026,active
BEN-003690,Mutua,Muthoni,Male,Nyeri,Scholarship,Maseno University,Bachelor,2025/2026,93.2,68.8,In Progress,2026-05-20,Q2 2026,active
BEN-003695,Baraka,Charo,Male,Mombasa,Scholarship,Jomo Kenyatta University,Bachelor,2025/2026,70.0,54.8,Completed,2026-01-02,Q1 2026,completed
BEN-003698,Victor,Rotich,Male,Nakuru,Scholarship,Jomo Kenyatta University,Diploma,2024/2025,85.8,74.1,Completed,2025-01-05,Q1 2025,completed
BEN-003699,Esther,Chebet,Female,Nairobi,Scholarship,Moi University,Bachelor,2025/2026,80.2,60.9,In Progress,2025-12-26,Q4 2025,active
BEN-003702,Esther,Hassan,Female,Uasin Gishu,Scholarship,University of Nairobi,Diploma,2026/2027,82.7,69.9,In Progress,2026-09-04,Q3 2026,active
BEN-003705,Kamau,Achieng,Male,Nakuru,Scholarship,Daystar University,Bachelor,2024/2025,75.7,61.8,Dropped,2025-07-27,Q3 2025,dropped_out
BEN-003706,Ali,Nyambane,Male,Bungoma,Scholarship,Moi University,Master,2024/2025,77.5,98.9,Completed,2025-05-19,Q2 2025,completed
BEN-003707,Achieng,Hassan,Female,Nairobi,Scholarship,Maseno University,Diploma,2025/2026,86.8,85.8,In Progress,2026-01-15,Q1 2026,active
BEN-003712,Cheruiyot,Onyango,Male,Uasin Gishu,Scholarship,Moi University,Bachelor,2025/2026,88.1,57.5,In Progress,2026-06-30,Q2 2026,active
BEN-003716,Emily,Kamau,Female,Nairobi,Scholarship,Africa Nazarene University,Bachelor,2025/2026,100.0,69.3,In Progress,2026-05-26,Q2 2026,active
BEN-003718,Wanjiku,Charo,Female,KAKAMEGA,Scholarship,Kenyatta University,Bachelor,2026/2027,88.8,66.2,In Progress,2026-09-03,Q3 2026,active
BEN-003722,Simon,Baya,Male,Kiambu,Scholarship,Mount Kenya University,Bachelor,2024/2025,86.9,66.1,Completed,2025-04-07,Q2 2025,completed
BEN-003724,Mutua,Korir,Male,Nairobi,Scholarship,Mount Kenya University,Diploma,2024/2025,87.2,65.9,Completed,2025-02-05,Q1 2025,completed
BEN-003727,Stephen,Bett,Male,Kiambu,Scholarship,University of Nairobi,Bachelor,2025/2026,100.0,80.7,In Progress,2026-04-14,Q2 2026,active
BEN-003730,Chepkoech,Nyambane,Female,Kiambu,Scholarship,University of Nairobi,Diploma,2024/2025,84.2,71.6,Dropped,2025-07-05,Q3 2025,dropped_out
BEN-003731,Kendi,Otieno,Female,Machakos,Scholarship,Moi University,Diploma,2025/2026,100.0,79.4,In Progress,2026-05-04,Q2 2026,active
BEN-003733,Wanjiru,Kimani,Female,Kisumu,Scholarship,Catholic University of Eastern Africa,Bachelor,2025/2026,74.4,54.1,Completed,2025-09-29,Q3 2025,completed
BEN-003734,Anyango,Omondi,Female,Nyeri,Scholarship,University of Nairobi,Master,2025/2026,76.3,52.3,In Progress,2026-02-27,Q1 2026,active
BEN-003735,Omondi,Mohamed,Male,Kisumu,Scholarship,Mount Kenya University,Master,2025/2026,71.7,63.4,Completed,2026-01-25,Q1 2026,completed
BEN-003736,Awuor,Ochieng,Female,Kiambu,Scholarship,Jomo Kenyatta University,Master,2025/2026,84.8,74.1,In Progress,2026-01-01,Q1 2026,active
BEN-003737,Odhiambo,Hassan,Male,Meru,Scholarship,Strathmore University,Bachelor,2025/2026,74.4,64.4,In Progress,2025-10-16,Q4 2025,active
BEN-003738,Dennis,Barasa,m,Nairobi,Scholarship,Catholic University of Eastern Africa,Bachelor,2025/2026,100.0,77.4,Completed,2025-10-02,Q4 2025,completed
BEN-003740,Boniface,Kilonzo,Male,Kilifi,Scholarship,Jomo Kenyatta University,Bachelor,2024/2025,80.1,75.3,Completed,2025-07-08,Q3 2025,completed
BEN-003744,Timothy,Chebet,Male,Kajiado,Scholarship,Mount Kenya University,Bachelor,2024/2025,74.5,60.8,Completed,2025-02-09,Q1 2025,completed
BEN-003752,Brenda,Kimani,Female,Muranga,Scholarship,Kenyatta University,Bachelor,2024/2025,90.3,65.5,Dropped,2025-04-12,Q2 2025,dropped_out
BEN-003753,Kagure,Ngugi,Female,Kakamega,Scholarship,Maseno University,Bachelor,2025/2026,98.1,72.7,In Progress,2026-07-20,Q3 2026,active
BEN-003756,Nyambura,Kariuki,Female,Kiambu,Scholarship,Africa Nazarene University,Master,2025/2026,84.0,70.0,Completed,2026-01-16,Q1 2026,completed
BEN-003758,Anyango,Musyoka,Female,Kilifi,Scholarship,Catholic University of Eastern Africa,Bachelor,2025/2026,80.3,55.0,In Progress,2026-06-03,Q2 2026,active
BEN-003760,Stephen,Kuria,Male,Meru,Scholarship,Jomo Kenyatta University,Bachelor,2025/2026,87.5,69.0,In Progress,2026-05-10,Q2 2026,active
BEN-003766,Sharon,Katana,Female,Bungoma,Scholarship,Mount Kenya University,Diploma,2025/2026,87.2,37.7,In Progress,2026-05-14,Q2 2026,active
BEN-003770,Mercy,Korir,Female,Nakuru,Scholarship,Maseno University,Master,2025/2026,83.8,71.5,In Progress,2026-08-23,Q3 2026,active
BEN-003772,Rotich,Wafula,m,Kajiado,Scholarship,Africa Nazarene University,Bachelor,2025/2026,96.1,53.6,In Progress,2026-02-17,Q1 2026,active
BEN-003774,Neema,Kimani,Female,Kajiado,Scholarship,Kenyatta University,Bachelor,2025/2026,100.0,71.9,In Progress,2026-05-21,Q2 2026,active
BEN-003775,Neema,Katana,female,Kakamega,Scholarship,Strathmore University,Bachelor,2024/2025,83.9,56.3,Completed,2025-07-22,Q3 2025,completed
BEN-003776,Ali,Onyango,Male,Kajiado County,Scholarship,Moi University,Master,2024/2025,85.7,61.9,Completed,2025-02-23,Q1 2025,completed
BEN-003780,Brian,Baya,Male,Kajiado,Scholarship,Maseno University,Bachelor,2025/2026,94.7,59.8,In Progress,2025-11-19,Q4 2025,active
BEN-003781,Jerop,Korir,Female,Nairobi,Scholarship,Africa Nazarene University,Bachelor,2025/2026,97.6,76.6,In Progress,2025-11-06,Q4 2025,active
BEN-003785,Kipchoge,Mutiso,Male,Muranga,Scholarship,Maseno University,Diploma,2025/2026,88.0,61.8,Completed,2025-09-26,Q3 2025,completed
BEN-003788,Esther,Mutua,f,Uasin Gishu County,Scholarship,Africa Nazarene University,Bachelor,2025/2026,77.4,77.0,In Progress,2026-05-09,Q2 2026,active
BEN-003789,Anyango,Njenga,Female,Nairobi,Scholarship,Africa Nazarene University,Diploma,2025/2026,90.0,65.2,In Progress,2026-07-27,Q3 2026,active
BEN-003790,Sharon,Hassan,Female,Bungoma,Scholarship,Daystar University,Diploma,2026/2027,81.8,66.4,In Progress,2026-09-28,Q3 2026,active
BEN-003801,Peter,Achieng,Male,Nyeri,Scholarship,Kenyatta University,Diploma,2025/2026,100.0,53.0,In Progress,2026-06-03,Q2 2026,active
BEN-003802,Kamau,Mbogo,Male,Nairobi,Scholarship,Catholic University of Eastern Africa,Bachelor,2025/2026,93.2,50.7,In Progress,2026-03-02,Q1 2026,active
BEN-003804,Odhiambo,Wekesa,Male,Machakos,Scholarship,Africa Nazarene University,Bachelor,2025/2026,87.8,44.9,In Progress,2026-01-24,Q1 2026,active
BEN-003807,Grace,Matano,Female,NAKURU,Scholarship,Jomo Kenyatta University,Bachelor,2025/2026,90.9,79.3,In Progress,2026-02-04,Q1 2026,active
BEN-003811,Atieno,Owino,Female,Kisumu,Scholarship,Moi University,Diploma,2025/2026,90.9,69.7,In Progress,2025-12-28,Q4 2025,active
BEN-003819,Achieng,Mwakio,Female,Kiambu,Scholarship,Catholic University of Eastern Africa,Bachelor,2025/2026,87.9,71.9,In Progress,2026-08-15,Q3 2026,active
BEN-003820,Gathoni,Wafula,Female,Nairobi,Scholarship,Catholic University of Eastern Africa,Diploma,2024/2025,97.7,77.4,Completed,2025-05-28,Q2 2025,completed
BEN-003823,Mumbi,Njoroge,Female,Nakuru,Scholarship,Jomo Kenyatta University,Bachelor,2025/2026,70.7,48.0,In Progress,2026-04-30,Q2 2026,active
BEN-003826,Samuel,Omondi,Male,Nyeri,Scholarship,University of Nairobi,Diploma,2025/2026,85.1,70.8,In Progress,2026-02-19,Q1 2026,active
BEN-003831,Zawadi,Muthoni,Female,Meru,Scholarship,Strathmore University,Master,2025/2026,78.1,67.6,Dropped,2026-01-05,Q1 2026,dropped_out
BEN-003835,Juma,Kariuki,Male,Nairobi,Scholarship,Daystar University,Bachelor,2025/2026,85.5,63.8,In Progress,2025-12-19,Q4 2025,active
BEN-003836,Korir,Ochieng,Male,Bungoma,Scholarship,Mount Kenya University,Bachelor,2025/2026,82.1,55.6,In Progress,2026-04-02,Q2 2026,active
BEN-003847,Patrick,Njoroge,Male,Nyeri,Scholarship,Daystar University,Master,2025/2026,90.8,67.7,COMPLETED,2025-12-01,Q4 2025,completed
BEN-003849,James,Achieng,Male,Meru,Scholarship,Maseno University,Diploma,2024/2025,80.7,60.6,Dropped,2025-03-03,Q1 2025,dropped_out
BEN-003855,Kilonzo,Bett,m,Nakuru,Scholarship,Catholic University of Eastern Africa,Diploma,2026/2027,85.9,87.0,In Progress,2026-09-04,Q3 2026,active
BEN-003858,Isaac,Baya,Male,Nairobi,Scholarship,Kenyatta University,Bachelor,2025/2026,87.3,71.0,Completed,2025-09-12,Q3 2025,completed
BEN-003864,Wekesa,Kariuki,Male,Nairobi,Scholarship,Daystar University,Bachelor,2025/2026,87.3,82.3,In Progress,2026-05-19,Q2 2026,active
BEN-003865,Chepkoech,Owino,Female,Machakos,Scholarship,Maseno University,Bachelor,2026/2027,71.2,62.8,In Progress,2026-09-09,Q3 2026,active
BEN-003866,Anthony,Hassan,Male,kisii,Scholarship,University of Nairobi,Diploma,2025/2026,72.0,52.5,Completed,2025-09-11,Q3 2025,completed
BEN-003869,Abdi,Njenga,M,Kiambu,Scholarship,University of Nairobi,Master,2026/2027,82.6,64.9,In Progress,2026-09-12,Q3 2026,active
BEN-003873,Isaac,Hassan,Male,Kakamega,Scholarship,Mount Kenya University,Bachelor,2024/2025,88.1,66.5,complete,2025-07-24,Q3 2025,completed
BEN-003877,Rotich,Wekesa,Male,MERU,Scholarship,Daystar University,Diploma,2025/2026,78.6,71.5,In Progress,2026-05-21,Q2 2026,active
BEN-003879,Amina,Onyango,Female,Nairobi,Scholarship,Mount Kenya University,Master,2024/2025,99.8,56.1,Completed,2025-05-23,Q2 2025,completed
BEN-003881,Cherono,Barasa,Female,Kiambu,Scholarship,Moi University,Master,2025/2026,91.9,83.1,Completed,2025-10-21,Q4 2025,completed
BEN-003884,Akinyi,Charo,Female,Uasin Gishu,Scholarship,Africa Nazarene University,Diploma,2024/2025,87.5,57.7,Completed,2025-06-29,Q2 2025,completed
BEN-003885,Amina,Hassan,Female,Kisumu,Scholarship,University of Nairobi,Diploma,2025/2026,80.7,84.6,In Progress,2026-06-21,Q2 2026,active
BEN-003893,Juma,Wafula,Male,Nairobi,Scholarship,Jomo Kenyatta University,Bachelor,2025/2026,85.7,66.0,In Progress,2026-07-17,Q3 2026,active
BEN-003895,Brian,Mohamed,Male,KAKAMEGA,Scholarship,Strathmore University,Bachelor,2024/2025,71.9,54.7,Completed,2025-04-01,Q2 2025,completed
BEN-003897,Emily,Muthoni,Female,Kakamega,Scholarship,Africa Nazarene University,Bachelor,2024/2025,66.7,58.3,Completed,2025-04-18,Q2 2025,completed
BEN-003899,John,Nduta,male,Nyeri,Scholarship,Africa Nazarene University,Bachelor,2025/2026,86.7,70.8,In Progress,2026-01-31,Q1 2026,active
BEN-003904,Samuel,Cheruiyot,Male,Mombasa County,Scholarship,Daystar University,Bachelor,2026/2027,98.2,48.0,In Progress,2026-09-22,Q3 2026,active
BEN-003907,Cherono,Barasa,Female,Muranga,Scholarship,Kenyatta University,Master,2025/2026,93.2,70.2,In Progress,2026-04-27,Q2 2026,active
BEN-003909,Patrick,Odhiambo,Male,Bungoma,Scholarship,Africa Nazarene University,Bachelor,2024/2025,92.7,48.8,Completed,2025-03-25,Q1 2025,completed
BEN-003910,Gathoni,Kuria,Female,Muranga,Scholarship,Jomo Kenyatta University,Bachelor,2025/2026,90.7,71.6,In Progress,2026-07-13,Q3 2026,active
BEN-003911,Mutua,Kimani,Male,Nairobi,Scholarship,Jomo Kenyatta University,Master,2025/2026,92.3,76.2,Completed,2026-03-04,Q1 2026,completed
BEN-003915,Gathoni,Omondi,Female,Kilifi,Scholarship,Catholic University of Eastern Africa,Bachelor,2025/2026,85.0,50.6,In Progress,2025-11-15,Q4 2025,active
BEN-003916,Jerop,Abdi,Female,kakamega,Scholarship,Daystar University,Bachelor,2024/2025,76.0,38.4,Completed,2025-06-24,Q2 2025,completed
BEN-003921,Brenda,Baya,Female,Nyeri,Scholarship,Kenyatta University,Bachelor,2025/2026,95.2,54.6,In Progress,2026-01-08,Q1 2026,active
BEN-003922,Francis,Mbogo,Male,Machakos,Scholarship,Africa Nazarene University,Diploma,2025/2026,70.0,58.7,In Progress,2026-04-29,Q2 2026,active
BEN-003923,John,Charo,Male,Nairobi,Scholarship,University of Nairobi,Bachelor,2025/2026,79.4,64.7,In Progress,2026-01-02,Q1 2026,active
BEN-003927,Cherono,Mutiso,Female,Nairobi,Scholarship,Maseno University,Bachelor,2024/2025,100.0,85.1,Completed,2025-04-08,Q2 2025,completed
BEN-003929,Brenda,Odhiambo,Female,Kisumu,Scholarship,Daystar University,Bachelor,2025/2026,73.4,64.9,In Progress,2026-06-16,Q2 2026,active
BEN-003931,John,Otieno,Male,Kajiado,Scholarship,Daystar University,Bachelor,2025/2026,89.2,67.2,In Progress,2026-02-19,Q1 2026,active
BEN-003932,Cynthia,Katana,FEMALE,Nairobi,Scholarship,Moi University,Bachelor,2025/2026,91.6,61.9,Completed,2025-10-14,Q4 2025,completed
BEN-003934,Mercy,Koech,Female,Kisumu,Scholarship,Mount Kenya University,Bachelor,2025/2026,84.7,59.5,Dropped,2026-01-13,Q1 2026,dropped_out
BEN-003935,Otieno,Mohamed,Male,UASIN_GISHU,Scholarship,Moi University,Bachelor,2025/2026,88.7,78.4,In Progress,2025-11-28,Q4 2025,active
BEN-003937,Akinyi,Otieno,F,Meru,Scholarship,Mount Kenya University,Bachelor,2025/2026,72.5,49.7,Completed,2025-09-29,Q3 2025,completed
BEN-003938,Purity,Achieng,Female,Nairobi,Scholarship,Kenyatta University,Bachelor,2024/2025,71.8,62.2,Completed,2025-06-16,Q2 2025,completed
BEN-003939,Brian,Mbogo,Male,Kisumu,Scholarship,Moi University,Master,2025/2026,76.7,63.6,In Progress,2025-12-16,Q4 2025,active
BEN-003940,Nyambura,Charo,Female,Bungoma,Scholarship,Jomo Kenyatta University,Bachelor,2024/2025,89.8,70.5,Completed,2025-07-15,Q3 2025,completed
BEN-003944,Baraka,Nyambane,Male,Nairobi,Scholarship,Catholic University of Eastern Africa,Diploma,2025/2026,91.8,85.8,In Progress,2026-08-09,Q3 2026,active
BEN-003946,Atieno,Owino,Female,Meru,Scholarship,Strathmore University,Bachelor,2025/2026,84.3,55.1,Completed,2026-01-08,Q1 2026,completed
BEN-003948,Juma,Mwangi,Male,Nairobi,Scholarship,Jomo Kenyatta University,Diploma,2024/2025,100.0,58.2,Completed,2025-08-21,Q3 2025,completed
BEN-003950,Joy,Onyango,Female,MACHAKOS,Scholarship,Catholic University of Eastern Africa,Bachelor,2024/2025,88.2,85.6,Completed,2025-03-16,Q1 2025,completed
BEN-003953,Beatrice,Musyoka,Female,Uasin Gishu County,Scholarship,University of Nairobi,Bachelor,2024/2025,79.9,64.5,Completed,2025-02-20,Q1 2025,completed
BEN-003956,Purity,Musyoka,Female,Nairobi,Scholarship,Africa Nazarene University,Bachelor,2025/2026,90.3,73.8,In Progress,2026-06-19,Q2 2026,active
BEN-003958,Simon,Musyoka,Male,Kajiado,Scholarship,Kenyatta University,Bachelor,2025/2026,100.0,64.3,In Progress,2026-01-05,Q1 2026,active
BEN-003960,John,Barasa,Male,Nakuru,Scholarship,Jomo Kenyatta University,Bachelor,2025/2026,83.7,70.1,Completed,2026-03-29,Q1 2026,completed
BEN-003965,Odhiambo,Wanjiku,Male,Bungoma,Scholarship,Daystar University,Diploma,2024/2025,86.3,54.6,Completed,2025-08-06,Q3 2025,completed
BEN-003968,Kamau,Kariuki,Male,Kilifi,Scholarship,Strathmore University,Bachelor,2025/2026,77.2,68.2,In Progress,2025-11-28,Q4 2025,active
BEN-003969,Kiptoo,Muthoni,Male,Kajiado,Scholarship,Daystar University,Bachelor,2024/2025,100.0,48.4,Completed,2025-02-23,Q1 2025,completed
BEN-003970,Onyango,Mwangi,Male,Kajiado,Scholarship,Kenyatta University,Bachelor,2025/2026,85.2,67.4,In Progress,2026-06-17,Q2 2026,active
BEN-003974,Timothy,Wanjiku,Male,Uasin Gishu,Scholarship,Catholic University of Eastern Africa,Bachelor,2024/2025,95.5,42.3,Completed,2025-07-27,Q3 2025,completed
BEN-003976,Francis,Mutiso,Male,Kiambu,Scholarship,Maseno University,Bachelor,2025/2026,88.0,70.4,In Progress,2026-05-24,Q2 2026,active
BEN-003981,Kamau,Cheruiyot,Male,Kiambu,Scholarship,Jomo Kenyatta University,Diploma,2025/2026,87.2,69.2,In Progress,2026-05-21,Q2 2026,active
BEN-003982,Esther,Kilonzo,Female,Kakamega,Scholarship,Catholic University of Eastern Africa,Master,2025/2026,77.6,63.9,Completed,2026-01-26,Q1 2026,completed
BEN-003986,Wanjiru,Wekesa,Female,Nakuru,Scholarship,Catholic University of Eastern Africa,Diploma,2025/2026,85.3,73.6,In Progress,2026-07-27,Q3 2026,active
BEN-003987,Boniface,Mwakio,Male,Kakamega,Scholarship,Catholic University of Eastern Africa,Master,2025/2026,84.3,76.8,Dropped,2025-12-12,Q4 2025,dropped_out
BEN-003989,Joy,Achieng,Female,Kajiado,Scholarship,Kenyatta University,Bachelor,2025/2026,67.2,70.5,In Progress,2026-03-11,Q1 2026,active
BEN-003997,Wanjiku,Kariuki,Female,Nairobi,Scholarship,Jomo Kenyatta University,Diploma,2025/2026,71.7,82.4,Completed,2026-01-15,Q1 2026,completed
BEN-004001,Onyango,Nyambane,Male,Uasin Gishu,Scholarship,Kenyatta University,Bachelor,2025/2026,100.0,49.1,In Progress,2026-05-11,Q2 2026,active
BEN-004002,Cynthia,Mutiso,Female,Machakos,Scholarship,Africa Nazarene University,Bachelor,2026/2027,75.3,72.5,In Progress,2026-09-17,Q3 2026,active
BEN-004003,Wangari,Koech,Female,Kisii,Scholarship,Mount Kenya University,Master,2024/2025,95.6,61.7,Completed,2025-02-24,Q1 2025,completed
BEN-004004,Anyango,Baya,F,Kakamega,Scholarship,University of Nairobi,Master,2025/2026,86.3,62.4,In Progress,2025-12-14,Q4 2025,active
BEN-004005,Mumbi,Ngugi,Female,Kilifi,Scholarship,Jomo Kenyatta University,Bachelor,2025/2026,78.0,62.9,In Progress,2026-04-04,Q2 2026,active
BEN-004010,Onyango,Kilonzo,Male,Nairobi,Scholarship,Jomo Kenyatta University,Bachelor,2025/2026,67.0,70.1,complete,2025-09-12,Q3 2025,completed
BEN-004013,Kagure,Wafula,Female,Nairobi,Scholarship,Kenyatta University,Master,2026/2027,100.0,68.9,In Progress,2026-09-10,Q3 2026,active
BEN-004014,Purity,Gitau,FEMALE,Mombasa,Scholarship,Jomo Kenyatta University,Diploma,2026/2027,100.0,53.5,In Progress,2026-09-02,Q3 2026,active
BEN-004025,Odhiambo,Achieng,Male,KAKAMEGA,Scholarship,Catholic University of Eastern Africa,Bachelor,2025/2026,74.4,69.9,In Progress,2026-07-08,Q3 2026,active
BEN-004026,Kevin,Njenga,Male,Kiambu,Scholarship,Jomo Kenyatta University,Bachelor,2025/2026,75.4,76.3,In Progress,2025-11-27,Q4 2025,active
BEN-004027,Neema,Katana,Female,Muranga,Scholarship,Daystar University,Master,2025/2026,67.9,66.5,In Progress,2026-06-29,Q2 2026,active
BEN-004029,Samuel,Mohamed,Male,Mombasa,Scholarship,Kenyatta University,Bachelor,2025/2026,92.8,45.8,Completed,2026-01-17,Q1 2026,completed
BEN-004030,Anyango,Maina,Female,Kiambu,Scholarship,Moi University,Bachelor,2025/2026,91.5,56.5,In Progress,2026-08-19,Q3 2026,active
BEN-004031,Nicholas,Owino,Male,Kiambu County,Scholarship,Strathmore University,Bachelor,2024/2025,87.0,76.9,Dropped,2025-05-29,Q2 2025,dropped_out
BEN-004038,Kendi,Achieng,Female,KAJIADO,Scholarship,Catholic University of Eastern Africa,Master,2025/2026,97.9,42.0,Completed,2026-03-30,Q1 2026,completed
BEN-004042,Rotich,Kuria,Male,Meru,Scholarship,University of Nairobi,Master,2025/2026,82.8,77.5,Dropped,2025-10-18,Q4 2025,dropped_out
BEN-004046,Awuor,Achieng,Female,Nairobi,Scholarship,University of Nairobi,Diploma,2025/2026,85.8,43.9,In Progress,2026-04-03,Q2 2026,active
BEN-004048,Chepkoech,Ochieng,Female,Machakos,Scholarship,Africa Nazarene University,Bachelor,2025/2026,80.5,54.6,In Progress,2026-02-24,Q1 2026,active
BEN-004053,Otieno,Katana,Male,Nairobi,Scholarship,Maseno University,Bachelor,2024/2025,95.4,78.2,Completed,2025-08-26,Q3 2025,completed
BEN-004057,Onyango,Omondi,Male,Nairobi,Scholarship,Catholic University of Eastern Africa,Diploma,2025/2026,94.7,75.2,In Progress,2026-04-01,Q2 2026,active
BEN-004059,Jerop,Mwangi,Female,Kiambu,Scholarship,Moi University,Diploma,2025/2026,84.2,86.9,Completed,2025-10-31,Q4 2025,completed
BEN-004061,Mercy,Wanjiku,female,Nairobi,Scholarship,Daystar University,Bachelor,2025/2026,77.0,54.1,In Progress,2026-01-02,Q1 2026,active
BEN-004064,Otieno,Ngugi,Male,Kisumu,Scholarship,Catholic University of Eastern Africa,Diploma,2025/2026,83.0,70.1,In Progress,2026-07-25,Q3 2026,active
BEN-004070,Nasieku,Koech,Female,Nairobi,Scholarship,Daystar University,Diploma,2024/2025,84.6,72.5,Completed,2025-06-18,Q2 2025,completed
BEN-004072,Chebet,Odhiambo,Female,Kakamega,Scholarship,Kenyatta University,Master,2024/2025,83.0,77.7,Completed,2025-04-27,Q2 2025,completed
BEN-004073,Joy,Chebet,Female,Nairobi,Scholarship,Kenyatta University,Bachelor,2025/2026,59.2,77.0,Completed,2025-09-16,Q3 2025,completed
BEN-004075,Diana,Chebet,Female,Meru,Scholarship,University of Nairobi,Master,2026/2027,88.1,70.6,In Progress,2026-09-28,Q3 2026,active
BEN-004077,Dennis,Mutua,Male,Nairobi,Scholarship,Mount Kenya University,Master,2026/2027,79.4,75.9,In Progress,2026-09-11,Q3 2026,active
BEN-004084,Kipchoge,Njoroge,Male,Kakamega,Scholarship,Catholic University of Eastern Africa,Bachelor,2025/2026,89.9,41.5,In Progress,2026-05-04,Q2 2026,active
BEN-004085,Juma,Owino,Male,Nairobi,Scholarship,Africa Nazarene University,Bachelor,2025/2026,100.0,70.1,Completed,2026-02-07,Q1 2026,completed
BEN-004088,Collins,Cheruiyot,Male,Machakos,Scholarship,Mount Kenya University,Master,2025/2026,84.8,61.5,Dropped,2025-11-09,Q4 2025,dropped_out
BEN-004091,Kevin,Bett,Male,Kakamega,Scholarship,Daystar University,Bachelor,2025/2026,89.6,66.9,COMPLETED,2025-11-06,Q4 2025,completed
BEN-004092,Vincent,Kimani,Male,Mombasa,Scholarship,Jomo Kenyatta University,Master,2025/2026,73.8,73.6,In Progress,2026-07-18,Q3 2026,active
BEN-004093,Nasieku,Achieng,Female,Machakos,Scholarship,Strathmore University,Bachelor,2024/2025,93.3,64.0,Completed,2025-05-08,Q2 2025,completed
BEN-004094,Diana,Ochieng,Female,Nakuru,Scholarship,Maseno University,Master,2024/2025,86.0,67.8,Completed,2025-03-19,Q1 2025,completed
BEN-004096,Ali,Korir,Male,NAIROBI,Scholarship,Kenyatta University,Diploma,2025/2026,100.0,78.2,In Progress,2026-08-11,Q3 2026,active
BEN-004097,Stephen,Wafula,Male,Kiambu,Scholarship,Maseno University,Bachelor,2025/2026,88.5,54.9,In Progress,2026-08-06,Q3 2026,active
BEN-004098,Wanjiru,Barasa,Female,Nairobi,Scholarship,Maseno University,Bachelor,2025/2026,84.6,53.6,Completed,2025-11-01,Q4 2025,completed
BEN-004099,Peter,Kimani,Male,Meru,Scholarship,Maseno University,Bachelor,2025/2026,89.0,68.4,In Progress,2026-06-07,Q2 2026,active
BEN-004101,Halima,Juma,Female,Mombasa,Scholarship,Catholic University of Eastern Africa,Bachelor,2025/2026,98.4,66.8,Completed,2025-11-02,Q4 2025,completed
BEN-004103,Naisula,Onyango,Female,Mombasa,Scholarship,Jomo Kenyatta University,Bachelor,2025/2026,96.0,66.0,In Progress,2026-06-17,Q2 2026,active
BEN-004106,Samuel,Wafula,Male,Muranga,Scholarship,Jomo Kenyatta University,Diploma,2025/2026,93.2,91.2,In Progress,2026-08-10,Q3 2026,active
BEN-004109,Wanjiru,Nduta,Female,Nyeri,Scholarship,University of Nairobi,Bachelor,2025/2026,82.3,74.0,In Progress,2026-03-07,Q1 2026,active
BEN-004111,Jerop,Odhiambo,Female,Kisumu,Scholarship,Jomo Kenyatta University,Master,2025/2026,81.5,57.9,Completed,2025-09-09,Q3 2025,completed
BEN-004114,Wanjiru,Njenga,Female,NAIROBI,Scholarship,Moi University,Bachelor,2025/2026,100.0,80.8,Completed,2025-09-06,Q3 2025,completed
BEN-004120,Anthony,Barasa,Male,nairobi,Scholarship,Mount Kenya University,Diploma,2025/2026,87.2,87.7,In Progress,2026-06-22,Q2 2026,active
BEN-004121,Omondi,Mutiso,Male,Mombasa,Scholarship,Daystar University,Diploma,2025/2026,87.8,71.7,In Progress,2026-02-03,Q1 2026,active
BEN-004122,Gathoni,Baya,Female,Nairobi,Scholarship,Africa Nazarene University,Bachelor,2025/2026,93.6,69.7,In Progress,2026-03-20,Q1 2026,active
BEN-004124,Nkatha,Kimani,Female,Kakamega,Scholarship,Strathmore University,Bachelor,2025/2026,80.4,42.1,In Progress,2025-12-27,Q4 2025,active
BEN-004126,Amina,Ochieng,Female,Nyeri,Scholarship,Mount Kenya University,Bachelor,2024/2025,79.4,64.8,Completed,2025-06-19,Q2 2025,completed
BEN-004127,Njeri,Kiptoo,Female,Kajiado,Scholarship,Moi University,Diploma,2025/2026,95.5,43.9,Completed,2025-09-14,Q3 2025,completed
BEN-004128,Mercy,Hassan,Female,Kakamega,Scholarship,Daystar University,Bachelor,2025/2026,81.4,69.7,Completed,2025-11-20,Q4 2025,completed
BEN-004135,Sharon,Mohamed,Female,Machakos,Scholarship,Africa Nazarene University,Bachelor,2025/2026,91.0,59.0,In Progress,2026-03-02,Q1 2026,active
BEN-004137,Mercy,Charo,FEMALE,Kisumu,Scholarship,Moi University,Diploma,2025/2026,85.1,55.8,In Progress,2026-01-13,Q1 2026,active
BEN-004138,Korir,Korir,Male,Nakuru,Scholarship,Africa Nazarene University,Bachelor,2025/2026,88.4,56.2,In Progress,2026-05-31,Q2 2026,active
BEN-004146,Diana,Hassan,Female,Nakuru County,Scholarship,Daystar University,Diploma,2025/2026,95.7,74.3,In Progress,2026-02-28,Q1 2026,active
BEN-004147,Kagure,Kimani,Female,Machakos,Scholarship,University of Nairobi,Diploma,2025/2026,89.0,50.0,In Progress,2026-05-14,Q2 2026,active
BEN-004151,Samuel,Onyango,Male,Bungoma County,Scholarship,University of Nairobi,Bachelor,2025/2026,78.2,75.2,In Progress,2026-07-15,Q3 2026,active
BEN-004152,Cheruiyot,Njenga,Male,Meru,Scholarship,Maseno University,Bachelor,2025/2026,84.1,58.3,In Progress,2026-03-27,Q1 2026,active
BEN-004163,Cynthia,Ngugi,Female,Uasin Gishu,Scholarship,Maseno University,Master,2025/2026,95.2,63.0,Dropped,2025-10-18,Q4 2025,dropped_out
BEN-004166,Kagure,Kimani,Female,Machakos,Scholarship,Strathmore University,Diploma,2025/2026,80.9,71.5,In Progress,2026-07-20,Q3 2026,active
BEN-004170,Daniel,Katana,Male,Kisumu,Scholarship,Kenyatta University,Bachelor,2024/2025,69.1,65.9,Dropped,2025-07-15,Q3 2025,dropped_out
BEN-004172,Kilonzo,Kamau,Male,Muranga,Scholarship,Jomo Kenyatta University,Bachelor,2024/2025,89.0,62.0,Dropped,2025-06-23,Q2 2025,dropped_out
BEN-004175,Naisula,Mwakio,Female,Kisumu,Scholarship,Daystar University,Master,2025/2026,81.9,62.4,In Progress,2026-02-03,Q1 2026,active
BEN-004178,Purity,Kamau,Female,Nairobi,Scholarship,University of Nairobi,Bachelor,2025/2026,96.7,63.4,In Progress,2026-06-05,Q2 2026,active
BEN-004179,Vincent,Omondi,Male,Mombasa,Scholarship,Moi University,Diploma,2025/2026,83.6,60.1,In Progress,2026-02-28,Q1 2026,active
BEN-004180,Juma,Charo,Male,Bungoma,Scholarship,Jomo Kenyatta University,Master,2024/2025,87.5,83.2,Completed,2025-03-30,Q1 2025,completed
BEN-004183,Juma,Baya,Male,Kakamega,Scholarship,Jomo Kenyatta University,Bachelor,2025/2026,92.1,59.0,In Progress,2026-02-25,Q1 2026,active
BEN-004185,Kilonzo,Katana,Male,Bungoma,Scholarship,Strathmore University,Bachelor,2025/2026,72.8,37.5,In Progress,2025-12-29,Q4 2025,active
BEN-004186,Nasieku,Charo,Female,Nakuru,Scholarship,University of Nairobi,Bachelor,2026/2027,83.7,71.2,In Progress,2026-09-26,Q3 2026,active
BEN-004188,Chebet,Koech,Female,Kiambu,Scholarship,Jomo Kenyatta University,Bachelor,2025/2026,85.6,68.8,In Progress,2026-07-24,Q3 2026,active
BEN-004194,Cheruiyot,Muthoni,Male,Kisumu,Scholarship,Jomo Kenyatta University,Master,2025/2026,87.0,50.0,Completed,2025-12-29,Q4 2025,completed
BEN-004196,Awuor,Mutua,Female,Nairobi,Scholarship,Mount Kenya University,Diploma,2025/2026,90.9,61.6,In Progress,2026-05-20,Q2 2026,active
BEN-004199,Samuel,Achieng,Male,Muranga,Scholarship,Catholic University of Eastern Africa,Bachelor,2026/2027,80.5,32.8,In Progress,2026-09-21,Q3 2026,active
BEN-004201,Rotich,Charo,Male,Nairobi,Scholarship,Daystar University,Bachelor,2024/2025,96.5,66.9,Completed,2025-08-10,Q3 2025,completed
BEN-004206,Kelvin,Kuria,m,Kisumu,Scholarship,University of Nairobi,Bachelor,2026/2027,79.5,47.5,In Progress,2026-09-23,Q3 2026,active
BEN-004210,Ali,Juma,Male,Machakos,Scholarship,Daystar University,Bachelor,2024/2025,83.8,65.5,Completed,2025-07-30,Q3 2025,completed
BEN-004211,Kendi,Koech,Female,Kakamega,Scholarship,Jomo Kenyatta University,Bachelor,2025/2026,81.3,54.7,Completed,2025-12-14,Q4 2025,completed
BEN-004213,Nasieku,Korir,Female,Mombasa,Scholarship,Daystar University,Bachelor,2024/2025,100.0,65.7,COMPLETED,2025-07-17,Q3 2025,completed
BEN-004219,Nasieku,Mwangi,Female,Nakuru,Scholarship,University of Nairobi,Diploma,2025/2026,100.0,71.7,Completed,2025-12-27,Q4 2025,completed
BEN-004220,Beatrice,Baya,Female,Nakuru,Scholarship,Daystar University,Bachelor,2025/2026,89.6,66.4,In Progress,2026-08-02,Q3 2026,active
BEN-004229,Isaac,Odhiambo,Male,Nairobi,Scholarship,Daystar University,Bachelor,2025/2026,89.3,60.8,complete,2025-11-11,Q4 2025,completed
BEN-004232,Musyoka,Kimani,Male,MURANGA,Scholarship,Jomo Kenyatta University,Diploma,2025/2026,80.8,77.3,In Progress,2026-08-10,Q3 2026,active
BEN-004235,Brenda,Mbogo,Female,Meru,Scholarship,Kenyatta University,Bachelor,2025/2026,81.7,54.8,In Progress,2026-01-12,Q1 2026,active
BEN-004236,Wanjiru,Odhiambo,Female,Kisumu,Scholarship,University of Nairobi,Bachelor,2025/2026,89.6,60.0,Completed,2025-10-19,Q4 2025,completed
BEN-004240,Patrick,Njoroge,m,Kajiado,Scholarship,University of Nairobi,Diploma,2025/2026,88.3,57.2,In Progress,2026-02-14,Q1 2026,active
BEN-004242,Halima,Cheruiyot,Female,Muranga,Scholarship,Jomo Kenyatta University,Bachelor,2025/2026,85.9,67.3,In Progress,2026-01-17,Q1 2026,active
BEN-004244,Cheruiyot,Mwakio,Male,Kilifi,Scholarship,Catholic University of Eastern Africa,Master,2024/2025,72.6,46.5,Completed,2025-04-22,Q2 2025,completed
BEN-004248,Baraka,Kuria,Male,Nakuru,Scholarship,Maseno University,Bachelor,2025/2026,96.4,56.8,In Progress,2026-08-23,Q3 2026,active
BEN-004249,Nasieku,Wafula,Female,Nairobi,Scholarship,Africa Nazarene University,Bachelor,2026/2027,91.4,56.3,In Progress,2026-09-14,Q3 2026,active
BEN-004256,Kamau,Kiptoo,Male,Kilifi,Scholarship,Daystar University,Master,2024/2025,81.9,43.7,Completed,2025-02-13,Q1 2025,completed
BEN-004257,Rotich,Omondi,Male,Nairobi,Scholarship,Jomo Kenyatta University,Bachelor,2025/2026,100.0,57.2,In Progress,2026-05-16,Q2 2026,active
BEN-004258,Anthony,Kiptoo,Male,Nakuru,Scholarship,Kenyatta University,Bachelor,2025/2026,100.0,68.8,complete,2025-09-08,Q3 2025,completed
BEN-004259,Emily,Rotich,Female,Uasin Gishu,Scholarship,Mount Kenya University,Diploma,2025/2026,72.9,52.3,In Progress,2026-06-13,Q2 2026,active
BEN-004260,Amina,Mwangi,Female,Nairobi,Scholarship,Daystar University,Diploma,2024/2025,97.8,67.5,Completed,2025-05-29,Q2 2025,completed
BEN-004261,Cynthia,Kiptoo,Female,kisumu,Scholarship,Catholic University of Eastern Africa,Bachelor,2025/2026,86.9,49.5,In Progress,2026-03-05,Q1 2026,active
BEN-004262,Wekesa,Odhiambo,Male,Nairobi,Scholarship,Africa Nazarene University,Diploma,2024/2025,96.0,63.2,Completed,2025-01-18,Q1 2025,completed
BEN-004265,Gathoni,Kilonzo,Female,Mombasa County,Scholarship,Africa Nazarene University,Diploma,2025/2026,68.8,67.9,Dropped,2026-01-19,Q1 2026,dropped_out
BEN-004268,Emily,Kamau,Female,Machakos,Scholarship,Mount Kenya University,Bachelor,2025/2026,69.9,62.8,Completed,2026-03-06,Q1 2026,completed
BEN-004272,Brian,Otieno,Male,Kisumu,Scholarship,University of Nairobi,Bachelor,2025/2026,87.9,52.0,In Progress,2025-12-17,Q4 2025,active
BEN-004275,Mohamed,Nyambane,Male,Kiambu,Scholarship,Moi University,Bachelor,2025/2026,100.0,75.1,In Progress,2026-06-08,Q2 2026,active
BEN-004277,Kelvin,Matano,Male,Nairobi,Scholarship,Kenyatta University,Bachelor,2026/2027,100.0,62.7,In Progress,2026-09-25,Q3 2026,active
BEN-004281,Joy,Rotich,Female,Nairobi,Scholarship,Daystar University,Master,2025/2026,96.1,83.6,In Progress,2026-06-23,Q2 2026,active
BEN-004283,Odhiambo,Katana,Male,Uasin Gishu,Scholarship,University of Nairobi,Master,2025/2026,87.4,64.4,In Progress,2026-05-25,Q2 2026,active
BEN-004284,Faith,Koech,Female,Nairobi,Scholarship,Kenyatta University,Bachelor,2025/2026,80.7,83.1,In Progress,2026-08-10,Q3 2026,active
BEN-004287,Daniel,Ochieng,Male,Nakuru,Scholarship,University of Nairobi,Bachelor,2024/2025,100.0,51.3,Completed,2025-04-12,Q2 2025,completed
BEN-004294,Nasieku,Onyango,Female,Machakos,Scholarship,Mount Kenya University,Bachelor,2024/2025,90.8,58.9,Dropped,2025-01-08,Q1 2025,dropped_out
BEN-004297,John,Matano,Male,Nairobi,Scholarship,Catholic University of Eastern Africa,Bachelor,2025/2026,93.3,86.8,In Progress,2026-07-03,Q3 2026,active
BEN-004298,Grace,Kilonzo,Female,Nairobi,Scholarship,Mount Kenya University,Bachelor,2025/2026,94.9,55.7,In Progress,2025-12-29,Q4 2025,active
BEN-004299,Akinyi,Owino,Female,Kajiado,Scholarship,Moi University,Master,2025/2026,80.8,47.7,In Progress,2026-08-30,Q3 2026,active
BEN-004300,Njeri,Omondi,Female,Nairobi,Scholarship,Strathmore University,Bachelor,2025/2026,75.6,54.8,In Progress,2026-06-17,Q2 2026,active
BEN-004302,Boniface,Maina,Male,Bungoma County,Scholarship,Maseno University,Master,2025/2026,90.9,65.0,Dropped,2025-12-23,Q4 2025,dropped_out
BEN-004308,Nicholas,Ochieng,Male,Kakamega,Scholarship,Moi University,Master,2025/2026,86.1,70.0,In Progress,2025-11-30,Q4 2025,active
BEN-004312,David,Wafula,Male,Meru,Scholarship,Africa Nazarene University,Bachelor,2025/2026,82.2,74.2,In Progress,2026-07-27,Q3 2026,active
BEN-004317,Rotich,Wanjiku,Male,Kajiado County,Scholarship,Kenyatta University,Bachelor,2026/2027,80.2,53.1,In Progress,2026-09-14,Q3 2026,active
BEN-004319,Otieno,Kilonzo,Male,Kajiado,Scholarship,Strathmore University,Diploma,2025/2026,92.0,55.6,Completed,2025-12-18,Q4 2025,completed
BEN-004320,Stephen,Kuria,Male,Machakos,Scholarship,Strathmore University,Diploma,2025/2026,84.7,53.1,Completed,2025-09-14,Q3 2025,completed
BEN-004321,Musyoka,Mwakio,Male,Machakos,Scholarship,Strathmore University,Bachelor,2025/2026,79.3,52.1,Completed,2025-11-25,Q4 2025,completed
BEN-004323,Njeri,Korir,Female,Kiambu,Scholarship,Mount Kenya University,Bachelor,2025/2026,100.0,60.5,In Progress,2026-03-28,Q1 2026,active
BEN-004324,Emmanuel,Kimani,Male,Uasin Gishu,Scholarship,Daystar University,Diploma,2025/2026,69.4,73.5,In Progress,2026-07-15,Q3 2026,active
BEN-004329,Anyango,Njoroge,Female,Kisumu,Scholarship,Kenyatta University,Diploma,2024/2025,74.1,55.0,Completed,2025-02-24,Q1 2025,completed
BEN-004332,Odhiambo,Baya,m,Nairobi,Scholarship,Kenyatta University,Bachelor,2026/2027,88.7,59.4,In Progress,2026-09-16,Q3 2026,active
BEN-004333,Wangari,Kiptoo,Female,Kakamega,Scholarship,University of Nairobi,Diploma,2024/2025,76.8,63.6,Completed,2025-04-13,Q2 2025,completed
BEN-004337,Awuor,Wekesa,Female,Kisumu,Scholarship,University of Nairobi,Diploma,2025/2026,74.7,69.5,In Progress,2026-07-05,Q3 2026,active
BEN-004344,Ali,Wekesa,Male,Nairobi,Scholarship,Strathmore University,Bachelor,2024/2025,100.0,67.7,Completed,2025-05-06,Q2 2025,completed
BEN-004345,Diana,Kamau,Female,Nakuru,Scholarship,Maseno University,Diploma,2025/2026,74.1,63.1,Completed,2025-12-23,Q4 2025,completed
BEN-004353,Nkatha,Achieng,Female,MERU,Scholarship,Daystar University,Bachelor,2025/2026,83.9,61.7,In Progress,2026-08-16,Q3 2026,active
BEN-004354,Grace,Kamau,Female,Muranga,Scholarship,Catholic University of Eastern Africa,Bachelor,2025/2026,94.5,66.5,In Progress,2026-08-14,Q3 2026,active
BEN-004355,Kilonzo,Kuria,Male,Meru,Scholarship,Strathmore University,Diploma,2026/2027,74.0,75.0,In Progress,2026-09-09,Q3 2026,active
BEN-004361,Emily,Kuria,Female,Machakos,Scholarship,Catholic University of Eastern Africa,Master,2025/2026,70.2,64.1,complete,2025-11-04,Q4 2025,completed
BEN-004363,Nyambura,Owino,female,KAJIADO,Scholarship,Africa Nazarene University,Master,2025/2026,86.9,61.2,In Progress,2026-02-23,Q1 2026,active
BEN-004364,Kevin,Muthoni,Male,Kilifi,Scholarship,Jomo Kenyatta University,Diploma,2025/2026,56.6,62.5,Completed,2025-12-16,Q4 2025,completed
BEN-004366,Timothy,Wanjiku,Male,Nairobi,Scholarship,Strathmore University,Master,2025/2026,84.8,45.2,In Progress,2026-06-26,Q2 2026,active
BEN-004370,Esther,Kuria,female,Machakos,Scholarship,Catholic University of Eastern Africa,Diploma,2025/2026,68.0,69.0,In Progress,2026-07-10,Q3 2026,active
BEN-004377,Nkatha,Cheruiyot,Female,Nakuru,Scholarship,Moi University,Diploma,2025/2026,88.7,61.7,Completed,2025-12-23,Q4 2025,completed
BEN-004378,Achieng,Mbogo,Female,BUNGOMA,Scholarship,Catholic University of Eastern Africa,Bachelor,2024/2025,98.5,73.6,Completed,2025-03-15,Q1 2025,completed
BEN-004379,Gathoni,Nyambane,Female,Kakamega,Scholarship,Strathmore University,Bachelor,2024/2025,93.3,70.2,Completed,2025-07-15,Q3 2025,completed
BEN-004382,Brian,Wanjiku,Male,Kisumu,Scholarship,Africa Nazarene University,Diploma,2024/2025,75.2,58.7,Completed,2025-05-19,Q2 2025,completed
BEN-004383,Kiptoo,Mutua,Male,nairobi,Scholarship,Daystar University,Bachelor,2026/2027,97.4,71.5,In Progress,2026-09-24,Q3 2026,active
BEN-004385,Kilonzo,Musyoka,Male,Nairobi,Scholarship,Maseno University,Diploma,2024/2025,77.4,79.0,Completed,2025-07-02,Q3 2025,completed
BEN-004386,Brian,Onyango,Male,KISUMU,Scholarship,Moi University,Bachelor,2025/2026,74.0,78.4,In Progress,2026-02-13,Q1 2026,active
BEN-004389,Anyango,Barasa,Female,Nakuru,Scholarship,Strathmore University,Bachelor,2024/2025,74.7,54.4,Dropped,2025-04-04,Q2 2025,dropped_out
BEN-004390,Korir,Bett,Male,kakamega,Scholarship,Moi University,Bachelor,2025/2026,80.0,54.3,In Progress,2026-04-16,Q2 2026,active
BEN-004392,Kiptoo,Ngugi,Male,Kisumu,Scholarship,Maseno University,Bachelor,2025/2026,85.5,48.5,In Progress,2026-08-17,Q3 2026,active
BEN-004394,Joy,Mutua,Female,Nairobi,Scholarship,University of Nairobi,Diploma,2025/2026,89.3,78.3,In Progress,2025-12-27,Q4 2025,active
BEN-004398,Jerop,Omondi,Female,Machakos,Scholarship,University of Nairobi,Diploma,2025/2026,88.9,60.6,In Progress,2026-01-03,Q1 2026,active
BEN-004404,Awuor,Korir,Female,Nyeri,Scholarship,Catholic University of Eastern Africa,Bachelor,2026/2027,74.9,76.5,In Progress,2026-09-08,Q3 2026,active
BEN-004408,Baraka,Barasa,Male,Nakuru,Scholarship,Kenyatta University,Diploma,2025/2026,64.2,71.5,In Progress,2026-08-30,Q3 2026,active
BEN-004410,Akinyi,Ngugi,Female,Kakamega,Scholarship,Kenyatta University,Bachelor,2026/2027,82.6,50.7,In Progress,2026-09-03,Q3 2026,active
BEN-004422,Onyango,Mbogo,m,nakuru,Scholarship,Moi University,Bachelor,2025/2026,73.0,77.0,In Progress,2026-06-22,Q2 2026,active
BEN-004423,Emily,Musyoka,Female,NAKURU,Scholarship,Jomo Kenyatta University,Master,2025/2026,65.5,52.3,In Progress,2026-03-31,Q1 2026,active
BEN-004424,Patrick,Katana,Male,Meru,Scholarship,University of Nairobi,Master,2025/2026,84.9,70.3,Completed,2026-02-15,Q1 2026,completed
BEN-004425,Cheruiyot,Mohamed,Male,Nyeri,Scholarship,Jomo Kenyatta University,Bachelor,2025/2026,89.2,55.7,In Progress,2026-03-25,Q1 2026,active
BEN-004426,Purity,Mwakio,Female,Kisumu,Scholarship,University of Nairobi,Bachelor,2025/2026,71.8,44.7,In Progress,2026-02-01,Q1 2026,active
BEN-004429,Brian,Wanjiku,Male,Machakos,Scholarship,Africa Nazarene University,Diploma,2025/2026,90.2,56.9,In Progress,2026-03-29,Q1 2026,active
BEN-004431,Awuor,Kariuki,Female,Mombasa,Scholarship,Daystar University,Bachelor,2025/2026,78.9,62.9,In Progress,2026-02-07,Q1 2026,active
BEN-004439,Wanjiku,Mutiso,Female,Kiambu,Scholarship,Africa Nazarene University,Master,2025/2026,84.6,58.7,In Progress,2026-02-15,Q1 2026,active
BEN-004441,Akinyi,Muthoni,Female,Nairobi,Scholarship,Catholic University of Eastern Africa,Bachelor,2025/2026,90.2,70.0,In Progress,2026-05-15,Q2 2026,active
BEN-004443,Abdi,Musyoka,Male,Nairobi,Scholarship,Catholic University of Eastern Africa,Bachelor,2025/2026,94.7,67.8,In Progress,2026-04-02,Q2 2026,active
BEN-004444,Otieno,Baya,Male,muranga,Scholarship,Strathmore University,Bachelor,2025/2026,80.7,70.4,In Progress,2026-04-06,Q2 2026,active
BEN-004449,Jerop,Muthoni,Female,Nyeri,Scholarship,Maseno University,Diploma,2025/2026,76.8,77.1,In Progress,2025-11-21,Q4 2025,active
BEN-004453,Isaac,Charo,Male,Nairobi,Scholarship,Strathmore University,Bachelor,2025/2026,74.3,80.2,In Progress,2026-06-13,Q2 2026,active
BEN-004454,Wekesa,Mwakio,Male,KAJIADO,Scholarship,Jomo Kenyatta University,Bachelor,2024/2025,96.3,70.7,Completed,2025-01-05,Q1 2025,completed
BEN-004460,Musyoka,Mutiso,Male,Kakamega,Scholarship,Daystar University,Diploma,2025/2026,78.8,45.4,In Progress,2026-04-03,Q2 2026,active
BEN-004463,Grace,Onyango,Female,Kiambu,Scholarship,Africa Nazarene University,Bachelor,2025/2026,93.4,59.9,In Progress,2026-02-03,Q1 2026,active
BEN-004465,Anthony,Juma,Male,Kisumu,Scholarship,Jomo Kenyatta University,Diploma,2025/2026,79.4,63.5,Completed,2026-01-04,Q1 2026,completed
BEN-004472,Njeri,Katana,Female,MOMBASA,Scholarship,Moi University,Bachelor,2025/2026,78.2,66.5,In Progress,2026-07-07,Q3 2026,active
BEN-004473,Wanjiku,Wafula,Female,Machakos,Scholarship,Moi University,Bachelor,2025/2026,70.5,43.2,Completed,2026-01-09,Q1 2026,completed
BEN-004476,Kiptoo,Otieno,Male,Uasin Gishu,Scholarship,Daystar University,Diploma,2025/2026,100.0,75.9,Completed,2025-12-24,Q4 2025,completed
BEN-004478,Sharon,Wanjiku,Female,Bungoma,Scholarship,Kenyatta University,Bachelor,2025/2026,74.3,58.9,Dropped,2025-10-28,Q4 2025,dropped_out
BEN-004483,Zawadi,Mutiso,Female,Nairobi,Scholarship,Jomo Kenyatta University,Diploma,2024/2025,80.2,81.1,Completed,2025-08-15,Q3 2025,completed
BEN-004484,Ali,Mbogo,Male,KIAMBU,Scholarship,Mount Kenya University,Bachelor,2025/2026,82.2,69.1,In Progress,2026-08-18,Q3 2026,active
BEN-004486,Odhiambo,Kariuki,Male,Nairobi,Scholarship,Maseno University,Bachelor,2025/2026,84.6,73.4,In Progress,2026-05-10,Q2 2026,active
BEN-004487,Joseph,Rotich,Male,Kisumu,Scholarship,Catholic University of Eastern Africa,Diploma,2024/2025,80.2,51.3,Dropped,2025-08-10,Q3 2025,dropped_out
BEN-004490,Kelvin,Omondi,Male,Muranga,Scholarship,Kenyatta University,Bachelor,2025/2026,98.5,72.5,Completed,2025-10-25,Q4 2025,completed
BEN-004491,Peter,Bett,Male,Kiambu,Scholarship,Catholic University of Eastern Africa,Bachelor,2025/2026,76.6,61.8,In Progress,2026-01-25,Q1 2026,active
BEN-004492,Halima,Rotich,Female,Kiambu,Scholarship,Strathmore University,Bachelor,2025/2026,96.7,82.2,In Progress,2026-08-22,Q3 2026,active
BEN-004495,Naisula,Otieno,Female,Nakuru County,Scholarship,Strathmore University,Bachelor,2024/2025,96.7,55.0,Completed,2025-05-24,Q2 2025,completed
BEN-004500,Emmanuel,Juma,Male,Nairobi,Scholarship,Jomo Kenyatta University,Bachelor,2025/2026,78.7,65.2,In Progress,2026-08-10,Q3 2026,active
BEN-004503,Nicholas,Maina,Male,Kilifi,Scholarship,University of Nairobi,Bachelor,2025/2026,81.4,65.4,In Progress,2026-07-08,Q3 2026,active
BEN-004504,Kilonzo,Katana,M,kisumu,Scholarship,Moi University,Bachelor,2025/2026,84.5,71.1,Completed,2026-03-19,Q1 2026,completed
BEN-004505,Anyango,Otieno,Female,Nairobi,Scholarship,Maseno University,Bachelor,2025/2026,87.6,75.4,In Progress,2026-04-04,Q2 2026,active
BEN-004507,Rotich,Baya,Male,Machakos,Scholarship,Africa Nazarene University,Bachelor,2026/2027,84.3,58.7,In Progress,2026-09-11,Q3 2026,active
BEN-004508,Kevin,Matano,Male,Nakuru,Scholarship,Daystar University,Bachelor,2025/2026,85.9,71.7,Completed,2025-11-11,Q4 2025,completed
BEN-004512,Cynthia,Mwangi,Female,Nairobi,Scholarship,Daystar University,Diploma,2025/2026,92.0,72.7,In Progress,2026-01-14,Q1 2026,active
BEN-004518,Caroline,Mutiso,Female,Nairobi,Scholarship,Catholic University of Eastern Africa,Diploma,2024/2025,92.7,70.6,Completed,2025-02-07,Q1 2025,completed
BEN-004519,Chebet,Ngugi,Female,Machakos,Scholarship,Mount Kenya University,Diploma,2025/2026,80.1,66.0,In Progress,2026-04-09,Q2 2026,active
BEN-004525,Zawadi,Kiptoo,Female,Kakamega,Scholarship,Daystar University,Master,2025/2026,86.1,75.5,Dropped,2026-02-20,Q1 2026,dropped_out
BEN-004526,Odhiambo,Wekesa,Male,Kilifi,Scholarship,Africa Nazarene University,Bachelor,2025/2026,65.2,67.8,In Progress,2026-06-22,Q2 2026,active
BEN-004529,Grace,Ochieng,Female,Kilifi,Scholarship,Mount Kenya University,Diploma,2024/2025,79.8,66.3,Completed,2025-06-20,Q2 2025,completed
BEN-004537,Nasieku,Otieno,Female,Kajiado,Scholarship,Mount Kenya University,Bachelor,2026/2027,79.6,69.1,In Progress,2026-09-26,Q3 2026,active
BEN-004541,Onyango,Juma,Male,kiambu,Scholarship,Moi University,Bachelor,2025/2026,99.4,81.2,Completed,2025-09-26,Q3 2025,completed
BEN-004543,Mercy,Kamau,Female,Nakuru,Scholarship,University of Nairobi,Bachelor,2025/2026,82.7,57.9,Completed,2025-11-10,Q4 2025,completed
BEN-004544,Cherono,Njenga,Female,KAJIADO,Scholarship,Kenyatta University,Bachelor,2024/2025,85.3,73.4,COMPLETED,2025-06-28,Q2 2025,completed
BEN-004546,Mutua,Bett,Male,Nakuru,Scholarship,Strathmore University,Bachelor,2025/2026,95.1,56.4,In Progress,2026-07-10,Q3 2026,active
BEN-004549,Nyambura,Mutua,Female,Uasin Gishu,Scholarship,Mount Kenya University,Bachelor,2024/2025,77.8,51.1,Completed,2025-03-15,Q1 2025,completed
BEN-004550,Korir,Wafula,Male,Nakuru,Scholarship,Jomo Kenyatta University,Diploma,2025/2026,98.1,37.2,In Progress,2026-07-01,Q3 2026,active
BEN-004555,Cheruiyot,Ngugi,Male,Kakamega,Scholarship,Daystar University,Master,2025/2026,79.4,46.4,In Progress,2026-08-16,Q3 2026,active
BEN-004559,Chebet,Wanjiku,Female,Nairobi,Scholarship,Daystar University,Bachelor,2025/2026,77.2,69.7,In Progress,2026-01-14,Q1 2026,active
BEN-004560,Mohamed,Owino,Male,Kilifi,Scholarship,Moi University,Diploma,2025/2026,86.1,46.4,In Progress,2026-07-16,Q3 2026,active
BEN-004563,Kagure,Mwakio,Female,Nairobi,Scholarship,Maseno University,Bachelor,2025/2026,78.7,66.8,In Progress,2026-03-16,Q1 2026,active
BEN-004564,Korir,Katana,m,Kilifi,Scholarship,Catholic University of Eastern Africa,Bachelor,2025/2026,68.0,63.3,In Progress,2026-03-27,Q1 2026,active
BEN-004570,Atieno,Kiptoo,Female,Muranga,Scholarship,Kenyatta University,Bachelor,2025/2026,82.3,81.6,In Progress,2026-04-28,Q2 2026,active
BEN-004571,Anthony,Charo,Male,Muranga County,Scholarship,Catholic University of Eastern Africa,Bachelor,2024/2025,88.3,80.2,Completed,2025-04-27,Q2 2025,completed
BEN-004574,Mumbi,Mbogo,Female,Nairobi,Scholarship,Mount Kenya University,Bachelor,2025/2026,100.0,83.0,In Progress,2026-06-04,Q2 2026,active
BEN-004576,Wekesa,Kimani,Male,Meru,Scholarship,Mount Kenya University,Diploma,2026/2027,65.7,60.1,In Progress,2026-09-20,Q3 2026,active
BEN-004580,Chebet,Nyambane,Female,Kiambu,Scholarship,Mount Kenya University,Bachelor,2025/2026,100.0,49.9,In Progress,2026-03-17,Q1 2026,active
BEN-004581,Ali,Charo,Male,kajiado,Scholarship,Moi University,Master,2025/2026,71.3,57.8,In Progress,2026-07-02,Q3 2026,active
BEN-004599,Juma,Kimani,Male,Uasin Gishu,Scholarship,Maseno University,Bachelor,2025/2026,97.4,65.7,In Progress,2026-06-20,Q2 2026,active
BEN-004600,Chebet,Kuria,f,Nairobi,Scholarship,Jomo Kenyatta University,Diploma,2025/2026,86.8,75.1,In Progress,2026-07-12,Q3 2026,active
BEN-004602,Kendi,Ochieng,Female,Kiambu,Scholarship,Moi University,Bachelor,2024/2025,75.2,81.5,Completed,2025-03-29,Q1 2025,completed
BEN-004604,Anthony,Mwangi,MALE,Uasin Gishu,Scholarship,Jomo Kenyatta University,Diploma,2025/2026,80.5,48.0,In Progress,2026-06-23,Q2 2026,active
BEN-004605,Emily,Juma,Female,KISUMU,Scholarship,Moi University,Master,2025/2026,73.8,41.5,In Progress,2026-06-07,Q2 2026,active
BEN-004606,Jerop,Cheruiyot,FEMALE,Kisii,Scholarship,Strathmore University,Master,2025/2026,82.9,79.0,In Progress,2026-01-10,Q1 2026,active
BEN-004613,Mercy,Wekesa,Female,Nairobi,Scholarship,Kenyatta University,Diploma,2025/2026,84.2,76.7,In Progress,2026-07-03,Q3 2026,active
BEN-004614,Chepkoech,Cheruiyot,Female,Nairobi,Scholarship,Moi University,Bachelor,2026/2027,88.0,61.3,In Progress,2026-09-24,Q3 2026,active
BEN-004615,Gathoni,Nyambane,Female,Machakos,Scholarship,Africa Nazarene University,Bachelor,2025/2026,76.8,64.4,In Progress,2026-06-19,Q2 2026,active
BEN-004617,Zawadi,Wanjiku,Female,Nakuru,Scholarship,Moi University,Bachelor,2025/2026,100.0,43.8,Completed,2025-09-18,Q3 2025,completed
BEN-004620,Sharon,Barasa,Female,Nairobi,Scholarship,Africa Nazarene University,Bachelor,2025/2026,91.3,60.0,In Progress,2026-04-29,Q2 2026,active
BEN-004627,Timothy,Baya,Male,Machakos,Scholarship,Daystar University,Bachelor,2025/2026,77.7,78.5,In Progress,2025-12-12,Q4 2025,active
BEN-004628,Boniface,Kiptoo,Male,Nairobi,Scholarship,Africa Nazarene University,Bachelor,2025/2026,72.6,89.9,In Progress,2026-05-01,Q2 2026,active
BEN-004632,Musyoka,Korir,Male,Kisumu,Scholarship,Mount Kenya University,Bachelor,2024/2025,72.2,38.4,Completed,2025-01-05,Q1 2025,completed
BEN-004633,Isaac,Onyango,Male,Nyeri,Scholarship,Moi University,Bachelor,2024/2025,94.2,64.9,Completed,2025-03-09,Q1 2025,completed
BEN-004634,Emily,Wekesa,Female,Kisii,Scholarship,Catholic University of Eastern Africa,Master,2025/2026,76.9,49.9,In Progress,2026-08-26,Q3 2026,active
BEN-004636,Odhiambo,Ngugi,Male,Mombasa,Scholarship,Africa Nazarene University,Bachelor,2025/2026,73.4,55.1,In Progress,2025-10-15,Q4 2025,active
BEN-004638,Rotich,Nduta,Male,Nyeri,Scholarship,Jomo Kenyatta University,Bachelor,2025/2026,70.5,68.6,Dropped,2026-03-08,Q1 2026,dropped_out
BEN-004639,Caroline,Nduta,Female,Meru,Scholarship,Strathmore University,Bachelor,2025/2026,86.7,65.3,Completed,2026-01-16,Q1 2026,completed
BEN-004640,Kagure,Otieno,Female,Mombasa,Scholarship,University of Nairobi,Bachelor,2024/2025,83.2,63.4,Completed,2025-07-11,Q3 2025,completed
BEN-004641,Ali,Korir,Male,Muranga,Scholarship,University of Nairobi,Bachelor,2025/2026,78.4,56.2,Completed,2026-01-23,Q1 2026,completed
BEN-004646,Omondi,Muthoni,Male,Machakos,Scholarship,Kenyatta University,Bachelor,2025/2026,71.6,57.1,In Progress,2026-08-22,Q3 2026,active
BEN-004650,Nkatha,Odhiambo,Female,Muranga,Scholarship,Moi University,Master,2025/2026,82.6,70.1,Completed,2025-09-14,Q3 2025,completed
BEN-004654,Amina,Muthoni,Female,Nairobi County,Scholarship,Africa Nazarene University,Bachelor,2025/2026,99.2,82.3,In Progress,2026-03-04,Q1 2026,active
BEN-004656,Faith,Maina,FEMALE,nakuru,Scholarship,Strathmore University,Diploma,2025/2026,94.4,53.4,Completed,2025-12-21,Q4 2025,completed
BEN-004659,Emily,Muthoni,Female,Meru,Scholarship,Kenyatta University,Bachelor,2024/2025,79.0,71.8,Completed,2025-07-31,Q3 2025,completed
BEN-004660,Faith,Wanjiku,Female,KIAMBU,Scholarship,Kenyatta University,Master,2025/2026,100.0,67.2,In Progress,2026-08-20,Q3 2026,active
BEN-004665,Rotich,Baya,Male,Nyeri,Scholarship,Mount Kenya University,Bachelor,2025/2026,98.3,57.6,In Progress,2025-12-09,Q4 2025,active
BEN-004666,Wanjiku,Bett,Female,Meru,Scholarship,University of Nairobi,Diploma,2025/2026,69.2,65.9,In Progress,2026-08-25,Q3 2026,active
BEN-004672,Chepkoech,Rotich,Female,Kiambu,Scholarship,Maseno University,Bachelor,2025/2026,92.8,59.3,Completed,2025-12-09,Q4 2025,completed
BEN-004674,Cynthia,Njenga,Female,Kisumu,Scholarship,Kenyatta University,Diploma,2024/2025,86.5,66.0,Completed,2025-04-06,Q2 2025,completed
BEN-004677,Simon,Mwakio,Male,Muranga,Scholarship,Maseno University,Bachelor,2025/2026,68.9,62.7,Completed,2026-03-18,Q1 2026,completed
BEN-004678,Omondi,Ochieng,Male,Nakuru,Scholarship,Jomo Kenyatta University,Bachelor,2025/2026,97.4,55.8,In Progress,2026-06-29,Q2 2026,active
BEN-004680,Patrick,Kilonzo,Male,Kiambu,Scholarship,University of Nairobi,Diploma,2025/2026,96.6,62.5,In Progress,2026-02-17,Q1 2026,active
BEN-004682,Gathoni,Rotich,Female,Mombasa,Scholarship,Mount Kenya University,Bachelor,2026/2027,84.1,74.0,In Progress,2026-09-24,Q3 2026,active
BEN-004684,Brian,Odhiambo,Male,Uasin Gishu,Scholarship,Kenyatta University,Bachelor,2025/2026,79.1,81.5,In Progress,2026-02-28,Q1 2026,active
BEN-004689,Isaac,Rotich,Male,Kiambu,Scholarship,Jomo Kenyatta University,Diploma,2025/2026,93.4,81.1,In Progress,2026-04-24,Q2 2026,active
BEN-004690,Kipchoge,Cheruiyot,Male,machakos,Scholarship,Strathmore University,Master,2025/2026,80.8,62.7,In Progress,2026-07-15,Q3 2026,active
BEN-004691,Jerop,Matano,Female,Nairobi,Scholarship,Africa Nazarene University,Bachelor,2025/2026,85.6,79.4,Completed,2026-03-03,Q1 2026,completed
BEN-004695,James,Mohamed,male,Nyeri,Scholarship,Daystar University,Bachelor,2026/2027,89.5,68.8,In Progress,2026-09-06,Q3 2026,active
BEN-004696,Vincent,Odhiambo,Male,Bungoma,Scholarship,Maseno University,Bachelor,2025/2026,73.1,44.9,Completed,2025-12-13,Q4 2025,completed
BEN-004699,Sharon,Musyoka,Female,Bungoma,Scholarship,Mount Kenya University,Bachelor,2025/2026,68.2,74.0,In Progress,2026-07-11,Q3 2026,active
BEN-004703,Awuor,Bett,Female,Kakamega,Scholarship,Moi University,Bachelor,2025/2026,80.7,73.1,Completed,2025-11-28,Q4 2025,completed
BEN-004707,Amina,Koech,f,Kiambu,Scholarship,Moi University,Bachelor,2025/2026,73.4,64.1,In Progress,2026-01-16,Q1 2026,active
BEN-004708,Francis,Mutua,Male,Nakuru,Scholarship,Mount Kenya University,Bachelor,2025/2026,92.1,66.4,Completed,2025-10-25,Q4 2025,completed
BEN-004712,Onyango,Onyango,Male,muranga,Scholarship,Kenyatta University,Bachelor,2025/2026,80.5,62.0,DROPPED,2025-09-22,Q3 2025,dropped_out
BEN-004713,Baraka,Katana,Male,nairobi,Scholarship,Catholic University of Eastern Africa,Diploma,2026/2027,100.0,86.5,In Progress,2026-09-26,Q3 2026,active
BEN-004714,Mumbi,Abdi,Female,Muranga,Scholarship,Jomo Kenyatta University,Master,2025/2026,99.7,72.7,In Progress,2026-06-08,Q2 2026,active
BEN-004716,Peter,Hassan,Male,Kiambu,Scholarship,Africa Nazarene University,Bachelor,2025/2026,76.9,84.5,In Progress,2026-06-06,Q2 2026,active
BEN-004718,David,Muthoni,Male,Uasin Gishu,Scholarship,Catholic University of Eastern Africa,Diploma,2025/2026,86.5,53.4,In Progress,2026-08-24,Q3 2026,active
BEN-004721,Cynthia,Mutua,Female,Mombasa,Scholarship,Jomo Kenyatta University,Bachelor,2025/2026,81.6,64.7,In Progress,2026-06-28,Q2 2026,active
BEN-004724,Kendi,Onyango,Female,Meru,Scholarship,Africa Nazarene University,Diploma,2025/2026,85.4,70.3,In Progress,2026-06-23,Q2 2026,active
BEN-004727,Vincent,Odhiambo,Male,Nakuru,Scholarship,Moi University,Bachelor,2026/2027,86.4,68.7,In Progress,2026-09-08,Q3 2026,active
BEN-004734,Wanjiru,Mwangi,Female,Kiambu,Scholarship,Jomo Kenyatta University,Bachelor,2024/2025,97.0,68.1,Completed,2025-03-26,Q1 2025,completed
BEN-004736,Mutua,Barasa,Male,Bungoma,Scholarship,Kenyatta University,Bachelor,2025/2026,81.3,76.1,complete,2025-09-04,Q3 2025,completed
BEN-004738,Naisula,Nyambane,Female,Nairobi,Scholarship,University of Nairobi,Bachelor,2025/2026,89.2,71.4,In Progress,2026-02-15,Q1 2026,active
BEN-004739,Abdi,Otieno,Male,Muranga County,Scholarship,Catholic University of Eastern Africa,Bachelor,2025/2026,86.4,73.8,In Progress,2026-06-08,Q2 2026,active
BEN-004741,David,Barasa,Male,Kajiado,Scholarship,University of Nairobi,Bachelor,2025/2026,97.0,47.2,Completed,2026-03-13,Q1 2026,completed
BEN-004747,Kagure,Katana,Female,Bungoma,Scholarship,Kenyatta University,Master,2025/2026,72.6,54.2,In Progress,2026-07-17,Q3 2026,active
BEN-004750,Wanjiku,Gitau,Female,Muranga,Scholarship,Moi University,Bachelor,2025/2026,100.0,76.3,In Progress,2026-03-21,Q1 2026,active
BEN-004753,Emily,Hassan,Female,Kilifi,Scholarship,Maseno University,Bachelor,2025/2026,70.6,53.1,In Progress,2026-08-04,Q3 2026,active
BEN-004756,Sharon,Mohamed,Female,Kisii,Scholarship,Maseno University,Diploma,2025/2026,83.4,71.0,In Progress,2026-05-23,Q2 2026,active
BEN-004757,Barasa,Otieno,m,Kisii,Scholarship,Maseno University,Master,2025/2026,87.3,70.1,In Progress,2026-08-06,Q3 2026,active
BEN-004762,Gathoni,Omondi,Female,Nairobi,Scholarship,University of Nairobi,Diploma,2024/2025,95.3,91.5,Completed,2025-01-02,Q1 2025,completed
BEN-004763,James,Barasa,Male,Kisumu,Scholarship,Daystar University,Bachelor,2025/2026,80.2,59.6,Completed,2026-03-30,Q1 2026,completed
BEN-004768,Timothy,Korir,Male,Machakos,Scholarship,Strathmore University,Bachelor,2025/2026,90.9,69.9,In Progress,2026-08-03,Q3 2026,active
BEN-004769,Chepkoech,Onyango,Female,Mombasa,Scholarship,Moi University,Master,2025/2026,73.6,59.6,In Progress,2026-07-22,Q3 2026,active
BEN-004774,Mumbi,Njoroge,Female,Machakos,Scholarship,Catholic University of Eastern Africa,Bachelor,2025/2026,78.8,63.8,In Progress,2026-01-18,Q1 2026,active
BEN-004775,Mercy,Otieno,f,Kajiado,Scholarship,Mount Kenya University,Bachelor,2024/2025,82.7,59.5,Completed,2025-03-18,Q1 2025,completed
BEN-004778,Joseph,Muthoni,Male,uasin gishu,Scholarship,Catholic University of Eastern Africa,Diploma,2026/2027,79.7,98.6,In Progress,2026-09-15,Q3 2026,active
BEN-004779,Mutua,Maina,Male,Machakos,Scholarship,Catholic University of Eastern Africa,Diploma,2025/2026,83.3,63.8,In Progress,2026-07-28,Q3 2026,active
BEN-004782,Baraka,Kimani,Male,Nairobi,Scholarship,Africa Nazarene University,Diploma,2025/2026,92.9,92.0,Completed,2026-02-14,Q1 2026,completed
BEN-004783,Ali,Gitau,Male,Mombasa,Scholarship,University of Nairobi,Master,2025/2026,79.1,66.0,Dropped,2025-09-03,Q3 2025,dropped_out
BEN-004785,Timothy,Barasa,Male,Bungoma,Scholarship,Kenyatta University,Diploma,2025/2026,76.7,78.7,In Progress,2026-04-20,Q2 2026,active
BEN-004786,Anthony,Kilonzo,Male,Kisii,Scholarship,Mount Kenya University,Diploma,2024/2025,80.4,77.7,Completed,2025-08-09,Q3 2025,completed
BEN-004788,Cynthia,Njoroge,Female,Nairobi,Scholarship,Daystar University,Master,2026/2027,98.6,52.3,In Progress,2026-09-12,Q3 2026,active
BEN-004791,Daniel,Baya,Male,Kakamega,Scholarship,Maseno University,Bachelor,2025/2026,87.4,73.4,In Progress,2026-05-18,Q2 2026,active
BEN-004792,Odhiambo,Charo,Male,Nakuru County,Scholarship,Mount Kenya University,Bachelor,2025/2026,88.8,60.4,In Progress,2026-07-21,Q3 2026,active
BEN-004797,James,Wekesa,Male,Kilifi,Scholarship,Africa Nazarene University,Diploma,2025/2026,79.6,71.6,In Progress,2026-04-23,Q2 2026,active
BEN-004801,Cynthia,Achieng,Female,Nyeri,Scholarship,Catholic University of Eastern Africa,Bachelor,2025/2026,88.0,65.1,In Progress,2026-01-30,Q1 2026,active
BEN-004803,Collins,Musyoka,Male,Kiambu,Scholarship,Kenyatta University,Bachelor,2025/2026,93.1,71.1,Completed,2025-12-07,Q4 2025,completed
BEN-004804,Purity,Otieno,Female,Uasin Gishu,Scholarship,Moi University,Bachelor,2024/2025,83.8,65.2,Completed,2025-01-10,Q1 2025,completed
BEN-004806,Chepkoech,Chebet,FEMALE,Kakamega,Scholarship,Strathmore University,Bachelor,2024/2025,86.0,68.7,Completed,2025-08-05,Q3 2025,completed
BEN-004810,Rotich,Charo,Male,Machakos,Scholarship,Mount Kenya University,Bachelor,2025/2026,74.5,63.5,complete,2025-11-09,Q4 2025,completed
BEN-004815,Wangari,Nduta,Female,Nairobi,Scholarship,Strathmore University,Master,2024/2025,87.5,53.0,Completed,2025-04-21,Q2 2025,completed
BEN-004818,Esther,Wanjiku,Female,Muranga,Scholarship,Catholic University of Eastern Africa,Diploma,2025/2026,83.3,68.5,In Progress,2026-01-27,Q1 2026,active
BEN-004828,Baraka,Odhiambo,male,Kiambu,Scholarship,Catholic University of Eastern Africa,Bachelor,2025/2026,100.0,93.8,In Progress,2026-08-01,Q3 2026,active
BEN-004830,Boniface,Wanjiku,Male,Nairobi,Scholarship,Moi University,Diploma,2025/2026,90.2,62.3,In Progress,2026-02-10,Q1 2026,active
BEN-004831,Juma,Kuria,Male,Machakos,Scholarship,Mount Kenya University,Master,2025/2026,95.9,58.6,Completed,2026-03-21,Q1 2026,completed
BEN-004839,Wanjiru,Bett,Female,Mombasa,Scholarship,Kenyatta University,Bachelor,2026/2027,98.6,56.0,In Progress,2026-09-04,Q3 2026,active
BEN-004842,Juma,Kiptoo,Male,Machakos,Scholarship,Africa Nazarene University,Master,2026/2027,84.9,50.6,In Progress,2026-09-06,Q3 2026,active
BEN-004847,John,Chebet,Male,Machakos,Scholarship,Africa Nazarene University,Diploma,2026/2027,76.3,57.3,In Progress,2026-09-07,Q3 2026,active
BEN-004848,Abdi,Matano,Male,Uasin Gishu,Scholarship,Jomo Kenyatta University,Bachelor,2025/2026,100.0,47.5,In Progress,2026-05-10,Q2 2026,active
BEN-004858,Collins,Charo,Male,Nakuru,Scholarship,University of Nairobi,Bachelor,2024/2025,88.2,44.9,Completed,2025-08-21,Q3 2025,completed
BEN-004862,Timothy,Muthoni,Male,Nairobi,Scholarship,Jomo Kenyatta University,Diploma,2025/2026,91.3,68.3,In Progress,2026-08-31,Q3 2026,active
BEN-004869,Cherono,Rotich,Female,Meru,Scholarship,Jomo Kenyatta University,Diploma,2024/2025,87.7,41.0,Completed,2025-06-03,Q2 2025,completed
BEN-004878,Diana,Kimani,Female,Mombasa,Scholarship,Daystar University,Bachelor,2024/2025,85.4,60.7,Completed,2025-07-07,Q3 2025,completed
BEN-004883,Halima,Mbogo,Female,Kiambu,Scholarship,Mount Kenya University,Bachelor,2025/2026,84.5,71.0,In Progress,2026-07-30,Q3 2026,active
BEN-004888,Emmanuel,Kamau,Male,Mombasa,Scholarship,Catholic University of Eastern Africa,Diploma,2025/2026,80.5,60.7,Dropped,2025-12-28,Q4 2025,dropped_out
BEN-004893,Barasa,Matano,Male,Nakuru,Scholarship,Africa Nazarene University,Bachelor,2025/2026,88.1,73.1,In Progress,2026-01-26,Q1 2026,active
BEN-004897,Wanjiku,Mohamed,Female,Kiambu,Scholarship,Strathmore University,Diploma,2024/2025,95.3,57.5,Completed,2025-03-23,Q1 2025,completed
BEN-004903,Chebet,Mbogo,Female,Kiambu County,Scholarship,Mount Kenya University,Bachelor,2025/2026,99.1,73.0,In Progress,2026-08-05,Q3 2026,active
BEN-004904,Kendi,Owino,f,Nairobi,Scholarship,Catholic University of Eastern Africa,Diploma,2024/2025,78.2,50.2,Completed,2025-08-16,Q3 2025,completed
BEN-004908,Joseph,Kiptoo,Male,Nyeri,Scholarship,Strathmore University,Bachelor,2024/2025,87.6,73.7,Dropped,2025-08-04,Q3 2025,dropped_out
BEN-004909,Kevin,Bett,Male,Kajiado,Scholarship,Moi University,Bachelor,2024/2025,81.2,62.1,Dropped,2025-02-14,Q1 2025,dropped_out
BEN-004910,Purity,Njenga,Female,Bungoma,Scholarship,Africa Nazarene University,Bachelor,2025/2026,83.4,61.5,Completed,2026-03-20,Q1 2026,completed
BEN-004914,Beatrice,Njenga,Female,Kajiado,Scholarship,Kenyatta University,Diploma,2026/2027,78.7,70.2,In Progress,2026-09-09,Q3 2026,active
BEN-004916,Esther,Mutiso,Female,Bungoma,Scholarship,Catholic University of Eastern Africa,Bachelor,2025/2026,74.0,54.1,Completed,2025-09-25,Q3 2025,completed
BEN-004919,Barasa,Njenga,Male,Muranga,Scholarship,University of Nairobi,Bachelor,2025/2026,75.9,65.5,In Progress,2026-04-04,Q2 2026,active
BEN-004923,Kelvin,Charo,Male,Kakamega,Scholarship,Catholic University of Eastern Africa,Diploma,2025/2026,82.6,38.3,In Progress,2026-08-29,Q3 2026,active
BEN-004931,Mohamed,Ngugi,Male,Kajiado,Scholarship,Daystar University,Bachelor,2025/2026,81.2,52.0,In Progress,2026-04-22,Q2 2026,active
BEN-004932,Kiptoo,Kariuki,Male,mombasa,Scholarship,Maseno University,Diploma,2024/2025,87.2,63.6,Completed,2025-02-25,Q1 2025,completed
BEN-004934,Isaac,Kariuki,Male,Kilifi,Scholarship,Kenyatta University,Bachelor,2025/2026,93.0,61.4,In Progress,2026-07-25,Q3 2026,active
BEN-004936,Esther,Rotich,Female,Kakamega,Scholarship,Moi University,Bachelor,2024/2025,73.6,48.5,Completed,2025-07-06,Q3 2025,completed
BEN-004938,Njeri,Kimani,Female,Mombasa,Scholarship,Daystar University,Bachelor,2026/2027,80.9,69.3,In Progress,2026-09-01,Q3 2026,active
BEN-004942,Korir,Juma,Male,Nyeri,Scholarship,University of Nairobi,Bachelor,2025/2026,96.6,57.8,In Progress,2026-07-10,Q3 2026,active
BEN-004943,Korir,Mutiso,Male,Kakamega,Scholarship,Daystar University,Master,2025/2026,73.8,47.9,In Progress,2026-08-13,Q3 2026,active
BEN-004944,Victor,Hassan,Male,Meru,Scholarship,Daystar University,Bachelor,2024/2025,82.4,80.0,Completed,2025-08-16,Q3 2025,completed
BEN-004945,Njeri,Ochieng,Female,Kisumu,Scholarship,Mount Kenya University,Bachelor,2024/2025,70.8,65.7,Completed,2025-08-13,Q3 2025,completed
BEN-004951,Sharon,Korir,Female,Kakamega,Scholarship,Africa Nazarene University,Bachelor,2025/2026,78.3,53.4,In Progress,2026-07-10,Q3 2026,active
BEN-004954,Emily,Mbogo,Female,Nairobi,Scholarship,Catholic University of Eastern Africa,Bachelor,2025/2026,100.0,84.3,In Progress,2026-06-20,Q2 2026,active
BEN-004957,Kelvin,Omondi,Male,Mombasa County,Scholarship,Strathmore University,Bachelor,2024/2025,87.0,60.0,Completed,2025-08-16,Q3 2025,completed
BEN-004958,Beatrice,Matano,Female,nairobi,Scholarship,Africa Nazarene University,Bachelor,2024/2025,78.9,71.2,Completed,2025-08-13,Q3 2025,completed
BEN-004960,Mercy,Mbogo,Female,Uasin Gishu,Scholarship,Daystar University,Bachelor,2025/2026,72.6,58.2,Completed,2026-03-06,Q1 2026,completed
BEN-004961,Kiptoo,Korir,Male,Muranga,Scholarship,Maseno University,Bachelor,2025/2026,84.0,64.5,In Progress,2026-05-29,Q2 2026,active
BEN-004963,Joy,Njenga,Female,Nairobi,Scholarship,Daystar University,Bachelor,2025/2026,100.0,64.1,complete,2025-12-27,Q4 2025,completed
BEN-004965,Nyambura,Mwakio,Female,Mombasa,Scholarship,Mount Kenya University,Bachelor,2025/2026,78.4,66.9,COMPLETED,2025-09-24,Q3 2025,completed
BEN-004966,Nasieku,Owino,Female,Machakos,Scholarship,Daystar University,Bachelor,2025/2026,91.4,61.0,In Progress,2026-05-28,Q2 2026,active
BEN-004967,Boniface,Njenga,Male,Nairobi County,Scholarship,University of Nairobi,Bachelor,2026/2027,88.2,61.9,In Progress,2026-09-29,Q3 2026,active
BEN-004970,Gathoni,Kariuki,female,BUNGOMA,Scholarship,Kenyatta University,Diploma,2025/2026,74.4,59.9,In Progress,2026-08-25,Q3 2026,active
BEN-004973,Caroline,Kariuki,female,Uasin Gishu,Scholarship,Mount Kenya University,Bachelor,2025/2026,87.8,93.1,Completed,2026-02-08,Q1 2026,completed
BEN-004974,Odhiambo,Nyambane,Male,Nairobi,Scholarship,Daystar University,Bachelor,2025/2026,100.0,84.0,Completed,2025-11-03,Q4 2025,completed
BEN-004978,Wangari,Nduta,Female,Nakuru,Scholarship,Maseno University,Bachelor,2024/2025,93.7,38.7,Completed,2025-05-15,Q2 2025,completed
BEN-004979,Ali,Njoroge,Male,Kajiado,Scholarship,Daystar University,Diploma,2025/2026,76.2,51.0,Completed,2025-12-27,Q4 2025,completed
BEN-004980,Caroline,Mutiso,Female,Kiambu,Scholarship,Jomo Kenyatta University,Bachelor,2025/2026,100.0,89.4,In Progress,2026-03-16,Q1 2026,active
BEN-004985,Caroline,Mbogo,Female,Muranga,Scholarship,Daystar University,Bachelor,2024/2025,85.0,65.3,Completed,2025-08-06,Q3 2025,completed
BEN-004989,Chepkoech,Nduta,female,Kisii,Scholarship,Jomo Kenyatta University,Bachelor,2025/2026,92.4,52.0,In Progress,2026-05-03,Q2 2026,active
BEN-004990,Korir,Barasa,Male,Kilifi,Scholarship,Kenyatta University,Bachelor,2025/2026,67.8,66.8,Completed,2025-10-16,Q4 2025,completed
BEN-004991,Omondi,Charo,Male,Machakos,Scholarship,Moi University,Diploma,2024/2025,100.0,64.1,Completed,2025-04-22,Q2 2025,completed
BEN-004993,Korir,Mutiso,Male,Uasin Gishu,Scholarship,Strathmore University,Master,2025/2026,83.6,46.6,Completed,2026-02-06,Q1 2026,completed
BEN-004997,Wanjiru,Wafula,Female,Kisumu,Scholarship,Kenyatta University,Master,2024/2025,80.1,44.6,Dropped,2025-05-24,Q2 2025,dropped_out
BEN-005000,Juma,Baya,Male,Mombasa,Scholarship,University of Nairobi,Bachelor,2025/2026,90.2,61.6,Completed,2025-11-22,Q4 2025,completed
BEN-005003,Joy,Matano,Female,Bungoma,Scholarship,Jomo Kenyatta University,Bachelor,2025/2026,88.7,73.0,In Progress,2026-03-29,Q1 2026,active
BEN-005004,Kipchoge,Korir,Male,Nairobi,Scholarship,University of Nairobi,Bachelor,2025/2026,90.2,65.2,In Progress,2026-08-14,Q3 2026,active
BEN-005005,Zawadi,Rotich,Female,Meru,Scholarship,Moi University,Bachelor,2025/2026,89.1,96.7,In Progress,2026-08-24,Q3 2026,active
BEN-005006,Nkatha,Musyoka,FEMALE,Nairobi,Scholarship,Maseno University,Bachelor,2025/2026,96.9,73.5,In Progress,2026-08-15,Q3 2026,active
BEN-005009,Diana,Matano,Female,Kilifi,Scholarship,Jomo Kenyatta University,Bachelor,2025/2026,77.0,63.5,In Progress,2026-05-01,Q2 2026,active
BEN-005017,Emily,Ngugi,Female,Kiambu,Scholarship,Moi University,Diploma,2025/2026,100.0,74.5,In Progress,2026-08-11,Q3 2026,active
BEN-005018,Nicholas,Chebet,Male,Mombasa,Scholarship,Jomo Kenyatta University,Diploma,2025/2026,98.8,53.7,In Progress,2026-07-16,Q3 2026,active
BEN-005019,Wekesa,Kilonzo,Male,Machakos,Scholarship,University of Nairobi,Diploma,2025/2026,88.2,35.2,In Progress,2026-01-28,Q1 2026,active
BEN-005024,Cherono,Owino,Female,meru,Scholarship,Africa Nazarene University,Bachelor,2025/2026,80.7,54.9,In Progress,2026-03-01,Q1 2026,active
BEN-005025,Purity,Kiptoo,Female,Uasin Gishu,Scholarship,Daystar University,Bachelor,2025/2026,100.0,75.7,Completed,2025-09-02,Q3 2025,completed
BEN-005027,Gathoni,Cheruiyot,Female,Nairobi,Scholarship,Africa Nazarene University,Master,2024/2025,91.1,71.2,Completed,2025-06-17,Q2 2025,completed
BEN-005033,Peter,Baya,Male,Kiambu,Scholarship,Maseno University,Diploma,2025/2026,86.3,71.9,Completed,2025-12-14,Q4 2025,completed
BEN-005034,Collins,Onyango,Male,Uasin Gishu,Scholarship,Strathmore University,Bachelor,2024/2025,74.8,91.1,Completed,2025-06-18,Q2 2025,completed
BEN-005035,Achieng,Mbogo,f,Kajiado,Scholarship,Mount Kenya University,Master,2025/2026,70.7,55.8,Completed,2025-10-30,Q4 2025,completed
BEN-005036,Atieno,Juma,Female,Nairobi,Scholarship,Catholic University of Eastern Africa,Master,2025/2026,67.7,64.1,In Progress,2026-07-27,Q3 2026,active
BEN-005038,Mumbi,Kuria,Female,Kajiado,Scholarship,Strathmore University,Master,2025/2026,83.8,73.5,Completed,2025-10-12,Q4 2025,completed
BEN-005041,Njeri,Kimani,Female,Kisumu,Scholarship,Catholic University of Eastern Africa,Bachelor,2025/2026,99.6,38.0,In Progress,2026-02-27,Q1 2026,active
BEN-005043,Mercy,Katana,Female,Kakamega,Scholarship,Africa Nazarene University,Diploma,2024/2025,71.8,57.7,Completed,2025-03-03,Q1 2025,completed
BEN-005051,Cheruiyot,Ngugi,Male,Nairobi,Scholarship,Moi University,Bachelor,2025/2026,84.2,61.7,In Progress,2026-05-15,Q2 2026,active
BEN-005052,Kipchoge,Kuria,Male,Kakamega,Scholarship,Maseno University,Bachelor,2024/2025,93.9,68.2,Completed,2025-01-19,Q1 2025,completed
BEN-005056,Dennis,Odhiambo,Male,Muranga,Scholarship,Africa Nazarene University,Master,2025/2026,80.7,58.5,Completed,2025-09-10,Q3 2025,completed
BEN-005058,Joseph,Kiptoo,Male,Nairobi,Scholarship,Moi University,Bachelor,2025/2026,100.0,67.4,Completed,2025-11-09,Q4 2025,completed
BEN-005060,Kilonzo,Otieno,Male,Uasin Gishu,Scholarship,Moi University,Bachelor,2024/2025,87.7,60.7,Completed,2025-06-04,Q2 2025,completed
BEN-005064,Diana,Hassan,Female,Kiambu,Scholarship,Catholic University of Eastern Africa,Bachelor,2025/2026,83.5,71.2,In Progress,2026-03-14,Q1 2026,active
BEN-005066,Nasieku,Njoroge,Female,Kilifi,Scholarship,Daystar University,Bachelor,2024/2025,69.7,69.8,Completed,2025-08-13,Q3 2025,completed
BEN-005069,Wangari,Muthoni,FEMALE,Meru,Scholarship,Kenyatta University,Diploma,2025/2026,90.1,75.7,COMPLETED,2026-03-22,Q1 2026,completed
BEN-005071,Wangari,Nyambane,Female,Nairobi,Scholarship,Catholic University of Eastern Africa,Master,2025/2026,85.7,43.6,In Progress,2026-06-04,Q2 2026,active
BEN-005072,Mumbi,Mutiso,Female,NYERI,Scholarship,Mount Kenya University,Bachelor,2025/2026,87.1,86.4,In Progress,2026-03-27,Q1 2026,active
BEN-005074,Samuel,Bett,Male,Machakos,Scholarship,Africa Nazarene University,Diploma,2024/2025,77.2,58.8,Completed,2025-04-25,Q2 2025,completed
BEN-005078,Sharon,Charo,Female,Bungoma,Scholarship,University of Nairobi,Diploma,2025/2026,73.9,59.4,In Progress,2026-03-29,Q1 2026,active
BEN-005083,Atieno,Juma,Female,Nairobi,Scholarship,Daystar University,Bachelor,2026/2027,83.6,80.2,In Progress,2026-09-09,Q3 2026,active
BEN-005084,Brenda,Juma,Female,Uasin Gishu,Scholarship,Moi University,Bachelor,2026/2027,69.2,53.9,In Progress,2026-09-28,Q3 2026,active
BEN-005086,Barasa,Nduta,Male,Nairobi,Scholarship,University of Nairobi,Bachelor,2025/2026,86.0,82.1,In Progress,2026-08-08,Q3 2026,active
BEN-005088,Omondi,Wafula,Male,Mombasa,Scholarship,Moi University,Bachelor,2025/2026,61.7,61.0,In Progress,2026-07-17,Q3 2026,active
BEN-005095,Rotich,Otieno,male,Mombasa,Scholarship,Jomo Kenyatta University,Master,2025/2026,74.7,74.1,Dropped,2025-11-23,Q4 2025,dropped_out
BEN-005096,Grace,Mutua,Female,Kajiado,Scholarship,Strathmore University,Bachelor,2025/2026,92.2,79.9,In Progress,2026-08-03,Q3 2026,active
BEN-005100,Korir,Bett,Male,Nairobi,Scholarship,Strathmore University,Master,2025/2026,83.7,80.6,In Progress,2026-05-29,Q2 2026,active
BEN-005106,Kelvin,Kuria,Male,Kiambu,Scholarship,Moi University,Bachelor,2025/2026,93.8,68.2,In Progress,2025-11-02,Q4 2025,active
BEN-005110,Dennis,Mohamed,Male,bungoma,Scholarship,Jomo Kenyatta University,Bachelor,2024/2025,84.7,63.0,Completed,2025-02-27,Q1 2025,completed
BEN-005116,Faith,Wanjiku,Female,Kajiado,Scholarship,Mount Kenya University,Bachelor,2024/2025,80.5,65.6,Completed,2025-02-16,Q1 2025,completed
BEN-005119,Mutua,Korir,Male,Kiambu,Scholarship,Africa Nazarene University,Bachelor,2025/2026,83.1,56.9,In Progress,2026-02-19,Q1 2026,active
BEN-005120,Chepkoech,Chebet,Female,Nairobi,Scholarship,Kenyatta University,Master,2025/2026,94.0,78.9,In Progress,2026-04-09,Q2 2026,active
BEN-005125,Purity,Kimani,Female,Kiambu,Scholarship,Catholic University of Eastern Africa,Bachelor,2025/2026,87.9,65.3,In Progress,2026-02-16,Q1 2026,active
BEN-005129,Nyambura,Njenga,Female,Kisumu,Scholarship,Daystar University,Master,2025/2026,72.7,46.7,In Progress,2026-06-24,Q2 2026,active
BEN-005130,Achieng,Mbogo,Female,Nairobi,Scholarship,Catholic University of Eastern Africa,Diploma,2025/2026,84.5,71.6,In Progress,2025-11-05,Q4 2025,active
BEN-005132,Amina,Wekesa,Female,Machakos,Scholarship,Maseno University,Bachelor,2024/2025,90.0,76.6,COMPLETED,2025-08-04,Q3 2025,completed
BEN-005135,Njeri,Mbogo,Female,Mombasa,Scholarship,Kenyatta University,Bachelor,2025/2026,75.1,86.1,In Progress,2026-05-09,Q2 2026,active
BEN-005139,Mercy,Cheruiyot,Female,Kiambu,Scholarship,University of Nairobi,Bachelor,2025/2026,93.6,87.7,In Progress,2026-05-05,Q2 2026,active
BEN-005144,Esther,Katana,Female,Meru,Scholarship,Catholic University of Eastern Africa,Diploma,2025/2026,87.8,54.1,In Progress,2026-07-17,Q3 2026,active
BEN-005151,Mutua,Kimani,Male,Kisumu,Scholarship,Strathmore University,Bachelor,2025/2026,66.8,51.7,Completed,2025-11-04,Q4 2025,completed
BEN-005153,Cheruiyot,Wafula,Male,Uasin Gishu,Scholarship,Jomo Kenyatta University,Diploma,2024/2025,98.9,38.0,Completed,2025-01-28,Q1 2025,completed
BEN-005160,Anyango,Korir,Female,Meru,Scholarship,Mount Kenya University,Bachelor,2026/2027,78.0,79.9,In Progress,2026-09-24,Q3 2026,active
BEN-005161,Chebet,Kimani,Female,Nairobi,Scholarship,Moi University,Bachelor,2025/2026,100.0,61.7,In Progress,2026-05-14,Q2 2026,active
BEN-005162,Nasieku,Kilonzo,Female,Nakuru,Scholarship,University of Nairobi,Bachelor,2025/2026,85.2,61.5,In Progress,2025-12-14,Q4 2025,active
BEN-005163,Grace,Njoroge,Female,Kiambu,Scholarship,Kenyatta University,Bachelor,2025/2026,94.8,70.0,In Progress,2026-07-29,Q3 2026,active
BEN-005168,Barasa,Kariuki,Male,Nairobi,Scholarship,Mount Kenya University,Bachelor,2025/2026,91.3,74.1,Completed,2026-03-05,Q1 2026,completed
BEN-005169,Amina,Rotich,Female,Kiambu,Scholarship,Catholic University of Eastern Africa,Bachelor,2026/2027,84.9,50.8,In Progress,2026-09-24,Q3 2026,active
BEN-005170,Beatrice,Abdi,Female,MOMBASA,Scholarship,Moi University,Master,2025/2026,92.3,64.5,Completed,2025-11-22,Q4 2025,completed
BEN-005177,Baraka,Charo,Male,Mombasa,Scholarship,Mount Kenya University,Master,2024/2025,92.7,54.7,Completed,2025-02-27,Q1 2025,completed
BEN-005178,Achieng,Njoroge,Female,Uasin Gishu,Scholarship,Daystar University,Bachelor,2024/2025,98.6,59.2,Completed,2025-07-30,Q3 2025,completed
BEN-005180,Atieno,Kariuki,Female,Nairobi,Scholarship,Kenyatta University,Bachelor,2025/2026,100.0,76.6,In Progress,2026-02-10,Q1 2026,active
BEN-005185,Halima,Nyambane,Female,Muranga,Scholarship,Strathmore University,Bachelor,2025/2026,84.0,51.3,Completed,2025-09-16,Q3 2025,completed
BEN-005187,Kiptoo,Charo,Male,Kiambu,Scholarship,Africa Nazarene University,Bachelor,2025/2026,89.5,70.4,In Progress,2026-07-11,Q3 2026,active
BEN-005188,Gathoni,Kilonzo,Female,Nakuru,Scholarship,University of Nairobi,Bachelor,2024/2025,78.7,63.4,COMPLETED,2025-02-21,Q1 2025,completed
BEN-005190,Gathoni,Korir,Female,Kakamega,Scholarship,Maseno University,Bachelor,2025/2026,75.1,50.8,In Progress,2026-07-07,Q3 2026,active
BEN-005192,Gathoni,Wafula,Female,Meru,Scholarship,Kenyatta University,Bachelor,2025/2026,86.4,63.8,In Progress,2026-03-23,Q1 2026,active
BEN-005196,Atieno,Muthoni,Female,Kajiado,Scholarship,Strathmore University,Bachelor,2025/2026,100.0,53.2,In Progress,2026-07-07,Q3 2026,active
BEN-005197,Emily,Muthoni,Female,KAKAMEGA,Scholarship,University of Nairobi,Master,2025/2026,92.6,42.3,In Progress,2026-08-06,Q3 2026,active
BEN-005198,Beatrice,Mwakio,Female,Meru,Scholarship,Mount Kenya University,Master,2025/2026,87.1,82.2,In Progress,2026-07-25,Q3 2026,active
BEN-005199,Kevin,Wafula,Male,Mombasa,Scholarship,Jomo Kenyatta University,Master,2025/2026,87.9,74.1,In Progress,2026-01-21,Q1 2026,active
BEN-005200,Brian,Matano,Male,Kiambu,Scholarship,Daystar University,Bachelor,2024/2025,100.0,68.6,Completed,2025-03-14,Q1 2025,completed
BEN-005204,Barasa,Baya,M,Meru,Scholarship,Maseno University,Master,2024/2025,89.2,63.8,Completed,2025-05-16,Q2 2025,completed
BEN-005207,Collins,Mohamed,Male,Uasin Gishu,Scholarship,Strathmore University,Bachelor,2025/2026,92.8,87.0,In Progress,2026-06-19,Q2 2026,active
BEN-005209,Purity,Mutua,Female,Mombasa,Scholarship,Mount Kenya University,Master,2025/2026,89.1,78.2,In Progress,2026-06-17,Q2 2026,active
BEN-005217,Boniface,Abdi,Male,Kajiado County,Scholarship,Mount Kenya University,Diploma,2025/2026,92.7,49.3,Dropped,2025-12-28,Q4 2025,dropped_out
BEN-005218,Kelvin,Muthoni,Male,kajiado,Scholarship,Catholic University of Eastern Africa,Diploma,2025/2026,82.9,73.7,In Progress,2026-08-05,Q3 2026,active
BEN-005220,Emmanuel,Otieno,Male,Kiambu,Scholarship,Strathmore University,Bachelor,2025/2026,91.6,52.8,Completed,2025-12-17,Q4 2025,completed
BEN-005221,Stephen,Rotich,Male,Bungoma,Scholarship,Strathmore University,Diploma,2025/2026,73.0,57.0,In Progress,2026-04-15,Q2 2026,active
BEN-005222,Beatrice,Bett,Female,Kajiado,Scholarship,Jomo Kenyatta University,Master,2025/2026,98.6,61.3,In Progress,2026-05-31,Q2 2026,active
BEN-005228,Brenda,Chebet,Female,Kiambu,Scholarship,Moi University,Bachelor,2024/2025,100.0,85.5,Completed,2025-06-20,Q2 2025,completed
BEN-005230,Diana,Otieno,Female,Kiambu,Scholarship,Jomo Kenyatta University,Master,2024/2025,79.4,76.3,Completed,2025-08-10,Q3 2025,completed
BEN-005231,Emily,Juma,Female,Kisii,Scholarship,Jomo Kenyatta University,Bachelor,2025/2026,71.4,67.8,In Progress,2026-05-30,Q2 2026,active
BEN-005234,Kamau,Mbogo,Male,Kisii,Scholarship,Catholic University of Eastern Africa,Bachelor,2024/2025,69.3,71.1,COMPLETED,2025-08-24,Q3 2025,completed
BEN-005235,Anthony,Muthoni,Male,Nairobi,Scholarship,Daystar University,Bachelor,2025/2026,80.9,65.0,In Progress,2026-04-09,Q2 2026,active
BEN-005237,Grace,Hassan,Female,uasin gishu,Scholarship,Kenyatta University,Diploma,2026/2027,74.6,79.8,In Progress,2026-09-02,Q3 2026,active
BEN-005238,Otieno,Juma,Male,Nairobi,Scholarship,Jomo Kenyatta University,Bachelor,2025/2026,83.5,75.8,In Progress,2026-07-30,Q3 2026,active
BEN-005239,Odhiambo,Mutua,Male,machakos,Scholarship,University of Nairobi,Bachelor,2025/2026,80.7,34.9,In Progress,2026-07-07,Q3 2026,active
BEN-005241,Patrick,Wafula,Male,Kiambu,Scholarship,Strathmore University,Diploma,2025/2026,90.5,82.0,In Progress,2026-06-20,Q2 2026,active
BEN-005243,Kelvin,Muthoni,Male,Nairobi,Scholarship,Moi University,Diploma,2025/2026,79.3,72.9,Dropped,2025-12-22,Q4 2025,dropped_out
BEN-005250,Cheruiyot,Kimani,Male,Kiambu,Scholarship,Catholic University of Eastern Africa,Master,2025/2026,95.6,57.8,In Progress,2026-02-05,Q1 2026,active
BEN-005253,Patrick,Gitau,Male,Muranga,Scholarship,Daystar University,Diploma,2025/2026,87.5,69.4,In Progress,2026-03-07,Q1 2026,active
BEN-005255,Chepkoech,Achieng,Female,Uasin Gishu,Scholarship,Maseno University,Bachelor,2025/2026,80.3,65.7,In Progress,2026-02-22,Q1 2026,active
BEN-005257,Kendi,Ngugi,Female,Kiambu,Scholarship,Strathmore University,Bachelor,2025/2026,86.4,74.6,In Progress,2026-07-06,Q3 2026,active
BEN-005260,Rotich,Muthoni,Male,Kakamega,Scholarship,Strathmore University,Bachelor,2025/2026,72.8,73.4,Completed,2025-11-12,Q4 2025,completed
BEN-005262,Atieno,Wekesa,Female,Kiambu,Scholarship,Africa Nazarene University,Bachelor,2025/2026,91.8,70.3,In Progress,2026-01-13,Q1 2026,active
BEN-005263,James,Muthoni,Male,Nairobi County,Scholarship,Catholic University of Eastern Africa,Diploma,2026/2027,81.9,74.3,In Progress,2026-09-28,Q3 2026,active
BEN-005264,Cynthia,Mohamed,Female,Kisumu County,Scholarship,Jomo Kenyatta University,Bachelor,2025/2026,78.4,54.9,In Progress,2026-08-26,Q3 2026,active
BEN-005265,Nkatha,Kariuki,Female,Meru,Scholarship,Maseno University,Diploma,2025/2026,79.0,56.6,In Progress,2026-04-24,Q2 2026,active
BEN-005266,Akinyi,Abdi,Female,Nairobi,Scholarship,Africa Nazarene University,Diploma,2025/2026,85.4,66.2,In Progress,2026-05-20,Q2 2026,active
BEN-005269,Grace,Kiptoo,Female,Nairobi,Scholarship,Catholic University of Eastern Africa,Bachelor,2025/2026,80.4,58.3,In Progress,2026-03-11,Q1 2026,active
BEN-005270,Isaac,Matano,Male,Mombasa,Scholarship,Africa Nazarene University,Bachelor,2025/2026,94.9,68.2,In Progress,2026-05-15,Q2 2026,active
BEN-005272,Kagure,Baya,Female,Meru,Scholarship,Maseno University,Bachelor,2024/2025,60.9,60.5,Completed,2025-01-19,Q1 2025,completed
BEN-005277,James,Njenga,Male,Kiambu,Scholarship,Mount Kenya University,Diploma,2024/2025,78.0,53.4,Completed,2025-01-24,Q1 2025,completed
BEN-005281,Omondi,Bett,Male,Kajiado,Scholarship,Catholic University of Eastern Africa,Diploma,2025/2026,91.9,55.5,In Progress,2026-03-01,Q1 2026,active
BEN-005284,Francis,Ochieng,Male,Nyeri,Scholarship,Africa Nazarene University,Bachelor,2024/2025,95.2,59.3,Completed,2025-08-10,Q3 2025,completed
BEN-005286,Peter,Muthoni,Male,Nairobi,Scholarship,Kenyatta University,Diploma,2024/2025,87.3,70.6,Completed,2025-04-01,Q2 2025,completed
BEN-005295,Purity,Kuria,Female,Kakamega,Scholarship,Kenyatta University,Diploma,2025/2026,80.2,67.2,In Progress,2026-08-03,Q3 2026,active
BEN-005297,Njeri,Charo,Female,Uasin Gishu,Scholarship,Moi University,Diploma,2025/2026,88.5,64.4,In Progress,2026-06-11,Q2 2026,active
BEN-005303,Wanjiru,Musyoka,Female,Nairobi,Scholarship,Strathmore University,Bachelor,2025/2026,79.2,68.1,COMPLETED,2025-09-08,Q3 2025,completed
BEN-005304,Wanjiru,Ngugi,Female,Muranga,Scholarship,Mount Kenya University,Bachelor,2025/2026,98.0,43.1,In Progress,2026-05-09,Q2 2026,active
BEN-005306,Patrick,Mwakio,Male,Nairobi,Scholarship,Mount Kenya University,Bachelor,2025/2026,96.0,57.7,Completed,2026-02-17,Q1 2026,completed
BEN-005309,Baraka,Bett,Male,Kiambu,Scholarship,Mount Kenya University,Bachelor,2025/2026,83.0,81.7,In Progress,2026-05-29,Q2 2026,active
BEN-005313,John,Njenga,Male,Kisii,Scholarship,Africa Nazarene University,Bachelor,2025/2026,84.1,77.6,In Progress,2026-01-08,Q1 2026,active
BEN-005317,Grace,Chebet,Female,Bungoma,Scholarship,Moi University,Bachelor,2025/2026,78.4,76.4,In Progress,2026-06-10,Q2 2026,active
BEN-005318,Gathoni,Mwangi,Female,Nakuru,Scholarship,Mount Kenya University,Bachelor,2026/2027,78.0,79.4,In Progress,2026-09-25,Q3 2026,active
BEN-005322,Kamau,Mwangi,Male,Nairobi,Scholarship,Kenyatta University,Bachelor,2025/2026,97.2,79.2,In Progress,2026-04-06,Q2 2026,active
BEN-005326,Kagure,Charo,Female,Uasin Gishu,Scholarship,Strathmore University,Diploma,2025/2026,76.2,43.4,In Progress,2026-02-08,Q1 2026,active
BEN-005328,Emmanuel,Njoroge,Male,Nairobi,Scholarship,Jomo Kenyatta University,Master,2025/2026,92.3,72.0,In Progress,2025-10-15,Q4 2025,active
BEN-005331,Caroline,Onyango,Female,Nyeri,Scholarship,Catholic University of Eastern Africa,Master,2024/2025,89.7,58.2,Completed,2025-06-03,Q2 2025,completed
BEN-005334,Beatrice,Muthoni,Female,Mombasa,Scholarship,Africa Nazarene University,Bachelor,2024/2025,86.1,56.9,Completed,2025-01-25,Q1 2025,completed
BEN-005337,Cheruiyot,Chebet,Male,Machakos,Scholarship,Africa Nazarene University,Bachelor,2025/2026,81.2,57.8,Completed,2026-02-17,Q1 2026,completed
BEN-005338,Boniface,Kimani,Male,Mombasa,Scholarship,Mount Kenya University,Bachelor,2025/2026,92.4,81.2,Completed,2025-11-01,Q4 2025,completed
BEN-005344,Neema,Cheruiyot,Female,Uasin Gishu,Scholarship,Mount Kenya University,Bachelor,2026/2027,84.6,71.1,In Progress,2026-09-27,Q3 2026,active
BEN-005347,Naisula,Koech,Female,Muranga,Scholarship,Mount Kenya University,Bachelor,2025/2026,98.7,47.5,In Progress,2026-01-26,Q1 2026,active
BEN-005350,Beatrice,Bett,Female,Meru,Scholarship,Strathmore University,Bachelor,2024/2025,84.9,72.4,Completed,2025-04-01,Q2 2025,completed
BEN-005356,Cynthia,Juma,Female,Bungoma,Scholarship,Daystar University,Bachelor,2025/2026,89.5,58.7,In Progress,2026-01-29,Q1 2026,active
BEN-005359,Abdi,Abdi,Male,Machakos,Scholarship,Moi University,Diploma,2025/2026,66.6,98.8,In Progress,2026-04-09,Q2 2026,active
BEN-005360,Emily,Kariuki,Female,Mombasa,Scholarship,University of Nairobi,Bachelor,2025/2026,83.7,71.7,In Progress,2026-05-31,Q2 2026,active
BEN-005363,Awuor,Njenga,Female,KAJIADO,Scholarship,Mount Kenya University,Bachelor,2025/2026,80.2,58.2,In Progress,2026-04-28,Q2 2026,active
BEN-005364,Chepkoech,Chebet,Female,MERU,Scholarship,Catholic University of Eastern Africa,Bachelor,2025/2026,78.5,68.8,In Progress,2025-10-18,Q4 2025,active
BEN-005366,John,Kamau,m,Kisii,Scholarship,Maseno University,Bachelor,2025/2026,78.5,47.3,Completed,2025-10-04,Q4 2025,completed
BEN-005367,Awuor,Mutiso,Female,NAIROBI,Scholarship,University of Nairobi,Bachelor,2025/2026,100.0,84.7,In Progress,2026-04-14,Q2 2026,active
BEN-005372,Kagure,Njenga,Female,Meru,Scholarship,Kenyatta University,Bachelor,2025/2026,100.0,70.1,In Progress,2026-06-28,Q2 2026,active
BEN-005379,Mumbi,Matano,Female,Bungoma,Scholarship,University of Nairobi,Bachelor,2024/2025,77.2,71.4,Dropped,2025-04-23,Q2 2025,dropped_out
BEN-005381,Wekesa,Njenga,Male,Mombasa,Scholarship,Maseno University,Bachelor,2026/2027,87.7,58.1,In Progress,2026-09-17,Q3 2026,active
BEN-005383,Esther,Barasa,Female,Nairobi,Scholarship,Mount Kenya University,Bachelor,2024/2025,94.7,87.8,Completed,2025-02-22,Q1 2025,completed
BEN-005385,Boniface,Kilonzo,Male,Machakos,Scholarship,Strathmore University,Diploma,2025/2026,68.5,74.9,Completed,2025-12-31,Q4 2025,completed
BEN-005386,Akinyi,Otieno,Female,Kisumu,Scholarship,Moi University,Master,2024/2025,79.6,52.2,Completed,2025-02-27,Q1 2025,completed
BEN-005387,Patrick,Matano,Male,MERU,Scholarship,Moi University,Master,2024/2025,82.3,42.4,Completed,2025-03-14,Q1 2025,completed
BEN-005391,Purity,Gitau,Female,KISUMU,Scholarship,Daystar University,Bachelor,2025/2026,77.7,60.5,Dropped,2025-12-09,Q4 2025,dropped_out
BEN-005393,Stephen,Koech,Male,Machakos County,Scholarship,Jomo Kenyatta University,Bachelor,2025/2026,91.3,69.7,In Progress,2025-11-21,Q4 2025,active
BEN-005394,Samuel,Koech,Male,Mombasa,Scholarship,Moi University,Master,2024/2025,99.7,55.7,Completed,2025-08-01,Q3 2025,completed
BEN-005398,Anyango,Mwangi,Female,Nairobi,Scholarship,Daystar University,Master,2025/2026,96.2,71.8,In Progress,2026-01-25,Q1 2026,active
BEN-005399,Rotich,Owino,Male,kisumu,Scholarship,Jomo Kenyatta University,Diploma,2024/2025,81.0,57.4,Completed,2025-06-11,Q2 2025,completed
BEN-005401,Zawadi,Wekesa,Female,Kisii,Scholarship,Africa Nazarene University,Diploma,2025/2026,74.3,60.9,In Progress,2025-10-18,Q4 2025,active
BEN-005404,Jerop,Cheruiyot,Female,Nakuru,Scholarship,Mount Kenya University,Bachelor,2025/2026,88.6,63.6,In Progress,2026-04-13,Q2 2026,active
BEN-005405,Naisula,Maina,Female,Uasin Gishu,Scholarship,University of Nairobi,Diploma,2025/2026,87.8,65.2,In Progress,2026-05-07,Q2 2026,active
BEN-005407,John,Bett,Male,Muranga,Scholarship,Daystar University,Bachelor,2024/2025,93.6,71.3,Completed,2025-03-26,Q1 2025,completed
BEN-005411,Chebet,Juma,Female,Kisii,Scholarship,Catholic University of Eastern Africa,Diploma,2025/2026,73.5,55.6,In Progress,2026-03-29,Q1 2026,active
BEN-005413,Amina,Mohamed,Female,Uasin Gishu,Scholarship,University of Nairobi,Bachelor,2024/2025,79.7,61.7,DROPPED,2025-06-01,Q2 2025,dropped_out
BEN-005418,Sharon,Nduta,Female,Bungoma,Scholarship,Catholic University of Eastern Africa,Diploma,2025/2026,86.6,39.3,In Progress,2026-04-16,Q2 2026,active
BEN-005419,Timothy,Wanjiku,Male,Kisumu,Scholarship,Mount Kenya University,Bachelor,2025/2026,80.6,46.7,Completed,2025-11-24,Q4 2025,completed
BEN-005423,Victor,Hassan,Male,Mombasa,Scholarship,Mount Kenya University,Bachelor,2025/2026,90.6,79.6,In Progress,2026-08-14,Q3 2026,active
BEN-005425,Anthony,Kamau,Male,Kiambu,Scholarship,Maseno University,Bachelor,2024/2025,88.9,69.2,Completed,2025-07-28,Q3 2025,completed
BEN-005429,Awuor,Nyambane,Female,Mombasa,Scholarship,Catholic University of Eastern Africa,Bachelor,2025/2026,87.5,64.3,In Progress,2026-04-09,Q2 2026,active
BEN-005430,Zawadi,Achieng,Female,MACHAKOS,Scholarship,University of Nairobi,Bachelor,2025/2026,66.8,54.8,In Progress,2026-04-05,Q2 2026,active
BEN-005432,Cynthia,Musyoka,Female,Kisumu,Scholarship,Daystar University,Diploma,2024/2025,68.0,70.1,Completed,2025-08-14,Q3 2025,completed
BEN-005433,Joy,Nyambane,Female,Bungoma,Scholarship,University of Nairobi,Diploma,2025/2026,81.8,58.4,In Progress,2026-03-25,Q1 2026,active
BEN-005434,Akinyi,Omondi,F,Nairobi,Scholarship,Jomo Kenyatta University,Bachelor,2025/2026,86.0,63.9,In Progress,2026-04-28,Q2 2026,active
BEN-005440,Kendi,Odhiambo,Female,Kakamega,Scholarship,Kenyatta University,Bachelor,2025/2026,73.1,37.5,In Progress,2026-01-07,Q1 2026,active
BEN-005441,Isaac,Charo,Male,Kisumu,Scholarship,Strathmore University,Bachelor,2025/2026,79.6,68.6,Completed,2025-11-08,Q4 2025,completed
BEN-005442,Wanjiku,Barasa,FEMALE,Uasin Gishu,Scholarship,Africa Nazarene University,Diploma,2025/2026,72.5,69.5,In Progress,2026-02-10,Q1 2026,active
BEN-005443,Grace,Bett,Female,Kiambu,Scholarship,Daystar University,Bachelor,2025/2026,100.0,66.8,In Progress,2026-05-10,Q2 2026,active
BEN-005444,Peter,Wafula,m,Muranga,Scholarship,Daystar University,Bachelor,2025/2026,83.5,71.6,Completed,2025-09-14,Q3 2025,completed
BEN-005446,Musyoka,Kiptoo,Male,KISUMU,Scholarship,University of Nairobi,Master,2025/2026,70.9,58.9,In Progress,2026-06-30,Q2 2026,active
BEN-005447,Amina,Mwakio,Female,Kisumu,Scholarship,University of Nairobi,Bachelor,2024/2025,70.5,71.4,Dropped,2025-05-12,Q2 2025,dropped_out
BEN-005449,Victor,Rotich,Male,Nairobi,Scholarship,University of Nairobi,Diploma,2025/2026,80.6,71.1,In Progress,2026-05-01,Q2 2026,active
BEN-005450,Musyoka,Wanjiku,Male,Muranga,Scholarship,Catholic University of Eastern Africa,Bachelor,2025/2026,96.0,50.2,In Progress,2026-02-12,Q1 2026,active
BEN-005456,Esther,Hassan,f,Nyeri County,Scholarship,Daystar University,Bachelor,2024/2025,96.4,72.5,Completed,2025-05-20,Q2 2025,completed
BEN-005464,Anyango,Abdi,Female,Kisumu,Scholarship,Jomo Kenyatta University,Bachelor,2024/2025,81.2,59.6,Completed,2025-06-13,Q2 2025,completed
BEN-005465,Peter,Kimani,Male,Machakos,Scholarship,University of Nairobi,Bachelor,2025/2026,80.5,60.8,In Progress,2026-03-03,Q1 2026,active
BEN-005466,Barasa,Rotich,Male,Kisumu,Scholarship,Moi University,Diploma,2025/2026,91.0,63.4,In Progress,2026-06-17,Q2 2026,active
BEN-005475,Achieng,Hassan,Female,Nyeri,Scholarship,Moi University,Bachelor,2025/2026,77.1,71.7,In Progress,2026-07-06,Q3 2026,active
BEN-005478,Brian,Kuria,Male,Meru,Scholarship,Maseno University,Diploma,2026/2027,79.1,54.5,In Progress,2026-09-24,Q3 2026,active
BEN-005481,Patrick,Chebet,Male,Uasin Gishu,Scholarship,Maseno University,Diploma,2025/2026,84.8,81.5,Completed,2025-09-10,Q3 2025,completed
BEN-005482,Emmanuel,Ochieng,Male,Nairobi,Scholarship,Maseno University,Diploma,2025/2026,100.0,68.1,In Progress,2026-04-29,Q2 2026,active
BEN-005484,Kendi,Barasa,Female,Meru,Scholarship,Catholic University of Eastern Africa,Diploma,2025/2026,76.3,67.7,Completed,2026-02-24,Q1 2026,completed
BEN-005487,Jerop,Juma,Female,Nairobi,Scholarship,Strathmore University,Diploma,2025/2026,93.3,59.6,In Progress,2026-08-25,Q3 2026,active
BEN-005491,Beatrice,Hassan,Female,Kiambu County,Scholarship,Mount Kenya University,Master,2025/2026,80.7,52.5,In Progress,2026-01-01,Q1 2026,active
BEN-005492,Anyango,Wafula,Female,Kisumu,Scholarship,Catholic University of Eastern Africa,Bachelor,2025/2026,88.7,64.3,In Progress,2026-08-31,Q3 2026,active
BEN-005496,Daniel,Kimani,Male,Uasin Gishu,Scholarship,Jomo Kenyatta University,Master,2025/2026,100.0,80.9,Completed,2025-11-28,Q4 2025,completed
BEN-005497,Chebet,Cheruiyot,Female,Machakos,Scholarship,Strathmore University,Bachelor,2025/2026,99.4,63.7,In Progress,2026-07-26,Q3 2026,active
BEN-005498,Brian,Njenga,Male,MOMBASA,Scholarship,Kenyatta University,Bachelor,2025/2026,80.1,49.5,In Progress,2026-02-14,Q1 2026,active
BEN-005499,Emmanuel,Katana,Male,Uasin Gishu,Scholarship,Moi University,Diploma,2025/2026,88.6,77.5,In Progress,2026-05-06,Q2 2026,active
BEN-005501,Chepkoech,Koech,FEMALE,Kajiado,Scholarship,Strathmore University,Bachelor,2024/2025,75.7,74.4,complete,2025-07-04,Q3 2025,completed
BEN-005502,Joy,Barasa,Female,Kiambu,Scholarship,Jomo Kenyatta University,Bachelor,2024/2025,68.6,67.1,Completed,2025-05-15,Q2 2025,completed
BEN-005503,Wekesa,Achieng,Male,Nakuru,Scholarship,Kenyatta University,Bachelor,2025/2026,84.7,65.8,Dropped,2025-09-07,Q3 2025,dropped_out
BEN-005505,Daniel,Juma,Male,Mombasa,Scholarship,Daystar University,Bachelor,2025/2026,92.2,64.0,In Progress,2026-03-12,Q1 2026,active
BEN-005513,Nasieku,Muthoni,Female,Kisumu,Scholarship,Mount Kenya University,Bachelor,2025/2026,72.2,56.7,Completed,2025-11-30,Q4 2025,completed
BEN-005515,Isaac,Njoroge,Male,Nairobi,Scholarship,Africa Nazarene University,Bachelor,2025/2026,100.0,64.8,In Progress,2026-05-18,Q2 2026,active
BEN-005516,Diana,Achieng,Female,Nairobi,Scholarship,Moi University,Bachelor,2025/2026,85.7,71.2,In Progress,2026-04-14,Q2 2026,active
BEN-005518,Gathoni,Mutua,Female,Bungoma,Scholarship,Daystar University,Master,2025/2026,94.6,61.8,In Progress,2026-02-07,Q1 2026,active
BEN-005520,Mumbi,Katana,Female,Kisii,Scholarship,Mount Kenya University,Bachelor,2025/2026,92.2,65.8,In Progress,2026-06-12,Q2 2026,active
BEN-005521,Simon,Katana,Male,Nyeri,Scholarship,Moi University,Bachelor,2025/2026,91.5,82.2,Completed,2025-10-31,Q4 2025,completed
BEN-005524,Nasieku,Ochieng,Female,Nyeri,Scholarship,Kenyatta University,Master,2025/2026,99.8,57.6,In Progress,2026-04-23,Q2 2026,active
BEN-005526,Neema,Gitau,Female,Nairobi,Scholarship,University of Nairobi,Bachelor,2025/2026,100.0,66.1,Completed,2026-03-20,Q1 2026,completed
BEN-005527,Ali,Gitau,Male,Kiambu,Scholarship,Maseno University,Diploma,2025/2026,78.9,66.0,Completed,2025-12-04,Q4 2025,completed
BEN-005530,John,Korir,Male,KILIFI,Scholarship,Jomo Kenyatta University,Bachelor,2026/2027,81.4,53.2,In Progress,2026-09-13,Q3 2026,active
BEN-005533,Samuel,Mutiso,Male,Kakamega,Scholarship,Mount Kenya University,Bachelor,2025/2026,84.6,57.8,In Progress,2026-05-23,Q2 2026,active
BEN-005535,Wanjiku,Korir,Female,Kiambu,Scholarship,Catholic University of Eastern Africa,Bachelor,2024/2025,90.1,64.8,Completed,2025-05-30,Q2 2025,completed
BEN-005537,John,Barasa,Male,Machakos,Scholarship,Kenyatta University,Master,2025/2026,92.0,68.7,In Progress,2026-05-13,Q2 2026,active
BEN-005538,Faith,Barasa,f,Mombasa,Scholarship,Kenyatta University,Bachelor,2025/2026,74.3,64.0,In Progress,2026-01-13,Q1 2026,active
BEN-005539,Kelvin,Kiptoo,Male,Nairobi,Scholarship,Catholic University of Eastern Africa,Bachelor,2024/2025,81.2,73.5,Dropped,2025-01-10,Q1 2025,dropped_out
BEN-005540,John,Kariuki,Male,Kiambu,Scholarship,Catholic University of Eastern Africa,Diploma,2024/2025,88.5,75.8,Completed,2025-04-07,Q2 2025,completed
BEN-005545,Cherono,Rotich,Female,Meru,Scholarship,Kenyatta University,Bachelor,2025/2026,99.7,67.3,Completed,2026-02-20,Q1 2026,completed
BEN-005549,Wekesa,Kariuki,Male,Meru,Scholarship,Africa Nazarene University,Bachelor,2026/2027,83.8,73.4,In Progress,2026-09-10,Q3 2026,active
BEN-005551,Jerop,Mwakio,Female,KIAMBU,Scholarship,Catholic University of Eastern Africa,Diploma,2025/2026,100.0,68.9,In Progress,2026-08-15,Q3 2026,active
BEN-005555,Naisula,Juma,Female,Uasin Gishu,Scholarship,University of Nairobi,Bachelor,2025/2026,74.2,78.7,In Progress,2026-04-15,Q2 2026,active
BEN-005557,Isaac,Odhiambo,Male,kakamega,Scholarship,Africa Nazarene University,Master,2025/2026,83.7,62.8,In Progress,2026-07-15,Q3 2026,active
BEN-005560,Mohamed,Bett,Male,Kakamega,Scholarship,Kenyatta University,Bachelor,2025/2026,81.9,49.3,In Progress,2026-05-20,Q2 2026,active
BEN-005563,Juma,Onyango,Male,Kajiado,Scholarship,Mount Kenya University,Bachelor,2026/2027,82.5,66.4,In Progress,2026-09-03,Q3 2026,active
BEN-005564,Collins,Cheruiyot,Male,Uasin Gishu County,Scholarship,Africa Nazarene University,Diploma,2026/2027,69.4,59.3,In Progress,2026-09-17,Q3 2026,active
BEN-005568,Halima,Nyambane,Female,Nairobi,Scholarship,Catholic University of Eastern Africa,Bachelor,2025/2026,83.8,51.0,Completed,2025-12-21,Q4 2025,completed
BEN-005569,Odhiambo,Njenga,Male,Kiambu,Scholarship,Strathmore University,Master,2025/2026,83.7,72.0,In Progress,2026-07-24,Q3 2026,active
BEN-005570,Grace,Gitau,Female,Kilifi,Scholarship,University of Nairobi,Bachelor,2024/2025,91.0,42.9,Completed,2025-08-30,Q3 2025,completed
BEN-005573,Kiptoo,Mutua,M,Kakamega,Scholarship,University of Nairobi,Bachelor,2025/2026,84.5,57.6,In Progress,2026-05-19,Q2 2026,active
BEN-005574,Isaac,Bett,Male,Nairobi,Scholarship,Moi University,Bachelor,2025/2026,91.2,76.6,In Progress,2026-06-14,Q2 2026,active
BEN-005575,Nicholas,Mohamed,Male,Uasin Gishu,Scholarship,University of Nairobi,Master,2025/2026,72.6,77.4,In Progress,2026-07-07,Q3 2026,active
BEN-005578,Grace,Chebet,Female,Kiambu,Scholarship,Moi University,Master,2025/2026,78.7,60.8,In Progress,2026-04-10,Q2 2026,active
BEN-005580,Baraka,Katana,Male,Nairobi,Scholarship,Jomo Kenyatta University,Master,2024/2025,97.5,53.0,COMPLETED,2025-05-04,Q2 2025,completed
BEN-005582,Njeri,Mwangi,Female,Bungoma,Scholarship,Strathmore University,Bachelor,2024/2025,73.9,69.8,Dropped,2025-05-31,Q2 2025,dropped_out
BEN-005588,Kilonzo,Kimani,Male,Kakamega,Scholarship,Africa Nazarene University,Diploma,2024/2025,79.1,65.0,Completed,2025-05-12,Q2 2025,completed
BEN-005592,Cynthia,Kiptoo,Female,Nyeri,Scholarship,Maseno University,Bachelor,2025/2026,86.8,83.2,In Progress,2026-01-13,Q1 2026,active
BEN-005593,Cheruiyot,Abdi,Male,Nairobi,Scholarship,Mount Kenya University,Bachelor,2025/2026,85.3,76.0,In Progress,2026-01-18,Q1 2026,active
BEN-005596,Stephen,Juma,Male,Kiambu,Scholarship,Kenyatta University,Bachelor,2026/2027,94.0,82.4,In Progress,2026-09-30,Q3 2026,active
BEN-005603,Nicholas,Matano,Male,Bungoma,Scholarship,Maseno University,Master,2024/2025,82.3,72.9,Dropped,2025-01-09,Q1 2025,dropped_out
BEN-005605,Beatrice,Wekesa,Female,Kiambu,Scholarship,Mount Kenya University,Bachelor,2025/2026,81.3,73.1,Completed,2025-10-15,Q4 2025,completed
BEN-005612,Chepkoech,Odhiambo,Female,Nairobi,Scholarship,Jomo Kenyatta University,Bachelor,2025/2026,93.0,55.5,In Progress,2026-04-25,Q2 2026,active
BEN-005613,Awuor,Kamau,Female,Kiambu,Scholarship,Moi University,Bachelor,2025/2026,77.9,57.2,In Progress,2026-06-09,Q2 2026,active
BEN-005615,Musyoka,Mbogo,m,Mombasa,Scholarship,Jomo Kenyatta University,Bachelor,2025/2026,100.0,74.2,In Progress,2025-11-15,Q4 2025,active
BEN-005616,Musyoka,Mohamed,Male,KISII,Scholarship,Maseno University,Bachelor,2025/2026,82.2,66.0,In Progress,2026-01-23,Q1 2026,active
BEN-005617,Peter,Mohamed,Male,Nyeri,Scholarship,Maseno University,Bachelor,2025/2026,100.0,61.1,In Progress,2026-03-07,Q1 2026,active
BEN-005619,Brian,Hassan,m,Kisumu,Scholarship,Kenyatta University,Master,2025/2026,66.7,49.9,In Progress,2026-05-20,Q2 2026,active
BEN-005620,Collins,Cheruiyot,Male,Nairobi,Scholarship,Kenyatta University,Master,2025/2026,100.0,84.9,In Progress,2026-03-30,Q1 2026,active
BEN-005622,Mumbi,Mbogo,Female,Kakamega County,Scholarship,Strathmore University,Bachelor,2025/2026,84.6,47.6,Completed,2026-01-08,Q1 2026,completed
BEN-005624,Wekesa,Wanjiku,Male,Nakuru,Scholarship,Catholic University of Eastern Africa,Bachelor,2025/2026,78.2,68.8,In Progress,2025-10-25,Q4 2025,active
BEN-005625,Kevin,Kiptoo,Male,Kiambu,Scholarship,Catholic University of Eastern Africa,Diploma,2025/2026,85.9,61.6,In Progress,2026-07-18,Q3 2026,active
BEN-005627,Anyango,Musyoka,f,Kiambu,Scholarship,University of Nairobi,Diploma,2025/2026,80.5,55.9,In Progress,2026-08-23,Q3 2026,active
BEN-005629,Nyambura,Musyoka,Female,Kilifi,Scholarship,Maseno University,Bachelor,2024/2025,76.7,69.4,Completed,2025-04-18,Q2 2025,completed
BEN-005630,Wanjiku,Muthoni,Female,Nairobi,Scholarship,Moi University,Bachelor,2025/2026,100.0,64.0,In Progress,2026-05-10,Q2 2026,active
BEN-005632,Joy,Koech,Female,kajiado,Scholarship,Catholic University of Eastern Africa,Bachelor,2025/2026,87.1,64.0,Completed,2026-03-04,Q1 2026,completed
BEN-005635,Jerop,Kiptoo,Female,Meru,Scholarship,Daystar University,Bachelor,2025/2026,86.9,59.3,In Progress,2026-07-04,Q3 2026,active
BEN-005637,Mercy,Ngugi,Female,Kiambu,Scholarship,Kenyatta University,Bachelor,2025/2026,75.3,93.5,In Progress,2026-04-01,Q2 2026,active
BEN-005639,John,Abdi,Male,Nairobi,Scholarship,Jomo Kenyatta University,Bachelor,2024/2025,77.4,63.5,Completed,2025-03-29,Q1 2025,completed
BEN-005646,David,Owino,Male,Kisii,Scholarship,Mount Kenya University,Bachelor,2026/2027,63.4,69.9,In Progress,2026-09-04,Q3 2026,active
BEN-005647,Victor,Kiptoo,m,Nakuru,Scholarship,University of Nairobi,Diploma,2025/2026,87.4,55.8,Completed,2025-11-18,Q4 2025,completed
BEN-005649,Otieno,Kamau,Male,Muranga County,Scholarship,University of Nairobi,Bachelor,2025/2026,72.3,65.6,In Progress,2026-03-08,Q1 2026,active
BEN-005654,Nyambura,Otieno,Female,Kisii,Scholarship,Kenyatta University,Bachelor,2025/2026,76.0,56.3,In Progress,2026-05-30,Q2 2026,active
BEN-005655,Anyango,Wanjiku,Female,Mombasa,Scholarship,Moi University,Diploma,2025/2026,87.1,62.9,In Progress,2026-08-26,Q3 2026,active
BEN-005660,Nyambura,Kamau,Female,Kiambu,Scholarship,Kenyatta University,Bachelor,2024/2025,92.0,79.2,Completed,2025-07-12,Q3 2025,completed
BEN-005662,Diana,Njoroge,Female,BUNGOMA,Scholarship,Moi University,Bachelor,2025/2026,76.9,68.5,Dropped,2026-01-29,Q1 2026,dropped_out
BEN-005665,Nicholas,Wanjiku,Male,Kilifi,Scholarship,Mount Kenya University,Master,2025/2026,83.6,57.8,In Progress,2026-05-05,Q2 2026,active
BEN-005678,Wanjiru,Matano,Female,Bungoma,Scholarship,Mount Kenya University,Bachelor,2025/2026,86.9,40.1,Completed,2026-01-13,Q1 2026,completed
BEN-005680,Cherono,Mwangi,Female,Kakamega,Scholarship,Strathmore University,Master,2025/2026,72.2,64.2,In Progress,2026-07-13,Q3 2026,active
BEN-005682,Brenda,Wekesa,Female,Muranga,Scholarship,Moi University,Bachelor,2025/2026,72.2,64.4,In Progress,2026-02-08,Q1 2026,active
BEN-005683,Cynthia,Owino,Female,Nairobi,Scholarship,Strathmore University,Bachelor,2025/2026,100.0,50.0,In Progress,2026-07-04,Q3 2026,active
BEN-005690,Joy,Muthoni,Female,Meru,Scholarship,Kenyatta University,Bachelor,2024/2025,81.3,56.4,Dropped,2025-08-30,Q3 2025,dropped_out
BEN-005697,Kagure,Bett,Female,Nakuru,Scholarship,Maseno University,Bachelor,2025/2026,93.8,89.9,In Progress,2025-12-29,Q4 2025,active
BEN-005703,Faith,Cheruiyot,Female,Mombasa,Scholarship,Strathmore University,Bachelor,2025/2026,95.9,60.2,Dropped,2025-11-28,Q4 2025,dropped_out
BEN-005711,Achieng,Ochieng,Female,Nakuru County,Scholarship,Strathmore University,Diploma,2025/2026,84.2,73.5,In Progress,2026-08-02,Q3 2026,active
BEN-005713,Kiptoo,Owino,Male,Kajiado,Scholarship,Moi University,Bachelor,2025/2026,97.5,72.8,In Progress,2025-11-15,Q4 2025,active
BEN-005717,Caroline,Kamau,Female,Kiambu,Scholarship,Maseno University,Master,2025/2026,100.0,74.0,In Progress,2026-05-11,Q2 2026,active
BEN-005718,Mutua,Mohamed,Male,Machakos,Scholarship,Maseno University,Bachelor,2025/2026,87.4,68.7,Completed,2026-03-23,Q1 2026,completed
BEN-005719,Zawadi,Chebet,FEMALE,Kajiado,Scholarship,University of Nairobi,Diploma,2025/2026,83.2,49.6,In Progress,2026-07-13,Q3 2026,active
BEN-005721,Chepkoech,Achieng,Female,Nairobi,Scholarship,Strathmore University,Bachelor,2025/2026,88.6,86.4,In Progress,2026-05-18,Q2 2026,active
BEN-005723,Wanjiku,Mwakio,Female,Uasin Gishu,Scholarship,Maseno University,Diploma,2025/2026,86.8,58.6,In Progress,2026-04-23,Q2 2026,active
BEN-005724,Barasa,Mutua,MALE,Kilifi,Scholarship,Kenyatta University,Master,2025/2026,90.2,56.1,In Progress,2026-07-15,Q3 2026,active
BEN-005731,Nasieku,Charo,Female,Nairobi,Scholarship,University of Nairobi,Bachelor,2025/2026,76.6,62.7,Completed,2026-01-15,Q1 2026,completed
BEN-005733,Amina,Abdi,Female,Muranga,Scholarship,Moi University,Diploma,2025/2026,90.8,53.0,In Progress,2026-01-23,Q1 2026,active
BEN-005735,Dennis,Wanjiku,Male,Mombasa,Scholarship,Jomo Kenyatta University,Bachelor,2025/2026,87.6,62.7,In Progress,2026-07-28,Q3 2026,active
BEN-005736,Purity,Cheruiyot,Female,Nyeri,Scholarship,Daystar University,Bachelor,2024/2025,78.8,81.0,Completed,2025-05-13,Q2 2025,completed
BEN-005737,Juma,Maina,Male,Kiambu,Scholarship,University of Nairobi,Diploma,2025/2026,69.5,85.4,Completed,2026-03-01,Q1 2026,completed
BEN-005738,Anyango,Korir,Female,Mombasa,Scholarship,Daystar University,Bachelor,2024/2025,94.5,67.4,Completed,2025-06-27,Q2 2025,completed
BEN-005739,Nkatha,Muthoni,Female,Nyeri,Scholarship,Catholic University of Eastern Africa,Bachelor,2024/2025,100.0,83.0,Completed,2025-08-17,Q3 2025,completed
BEN-005750,Esther,Koech,Female,Kakamega,Scholarship,Africa Nazarene University,Bachelor,2024/2025,88.1,74.9,Completed,2025-07-06,Q3 2025,completed
BEN-005754,Emily,Musyoka,Female,nakuru,Scholarship,Jomo Kenyatta University,Diploma,2025/2026,87.2,76.9,Completed,2025-11-11,Q4 2025,completed
BEN-005757,Grace,Koech,Female,Kilifi,Scholarship,Jomo Kenyatta University,Bachelor,2025/2026,60.9,77.1,Dropped,2026-01-07,Q1 2026,dropped_out
BEN-005758,Nicholas,Charo,Male,Nairobi,Scholarship,Catholic University of Eastern Africa,Bachelor,2024/2025,100.0,70.1,Completed,2025-07-21,Q3 2025,completed
BEN-005759,Ali,Wanjiku,Male,Machakos,Scholarship,Daystar University,Bachelor,2025/2026,74.6,73.8,In Progress,2026-01-14,Q1 2026,active
BEN-005760,Ali,Kamau,Male,Nairobi,Scholarship,Daystar University,Bachelor,2025/2026,80.9,80.7,In Progress,2026-07-13,Q3 2026,active
BEN-005761,Korir,Matano,Male,Meru,Scholarship,Daystar University,Bachelor,2025/2026,82.4,31.1,In Progress,2026-05-12,Q2 2026,active
BEN-005763,Kiptoo,Bett,Male,Kakamega,Scholarship,Jomo Kenyatta University,Bachelor,2024/2025,79.7,69.5,Completed,2025-04-09,Q2 2025,completed
BEN-005766,Ali,Musyoka,Male,Kiambu,Scholarship,Jomo Kenyatta University,Master,2025/2026,92.3,49.0,In Progress,2026-06-04,Q2 2026,active
BEN-005768,Kelvin,Gitau,Male,Muranga,Scholarship,Catholic University of Eastern Africa,Bachelor,2025/2026,54.9,77.3,In Progress,2026-02-03,Q1 2026,active
BEN-005769,Nyambura,Kuria,Female,Nairobi,Scholarship,Catholic University of Eastern Africa,Bachelor,2026/2027,100.0,74.2,In Progress,2026-09-27,Q3 2026,active
BEN-005771,Grace,Chebet,Female,Kisumu,Scholarship,Mount Kenya University,Diploma,2025/2026,72.1,74.3,Completed,2025-11-05,Q4 2025,completed
BEN-005772,Otieno,Wekesa,Male,Mombasa,Scholarship,Maseno University,Master,2025/2026,89.6,56.3,In Progress,2026-01-26,Q1 2026,active
BEN-005774,Joy,Chebet,Female,Meru,Scholarship,Maseno University,Bachelor,2025/2026,73.4,38.9,In Progress,2026-03-25,Q1 2026,active
BEN-005776,Juma,Omondi,Male,Nairobi,Scholarship,Jomo Kenyatta University,Bachelor,2026/2027,86.7,74.2,In Progress,2026-09-22,Q3 2026,active
BEN-005778,Wangari,Mwangi,Female,Uasin Gishu,Scholarship,Kenyatta University,Diploma,2024/2025,85.6,70.2,Completed,2025-06-24,Q2 2025,completed
BEN-005779,Grace,Baya,Female,Kajiado,Scholarship,Mount Kenya University,Bachelor,2025/2026,79.8,76.1,complete,2025-11-19,Q4 2025,completed
BEN-005781,Joseph,Koech,Male,Nakuru,Scholarship,Mount Kenya University,Bachelor,2025/2026,82.4,55.8,In Progress,2026-06-13,Q2 2026,active
BEN-005788,Diana,Mwangi,Female,Bungoma,Scholarship,Catholic University of Eastern Africa,Diploma,2024/2025,80.7,67.6,Dropped,2025-02-04,Q1 2025,dropped_out
BEN-005789,Emily,Abdi,Female,Nakuru,Scholarship,Jomo Kenyatta University,Diploma,2025/2026,65.5,66.8,Dropped,2026-02-09,Q1 2026,dropped_out
BEN-005790,Simon,Odhiambo,Male,Muranga,Scholarship,University of Nairobi,Master,2025/2026,87.3,67.9,Completed,2025-09-21,Q3 2025,completed
BEN-005794,Vincent,Kamau,Male,Machakos,Scholarship,Strathmore University,Bachelor,2025/2026,74.3,73.6,COMPLETED,2025-10-31,Q4 2025,completed
BEN-005795,Jerop,Njenga,Female,Nairobi,Scholarship,Kenyatta University,Bachelor,2025/2026,93.9,56.6,In Progress,2026-05-12,Q2 2026,active
BEN-005797,Naisula,Onyango,Female,KIAMBU,Scholarship,Catholic University of Eastern Africa,Diploma,2024/2025,75.8,46.8,COMPLETED,2025-08-29,Q3 2025,completed
BEN-005799,Emmanuel,Barasa,Male,Nakuru,Scholarship,Kenyatta University,Bachelor,2024/2025,75.3,71.3,Completed,2025-03-13,Q1 2025,completed
BEN-005801,Boniface,Otieno,m,Kisii,Scholarship,Kenyatta University,Master,2025/2026,69.7,33.0,complete,2025-10-20,Q4 2025,completed
BEN-005806,Emmanuel,Owino,Male,Kilifi,Scholarship,Africa Nazarene University,Bachelor,2025/2026,90.2,70.2,In Progress,2026-04-08,Q2 2026,active
BEN-005807,Njeri,Kamau,Female,Uasin Gishu,Scholarship,Mount Kenya University,Bachelor,2025/2026,92.7,51.7,In Progress,2026-01-06,Q1 2026,active
BEN-005811,Jerop,Mohamed,Female,Kisumu,Scholarship,Kenyatta University,Bachelor,2025/2026,61.5,63.6,In Progress,2026-07-23,Q3 2026,active
BEN-005815,Amina,Korir,Female,Kiambu,Scholarship,Kenyatta University,Master,2025/2026,93.5,59.9,Completed,2026-01-12,Q1 2026,completed
BEN-005819,Vincent,Nduta,Male,Kiambu,Scholarship,Moi University,Bachelor,2025/2026,97.6,64.8,Dropped,2025-11-06,Q4 2025,dropped_out
BEN-005824,Korir,Matano,Male,Muranga,Scholarship,Moi University,Bachelor,2025/2026,68.6,50.7,Completed,2025-10-09,Q4 2025,completed
BEN-005825,Simon,Njenga,m,Kisumu,Scholarship,Strathmore University,Bachelor,2024/2025,87.2,50.6,Dropped,2025-04-29,Q2 2025,dropped_out
BEN-005832,Sharon,Mwangi,Female,MACHAKOS,Scholarship,Mount Kenya University,Bachelor,2025/2026,61.8,78.9,In Progress,2026-01-12,Q1 2026,active
BEN-005841,Samuel,Kamau,Male,Bungoma,Scholarship,University of Nairobi,Bachelor,2025/2026,78.2,54.1,In Progress,2026-05-08,Q2 2026,active
BEN-005843,Stephen,Hassan,Male,Kiambu,Scholarship,Daystar University,Diploma,2025/2026,72.4,65.9,Completed,2025-09-25,Q3 2025,completed
BEN-005846,Esther,Bett,Female,Kilifi,Scholarship,University of Nairobi,Bachelor,2025/2026,66.6,59.4,In Progress,2026-07-01,Q3 2026,active
BEN-005847,Dennis,Ochieng,Male,Mombasa,Scholarship,Catholic University of Eastern Africa,Diploma,2024/2025,71.2,57.2,Completed,2025-07-11,Q3 2025,completed
BEN-005848,Kamau,Wekesa,Male,Kajiado,Scholarship,Daystar University,Bachelor,2025/2026,100.0,65.7,Completed,2025-10-20,Q4 2025,completed
BEN-005851,Diana,Wafula,Female,Kisumu,Scholarship,Strathmore University,Bachelor,2025/2026,74.5,55.0,In Progress,2026-08-02,Q3 2026,active
BEN-005854,Wanjiru,Gitau,Female,Nyeri,Scholarship,Daystar University,Bachelor,2025/2026,81.5,61.1,In Progress,2026-08-13,Q3 2026,active
BEN-005856,Musyoka,Muthoni,Male,Nyeri,Scholarship,Strathmore University,Diploma,2025/2026,93.8,79.2,Completed,2026-03-08,Q1 2026,completed
BEN-005859,Joseph,Cheruiyot,Male,Kiambu,Scholarship,Strathmore University,Master,2025/2026,82.8,88.3,In Progress,2026-04-16,Q2 2026,active
BEN-005860,Kamau,Achieng,Male,Kiambu,Scholarship,Moi University,Bachelor,2024/2025,80.8,99.3,Dropped,2025-02-15,Q1 2025,dropped_out
BEN-005861,Kilonzo,Mwakio,Male,Nakuru,Scholarship,Jomo Kenyatta University,Bachelor,2024/2025,96.0,65.2,Completed,2025-01-15,Q1 2025,completed
BEN-005864,Wanjiru,Matano,Female,Nairobi,Scholarship,Jomo Kenyatta University,Diploma,2025/2026,90.7,66.9,In Progress,2026-06-16,Q2 2026,active
BEN-005874,Otieno,Koech,Male,Nairobi,Scholarship,Kenyatta University,Master,2024/2025,93.9,91.6,Completed,2025-04-03,Q2 2025,completed
BEN-005880,Kamau,Juma,Male,Kilifi,Scholarship,Catholic University of Eastern Africa,Bachelor,2025/2026,84.0,43.5,In Progress,2025-10-21,Q4 2025,active
BEN-005881,Njeri,Wafula,Female,Nakuru,Scholarship,Africa Nazarene University,Diploma,2024/2025,94.7,73.0,Completed,2025-05-03,Q2 2025,completed
BEN-005882,Brenda,Charo,Female,Nyeri,Scholarship,Africa Nazarene University,Master,2024/2025,87.6,89.0,Dropped,2025-01-03,Q1 2025,dropped_out
BEN-005883,Amina,Kiptoo,Female,Kilifi,Scholarship,Strathmore University,Diploma,2025/2026,81.5,35.6,In Progress,2026-04-01,Q2 2026,active
BEN-005889,Nasieku,Korir,FEMALE,Nakuru,Scholarship,University of Nairobi,Bachelor,2025/2026,95.1,67.6,In Progress,2026-01-25,Q1 2026,active
BEN-005890,Victor,Koech,Male,Nakuru,Scholarship,Africa Nazarene University,Bachelor,2025/2026,85.4,59.1,Completed,2025-10-21,Q4 2025,completed
BEN-005891,Wekesa,Mohamed,Male,Machakos,Scholarship,Mount Kenya University,Diploma,2026/2027,83.8,61.3,In Progress,2026-09-02,Q3 2026,active
BEN-005894,Onyango,Mohamed,Male,Mombasa County,Scholarship,Moi University,Master,2024/2025,98.4,73.3,COMPLETED,2025-03-08,Q1 2025,completed
BEN-005901,Patrick,Mbogo,Male,Nairobi,Scholarship,University of Nairobi,Bachelor,2025/2026,84.7,61.7,In Progress,2026-04-13,Q2 2026,active
BEN-005905,Francis,Ochieng,Male,Nakuru,Scholarship,Africa Nazarene University,Bachelor,2025/2026,89.4,65.7,In Progress,2026-08-19,Q3 2026,active
BEN-005909,Boniface,Ochieng,Male,Kisii,Scholarship,Jomo Kenyatta University,Bachelor,2025/2026,88.6,66.2,In Progress,2026-05-22,Q2 2026,active
BEN-005910,Mumbi,Ochieng,Female,Uasin Gishu,Scholarship,Catholic University of Eastern Africa,Diploma,2025/2026,65.9,73.4,In Progress,2026-04-04,Q2 2026,active
BEN-005911,Nyambura,Otieno,Female,Bungoma,Scholarship,Kenyatta University,Bachelor,2025/2026,66.7,72.3,In Progress,2026-08-23,Q3 2026,active
BEN-005914,Mercy,Achieng,female,Meru,Scholarship,Jomo Kenyatta University,Diploma,2024/2025,89.0,75.9,Completed,2025-08-22,Q3 2025,completed
BEN-005915,Naisula,Kamau,Female,Meru,Scholarship,Kenyatta University,Bachelor,2025/2026,70.2,71.9,Completed,2025-12-20,Q4 2025,completed
BEN-005916,Barasa,Kuria,Male,Kajiado,Scholarship,Daystar University,Bachelor,2025/2026,91.5,55.7,In Progress,2025-10-26,Q4 2025,active
BEN-005918,Purity,Koech,Female,Kakamega,Scholarship,Moi University,Bachelor,2025/2026,77.9,67.6,Completed,2026-03-29,Q1 2026,completed
BEN-005929,Wanjiku,Mbogo,Female,Nakuru,Scholarship,Catholic University of Eastern Africa,Bachelor,2025/2026,88.0,68.7,In Progress,2026-04-14,Q2 2026,active
BEN-005932,Kevin,Matano,Male,Kakamega,Scholarship,Kenyatta University,Bachelor,2025/2026,82.7,70.4,In Progress,2026-08-05,Q3 2026,active
BEN-005936,Atieno,Kimani,Female,Uasin Gishu,Scholarship,Daystar University,Bachelor,2025/2026,68.6,95.5,In Progress,2026-07-18,Q3 2026,active
BEN-005939,Emmanuel,Chebet,Male,Kisumu,Scholarship,Moi University,Master,2025/2026,82.8,41.4,In Progress,2025-10-21,Q4 2025,active
BEN-005940,Cherono,Kilonzo,Female,Nyeri,Scholarship,Mount Kenya University,Bachelor,2025/2026,84.3,50.1,In Progress,2026-03-13,Q1 2026,active
BEN-005941,Emily,Nduta,Female,Meru,Scholarship,Daystar University,Diploma,2025/2026,96.4,75.9,In Progress,2025-11-15,Q4 2025,active
BEN-005945,Caroline,Maina,female,Nyeri,Scholarship,Jomo Kenyatta University,Diploma,2026/2027,80.7,40.6,In Progress,2026-09-04,Q3 2026,active
BEN-005949,Isaac,Wafula,m,Nairobi,Scholarship,Moi University,Diploma,2024/2025,89.3,58.6,Completed,2025-05-27,Q2 2025,completed
BEN-005952,Vincent,Wekesa,Male,Kiambu,Scholarship,Moi University,Bachelor,2024/2025,84.8,50.9,Completed,2025-07-03,Q3 2025,completed
BEN-005954,Esther,Rotich,Female,BUNGOMA,Scholarship,Daystar University,Bachelor,2025/2026,85.5,55.5,In Progress,2025-10-23,Q4 2025,active
BEN-005955,Wekesa,Kilonzo,Male,Muranga,Scholarship,Kenyatta University,Bachelor,2025/2026,95.4,67.7,In Progress,2026-02-16,Q1 2026,active
BEN-005961,Mercy,Onyango,Female,Nairobi,Scholarship,Catholic University of Eastern Africa,Diploma,2025/2026,87.2,82.2,In Progress,2026-04-10,Q2 2026,active
BEN-005962,Wangari,Gitau,Female,Kilifi,Scholarship,Catholic University of Eastern Africa,Master,2025/2026,74.5,45.6,In Progress,2026-06-09,Q2 2026,active
BEN-005964,Anthony,Abdi,Male,Kajiado,Scholarship,Kenyatta University,Bachelor,2025/2026,74.6,62.2,Completed,2025-10-11,Q4 2025,completed
BEN-005967,Musyoka,Nyambane,m,Kajiado,Scholarship,University of Nairobi,Diploma,2025/2026,77.3,80.3,In Progress,2026-07-29,Q3 2026,active
BEN-005968,Emmanuel,Wekesa,Male,Muranga,Scholarship,Catholic University of Eastern Africa,Bachelor,2025/2026,100.0,69.1,In Progress,2026-02-27,Q1 2026,active
BEN-005970,Brian,Katana,male,Mombasa,Scholarship,Jomo Kenyatta University,Bachelor,2025/2026,84.9,75.3,In Progress,2026-07-15,Q3 2026,active
BEN-005972,Juma,Odhiambo,Male,Bungoma,Scholarship,Catholic University of Eastern Africa,Bachelor,2025/2026,68.1,72.3,In Progress,2026-07-05,Q3 2026,active
BEN-005976,Stephen,Maina,Male,Kilifi,Scholarship,Moi University,Bachelor,2024/2025,72.7,63.9,Dropped,2025-06-09,Q2 2025,dropped_out
BEN-005982,Amina,Juma,Female,Kakamega,Scholarship,Jomo Kenyatta University,Bachelor,2025/2026,81.8,62.1,In Progress,2026-01-15,Q1 2026,active
BEN-005986,Wanjiku,Mutua,Female,Mombasa,Scholarship,Strathmore University,Master,2025/2026,100.0,70.8,Completed,2025-09-27,Q3 2025,completed
BEN-005989,Nkatha,Rotich,Female,Kakamega,Scholarship,Jomo Kenyatta University,Bachelor,2026/2027,75.2,54.4,In Progress,2026-09-29,Q3 2026,active
BEN-006000,Kagure,Achieng,Female,Kisumu,Scholarship,Mount Kenya University,Bachelor,2025/2026,84.4,67.1,Completed,2026-03-02,Q1 2026,completed
BEN-006006,Anyango,Onyango,FEMALE,Kilifi,Scholarship,Kenyatta University,Diploma,2025/2026,88.7,63.0,In Progress,2026-07-14,Q3 2026,active
BEN-006017,Musyoka,Muthoni,Male,Nairobi,Scholarship,Maseno University,Bachelor,2025/2026,90.3,71.7,In Progress,2026-08-05,Q3 2026,active
BEN-006020,Odhiambo,Kariuki,MALE,Kisumu,Scholarship,Jomo Kenyatta University,Bachelor,2025/2026,83.3,46.0,In Progress,2026-05-01,Q2 2026,active
BEN-006021,Grace,Nduta,Female,Kakamega,Scholarship,Maseno University,Bachelor,2025/2026,86.7,75.6,In Progress,2026-04-09,Q2 2026,active
BEN-006022,Chebet,Mwangi,Female,Kakamega,Scholarship,Jomo Kenyatta University,Diploma,2025/2026,89.6,70.2,In Progress,2026-07-25,Q3 2026,active
BEN-006024,Cherono,Ngugi,Female,Nairobi,Scholarship,Jomo Kenyatta University,Bachelor,2024/2025,94.6,87.4,Completed,2025-02-09,Q1 2025,completed
BEN-006025,Neema,Mohamed,Female,Nairobi,Scholarship,Jomo Kenyatta University,Master,2025/2026,83.2,64.2,In Progress,2026-08-03,Q3 2026,active
BEN-006033,Ali,Ngugi,Male,Nairobi,Scholarship,Jomo Kenyatta University,Master,2026/2027,97.5,65.2,In Progress,2026-09-10,Q3 2026,active
BEN-006037,Wanjiru,Achieng,Female,Uasin Gishu,Scholarship,Africa Nazarene University,Bachelor,2025/2026,87.4,67.2,In Progress,2026-06-01,Q2 2026,active
BEN-006038,Barasa,Mbogo,Male,Nairobi,Scholarship,Catholic University of Eastern Africa,Bachelor,2025/2026,100.0,72.9,In Progress,2026-07-16,Q3 2026,active
BEN-006040,Nasieku,Rotich,Female,Nyeri,Scholarship,Moi University,Bachelor,2024/2025,94.4,67.2,Completed,2025-08-26,Q3 2025,completed
BEN-006041,Victor,Kamau,Male,Kiambu,Scholarship,Africa Nazarene University,Diploma,2025/2026,96.0,53.2,dropped out,2025-09-30,Q3 2025,dropped_out
BEN-006042,Diana,Kuria,Female,Kajiado,Scholarship,Moi University,Master,2025/2026,98.6,63.7,In Progress,2025-10-10,Q4 2025,active
BEN-006053,Chepkoech,Chebet,Female,Bungoma,Scholarship,Africa Nazarene University,Bachelor,2025/2026,71.6,55.1,Completed,2025-09-08,Q3 2025,completed
BEN-006062,Neema,Onyango,Female,Meru,Scholarship,Catholic University of Eastern Africa,Bachelor,2024/2025,80.3,56.2,complete,2025-05-17,Q2 2025,completed
BEN-006065,Emily,Mwangi,Female,kisii,Scholarship,Mount Kenya University,Bachelor,2024/2025,68.4,71.0,COMPLETED,2025-07-05,Q3 2025,completed
BEN-006070,Naisula,Njenga,Female,Nairobi,Scholarship,Moi University,Master,2024/2025,78.1,46.2,Completed,2025-02-11,Q1 2025,completed
BEN-006076,Chebet,Nduta,Female,Kajiado,Scholarship,Strathmore University,Diploma,2025/2026,98.6,71.7,In Progress,2026-08-14,Q3 2026,active
BEN-006079,Nicholas,Hassan,Male,Bungoma,Scholarship,Africa Nazarene University,Bachelor,2025/2026,82.4,62.1,Completed,2025-10-14,Q4 2025,completed
BEN-006084,Omondi,Otieno,Male,Nairobi,Scholarship,University of Nairobi,Bachelor,2025/2026,64.2,65.6,In Progress,2026-05-29,Q2 2026,active
BEN-006087,Kamau,Nyambane,Male,Kilifi,Scholarship,Mount Kenya University,Diploma,2025/2026,82.4,49.8,In Progress,2026-03-09,Q1 2026,active
BEN-006088,Faith,Kiptoo,Female,Kisii,Scholarship,Kenyatta University,Bachelor,2025/2026,90.5,65.0,In Progress,2025-12-27,Q4 2025,active
BEN-006089,Esther,Kamau,Female,KIAMBU,Scholarship,Kenyatta University,Bachelor,2026/2027,81.8,60.5,In Progress,2026-09-26,Q3 2026,active
BEN-006097,Omondi,Nduta,Male,Nairobi,Scholarship,Mount Kenya University,Master,2025/2026,93.8,69.3,In Progress,2026-05-11,Q2 2026,active
BEN-006102,Mohamed,Odhiambo,Male,Nakuru,Scholarship,Kenyatta University,Bachelor,2025/2026,85.5,69.8,Completed,2026-02-06,Q1 2026,completed
BEN-006108,Anthony,Gitau,Male,Mombasa,Scholarship,Mount Kenya University,Diploma,2025/2026,87.0,69.8,In Progress,2026-08-08,Q3 2026,active
BEN-006114,Omondi,Nduta,Male,Meru,Scholarship,Daystar University,Bachelor,2025/2026,76.6,64.4,In Progress,2026-03-08,Q1 2026,active
BEN-006117,Stephen,Koech,Male,Kilifi,Scholarship,Kenyatta University,Bachelor,2025/2026,77.6,48.4,Dropped,2026-01-12,Q1 2026,dropped_out
BEN-006122,Kevin,Maina,Male,Mombasa,Scholarship,Moi University,Master,2025/2026,81.0,64.5,Completed,2026-01-18,Q1 2026,completed
BEN-006125,Faith,Muthoni,Female,Kisumu,Scholarship,Daystar University,Bachelor,2026/2027,85.4,70.9,In Progress,2026-09-16,Q3 2026,active
BEN-006126,Joseph,Muthoni,Male,Muranga,Scholarship,Catholic University of Eastern Africa,Diploma,2025/2026,99.1,100.0,In Progress,2025-11-11,Q4 2025,active
BEN-006134,Juma,Achieng,Male,Nyeri,Scholarship,Moi University,Diploma,2025/2026,94.1,68.9,In Progress,2026-03-08,Q1 2026,active
BEN-006135,Halima,Korir,Female,Mombasa,Scholarship,University of Nairobi,Bachelor,2025/2026,68.5,34.5,In Progress,2026-07-23,Q3 2026,active
BEN-006141,Grace,Katana,Female,Nakuru,Scholarship,Maseno University,Bachelor,2024/2025,72.9,47.6,Completed,2025-06-28,Q2 2025,completed
BEN-006143,Victor,Cheruiyot,Male,Uasin Gishu,Scholarship,Catholic University of Eastern Africa,Bachelor,2024/2025,87.1,46.6,Completed,2025-08-29,Q3 2025,completed
BEN-006145,Halima,Gitau,Female,Mombasa,Scholarship,Africa Nazarene University,Diploma,2025/2026,78.7,57.3,In Progress,2026-04-13,Q2 2026,active
BEN-006148,Atieno,Baya,Female,Nairobi,Scholarship,Mount Kenya University,Bachelor,2024/2025,76.8,58.2,Completed,2025-07-19,Q3 2025,completed
BEN-006155,Kevin,Ngugi,Male,Kisumu,Scholarship,Mount Kenya University,Diploma,2025/2026,85.2,72.0,In Progress,2026-05-18,Q2 2026,active
BEN-006163,Esther,Njoroge,Female,Kiambu,Scholarship,Maseno University,Master,2024/2025,68.4,81.9,Dropped,2025-02-23,Q1 2025,dropped_out
BEN-006164,Grace,Ochieng,F,Muranga,Scholarship,Maseno University,Diploma,2024/2025,94.3,66.0,complete,2025-08-02,Q3 2025,completed
BEN-006173,Nasieku,Achieng,Female,KAKAMEGA,Scholarship,Mount Kenya University,Bachelor,2025/2026,84.3,64.8,In Progress,2026-08-28,Q3 2026,active
BEN-006175,Emmanuel,Rotich,Male,Kajiado,Scholarship,Daystar University,Bachelor,2025/2026,79.2,57.0,In Progress,2025-11-03,Q4 2025,active
BEN-006178,Purity,Omondi,Female,kilifi,Scholarship,Daystar University,Diploma,2025/2026,76.3,58.2,Completed,2025-11-12,Q4 2025,completed
BEN-006180,Kagure,Kamau,Female,Kiambu,Scholarship,Moi University,Bachelor,2025/2026,97.1,60.3,In Progress,2026-07-14,Q3 2026,active
BEN-006181,Kendi,Otieno,Female,Nairobi,Scholarship,University of Nairobi,Diploma,2025/2026,94.1,70.9,In Progress,2026-07-01,Q3 2026,active
BEN-006183,Wangari,Mutua,Female,Machakos,Scholarship,Maseno University,Diploma,2025/2026,89.3,50.8,In Progress,2026-04-05,Q2 2026,active
BEN-006184,Joseph,Wekesa,Male,Nairobi,Scholarship,Strathmore University,Master,2025/2026,100.0,72.7,In Progress,2026-02-15,Q1 2026,active
BEN-006187,Purity,Mwangi,Female,Nairobi,Scholarship,Catholic University of Eastern Africa,Diploma,2025/2026,76.6,56.4,In Progress,2026-03-19,Q1 2026,active
BEN-006188,Baraka,Rotich,M,Nairobi,Scholarship,Mount Kenya University,Master,2024/2025,99.4,35.0,complete,2025-01-21,Q1 2025,completed
BEN-006191,Faith,Mwakio,Female,Kilifi,Scholarship,Kenyatta University,Bachelor,2025/2026,87.3,71.0,In Progress,2026-08-14,Q3 2026,active
BEN-006194,Samuel,Wanjiku,Male,Kilifi County,Scholarship,Catholic University of Eastern Africa,Diploma,2024/2025,71.5,58.9,Completed,2025-07-09,Q3 2025,completed
BEN-006196,Barasa,Koech,Male,Kiambu,Scholarship,Maseno University,Bachelor,2025/2026,83.4,60.9,In Progress,2026-07-13,Q3 2026,active
BEN-006197,Musyoka,Gitau,Male,Kilifi,Scholarship,Strathmore University,Diploma,2025/2026,74.3,73.5,In Progress,2026-05-02,Q2 2026,active
BEN-006198,Chebet,Chebet,Female,Kiambu,Scholarship,Mount Kenya University,Diploma,2024/2025,82.7,62.0,Completed,2025-01-01,Q1 2025,completed
BEN-006199,Grace,Nyambane,Female,Nakuru,Scholarship,Maseno University,Bachelor,2025/2026,99.5,72.0,In Progress,2026-08-18,Q3 2026,active
BEN-006205,Akinyi,Matano,Female,Nairobi,Scholarship,Maseno University,Master,2024/2025,100.0,53.6,Dropped,2025-01-02,Q1 2025,dropped_out
BEN-006208,Zawadi,Gitau,Female,Muranga,Scholarship,Jomo Kenyatta University,Bachelor,2025/2026,86.3,51.7,Completed,2025-11-14,Q4 2025,completed
BEN-006211,Mercy,Mutua,Female,Muranga,Scholarship,Mount Kenya University,Bachelor,2026/2027,73.8,53.0,In Progress,2026-09-11,Q3 2026,active
BEN-006217,Patrick,Baya,Male,Nairobi,Scholarship,Moi University,Bachelor,2025/2026,91.3,54.6,In Progress,2026-05-14,Q2 2026,active
BEN-006219,Joy,Cheruiyot,Female,Bungoma,Scholarship,Africa Nazarene University,Diploma,2025/2026,87.1,47.9,In Progress,2026-06-15,Q2 2026,active
BEN-006220,Amina,Owino,Female,Bungoma,Scholarship,Mount Kenya University,Bachelor,2025/2026,68.0,71.9,Completed,2025-09-27,Q3 2025,completed
BEN-006225,Wanjiru,Njenga,Female,Nakuru,Scholarship,University of Nairobi,Bachelor,2025/2026,68.7,42.5,Completed,2025-10-22,Q4 2025,completed
BEN-006227,Joseph,Kiptoo,male,Nairobi,Scholarship,Moi University,Diploma,2025/2026,92.7,73.0,In Progress,2026-06-03,Q2 2026,active
BEN-006231,Chebet,Barasa,Female,Machakos,Scholarship,Kenyatta University,Bachelor,2025/2026,86.6,55.2,In Progress,2025-10-07,Q4 2025,active
BEN-006232,Grace,Charo,f,Machakos,Scholarship,Catholic University of Eastern Africa,Bachelor,2024/2025,87.2,72.5,Completed,2025-05-29,Q2 2025,completed
BEN-006233,Musyoka,Kamau,Male,Meru,Scholarship,Maseno University,Bachelor,2024/2025,88.7,51.9,Completed,2025-08-22,Q3 2025,completed
BEN-006235,Caroline,Kiptoo,FEMALE,Kajiado,Scholarship,Daystar University,Diploma,2026/2027,83.5,48.9,In Progress,2026-09-07,Q3 2026,active
BEN-006238,Purity,Kimani,Female,Nyeri,Scholarship,Mount Kenya University,Master,2025/2026,91.0,91.4,In Progress,2025-10-20,Q4 2025,active
BEN-006244,Kiptoo,Nduta,Male,Kiambu,Scholarship,Maseno University,Diploma,2024/2025,83.4,57.1,COMPLETED,2025-08-25,Q3 2025,completed
BEN-006248,Emily,Korir,Female,Bungoma,Scholarship,University of Nairobi,Diploma,2025/2026,73.8,65.0,In Progress,2025-12-11,Q4 2025,active
BEN-006249,Kevin,Ochieng,Male,Kilifi,Scholarship,Daystar University,Bachelor,2025/2026,67.5,52.2,In Progress,2026-05-09,Q2 2026,active
BEN-006250,Diana,Mohamed,Female,Kajiado,Scholarship,Moi University,Bachelor,2026/2027,71.9,56.5,In Progress,2026-09-04,Q3 2026,active
BEN-006252,Korir,Omondi,male,Kiambu,Scholarship,Mount Kenya University,Master,2025/2026,75.9,53.9,In Progress,2026-07-25,Q3 2026,active
BEN-006257,Halima,Korir,Female,Machakos County,Scholarship,Africa Nazarene University,Bachelor,2025/2026,98.7,63.8,Completed,2026-02-14,Q1 2026,completed
BEN-006259,Nyambura,Mutiso,F,Kajiado,Scholarship,Moi University,Bachelor,2025/2026,85.2,71.6,In Progress,2026-08-29,Q3 2026,active
BEN-006264,Brenda,Otieno,F,Kajiado,Scholarship,Mount Kenya University,Bachelor,2026/2027,78.2,51.3,In Progress,2026-09-07,Q3 2026,active
BEN-006265,Njeri,Nyambane,Female,Kisii,Scholarship,Maseno University,Diploma,2025/2026,86.9,55.4,Completed,2025-12-27,Q4 2025,completed
BEN-006266,Otieno,Abdi,Male,Nakuru,Scholarship,Moi University,Bachelor,2024/2025,76.7,77.5,Completed,2025-03-31,Q1 2025,completed
BEN-006267,Cherono,Mutiso,Female,Nairobi,Scholarship,Strathmore University,Diploma,2025/2026,94.2,75.8,Completed,2026-01-15,Q1 2026,completed
BEN-006268,Francis,Njoroge,Male,Meru,Scholarship,Mount Kenya University,Bachelor,2025/2026,70.3,61.8,Completed,2026-01-23,Q1 2026,completed
BEN-006271,Wanjiku,Matano,Female,Kiambu,Scholarship,Strathmore University,Bachelor,2025/2026,97.6,79.3,In Progress,2026-04-06,Q2 2026,active
BEN-006275,Anyango,Maina,Female,Nairobi,Scholarship,Strathmore University,Bachelor,2024/2025,74.4,66.5,Completed,2025-01-09,Q1 2025,completed
BEN-006278,Faith,Odhiambo,Female,Bungoma,Scholarship,Strathmore University,Bachelor,2025/2026,60.6,55.9,In Progress,2026-07-26,Q3 2026,active
BEN-006280,Korir,Musyoka,Male,Nairobi,Scholarship,Daystar University,Diploma,2025/2026,87.6,94.7,In Progress,2026-06-25,Q2 2026,active
BEN-006282,Wanjiku,Ochieng,Female,Kiambu,Scholarship,Strathmore University,Bachelor,2026/2027,92.6,82.5,In Progress,2026-09-06,Q3 2026,active
BEN-006283,Otieno,Odhiambo,Male,Kajiado,Scholarship,Daystar University,Bachelor,2025/2026,87.8,47.8,In Progress,2026-08-01,Q3 2026,active
BEN-006284,Kilonzo,Juma,Male,Uasin Gishu,Scholarship,Maseno University,Diploma,2025/2026,95.5,76.3,Dropped,2025-10-15,Q4 2025,dropped_out
BEN-006285,Nkatha,Njenga,Female,Uasin Gishu,Scholarship,Maseno University,Master,2025/2026,73.2,47.6,In Progress,2026-08-03,Q3 2026,active
BEN-006286,Akinyi,Hassan,Female,Mombasa,Scholarship,Kenyatta University,Bachelor,2025/2026,95.8,57.5,In Progress,2026-06-16,Q2 2026,active
BEN-006290,Naisula,Musyoka,Female,kajiado,Scholarship,Kenyatta University,Bachelor,2025/2026,91.5,49.7,In Progress,2026-03-07,Q1 2026,active
BEN-006295,Wanjiku,Nyambane,Female,Nairobi,Scholarship,University of Nairobi,Bachelor,2025/2026,96.5,53.5,In Progress,2026-05-05,Q2 2026,active
BEN-006297,Kagure,Nduta,Female,Kiambu,Scholarship,Africa Nazarene University,Diploma,2025/2026,75.1,62.9,Dropped,2026-03-25,Q1 2026,dropped_out
BEN-006302,Beatrice,Njoroge,Female,Nairobi,Scholarship,Daystar University,Bachelor,2026/2027,77.1,80.3,In Progress,2026-09-25,Q3 2026,active
BEN-006308,Beatrice,Wekesa,Female,Kilifi,Scholarship,Kenyatta University,Bachelor,2024/2025,83.5,72.0,Dropped,2025-08-14,Q3 2025,dropped_out
BEN-006314,Patrick,Mwangi,Male,Nyeri,Scholarship,Jomo Kenyatta University,Bachelor,2025/2026,92.2,56.9,In Progress,2026-05-18,Q2 2026,active
BEN-006318,Chebet,Kamau,F,Meru County,Scholarship,Mount Kenya University,Bachelor,2025/2026,85.8,56.8,In Progress,2026-06-25,Q2 2026,active
BEN-006319,Cynthia,Otieno,Female,Nairobi,Scholarship,Strathmore University,Bachelor,2025/2026,100.0,74.8,In Progress,2026-06-24,Q2 2026,active
BEN-006326,Amina,Kimani,Female,Kiambu,Scholarship,Catholic University of Eastern Africa,Diploma,2025/2026,93.7,54.9,Completed,2025-12-06,Q4 2025,completed
BEN-006328,Achieng,Onyango,Female,NAIROBI,Scholarship,Mount Kenya University,Bachelor,2025/2026,91.6,70.8,In Progress,2026-01-15,Q1 2026,active
BEN-006331,Musyoka,Cheruiyot,Male,Kajiado,Scholarship,Mount Kenya University,Bachelor,2025/2026,86.1,54.6,In Progress,2026-03-28,Q1 2026,active
BEN-006332,Wanjiku,Odhiambo,female,Kilifi,Scholarship,Moi University,Bachelor,2025/2026,74.3,82.5,In Progress,2026-04-23,Q2 2026,active
BEN-006336,Baraka,Maina,Male,Kilifi County,Scholarship,Moi University,Diploma,2025/2026,77.0,59.6,In Progress,2026-04-23,Q2 2026,active
BEN-006337,Samuel,Wekesa,Male,Mombasa,Scholarship,Africa Nazarene University,Bachelor,2025/2026,91.3,69.9,In Progress,2026-02-24,Q1 2026,active
BEN-006340,Chepkoech,Mohamed,Female,Nairobi,Scholarship,Daystar University,Bachelor,2025/2026,92.0,55.2,In Progress,2026-08-18,Q3 2026,active
BEN-006341,Korir,Njoroge,Male,Nyeri,Scholarship,Kenyatta University,Bachelor,2024/2025,100.0,46.5,Dropped,2025-07-19,Q3 2025,dropped_out
BEN-006342,Simon,Wafula,Male,Meru,Scholarship,Catholic University of Eastern Africa,Master,2025/2026,89.7,64.4,Completed,2026-02-17,Q1 2026,completed
BEN-006343,Cherono,Juma,Female,Kiambu,Scholarship,Catholic University of Eastern Africa,Bachelor,2025/2026,93.8,87.0,Completed,2025-11-25,Q4 2025,completed
BEN-006345,Chepkoech,Wekesa,Female,Nairobi,Scholarship,University of Nairobi,Diploma,2025/2026,100.0,76.5,Completed,2026-03-31,Q1 2026,completed
BEN-006346,Victor,Wekesa,Male,Bungoma,Scholarship,Kenyatta University,Diploma,2026/2027,77.4,60.1,In Progress,2026-09-26,Q3 2026,active
BEN-006347,Purity,Charo,Female,Kisumu,Scholarship,Strathmore University,Diploma,2024/2025,70.0,55.4,Completed,2025-02-21,Q1 2025,completed
BEN-006348,Odhiambo,Bett,Male,Nairobi,Scholarship,Kenyatta University,Bachelor,2025/2026,100.0,62.7,In Progress,2026-02-26,Q1 2026,active
BEN-006352,Stephen,Kilonzo,Male,Kisumu,Scholarship,University of Nairobi,Bachelor,2024/2025,69.3,68.0,Completed,2025-08-29,Q3 2025,completed
BEN-006353,Awuor,Odhiambo,Female,Nairobi,Scholarship,University of Nairobi,Master,2025/2026,87.8,82.1,In Progress,2026-07-13,Q3 2026,active
BEN-006355,Wanjiru,Owino,Female,Mombasa,Scholarship,Jomo Kenyatta University,Bachelor,2025/2026,90.4,80.1,In Progress,2026-04-10,Q2 2026,active
BEN-006362,Chebet,Barasa,Female,Kilifi,Scholarship,Daystar University,Bachelor,2025/2026,79.7,61.4,In Progress,2026-01-02,Q1 2026,active
BEN-006366,Samuel,Odhiambo,Male,Kakamega,Scholarship,Kenyatta University,Diploma,2025/2026,91.8,62.1,In Progress,2026-07-26,Q3 2026,active
BEN-006367,Timothy,Kimani,Male,uasin gishu,Scholarship,Jomo Kenyatta University,Bachelor,2024/2025,79.1,53.6,Completed,2025-06-15,Q2 2025,completed
BEN-006369,Peter,Kiptoo,Male,Nairobi,Scholarship,Africa Nazarene University,Bachelor,2024/2025,90.9,67.2,Completed,2025-08-10,Q3 2025,completed
BEN-006370,Esther,Korir,Female,nairobi,Scholarship,Mount Kenya University,Diploma,2024/2025,89.4,71.0,Completed,2025-06-07,Q2 2025,completed
BEN-006371,Emily,Barasa,Female,Kisumu,Scholarship,Strathmore University,Bachelor,2025/2026,80.3,58.1,In Progress,2026-08-08,Q3 2026,active
BEN-006373,David,Wafula,Male,Nakuru,Scholarship,Africa Nazarene University,Bachelor,2026/2027,91.1,55.4,In Progress,2026-09-22,Q3 2026,active
BEN-006384,Atieno,Hassan,Female,Mombasa,Scholarship,Maseno University,Bachelor,2025/2026,81.5,59.1,Completed,2025-09-18,Q3 2025,completed
BEN-006385,Collins,Juma,Male,KAJIADO,Scholarship,Strathmore University,Master,2025/2026,85.3,68.2,In Progress,2026-08-15,Q3 2026,active
BEN-006391,Halima,Abdi,Female,Kiambu,Scholarship,Strathmore University,Diploma,2025/2026,95.8,82.1,Completed,2025-10-09,Q4 2025,completed
BEN-006392,Chebet,Koech,Female,Nakuru,Scholarship,Mount Kenya University,Bachelor,2025/2026,80.4,71.9,Completed,2026-03-10,Q1 2026,completed
BEN-006395,Achieng,Njenga,Female,UASIN_GISHU,Scholarship,Mount Kenya University,Bachelor,2025/2026,100.0,68.2,Completed,2025-09-07,Q3 2025,completed
BEN-006397,Cynthia,Mbogo,Female,machakos,Scholarship,Mount Kenya University,Master,2025/2026,73.1,59.7,complete,2026-01-24,Q1 2026,completed
BEN-006405,Brenda,Musyoka,Female,Mombasa,Scholarship,Africa Nazarene University,Diploma,2024/2025,100.0,68.7,Completed,2025-07-28,Q3 2025,completed
BEN-006407,Nyambura,Matano,Female,Mombasa,Scholarship,Mount Kenya University,Diploma,2025/2026,93.8,70.8,In Progress,2025-11-13,Q4 2025,active
BEN-006409,Faith,Otieno,Female,Kajiado,Scholarship,Maseno University,Bachelor,2025/2026,80.9,61.2,complete,2025-11-14,Q4 2025,completed
BEN-006414,John,Njoroge,Male,Kilifi,Scholarship,Strathmore University,Diploma,2025/2026,78.8,46.8,In Progress,2026-08-26,Q3 2026,active
BEN-006418,Wanjiku,Mbogo,Female,Uasin Gishu,Scholarship,Mount Kenya University,Master,2025/2026,90.4,55.6,In Progress,2026-05-28,Q2 2026,active
BEN-006427,Joy,Njoroge,Female,Nairobi,Scholarship,Africa Nazarene University,Bachelor,2025/2026,97.9,60.0,In Progress,2026-04-09,Q2 2026,active
BEN-006431,Mercy,Mutua,Female,Kisumu,Scholarship,Jomo Kenyatta University,Bachelor,2024/2025,82.6,63.9,Dropped,2025-02-02,Q1 2025,dropped_out
BEN-006435,Nasieku,Kamau,Female,Kisumu,Scholarship,Africa Nazarene University,Master,2024/2025,71.7,60.5,Completed,2025-06-02,Q2 2025,completed
BEN-006437,Nkatha,Matano,Female,Nakuru,Scholarship,Jomo Kenyatta University,Bachelor,2024/2025,99.1,65.8,Completed,2025-07-11,Q3 2025,completed
BEN-006439,Wanjiku,Barasa,Female,Kajiado,Scholarship,Jomo Kenyatta University,Master,2024/2025,100.0,70.9,Completed,2025-05-23,Q2 2025,completed
BEN-006442,Cynthia,Barasa,Female,Nyeri,Scholarship,Maseno University,Master,2025/2026,94.2,53.2,In Progress,2026-04-22,Q2 2026,active
BEN-006444,Halima,Kariuki,Female,Nairobi,Scholarship,Daystar University,Bachelor,2025/2026,81.4,72.2,Completed,2025-10-19,Q4 2025,completed
BEN-006450,Wangari,Hassan,Female,Kiambu,Scholarship,Moi University,Bachelor,2025/2026,100.0,73.0,complete,2025-11-16,Q4 2025,completed
BEN-006454,Simon,Charo,Male,Kilifi,Scholarship,Catholic University of Eastern Africa,Diploma,2025/2026,74.8,59.9,In Progress,2026-06-18,Q2 2026,active
BEN-006455,Isaac,Kamau,Male,Nairobi,Scholarship,Kenyatta University,Bachelor,2025/2026,98.9,69.4,In Progress,2026-04-06,Q2 2026,active
BEN-006456,Chepkoech,Wafula,Female,Machakos,Scholarship,Kenyatta University,Bachelor,2025/2026,69.8,49.3,In Progress,2025-10-02,Q4 2025,active
BEN-006459,Emmanuel,Njenga,Male,Kisii County,Scholarship,Daystar University,Diploma,2025/2026,78.4,62.5,In Progress,2026-08-11,Q3 2026,active
BEN-006461,Cheruiyot,Cheruiyot,Male,Machakos,Scholarship,Strathmore University,Bachelor,2025/2026,91.6,53.7,In Progress,2026-04-02,Q2 2026,active
BEN-006462,Nicholas,Rotich,Male,Kisii County,Scholarship,Daystar University,Master,2025/2026,90.3,66.3,In Progress,2026-04-20,Q2 2026,active
BEN-006464,Wangari,Omondi,Female,Kisumu,Scholarship,University of Nairobi,Diploma,2024/2025,67.2,47.7,Completed,2025-04-23,Q2 2025,completed
BEN-006466,Patrick,Gitau,Male,Mombasa,Scholarship,Kenyatta University,Master,2025/2026,76.0,44.5,Completed,2026-02-27,Q1 2026,completed
BEN-006467,Nasieku,Musyoka,F,Kisii,Scholarship,Kenyatta University,Bachelor,2024/2025,60.8,71.3,Completed,2025-02-10,Q1 2025,completed
BEN-006470,Kiptoo,Achieng,Male,Uasin Gishu,Scholarship,Strathmore University,Bachelor,2025/2026,74.0,55.4,In Progress,2026-08-16,Q3 2026,active
BEN-006475,Collins,Ngugi,Male,Kisumu,Scholarship,University of Nairobi,Bachelor,2024/2025,65.4,60.0,Completed,2025-02-05,Q1 2025,completed
BEN-006479,Barasa,Kilonzo,Male,Uasin Gishu,Scholarship,Maseno University,Diploma,2024/2025,79.4,77.2,Completed,2025-07-16,Q3 2025,completed
BEN-006482,Otieno,Kuria,Male,Muranga,Scholarship,Strathmore University,Bachelor,2024/2025,85.9,92.3,Dropped,2025-02-27,Q1 2025,dropped_out
BEN-006485,Ali,Owino,Male,Kisii,Scholarship,Mount Kenya University,Bachelor,2024/2025,91.2,54.0,Completed,2025-05-04,Q2 2025,completed
BEN-006488,Kelvin,Ochieng,Male,Kakamega,Scholarship,University of Nairobi,Master,2024/2025,76.1,66.8,Completed,2025-05-12,Q2 2025,completed
BEN-006493,Wanjiru,Achieng,Female,Kisii,Scholarship,University of Nairobi,Bachelor,2025/2026,78.7,60.6,Completed,2026-01-24,Q1 2026,completed
BEN-006498,Kendi,Mutua,Female,Kiambu,Scholarship,Daystar University,Bachelor,2025/2026,71.5,74.5,Dropped,2025-11-18,Q4 2025,dropped_out
BEN-006502,Cheruiyot,Achieng,Male,UASIN_GISHU,Scholarship,Jomo Kenyatta University,Bachelor,2024/2025,88.2,68.8,Completed,2025-06-07,Q2 2025,completed
BEN-006503,Grace,Gitau,f,Kisii,Scholarship,Catholic University of Eastern Africa,Bachelor,2024/2025,91.8,58.2,Completed,2025-04-30,Q2 2025,completed
BEN-006506,Cheruiyot,Mohamed,Male,Muranga,Scholarship,University of Nairobi,Bachelor,2026/2027,84.9,78.3,In Progress,2026-09-07,Q3 2026,active
BEN-006507,Chepkoech,Kiptoo,Female,Nairobi,Scholarship,Strathmore University,Bachelor,2025/2026,99.1,62.1,In Progress,2026-04-05,Q2 2026,active
BEN-006508,Nyambura,Chebet,Female,Mombasa,Scholarship,Kenyatta University,Bachelor,2025/2026,69.2,67.8,In Progress,2026-01-30,Q1 2026,active
BEN-006512,Mercy,Otieno,Female,Nairobi,Scholarship,Kenyatta University,Diploma,2025/2026,87.8,71.3,In Progress,2026-01-08,Q1 2026,active
BEN-006515,Achieng,Kamau,female,Kisii,Scholarship,Strathmore University,Bachelor,2025/2026,81.5,61.1,In Progress,2026-05-16,Q2 2026,active
BEN-006516,Naisula,Odhiambo,Female,Nairobi,Scholarship,Strathmore University,Bachelor,2025/2026,96.9,73.4,In Progress,2026-03-10,Q1 2026,active
BEN-006520,Grace,Wafula,Female,Kakamega,Scholarship,University of Nairobi,Bachelor,2025/2026,85.9,54.1,Completed,2026-03-05,Q1 2026,completed
BEN-006526,Grace,Ngugi,Female,Kiambu,Scholarship,Catholic University of Eastern Africa,Bachelor,2025/2026,100.0,62.6,In Progress,2026-01-19,Q1 2026,active
BEN-006527,Sharon,Juma,Female,MOMBASA,Scholarship,Daystar University,Bachelor,2025/2026,80.8,76.8,Completed,2026-03-05,Q1 2026,completed
BEN-006531,Faith,Kimani,Female,Kisii,Scholarship,Kenyatta University,Bachelor,2025/2026,96.4,63.7,Completed,2025-09-01,Q3 2025,completed
BEN-006535,Nicholas,Muthoni,Male,Kiambu,Scholarship,Africa Nazarene University,Bachelor,2025/2026,84.7,58.1,In Progress,2026-05-19,Q2 2026,active
BEN-006538,Cynthia,Ngugi,Female,Muranga,Scholarship,University of Nairobi,Diploma,2025/2026,87.5,53.4,Completed,2025-11-15,Q4 2025,completed
BEN-006543,Francis,Nyambane,Male,Nyeri,Scholarship,Kenyatta University,Bachelor,2025/2026,83.4,37.0,Completed,2025-10-11,Q4 2025,completed
BEN-006545,Nyambura,Katana,Female,Bungoma,Scholarship,Mount Kenya University,Diploma,2025/2026,80.8,63.6,In Progress,2026-05-25,Q2 2026,active
BEN-006548,Kevin,Nyambane,Male,Meru,Scholarship,Moi University,Diploma,2025/2026,85.7,55.5,Completed,2025-12-31,Q4 2025,completed
BEN-006549,Mutua,Ngugi,Male,Kisumu,Scholarship,Mount Kenya University,Bachelor,2025/2026,80.7,50.8,Completed,2025-11-11,Q4 2025,completed
BEN-006550,Onyango,Odhiambo,Male,Kiambu,Scholarship,Kenyatta University,Diploma,2025/2026,83.7,79.3,In Progress,2026-05-24,Q2 2026,active
BEN-006551,Njeri,Gitau,Female,Kisumu,Scholarship,Mount Kenya University,Bachelor,2025/2026,77.1,47.0,In Progress,2025-12-24,Q4 2025,active
BEN-006554,Faith,Kamau,Female,Nairobi,Scholarship,Strathmore University,Diploma,2025/2026,95.2,89.4,In Progress,2026-06-04,Q2 2026,active
BEN-006555,Victor,Otieno,Male,Mombasa County,Scholarship,Strathmore University,Bachelor,2025/2026,97.3,82.1,In Progress,2026-07-20,Q3 2026,active
BEN-006558,Chepkoech,Koech,Female,Nairobi,Scholarship,Moi University,Master,2026/2027,73.4,62.3,In Progress,2026-09-12,Q3 2026,active
BEN-006559,Chepkoech,Njoroge,Female,Mombasa,Scholarship,Daystar University,Bachelor,2025/2026,66.0,65.6,Dropped,2025-11-29,Q4 2025,dropped_out
BEN-006560,James,Otieno,Male,Nairobi,Scholarship,Catholic University of Eastern Africa,Bachelor,2025/2026,100.0,56.0,In Progress,2026-03-10,Q1 2026,active
BEN-006561,Collins,Rotich,Male,Kakamega,Scholarship,Mount Kenya University,Bachelor,2025/2026,88.5,44.8,In Progress,2026-05-29,Q2 2026,active
BEN-006563,Kagure,Wanjiku,F,Nairobi,Scholarship,Jomo Kenyatta University,Bachelor,2025/2026,96.5,59.4,In Progress,2026-05-29,Q2 2026,active
BEN-006573,Akinyi,Koech,Female,Kiambu,Scholarship,University of Nairobi,Bachelor,2025/2026,86.7,74.2,In Progress,2026-05-25,Q2 2026,active
BEN-006578,Kilonzo,Mutua,Male,Mombasa,Scholarship,Mount Kenya University,Diploma,2026/2027,75.1,65.4,In Progress,2026-09-06,Q3 2026,active
BEN-006580,Victor,Juma,Male,Muranga,Scholarship,Maseno University,Master,2025/2026,86.4,74.7,Completed,2026-02-10,Q1 2026,completed
BEN-006581,Otieno,Nduta,Male,Nakuru,Scholarship,Kenyatta University,Diploma,2024/2025,71.1,62.0,Completed,2025-06-14,Q2 2025,completed
BEN-006585,Jerop,Chebet,FEMALE,Nairobi,Scholarship,Kenyatta University,Bachelor,2025/2026,100.0,75.6,Completed,2025-10-21,Q4 2025,completed
BEN-006587,Kagure,Chebet,Female,Nairobi,Scholarship,Strathmore University,Bachelor,2024/2025,85.6,70.0,Completed,2025-01-27,Q1 2025,completed
BEN-006591,Achieng,Kariuki,Female,Mombasa,Scholarship,Jomo Kenyatta University,Bachelor,2025/2026,95.2,70.5,complete,2025-10-31,Q4 2025,completed
BEN-006592,Esther,Mutua,Female,Kisumu,Scholarship,Catholic University of Eastern Africa,Bachelor,2026/2027,70.4,60.6,In Progress,2026-09-20,Q3 2026,active
BEN-006595,Victor,Ngugi,m,kiambu,Scholarship,Moi University,Master,2025/2026,82.2,54.1,In Progress,2026-06-03,Q2 2026,active
BEN-006596,Mercy,Otieno,Female,Uasin Gishu,Scholarship,Africa Nazarene University,Bachelor,2025/2026,84.8,71.9,In Progress,2026-07-16,Q3 2026,active
BEN-006598,Achieng,Gitau,Female,Uasin Gishu,Scholarship,Maseno University,Bachelor,2025/2026,97.2,54.1,In Progress,2026-04-04,Q2 2026,active
BEN-006601,Vincent,Muthoni,Male,Nairobi,Scholarship,Mount Kenya University,Bachelor,2025/2026,93.9,69.7,In Progress,2026-06-22,Q2 2026,active
BEN-006603,Barasa,Maina,Male,Nyeri,Scholarship,Jomo Kenyatta University,Bachelor,2025/2026,89.9,85.6,Completed,2025-11-23,Q4 2025,completed
BEN-006604,Zawadi,Njoroge,Female,Mombasa,Scholarship,Daystar University,Bachelor,2025/2026,70.1,73.9,In Progress,2026-07-14,Q3 2026,active
BEN-006605,Mutua,Wanjiku,Male,Nakuru,Scholarship,Mount Kenya University,Diploma,2025/2026,71.9,68.6,Completed,2025-09-28,Q3 2025,completed
BEN-006607,Onyango,Owino,Male,Nakuru,Scholarship,Jomo Kenyatta University,Master,2025/2026,87.4,62.6,Completed,2025-12-10,Q4 2025,completed
BEN-006609,Halima,Njoroge,Female,Nairobi,Scholarship,Africa Nazarene University,Master,2025/2026,79.5,70.4,In Progress,2026-01-30,Q1 2026,active
BEN-006610,Sharon,Mohamed,FEMALE,Uasin Gishu,Scholarship,Maseno University,Bachelor,2024/2025,77.1,62.5,Completed,2025-05-15,Q2 2025,completed
BEN-006614,Halima,Bett,Female,Kisii,Scholarship,Catholic University of Eastern Africa,Diploma,2025/2026,71.6,69.4,Dropped,2025-12-30,Q4 2025,dropped_out
BEN-006615,Mumbi,Mbogo,Female,Kiambu,Scholarship,Kenyatta University,Bachelor,2024/2025,99.0,51.9,Completed,2025-08-25,Q3 2025,completed
BEN-006617,Kendi,Ngugi,Female,Kisumu,Scholarship,Moi University,Bachelor,2024/2025,74.5,48.4,Completed,2025-08-08,Q3 2025,completed
BEN-006618,Patrick,Cheruiyot,Male,Kisii,Scholarship,Strathmore University,Bachelor,2026/2027,82.8,53.3,In Progress,2026-09-07,Q3 2026,active
BEN-006620,Neema,Achieng,Female,Mombasa,Scholarship,Catholic University of Eastern Africa,Bachelor,2024/2025,91.4,53.8,Completed,2025-02-28,Q1 2025,completed
BEN-006621,Kelvin,Juma,Male,Kiambu,Scholarship,Kenyatta University,Bachelor,2025/2026,77.1,81.2,In Progress,2026-08-27,Q3 2026,active
BEN-006626,Stephen,Ochieng,Male,Machakos,Scholarship,Catholic University of Eastern Africa,Diploma,2025/2026,71.8,63.7,In Progress,2026-06-09,Q2 2026,active
BEN-006627,Mercy,Achieng,Female,Kisumu County,Scholarship,Maseno University,Bachelor,2024/2025,70.9,68.6,Completed,2025-02-10,Q1 2025,completed
BEN-006629,Mercy,Chebet,Female,Bungoma,Scholarship,Daystar University,Bachelor,2024/2025,82.9,46.2,Completed,2025-05-07,Q2 2025,completed
BEN-006630,Abdi,Charo,Male,Mombasa,Scholarship,Moi University,Diploma,2025/2026,85.7,58.2,In Progress,2026-08-17,Q3 2026,active
BEN-006631,Amina,Njenga,Female,Kilifi,Scholarship,Daystar University,Bachelor,2025/2026,81.9,52.5,Completed,2025-09-29,Q3 2025,completed
BEN-006632,Caroline,Kiptoo,Female,Bungoma,Scholarship,University of Nairobi,Diploma,2025/2026,76.0,58.1,In Progress,2026-08-03,Q3 2026,active
BEN-006639,Samuel,Bett,M,Nairobi,Scholarship,Kenyatta University,Master,2025/2026,74.6,89.7,In Progress,2026-07-27,Q3 2026,active
BEN-006640,Gathoni,Rotich,Female,Kajiado,Scholarship,Moi University,Diploma,2025/2026,76.4,43.4,In Progress,2026-05-07,Q2 2026,active
BEN-006641,Gathoni,Baya,Female,Kisumu,Scholarship,Mount Kenya University,Bachelor,2025/2026,76.5,39.2,Dropped,2025-10-14,Q4 2025,dropped_out
BEN-006642,Omondi,Chebet,m,Nairobi,Scholarship,Strathmore University,Bachelor,2025/2026,83.0,46.6,Completed,2025-10-05,Q4 2025,completed
BEN-006644,Boniface,Mwakio,Male,uasin gishu,Scholarship,University of Nairobi,Diploma,2025/2026,83.9,71.9,Completed,2026-01-11,Q1 2026,completed
BEN-006651,Cynthia,Rotich,Female,Machakos,Scholarship,Mount Kenya University,Bachelor,2024/2025,88.9,64.7,Completed,2025-04-01,Q2 2025,completed
BEN-006652,Samuel,Chebet,Male,Nairobi,Scholarship,University of Nairobi,Diploma,2025/2026,96.8,69.1,In Progress,2026-03-30,Q1 2026,active
BEN-006656,Omondi,Nduta,m,Nakuru,Scholarship,Maseno University,Bachelor,2025/2026,81.5,55.1,In Progress,2026-08-10,Q3 2026,active
BEN-006662,Isaac,Charo,Male,Machakos,Scholarship,Strathmore University,Bachelor,2025/2026,84.0,63.0,In Progress,2026-02-08,Q1 2026,active
BEN-006667,David,Kiptoo,Male,Nairobi,Scholarship,University of Nairobi,Bachelor,2025/2026,75.8,83.6,In Progress,2026-08-27,Q3 2026,active
BEN-006671,Mutua,Kamau,Male,Kakamega,Scholarship,Strathmore University,Bachelor,2025/2026,89.0,60.0,In Progress,2026-07-15,Q3 2026,active
BEN-006672,Njeri,Mutiso,Female,Kakamega,Scholarship,University of Nairobi,Bachelor,2025/2026,87.3,76.7,In Progress,2026-03-05,Q1 2026,active
BEN-006673,Boniface,Achieng,male,Nairobi,Scholarship,Kenyatta University,Bachelor,2025/2026,100.0,61.0,In Progress,2026-05-06,Q2 2026,active
BEN-006676,Gathoni,Achieng,Female,Kisumu,Scholarship,University of Nairobi,Bachelor,2025/2026,78.6,52.7,Completed,2026-02-27,Q1 2026,completed
BEN-006677,Brian,Mutiso,Male,Nakuru County,Scholarship,Moi University,Bachelor,2025/2026,88.2,68.3,Completed,2025-09-30,Q3 2025,completed
BEN-006678,Francis,Ngugi,MALE,Nairobi,Scholarship,Moi University,Bachelor,2025/2026,95.8,78.2,In Progress,2026-01-04,Q1 2026,active
BEN-006682,Kelvin,Kamau,Male,Kisumu,Scholarship,Kenyatta University,Master,2025/2026,82.5,55.9,In Progress,2026-04-19,Q2 2026,active
BEN-006683,Cheruiyot,Kariuki,Male,Nakuru,Scholarship,Africa Nazarene University,Diploma,2025/2026,90.2,67.9,In Progress,2026-08-18,Q3 2026,active
BEN-006690,Cherono,Kilonzo,Female,Machakos,Scholarship,University of Nairobi,Master,2024/2025,84.7,59.8,Completed,2025-01-25,Q1 2025,completed
BEN-006695,Nasieku,Maina,Female,Kilifi,Scholarship,Strathmore University,Master,2025/2026,72.1,60.6,Dropped,2025-12-23,Q4 2025,dropped_out
BEN-006696,Caroline,Otieno,Female,Nairobi,Scholarship,Strathmore University,Bachelor,2024/2025,83.8,85.5,Completed,2025-06-16,Q2 2025,completed
BEN-006702,Kipchoge,Chebet,Male,kiambu,Scholarship,Strathmore University,Bachelor,2025/2026,89.3,53.8,In Progress,2026-05-28,Q2 2026,active
BEN-006707,Mohamed,Abdi,Male,Mombasa,Scholarship,Daystar University,Bachelor,2025/2026,89.2,75.0,Completed,2025-12-12,Q4 2025,completed
BEN-006708,Emmanuel,Nduta,Male,Bungoma,Scholarship,Strathmore University,Diploma,2024/2025,79.9,53.2,Completed,2025-07-11,Q3 2025,completed
BEN-006714,Atieno,Mwakio,Female,Muranga,Scholarship,University of Nairobi,Bachelor,2025/2026,92.3,32.6,Completed,2025-10-03,Q4 2025,completed
BEN-006718,James,Wafula,Male,Meru,Scholarship,Strathmore University,Bachelor,2025/2026,74.1,56.2,Completed,2025-11-06,Q4 2025,completed
BEN-006724,Njeri,Barasa,Female,Kakamega,Scholarship,University of Nairobi,Bachelor,2025/2026,79.8,62.8,In Progress,2025-11-29,Q4 2025,active
BEN-006730,Faith,Juma,Female,KAJIADO,Scholarship,Africa Nazarene University,Bachelor,2025/2026,70.9,60.3,In Progress,2026-02-14,Q1 2026,active
BEN-006731,Caroline,Njoroge,Female,Nairobi,Scholarship,Maseno University,Bachelor,2024/2025,72.1,100.0,Completed,2025-07-08,Q3 2025,completed
BEN-006732,Simon,Juma,Male,Machakos,Scholarship,Strathmore University,Bachelor,2025/2026,74.8,65.6,In Progress,2025-11-15,Q4 2025,active
BEN-006736,Kamau,Njoroge,Male,Kiambu,Scholarship,Africa Nazarene University,Bachelor,2024/2025,96.6,72.6,Completed,2025-04-25,Q2 2025,completed
BEN-006740,Mercy,Odhiambo,Female,Machakos,Scholarship,Jomo Kenyatta University,Bachelor,2025/2026,83.7,67.9,In Progress,2026-07-01,Q3 2026,active
BEN-006741,Njeri,Bett,Female,Kilifi,Scholarship,Kenyatta University,Bachelor,2024/2025,78.2,76.1,Completed,2025-04-11,Q2 2025,completed
BEN-006747,Ali,Rotich,Male,Mombasa,Scholarship,University of Nairobi,Bachelor,2024/2025,78.9,60.2,Completed,2025-04-25,Q2 2025,completed
BEN-006748,Kipchoge,Barasa,Male,Nairobi,Scholarship,University of Nairobi,Diploma,2025/2026,92.9,68.0,In Progress,2026-01-20,Q1 2026,active
BEN-006749,Wanjiru,Achieng,Female,Nairobi,Scholarship,Mount Kenya University,Bachelor,2024/2025,81.2,71.5,Completed,2025-08-13,Q3 2025,completed
BEN-006750,Kendi,Mwangi,Female,Kiambu,Scholarship,Mount Kenya University,Diploma,2025/2026,96.7,74.4,In Progress,2026-06-14,Q2 2026,active
BEN-006751,Patrick,Gitau,Male,Kilifi,Scholarship,Moi University,Bachelor,2025/2026,84.8,72.3,In Progress,2026-01-10,Q1 2026,active
BEN-006752,Simon,Mwakio,Male,KILIFI,Scholarship,Africa Nazarene University,Bachelor,2025/2026,75.5,61.6,In Progress,2025-12-28,Q4 2025,active
BEN-006753,Chepkoech,Gitau,Female,Kajiado,Scholarship,Daystar University,Bachelor,2024/2025,82.8,62.9,Dropped,2025-03-02,Q1 2025,dropped_out
BEN-006754,Rotich,Ochieng,Male,Nairobi,Scholarship,Daystar University,Bachelor,2025/2026,96.9,79.0,In Progress,2026-06-08,Q2 2026,active
BEN-006759,Baraka,Kariuki,Male,Machakos,Scholarship,Jomo Kenyatta University,Master,2025/2026,92.3,66.3,In Progress,2026-01-28,Q1 2026,active
BEN-006761,Neema,Nyambane,Female,Nairobi,Scholarship,Maseno University,Bachelor,2025/2026,99.8,64.8,Completed,2026-02-27,Q1 2026,completed
BEN-006762,Omondi,Njoroge,Male,Nakuru,Scholarship,Maseno University,Master,2025/2026,76.9,72.3,Completed,2025-11-01,Q4 2025,completed
BEN-006769,Joseph,Wafula,Male,Kisumu,Scholarship,Kenyatta University,Bachelor,2025/2026,84.0,58.5,In Progress,2026-05-11,Q2 2026,active
BEN-006771,Wangari,Omondi,Female,Meru,Scholarship,Daystar University,Master,2025/2026,82.3,49.7,In Progress,2026-08-26,Q3 2026,active
BEN-006778,Akinyi,Hassan,Female,Machakos,Scholarship,Daystar University,Bachelor,2025/2026,69.4,67.0,Dropped,2025-09-02,Q3 2025,dropped_out
BEN-006786,Wanjiku,Mwakio,Female,Nairobi,Scholarship,Moi University,Diploma,2025/2026,89.9,72.5,In Progress,2026-05-01,Q2 2026,active
BEN-006787,Atieno,Kimani,Female,mombasa,Scholarship,Moi University,Bachelor,2024/2025,77.6,54.0,Completed,2025-04-06,Q2 2025,completed
BEN-006790,Akinyi,Koech,Female,Nairobi,Scholarship,Jomo Kenyatta University,Master,2024/2025,98.3,59.7,complete,2025-08-27,Q3 2025,completed
BEN-006796,Cynthia,Mohamed,Female,Nyeri,Scholarship,University of Nairobi,Bachelor,2025/2026,84.5,69.7,In Progress,2026-07-19,Q3 2026,active
BEN-006797,Halima,Hassan,Female,Meru,Scholarship,Catholic University of Eastern Africa,Bachelor,2026/2027,79.3,71.2,In Progress,2026-09-20,Q3 2026,active
BEN-006799,Wanjiku,Barasa,Female,Nairobi,Scholarship,Jomo Kenyatta University,Bachelor,2025/2026,100.0,52.9,In Progress,2026-04-29,Q2 2026,active
BEN-006800,Victor,Kiptoo,MALE,Kilifi,Scholarship,Strathmore University,Diploma,2025/2026,65.4,60.8,Completed,2025-10-11,Q4 2025,completed
BEN-006806,Samuel,Mutua,Male,Nairobi,Scholarship,Jomo Kenyatta University,Bachelor,2025/2026,91.4,83.8,In Progress,2026-06-22,Q2 2026,active
BEN-006807,Njeri,Ngugi,Female,Kiambu,Scholarship,Maseno University,Bachelor,2025/2026,93.7,58.6,In Progress,2026-05-08,Q2 2026,active
BEN-006816,Kilonzo,Ochieng,Male,Kakamega,Scholarship,Daystar University,Bachelor,2025/2026,91.2,64.8,Completed,2025-10-20,Q4 2025,completed
BEN-006818,Mumbi,Muthoni,Female,Uasin Gishu,Scholarship,Kenyatta University,Master,2025/2026,97.4,74.7,In Progress,2026-05-14,Q2 2026,active
BEN-006823,Omondi,Owino,Male,Nakuru,Scholarship,University of Nairobi,Diploma,2025/2026,65.3,64.6,In Progress,2026-07-02,Q3 2026,active
BEN-006824,Kipchoge,Maina,Male,Nakuru,Scholarship,University of Nairobi,Master,2024/2025,82.8,65.7,Dropped,2025-08-21,Q3 2025,dropped_out
BEN-006827,Halima,Muthoni,Female,Muranga,Scholarship,Mount Kenya University,Diploma,2025/2026,72.4,64.5,In Progress,2026-06-24,Q2 2026,active
BEN-006828,Peter,Koech,Male,Muranga,Scholarship,Maseno University,Bachelor,2025/2026,79.0,91.1,In Progress,2026-03-18,Q1 2026,active
BEN-006831,Odhiambo,Kimani,Male,Nairobi,Scholarship,Maseno University,Diploma,2025/2026,91.1,60.8,In Progress,2026-05-23,Q2 2026,active
BEN-006834,Kipchoge,Abdi,Male,Kiambu,Scholarship,Daystar University,Bachelor,2025/2026,100.0,61.4,In Progress,2026-08-10,Q3 2026,active
BEN-006837,Peter,Rotich,Male,KAKAMEGA,Scholarship,University of Nairobi,Diploma,2025/2026,79.6,50.7,In Progress,2026-05-14,Q2 2026,active
BEN-006839,Wangari,Rotich,Female,Nairobi,Scholarship,Kenyatta University,Bachelor,2025/2026,73.2,78.1,In Progress,2026-07-23,Q3 2026,active
BEN-006843,Nicholas,Maina,Male,Nairobi,Scholarship,Catholic University of Eastern Africa,Bachelor,2025/2026,97.8,64.4,In Progress,2026-03-22,Q1 2026,active
BEN-006845,Kilonzo,Nduta,Male,Nairobi,Scholarship,Catholic University of Eastern Africa,Master,2024/2025,66.8,66.8,Dropped,2025-01-22,Q1 2025,dropped_out
BEN-006846,Diana,Kimani,Female,Kajiado,Scholarship,Africa Nazarene University,Diploma,2025/2026,90.7,59.6,Completed,2025-09-13,Q3 2025,completed
BEN-006847,Chebet,Owino,Female,Uasin Gishu,Scholarship,Kenyatta University,Master,2024/2025,99.7,60.9,Completed,2025-05-27,Q2 2025,completed
BEN-006850,Mohamed,Juma,Male,Kakamega,Scholarship,Moi University,Bachelor,2025/2026,70.3,63.5,In Progress,2026-05-11,Q2 2026,active
BEN-006853,Emily,Bett,Female,Kiambu,Scholarship,Daystar University,Diploma,2025/2026,73.8,48.4,Completed,2026-01-25,Q1 2026,completed
BEN-006854,Naisula,Musyoka,Female,Nyeri,Scholarship,Daystar University,Bachelor,2025/2026,75.1,75.7,Completed,2025-12-15,Q4 2025,completed
BEN-006857,Joy,Baya,f,Kilifi,Scholarship,Strathmore University,Master,2025/2026,68.6,66.2,In Progress,2026-01-29,Q1 2026,active
BEN-006863,Caroline,Wafula,Female,Nairobi,Scholarship,Africa Nazarene University,Bachelor,2026/2027,100.0,81.4,In Progress,2026-09-04,Q3 2026,active
BEN-006868,Neema,Mwangi,F,Machakos,Scholarship,Catholic University of Eastern Africa,Diploma,2024/2025,90.2,55.9,Completed,2025-08-26,Q3 2025,completed
BEN-006869,Sharon,Abdi,Female,Nairobi,Scholarship,Maseno University,Diploma,2024/2025,89.5,74.1,Completed,2025-04-26,Q2 2025,completed
BEN-006875,Nkatha,Ngugi,Female,Nairobi,Scholarship,Africa Nazarene University,Bachelor,2025/2026,100.0,71.2,In Progress,2026-07-26,Q3 2026,active
BEN-006877,Neema,Kiptoo,Female,Machakos,Scholarship,Maseno University,Bachelor,2026/2027,61.3,50.8,In Progress,2026-09-02,Q3 2026,active
BEN-006881,Amina,Baya,F,Nairobi,Scholarship,Strathmore University,Bachelor,2025/2026,85.7,75.4,In Progress,2026-04-01,Q2 2026,active
BEN-006893,Nasieku,Kariuki,Female,Meru,Scholarship,Moi University,Master,2025/2026,85.1,64.7,In Progress,2026-05-19,Q2 2026,active
BEN-006895,Patrick,Kuria,Male,Kilifi,Scholarship,Jomo Kenyatta University,Diploma,2025/2026,65.4,51.7,In Progress,2026-08-04,Q3 2026,active
BEN-006900,Akinyi,Chebet,Female,Muranga,Scholarship,Africa Nazarene University,Diploma,2025/2026,80.1,53.5,In Progress,2026-06-16,Q2 2026,active
BEN-006906,Caroline,Muthoni,Female,Kajiado,Scholarship,University of Nairobi,Master,2024/2025,88.8,58.8,Dropped,2025-01-16,Q1 2025,dropped_out
BEN-006907,Zawadi,Charo,Female,Uasin Gishu,Scholarship,Kenyatta University,Master,2026/2027,73.3,61.3,In Progress,2026-09-10,Q3 2026,active
BEN-006913,Wanjiku,Nduta,Female,Kilifi,Scholarship,Jomo Kenyatta University,Diploma,2025/2026,76.2,55.8,Completed,2026-03-20,Q1 2026,completed
BEN-006914,Kiptoo,Mbogo,Male,Kajiado,Scholarship,Catholic University of Eastern Africa,Bachelor,2025/2026,86.7,58.1,In Progress,2026-07-04,Q3 2026,active
BEN-006915,Emmanuel,Kilonzo,Male,Kiambu,Scholarship,Daystar University,Bachelor,2024/2025,84.9,69.3,Completed,2025-08-20,Q3 2025,completed
BEN-006916,Boniface,Katana,Male,Meru,Scholarship,Catholic University of Eastern Africa,Diploma,2025/2026,86.6,64.4,In Progress,2026-08-24,Q3 2026,active
BEN-006917,Purity,Kilonzo,Female,Mombasa,Scholarship,University of Nairobi,Diploma,2025/2026,74.4,61.3,Completed,2025-12-11,Q4 2025,completed
BEN-006928,Naisula,Onyango,Female,Nairobi,Scholarship,Catholic University of Eastern Africa,Bachelor,2025/2026,87.7,92.8,In Progress,2026-04-18,Q2 2026,active
BEN-006930,Caroline,Odhiambo,Female,Kiambu,Scholarship,Moi University,Bachelor,2025/2026,97.6,64.9,In Progress,2026-07-02,Q3 2026,active
BEN-006932,James,Chebet,Male,Kilifi,Scholarship,Maseno University,Bachelor,2025/2026,80.7,51.7,COMPLETED,2025-11-13,Q4 2025,completed
BEN-006933,Kendi,Cheruiyot,Female,Bungoma,Scholarship,Maseno University,Diploma,2025/2026,86.9,43.8,In Progress,2026-08-03,Q3 2026,active
BEN-006934,Caroline,Gitau,Female,Kakamega,Scholarship,Maseno University,Bachelor,2024/2025,88.0,65.4,Completed,2025-07-13,Q3 2025,completed
BEN-006935,Odhiambo,Abdi,Male,Nakuru,Scholarship,Kenyatta University,Bachelor,2026/2027,86.3,48.1,In Progress,2026-09-05,Q3 2026,active
BEN-006937,Joseph,Owino,Male,Nairobi,Scholarship,Africa Nazarene University,Bachelor,2026/2027,89.3,70.1,In Progress,2026-09-01,Q3 2026,active
BEN-006939,Jerop,Mohamed,Female,Nairobi,Scholarship,Jomo Kenyatta University,Bachelor,2024/2025,83.5,45.7,Completed,2025-07-02,Q3 2025,completed
BEN-006942,Zawadi,Maina,Female,Nyeri,Scholarship,Daystar University,Master,2026/2027,78.4,69.1,In Progress,2026-09-05,Q3 2026,active
BEN-006947,Chepkoech,Koech,Female,NAIROBI,Scholarship,Catholic University of Eastern Africa,Bachelor,2024/2025,87.9,86.6,complete,2025-06-05,Q2 2025,completed
BEN-006950,Chebet,Njoroge,Female,Kiambu,Scholarship,Jomo Kenyatta University,Master,2024/2025,79.1,88.0,Completed,2025-05-07,Q2 2025,completed
BEN-006954,Njeri,Cheruiyot,Female,Kiambu,Scholarship,University of Nairobi,Master,2024/2025,95.3,53.1,Completed,2025-04-04,Q2 2025,completed
BEN-006961,Chepkoech,Wanjiku,Female,Muranga,Scholarship,Strathmore University,Bachelor,2025/2026,96.0,65.2,In Progress,2026-07-22,Q3 2026,active
BEN-006963,Grace,Njenga,Female,Machakos,Scholarship,Africa Nazarene University,Bachelor,2024/2025,82.4,71.5,Dropped,2025-08-29,Q3 2025,dropped_out
BEN-006964,Akinyi,Omondi,Female,uasin gishu,Scholarship,Kenyatta University,Bachelor,2025/2026,94.0,71.6,In Progress,2026-05-26,Q2 2026,active
BEN-006968,Cheruiyot,Ngugi,Male,Kiambu,Scholarship,Kenyatta University,Bachelor,2025/2026,80.1,68.1,In Progress,2026-08-21,Q3 2026,active
BEN-006969,Omondi,Gitau,Male,Nairobi,Scholarship,Mount Kenya University,Master,2024/2025,62.3,75.7,Completed,2025-06-06,Q2 2025,completed
BEN-006972,Caroline,Wekesa,Female,Machakos,Scholarship,Africa Nazarene University,Master,2024/2025,68.1,85.5,Dropped,2025-06-09,Q2 2025,dropped_out
BEN-006975,Emily,Kamau,F,Nairobi,Scholarship,Maseno University,Bachelor,2025/2026,83.1,71.1,In Progress,2026-06-12,Q2 2026,active
BEN-006976,Daniel,Koech,M,Machakos County,Scholarship,Maseno University,Bachelor,2025/2026,81.3,74.1,In Progress,2026-05-28,Q2 2026,active
BEN-006984,Dennis,Njoroge,Male,nyeri,Scholarship,Mount Kenya University,Diploma,2025/2026,87.6,96.4,COMPLETED,2026-03-28,Q1 2026,completed
BEN-006986,Wanjiku,Mutiso,Female,Kajiado,Scholarship,Mount Kenya University,Bachelor,2025/2026,86.3,68.0,In Progress,2026-07-28,Q3 2026,active
BEN-006991,Barasa,Charo,Male,Kilifi,Scholarship,Jomo Kenyatta University,Bachelor,2025/2026,80.5,65.0,Completed,2025-10-17,Q4 2025,completed
BEN-006992,Wangari,Baya,Female,Uasin Gishu,Scholarship,Maseno University,Bachelor,2026/2027,83.0,52.7,In Progress,2026-09-14,Q3 2026,active
BEN-006993,Halima,Muthoni,Female,Meru,Scholarship,Maseno University,Bachelor,2025/2026,96.7,68.3,In Progress,2026-07-24,Q3 2026,active
BEN-006998,Mutua,Juma,Male,Uasin Gishu,Scholarship,Daystar University,Bachelor,2025/2026,100.0,74.0,In Progress,2026-08-26,Q3 2026,active
BEN-007003,Nyambura,Cheruiyot,Female,Nairobi,Scholarship,University of Nairobi,Bachelor,2025/2026,99.8,61.2,In Progress,2026-04-01,Q2 2026,active
BEN-007004,Cherono,Abdi,Female,Kajiado County,Scholarship,Daystar University,Bachelor,2025/2026,99.0,61.9,In Progress,2025-12-16,Q4 2025,active
BEN-007005,Odhiambo,Njoroge,Male,Nakuru,Scholarship,University of Nairobi,Master,2024/2025,86.9,51.8,COMPLETED,2025-06-21,Q2 2025,completed
BEN-007011,Mercy,Bett,Female,Meru,Scholarship,Strathmore University,Bachelor,2025/2026,83.9,75.8,Dropped,2026-01-17,Q1 2026,dropped_out
BEN-007018,Wanjiru,Barasa,Female,Nairobi,Scholarship,Africa Nazarene University,Master,2025/2026,80.9,64.6,In Progress,2026-06-05,Q2 2026,active
BEN-007019,David,Mwakio,Male,Kajiado,Scholarship,Maseno University,Bachelor,2025/2026,65.7,53.8,In Progress,2026-05-31,Q2 2026,active
BEN-007020,Stephen,Mohamed,Male,Mombasa,Scholarship,Kenyatta University,Diploma,2026/2027,72.3,61.1,In Progress,2026-09-18,Q3 2026,active
BEN-007029,Nyambura,Rotich,Female,Kiambu,Scholarship,Jomo Kenyatta University,Bachelor,2025/2026,91.9,85.3,Completed,2025-10-06,Q4 2025,completed
BEN-007035,Barasa,Kariuki,Male,Mombasa,Scholarship,Catholic University of Eastern Africa,Bachelor,2024/2025,88.9,55.8,Completed,2025-08-07,Q3 2025,completed
BEN-007040,Chebet,Omondi,Female,Nairobi,Scholarship,Mount Kenya University,Diploma,2025/2026,90.4,68.1,Completed,2026-02-24,Q1 2026,completed
BEN-007042,Joseph,Wekesa,Male,Nairobi,Scholarship,Catholic University of Eastern Africa,Bachelor,2025/2026,88.6,71.8,In Progress,2026-03-30,Q1 2026,active
BEN-007053,Nasieku,Matano,Female,machakos,Scholarship,Strathmore University,Bachelor,2025/2026,94.1,62.9,In Progress,2026-07-14,Q3 2026,active
BEN-007054,Ali,Charo,Male,Meru,Scholarship,Kenyatta University,Diploma,2025/2026,78.4,43.9,In Progress,2026-02-28,Q1 2026,active
BEN-007057,Joy,Wafula,Female,nairobi,Scholarship,Africa Nazarene University,Bachelor,2024/2025,80.5,66.4,Completed,2025-01-28,Q1 2025,completed
BEN-007061,Nyambura,Kimani,Female,Nairobi,Scholarship,University of Nairobi,Bachelor,2025/2026,100.0,68.0,In Progress,2026-05-22,Q2 2026,active
BEN-007062,Mumbi,Mutiso,Female,Nairobi,Scholarship,Moi University,Bachelor,2025/2026,87.2,83.3,In Progress,2026-06-11,Q2 2026,active
BEN-007067,Neema,Abdi,Female,Nairobi,Scholarship,Jomo Kenyatta University,Bachelor,2025/2026,81.8,62.8,In Progress,2026-04-12,Q2 2026,active
BEN-007070,Daniel,Omondi,Male,Kajiado,Scholarship,Strathmore University,Bachelor,2025/2026,94.8,51.5,Completed,2025-10-19,Q4 2025,completed
BEN-007071,Kiptoo,Kuria,Male,Kisii,Scholarship,Daystar University,Diploma,2025/2026,76.9,51.1,In Progress,2026-05-13,Q2 2026,active
BEN-007073,Mumbi,Katana,Female,MERU,Scholarship,Kenyatta University,Diploma,2025/2026,96.6,68.2,Completed,2025-12-05,Q4 2025,completed
BEN-007075,Nicholas,Mwangi,Male,Uasin Gishu,Scholarship,Kenyatta University,Master,2026/2027,95.1,73.0,In Progress,2026-09-04,Q3 2026,active
BEN-007082,Chebet,Mbogo,Female,Nyeri,Scholarship,Kenyatta University,Master,2025/2026,78.5,68.6,In Progress,2026-04-14,Q2 2026,active
BEN-007084,Victor,Juma,Male,Kilifi County,Scholarship,Catholic University of Eastern Africa,Bachelor,2024/2025,73.8,68.0,Dropped,2025-01-13,Q1 2025,dropped_out
BEN-007086,Kilonzo,Omondi,Male,Kajiado,Scholarship,Daystar University,Diploma,2025/2026,86.6,66.8,Completed,2025-11-22,Q4 2025,completed
BEN-007095,Sharon,Otieno,Female,Nairobi,Scholarship,University of Nairobi,Bachelor,2025/2026,95.3,53.6,In Progress,2026-04-28,Q2 2026,active
BEN-007096,Atieno,Wafula,Female,Meru,Scholarship,Daystar University,Diploma,2025/2026,76.9,65.3,Completed,2025-10-15,Q4 2025,completed
BEN-007098,Isaac,Matano,Male,Kakamega,Scholarship,Jomo Kenyatta University,Bachelor,2025/2026,63.3,53.6,Completed,2026-03-30,Q1 2026,completed
BEN-007103,Nicholas,Maina,Male,Nakuru,Scholarship,Kenyatta University,Diploma,2025/2026,85.4,73.6,In Progress,2026-04-23,Q2 2026,active
BEN-007106,Abdi,Odhiambo,Male,Muranga,Scholarship,Kenyatta University,Bachelor,2025/2026,88.9,66.7,Completed,2026-02-18,Q1 2026,completed
BEN-007107,Simon,Bett,Male,Kilifi,Scholarship,Daystar University,Bachelor,2025/2026,65.8,57.3,Completed,2026-01-27,Q1 2026,completed
BEN-007108,Cynthia,Muthoni,Female,kakamega,Scholarship,Kenyatta University,Bachelor,2025/2026,72.7,55.0,In Progress,2026-03-17,Q1 2026,active
BEN-007109,Njeri,Owino,Female,KISUMU,Scholarship,Daystar University,Bachelor,2025/2026,72.0,55.4,Completed,2026-03-03,Q1 2026,completed
BEN-007117,James,Nyambane,Male,Kakamega,Scholarship,Mount Kenya University,Diploma,2025/2026,87.9,54.6,In Progress,2026-08-22,Q3 2026,active
BEN-007121,Kendi,Muthoni,Female,Nairobi,Scholarship,Jomo Kenyatta University,Bachelor,2024/2025,100.0,68.0,Completed,2025-06-24,Q2 2025,completed
BEN-007123,Brian,Katana,Male,Kisumu,Scholarship,Daystar University,Diploma,2025/2026,64.5,63.5,In Progress,2026-06-27,Q2 2026,active
BEN-007130,Diana,Owino,Female,Kakamega,Scholarship,Mount Kenya University,Bachelor,2025/2026,69.8,59.9,In Progress,2026-06-13,Q2 2026,active
BEN-007131,Kilonzo,Nduta,Male,Uasin Gishu,Scholarship,Jomo Kenyatta University,Bachelor,2025/2026,100.0,64.8,In Progress,2025-12-22,Q4 2025,active
BEN-007133,Wanjiru,Nduta,Female,Nyeri,Scholarship,Maseno University,Master,2026/2027,87.8,74.3,In Progress,2026-09-29,Q3 2026,active
BEN-007136,Otieno,Kimani,Male,Nairobi,Scholarship,Strathmore University,Bachelor,2025/2026,80.5,64.7,In Progress,2026-07-27,Q3 2026,active
BEN-007138,Kelvin,Mutiso,Male,kiambu,Scholarship,Jomo Kenyatta University,Diploma,2025/2026,76.6,62.1,Completed,2025-09-10,Q3 2025,completed
BEN-007139,Barasa,Kariuki,Male,Kiambu,Scholarship,University of Nairobi,Diploma,2025/2026,100.0,52.9,Completed,2025-11-15,Q4 2025,completed
BEN-007140,John,Njoroge,Male,Kajiado,Scholarship,Jomo Kenyatta University,Bachelor,2024/2025,95.9,72.4,Completed,2025-07-30,Q3 2025,completed
BEN-007141,Chebet,Njenga,Female,Mombasa,Scholarship,Daystar University,Diploma,2025/2026,87.5,59.7,Completed,2025-11-12,Q4 2025,completed
BEN-007147,Omondi,Achieng,Male,Kakamega,Scholarship,Africa Nazarene University,Bachelor,2024/2025,74.7,79.4,Dropped,2025-04-21,Q2 2025,dropped_out
BEN-007148,Njeri,Mohamed,Female,Machakos,Scholarship,Catholic University of Eastern Africa,Master,2025/2026,75.4,55.5,In Progress,2026-05-18,Q2 2026,active
BEN-007149,John,Omondi,Male,Nairobi,Scholarship,Daystar University,Bachelor,2025/2026,87.7,74.0,In Progress,2026-07-31,Q3 2026,active
BEN-007150,Dennis,Kamau,M,Kajiado,Scholarship,University of Nairobi,Master,2025/2026,89.6,63.6,In Progress,2025-10-25,Q4 2025,active
BEN-007151,Peter,Katana,Male,Meru,Scholarship,Moi University,Bachelor,2024/2025,95.2,52.1,complete,2025-08-09,Q3 2025,completed
BEN-007153,Nyambura,Wanjiku,Female,Uasin Gishu,Scholarship,Jomo Kenyatta University,Diploma,2025/2026,82.4,83.1,In Progress,2026-03-22,Q1 2026,active
BEN-007160,Jerop,Kuria,FEMALE,Uasin Gishu,Scholarship,Moi University,Bachelor,2025/2026,88.6,74.5,In Progress,2026-01-03,Q1 2026,active
BEN-007161,Onyango,Gitau,m,Kiambu,Scholarship,Kenyatta University,Bachelor,2025/2026,76.4,75.4,In Progress,2026-05-26,Q2 2026,active
BEN-007166,Nicholas,Mutiso,Male,Kiambu,Scholarship,Mount Kenya University,Bachelor,2025/2026,89.2,75.1,Completed,2025-12-03,Q4 2025,completed
BEN-007167,Halima,Wanjiku,Female,kiambu,Scholarship,Jomo Kenyatta University,Master,2025/2026,74.6,64.3,Completed,2025-09-01,Q3 2025,completed
BEN-007169,Anthony,Juma,Male,Muranga,Scholarship,Catholic University of Eastern Africa,Bachelor,2024/2025,82.2,71.2,Completed,2025-02-24,Q1 2025,completed
BEN-007170,Brenda,Bett,Female,Nairobi,Scholarship,Strathmore University,Diploma,2025/2026,88.5,64.4,In Progress,2026-04-03,Q2 2026,active
BEN-007171,Wanjiru,Wafula,Female,Kisumu,Scholarship,Africa Nazarene University,Diploma,2024/2025,79.1,64.2,Completed,2025-06-29,Q2 2025,completed
BEN-007173,Naisula,Kuria,Female,Kisii,Scholarship,Strathmore University,Bachelor,2024/2025,89.9,59.7,Completed,2025-07-02,Q3 2025,completed
BEN-007174,Victor,Musyoka,Male,Nakuru,Scholarship,Maseno University,Bachelor,2025/2026,98.6,75.4,In Progress,2026-07-25,Q3 2026,active
BEN-007175,Ali,Njoroge,MALE,Bungoma,Scholarship,Jomo Kenyatta University,Master,2025/2026,79.1,57.2,Completed,2025-09-18,Q3 2025,completed
BEN-007176,Wangari,Rotich,Female,Kisumu,Scholarship,Maseno University,Bachelor,2024/2025,67.0,58.2,Completed,2025-07-21,Q3 2025,completed
BEN-007178,Chepkoech,Kuria,Female,Kisumu,Scholarship,Strathmore University,Bachelor,2025/2026,86.1,47.7,In Progress,2026-02-08,Q1 2026,active
BEN-007185,Esther,Koech,Female,Nairobi,Scholarship,Daystar University,Diploma,2025/2026,100.0,75.9,In Progress,2026-08-26,Q3 2026,active
BEN-007188,Grace,Kuria,Female,Kisumu,Scholarship,Africa Nazarene University,Master,2025/2026,75.2,78.7,In Progress,2026-01-22,Q1 2026,active
BEN-007189,Awuor,Nyambane,Female,Uasin Gishu,Scholarship,University of Nairobi,Diploma,2025/2026,90.7,57.1,In Progress,2026-04-27,Q2 2026,active
BEN-007191,Wangari,Mwakio,Female,Nairobi County,Scholarship,Maseno University,Diploma,2026/2027,80.6,56.8,In Progress,2026-09-14,Q3 2026,active
BEN-007192,Wanjiru,Katana,Female,Kiambu,Scholarship,Africa Nazarene University,Bachelor,2025/2026,78.2,75.0,In Progress,2026-02-23,Q1 2026,active
BEN-007195,Cynthia,Chebet,Female,Nairobi,Scholarship,Jomo Kenyatta University,Diploma,2025/2026,68.1,59.2,In Progress,2026-04-02,Q2 2026,active
BEN-007196,Naisula,Achieng,Female,Kisumu,Scholarship,Maseno University,Bachelor,2025/2026,82.4,62.3,In Progress,2026-01-15,Q1 2026,active
BEN-007197,Esther,Onyango,Female,Kiambu,Scholarship,Moi University,Diploma,2024/2025,85.0,80.1,Completed,2025-08-07,Q3 2025,completed
BEN-007198,Korir,Muthoni,Male,Kajiado,Scholarship,Africa Nazarene University,Bachelor,2024/2025,80.7,61.2,Completed,2025-01-19,Q1 2025,completed
BEN-007199,Simon,Mutiso,Male,Muranga,Scholarship,Jomo Kenyatta University,Diploma,2025/2026,82.3,79.6,In Progress,2026-08-08,Q3 2026,active
BEN-007201,Mohamed,Hassan,Male,Meru,Scholarship,Catholic University of Eastern Africa,Diploma,2025/2026,80.6,75.6,Dropped,2025-10-17,Q4 2025,dropped_out
BEN-007205,Kiptoo,Mbogo,Male,meru,Scholarship,University of Nairobi,Bachelor,2025/2026,93.0,46.3,In Progress,2026-07-06,Q3 2026,active
BEN-007215,Esther,Odhiambo,Female,KAJIADO,Scholarship,Catholic University of Eastern Africa,Diploma,2025/2026,78.1,57.8,In Progress,2026-05-09,Q2 2026,active
BEN-007218,Gathoni,Omondi,Female,Nairobi,Scholarship,Moi University,Diploma,2025/2026,94.6,79.6,Completed,2026-01-30,Q1 2026,completed
BEN-007219,Rotich,Mwangi,Male,Kajiado,Scholarship,Daystar University,Bachelor,2025/2026,72.1,47.3,In Progress,2026-06-26,Q2 2026,active
BEN-007221,Joy,Odhiambo,Female,kiambu,Scholarship,Jomo Kenyatta University,Diploma,2026/2027,94.1,74.9,In Progress,2026-09-15,Q3 2026,active
BEN-007223,Isaac,Mutua,Male,Nairobi,Scholarship,Mount Kenya University,Bachelor,2025/2026,91.5,63.0,Completed,2025-09-01,Q3 2025,completed
BEN-007228,Peter,Koech,m,Kakamega,Scholarship,Strathmore University,Master,2025/2026,89.8,68.7,In Progress,2026-05-23,Q2 2026,active
BEN-007231,Stephen,Gitau,Male,Kilifi,Scholarship,University of Nairobi,Master,2026/2027,81.8,66.1,In Progress,2026-09-02,Q3 2026,active
BEN-007235,Mutua,Mutiso,Male,Muranga,Scholarship,Moi University,Bachelor,2025/2026,88.3,60.4,In Progress,2026-07-04,Q3 2026,active
BEN-007239,Kagure,Bett,Female,Nairobi,Scholarship,Africa Nazarene University,Bachelor,2024/2025,100.0,64.7,Completed,2025-05-10,Q2 2025,completed
BEN-007240,Victor,Kuria,male,Uasin Gishu,Scholarship,Mount Kenya University,Master,2025/2026,100.0,69.1,In Progress,2026-02-15,Q1 2026,active
BEN-007242,Anyango,Kariuki,Female,nairobi,Scholarship,Mount Kenya University,Bachelor,2025/2026,100.0,81.3,In Progress,2026-01-14,Q1 2026,active
BEN-007243,Onyango,Muthoni,Male,Bungoma,Scholarship,Jomo Kenyatta University,Bachelor,2025/2026,86.6,43.5,In Progress,2026-07-09,Q3 2026,active
BEN-007244,Vincent,Mutiso,Male,Muranga,Scholarship,Africa Nazarene University,Bachelor,2025/2026,99.1,64.4,In Progress,2026-03-30,Q1 2026,active
BEN-007247,Odhiambo,Baya,Male,Nairobi,Scholarship,Kenyatta University,Bachelor,2025/2026,80.5,72.0,COMPLETED,2025-12-01,Q4 2025,completed
BEN-007248,Beatrice,Wanjiku,Female,Kiambu,Scholarship,Daystar University,Bachelor,2025/2026,94.9,72.2,Completed,2026-03-14,Q1 2026,completed
BEN-007250,Juma,Ochieng,Male,Kakamega,Scholarship,Kenyatta University,Bachelor,2025/2026,74.3,88.6,In Progress,2025-12-24,Q4 2025,active
BEN-007251,Patrick,Kiptoo,Male,Kakamega,Scholarship,Maseno University,Bachelor,2026/2027,83.4,57.7,In Progress,2026-09-16,Q3 2026,active
BEN-007256,Anyango,Omondi,Female,Nairobi,Scholarship,Mount Kenya University,Master,2025/2026,88.8,89.6,In Progress,2026-07-14,Q3 2026,active
BEN-007257,Kipchoge,Odhiambo,Male,Mombasa,Scholarship,Catholic University of Eastern Africa,Diploma,2025/2026,81.3,52.2,In Progress,2026-08-19,Q3 2026,active
BEN-007260,Kelvin,Kimani,Male,Meru,Scholarship,Catholic University of Eastern Africa,Bachelor,2024/2025,80.1,50.9,Completed,2025-06-15,Q2 2025,completed
BEN-007263,Nkatha,Wafula,Female,Kilifi,Scholarship,University of Nairobi,Master,2024/2025,74.0,62.9,Completed,2025-03-16,Q1 2025,completed
BEN-007270,Korir,Mwakio,Male,Nyeri,Scholarship,University of Nairobi,Bachelor,2025/2026,85.4,52.4,In Progress,2026-07-04,Q3 2026,active
BEN-007272,Mohamed,Bett,Male,Kiambu,Scholarship,Africa Nazarene University,Bachelor,2025/2026,90.3,57.3,Completed,2025-09-16,Q3 2025,completed
BEN-007281,Amina,Katana,Female,Mombasa,Scholarship,Strathmore University,Bachelor,2025/2026,98.8,73.4,In Progress,2026-06-08,Q2 2026,active
BEN-007282,Patrick,Odhiambo,Male,Machakos,Scholarship,Moi University,Bachelor,2025/2026,75.2,51.0,In Progress,2026-03-07,Q1 2026,active
BEN-007284,Nyambura,Omondi,Female,Uasin Gishu,Scholarship,Daystar University,Diploma,2025/2026,95.3,77.6,In Progress,2026-02-21,Q1 2026,active
BEN-007291,Mercy,Mohamed,Female,Bungoma County,Scholarship,Maseno University,Master,2025/2026,67.6,75.7,Completed,2025-09-27,Q3 2025,completed
BEN-007292,Omondi,Hassan,Male,Mombasa,Scholarship,Africa Nazarene University,Bachelor,2024/2025,78.5,63.2,Dropped,2025-01-30,Q1 2025,dropped_out
BEN-007300,Musyoka,Owino,Male,Meru,Scholarship,Jomo Kenyatta University,Bachelor,2025/2026,69.3,57.0,In Progress,2026-05-04,Q2 2026,active
BEN-007302,Kamau,Kimani,Male,Kilifi,Scholarship,Moi University,Diploma,2025/2026,79.6,51.1,Dropped,2025-09-20,Q3 2025,dropped_out
BEN-007305,Halima,Kimani,Female,Nairobi,Scholarship,Daystar University,Bachelor,2025/2026,100.0,48.0,In Progress,2026-05-30,Q2 2026,active
BEN-007309,Wekesa,Koech,Male,Mombasa,Scholarship,Maseno University,Diploma,2025/2026,93.6,57.1,In Progress,2026-04-21,Q2 2026,active
BEN-007310,Collins,Musyoka,Male,Nakuru,Scholarship,Kenyatta University,Master,2024/2025,73.7,69.8,COMPLETED,2025-03-10,Q1 2025,completed
BEN-007311,Gathoni,Cheruiyot,Female,Uasin Gishu,Scholarship,Strathmore University,Bachelor,2024/2025,88.4,66.3,Completed,2025-07-18,Q3 2025,completed
BEN-007312,Wangari,Korir,Female,Nairobi,Scholarship,Daystar University,Bachelor,2025/2026,73.3,47.4,In Progress,2026-02-05,Q1 2026,active
BEN-007315,Kelvin,Kilonzo,Male,Kisumu,Scholarship,Daystar University,Bachelor,2025/2026,75.6,66.9,Completed,2025-10-31,Q4 2025,completed
BEN-007316,Mohamed,Ochieng,Male,Bungoma,Scholarship,University of Nairobi,Diploma,2026/2027,52.9,58.3,In Progress,2026-09-23,Q3 2026,active
BEN-007322,Achieng,Kimani,Female,Machakos,Scholarship,Africa Nazarene University,Master,2025/2026,86.3,63.7,In Progress,2026-05-25,Q2 2026,active
BEN-007327,Cynthia,Kiptoo,Female,nairobi,Scholarship,Catholic University of Eastern Africa,Bachelor,2025/2026,91.4,60.7,In Progress,2025-10-05,Q4 2025,active
BEN-007328,Joy,Wekesa,F,Kajiado,Scholarship,Moi University,Bachelor,2024/2025,88.2,79.0,Completed,2025-01-28,Q1 2025,completed
BEN-007330,Kipchoge,Owino,Male,Muranga,Scholarship,Catholic University of Eastern Africa,Diploma,2025/2026,88.7,70.1,In Progress,2026-06-28,Q2 2026,active
BEN-007331,Beatrice,Nduta,Female,Mombasa,Scholarship,Daystar University,Bachelor,2025/2026,77.3,63.8,In Progress,2026-07-30,Q3 2026,active
BEN-007332,Abdi,Koech,Male,Kakamega,Scholarship,Africa Nazarene University,Diploma,2025/2026,80.8,73.2,In Progress,2026-06-11,Q2 2026,active
BEN-007333,Peter,Mutiso,M,Nyeri,Scholarship,Maseno University,Bachelor,2025/2026,88.1,88.8,Completed,2026-02-17,Q1 2026,completed
BEN-007337,Sharon,Njoroge,Female,Kajiado,Scholarship,Daystar University,Bachelor,2025/2026,65.2,52.8,In Progress,2026-02-14,Q1 2026,active
BEN-007339,Victor,Kariuki,male,Bungoma,Scholarship,Mount Kenya University,Bachelor,2025/2026,89.9,47.3,In Progress,2026-08-10,Q3 2026,active
BEN-007340,Ali,Mutiso,Male,Kajiado County,Scholarship,Maseno University,Bachelor,2024/2025,76.3,73.6,Completed,2025-02-05,Q1 2025,completed
BEN-007341,Mutua,Mbogo,Male,Nairobi,Scholarship,Kenyatta University,Bachelor,2025/2026,90.0,50.3,In Progress,2026-04-21,Q2 2026,active
BEN-007343,Naisula,Onyango,Female,Nakuru,Scholarship,Kenyatta University,Bachelor,2024/2025,81.9,57.2,Dropped,2025-03-09,Q1 2025,dropped_out
BEN-007347,Nkatha,Otieno,Female,Mombasa,Scholarship,Africa Nazarene University,Bachelor,2025/2026,82.3,58.9,In Progress,2026-08-06,Q3 2026,active
BEN-007348,Achieng,Mwakio,female,Kisii,Scholarship,University of Nairobi,Master,2025/2026,90.7,44.7,In Progress,2026-08-18,Q3 2026,active
BEN-007349,Gathoni,Bett,Female,Nairobi,Scholarship,Kenyatta University,Bachelor,2025/2026,92.1,52.9,In Progress,2026-06-19,Q2 2026,active
BEN-007350,Atieno,Mbogo,Female,Muranga,Scholarship,Africa Nazarene University,Bachelor,2025/2026,91.6,51.8,Completed,2025-10-23,Q4 2025,completed
BEN-007351,Wangari,Wanjiku,Female,Uasin Gishu,Scholarship,Daystar University,Diploma,2024/2025,88.0,79.3,COMPLETED,2025-07-07,Q3 2025,completed
BEN-007360,Ali,Hassan,Male,Kiambu,Scholarship,Kenyatta University,Diploma,2025/2026,86.1,71.6,In Progress,2026-06-16,Q2 2026,active
BEN-007361,Zawadi,Nduta,Female,Uasin Gishu,Scholarship,Catholic University of Eastern Africa,Master,2025/2026,81.0,68.6,In Progress,2025-10-24,Q4 2025,active
BEN-007367,Cherono,Wanjiku,Female,Nakuru,Scholarship,Kenyatta University,Master,2025/2026,82.2,64.0,In Progress,2026-08-05,Q3 2026,active
BEN-007368,Nicholas,Onyango,Male,Machakos,Scholarship,Kenyatta University,Master,2024/2025,86.5,83.1,Completed,2025-05-12,Q2 2025,completed
BEN-007370,Caroline,Onyango,Female,Muranga,Scholarship,Daystar University,Bachelor,2024/2025,92.5,73.2,Dropped,2025-02-07,Q1 2025,dropped_out
BEN-007371,Ali,Nyambane,Male,Meru,Scholarship,Moi University,Master,2025/2026,77.8,64.2,In Progress,2026-08-23,Q3 2026,active
BEN-007376,Brenda,Omondi,Female,KIAMBU,Scholarship,Strathmore University,Bachelor,2025/2026,93.5,66.0,In Progress,2026-04-03,Q2 2026,active
BEN-007377,Samuel,Kimani,Male,Mombasa,Scholarship,Mount Kenya University,Bachelor,2024/2025,83.6,71.9,Dropped,2025-06-10,Q2 2025,dropped_out
BEN-007378,Baraka,Odhiambo,Male,MOMBASA,Scholarship,Kenyatta University,Bachelor,2025/2026,78.3,58.3,Completed,2025-10-11,Q4 2025,completed
BEN-007381,Anyango,Musyoka,FEMALE,Mombasa,Scholarship,Maseno University,Master,2025/2026,90.3,42.1,In Progress,2026-06-25,Q2 2026,active
BEN-007382,Naisula,Mutiso,Female,Uasin Gishu,Scholarship,Kenyatta University,Bachelor,2025/2026,96.0,50.9,Completed,2025-11-25,Q4 2025,completed
BEN-007383,Anthony,Rotich,Male,Nyeri,Scholarship,Jomo Kenyatta University,Bachelor,2025/2026,98.5,73.9,In Progress,2025-11-01,Q4 2025,active
BEN-007386,Faith,Kamau,Female,Meru,Scholarship,Africa Nazarene University,Bachelor,2025/2026,75.1,69.2,Completed,2025-11-27,Q4 2025,completed
BEN-007388,Awuor,Baya,Female,Meru,Scholarship,Jomo Kenyatta University,Diploma,2024/2025,86.5,56.8,Completed,2025-08-18,Q3 2025,completed
BEN-007389,Mercy,Baya,Female,Kisumu,Scholarship,Daystar University,Bachelor,2024/2025,79.4,41.5,Completed,2025-06-06,Q2 2025,completed
BEN-007391,Mumbi,Njoroge,Female,Nairobi,Scholarship,Mount Kenya University,Diploma,2025/2026,87.6,70.0,Completed,2025-12-19,Q4 2025,completed
BEN-007392,Simon,Korir,Male,Kakamega,Scholarship,Kenyatta University,Bachelor,2025/2026,72.0,82.3,In Progress,2026-03-18,Q1 2026,active
BEN-007393,Victor,Juma,Male,Nyeri,Scholarship,Daystar University,Bachelor,2025/2026,94.4,76.5,In Progress,2025-10-17,Q4 2025,active
BEN-007395,Grace,Kuria,Female,Kilifi,Scholarship,Catholic University of Eastern Africa,Bachelor,2025/2026,79.6,45.7,In Progress,2026-02-23,Q1 2026,active
BEN-007399,Wanjiru,Musyoka,Female,Machakos,Scholarship,Catholic University of Eastern Africa,Bachelor,2025/2026,93.0,60.4,In Progress,2026-05-24,Q2 2026,active
BEN-007400,Zawadi,Koech,Female,Bungoma,Scholarship,Kenyatta University,Diploma,2025/2026,85.7,58.1,In Progress,2026-06-22,Q2 2026,active
BEN-007401,Mohamed,Mbogo,Male,Nairobi,Scholarship,Maseno University,Diploma,2025/2026,100.0,62.7,In Progress,2026-07-08,Q3 2026,active
BEN-007403,Mercy,Kiptoo,Female,Kisumu,Scholarship,Daystar University,Master,2024/2025,72.3,48.2,Completed,2025-07-20,Q3 2025,completed
BEN-007412,Wangari,Ochieng,Female,Kisii,Scholarship,Africa Nazarene University,Bachelor,2025/2026,100.0,51.1,In Progress,2025-11-05,Q4 2025,active
BEN-007419,Cherono,Abdi,female,Kiambu,Scholarship,University of Nairobi,Diploma,2025/2026,73.3,80.2,In Progress,2026-03-27,Q1 2026,active
BEN-007423,Mercy,Kilonzo,FEMALE,Nairobi,Scholarship,Strathmore University,Bachelor,2025/2026,79.7,65.8,In Progress,2026-07-27,Q3 2026,active
BEN-007425,Simon,Wafula,Male,Kiambu,Scholarship,Daystar University,Bachelor,2026/2027,100.0,81.8,In Progress,2026-09-05,Q3 2026,active
BEN-007426,Wanjiku,Wanjiku,Female,Nairobi,Scholarship,Maseno University,Diploma,2025/2026,85.2,68.2,Completed,2025-10-11,Q4 2025,completed
BEN-007431,Nasieku,Njenga,Female,Uasin Gishu,Scholarship,Strathmore University,Bachelor,2025/2026,80.0,65.1,In Progress,2026-06-06,Q2 2026,active
BEN-007434,Zawadi,Odhiambo,female,Kakamega,Scholarship,Mount Kenya University,Bachelor,2024/2025,69.8,54.2,Completed,2025-02-28,Q1 2025,completed
BEN-007437,Dennis,Kariuki,Male,Machakos,Scholarship,University of Nairobi,Master,2025/2026,80.5,71.4,In Progress,2026-08-25,Q3 2026,active
BEN-007439,James,Achieng,Male,Nairobi,Scholarship,Daystar University,Bachelor,2025/2026,85.3,81.9,In Progress,2026-06-27,Q2 2026,active
BEN-007441,Brenda,Matano,Female,Meru,Scholarship,Africa Nazarene University,Bachelor,2025/2026,72.6,83.9,In Progress,2026-08-21,Q3 2026,active
BEN-007444,Brenda,Kilonzo,Female,Kilifi,Scholarship,Africa Nazarene University,Diploma,2024/2025,77.1,76.1,Completed,2025-01-08,Q1 2025,completed
BEN-007451,Vincent,Wanjiku,Male,Kajiado,Scholarship,Maseno University,Bachelor,2025/2026,87.6,61.6,In Progress,2026-08-22,Q3 2026,active
BEN-007453,Mutua,Juma,Male,Nairobi,Scholarship,University of Nairobi,Master,2025/2026,77.2,74.0,In Progress,2026-06-23,Q2 2026,active
BEN-007454,Kevin,Owino,Male,Uasin Gishu,Scholarship,Mount Kenya University,Master,2025/2026,91.5,51.4,Completed,2026-03-19,Q1 2026,completed
BEN-007468,Kipchoge,Ochieng,Male,Nyeri,Scholarship,Kenyatta University,Bachelor,2024/2025,67.1,74.5,Completed,2025-07-09,Q3 2025,completed
BEN-007470,Esther,Otieno,Female,Kakamega,Scholarship,University of Nairobi,Bachelor,2025/2026,74.1,70.7,Completed,2025-12-17,Q4 2025,completed
BEN-007471,Naisula,Odhiambo,Female,Nairobi,Scholarship,Jomo Kenyatta University,Bachelor,2025/2026,100.0,64.0,In Progress,2026-08-21,Q3 2026,active
BEN-007473,Dennis,Kiptoo,Male,Meru,Scholarship,Maseno University,Diploma,2025/2026,94.4,72.5,Dropped,2025-09-29,Q3 2025,dropped_out
BEN-007478,Onyango,Kiptoo,male,Kisumu,Scholarship,Kenyatta University,Bachelor,2024/2025,70.4,43.2,Dropped,2025-04-23,Q2 2025,dropped_out
BEN-007487,Mohamed,Mohamed,Male,Meru,Scholarship,Kenyatta University,Bachelor,2025/2026,86.0,61.4,In Progress,2026-06-22,Q2 2026,active
BEN-007490,Kendi,Chebet,Female,Machakos,Scholarship,Maseno University,Diploma,2024/2025,96.1,64.2,Completed,2025-03-02,Q1 2025,completed
BEN-007495,Naisula,Mwangi,Female,Mombasa,Scholarship,Moi University,Bachelor,2024/2025,82.7,71.2,Completed,2025-02-12,Q1 2025,completed
BEN-007496,Jerop,Mbogo,Female,Uasin Gishu,Scholarship,Africa Nazarene University,Bachelor,2025/2026,71.5,61.8,In Progress,2026-07-27,Q3 2026,active
BEN-007503,Baraka,Katana,Male,Bungoma,Scholarship,Strathmore University,Master,2025/2026,72.9,76.9,In Progress,2026-02-19,Q1 2026,active
BEN-007504,Esther,Abdi,Female,Nairobi,Scholarship,Maseno University,Bachelor,2024/2025,74.5,86.3,COMPLETED,2025-08-10,Q3 2025,completed
BEN-007511,Joy,Kilonzo,Female,Nakuru,Scholarship,University of Nairobi,Diploma,2025/2026,96.5,82.1,In Progress,2026-06-28,Q2 2026,active
BEN-007513,Awuor,Mutiso,Female,Kajiado,Scholarship,Africa Nazarene University,Bachelor,2025/2026,85.0,64.6,In Progress,2026-02-12,Q1 2026,active
BEN-007519,John,Barasa,Male,Kakamega,Scholarship,Strathmore University,Bachelor,2025/2026,68.4,64.4,In Progress,2026-06-23,Q2 2026,active
BEN-007529,Akinyi,Kuria,Female,Kakamega,Scholarship,Jomo Kenyatta University,Bachelor,2025/2026,83.7,65.1,In Progress,2026-08-09,Q3 2026,active
BEN-007532,Wanjiru,Wafula,Female,KIAMBU,Scholarship,Jomo Kenyatta University,Bachelor,2025/2026,90.5,57.4,In Progress,2026-04-04,Q2 2026,active
BEN-007533,Nasieku,Wafula,Female,Nairobi,Scholarship,Strathmore University,Bachelor,2025/2026,89.8,78.4,Completed,2025-10-17,Q4 2025,completed
BEN-007534,Kevin,Korir,Male,Machakos,Scholarship,Maseno University,Bachelor,2024/2025,86.7,68.9,Completed,2025-07-16,Q3 2025,completed
BEN-007535,Akinyi,Korir,Female,Uasin Gishu,Scholarship,Jomo Kenyatta University,Diploma,2025/2026,91.5,72.2,In Progress,2026-05-20,Q2 2026,active
BEN-007538,James,Korir,Male,Nairobi,Scholarship,Strathmore University,Bachelor,2025/2026,86.1,57.2,In Progress,2026-07-07,Q3 2026,active
BEN-007541,Emmanuel,Rotich,Male,Muranga,Scholarship,Kenyatta University,Bachelor,2025/2026,90.6,71.9,In Progress,2026-01-12,Q1 2026,active
BEN-007545,Barasa,Rotich,Male,Kiambu,Scholarship,Moi University,Bachelor,2024/2025,80.0,51.4,Completed,2025-01-19,Q1 2025,completed
BEN-007546,Kilonzo,Juma,Male,Meru,Scholarship,Maseno University,Diploma,2025/2026,51.1,74.4,In Progress,2026-04-06,Q2 2026,active
BEN-007547,Beatrice,Nduta,Female,Nairobi,Scholarship,Kenyatta University,Bachelor,2025/2026,76.5,86.4,In Progress,2026-05-23,Q2 2026,active
BEN-007548,Jerop,Owino,Female,Nairobi,Scholarship,Catholic University of Eastern Africa,Diploma,2025/2026,99.3,87.4,In Progress,2026-04-23,Q2 2026,active
BEN-007555,Timothy,Kilonzo,Male,Nairobi,Scholarship,Daystar University,Diploma,2025/2026,85.0,62.9,Completed,2025-10-30,Q4 2025,completed
BEN-007556,Kiptoo,Kuria,Male,Nairobi County,Scholarship,Daystar University,Bachelor,2025/2026,80.5,61.6,In Progress,2026-08-24,Q3 2026,active
BEN-007557,Atieno,Wekesa,Female,Muranga County,Scholarship,Daystar University,Diploma,2025/2026,90.4,76.7,In Progress,2026-07-30,Q3 2026,active
BEN-007558,Odhiambo,Hassan,Male,Kisumu,Scholarship,Daystar University,Master,2025/2026,87.3,73.4,In Progress,2026-04-02,Q2 2026,active
BEN-007566,Diana,Abdi,Female,Nairobi,Scholarship,Mount Kenya University,Diploma,2025/2026,100.0,53.0,In Progress,2026-02-06,Q1 2026,active
BEN-007567,Kilonzo,Barasa,Male,Kiambu,Scholarship,University of Nairobi,Diploma,2025/2026,76.7,68.5,In Progress,2026-06-25,Q2 2026,active
BEN-007569,David,Koech,Male,Kilifi,Scholarship,Mount Kenya University,Diploma,2025/2026,90.5,60.5,In Progress,2026-02-09,Q1 2026,active
BEN-007573,Naisula,Kilonzo,Female,Kiambu,Scholarship,Kenyatta University,Bachelor,2026/2027,74.7,76.6,In Progress,2026-09-03,Q3 2026,active
BEN-007584,Jerop,Odhiambo,Female,Meru,Scholarship,Catholic University of Eastern Africa,Master,2024/2025,96.8,62.3,Dropped,2025-08-09,Q3 2025,dropped_out
BEN-007589,Nyambura,Mbogo,Female,Kajiado,Scholarship,Strathmore University,Bachelor,2025/2026,95.6,72.2,In Progress,2026-06-07,Q2 2026,active
BEN-007590,Isaac,Wekesa,Male,Kiambu,Scholarship,University of Nairobi,Master,2024/2025,79.3,80.3,Completed,2025-01-15,Q1 2025,completed
BEN-007597,Jerop,Njoroge,Female,Kiambu,Scholarship,University of Nairobi,Bachelor,2024/2025,97.3,61.9,Completed,2025-07-31,Q3 2025,completed
BEN-007599,Vincent,Mohamed,Male,Kisii,Scholarship,Mount Kenya University,Bachelor,2025/2026,85.1,63.7,Completed,2026-01-31,Q1 2026,completed
BEN-007600,Wangari,Owino,Female,Kakamega,Scholarship,Catholic University of Eastern Africa,Bachelor,2024/2025,93.9,52.5,Completed,2025-05-30,Q2 2025,completed
BEN-007601,Sharon,Njenga,Female,Mombasa,Scholarship,Daystar University,Bachelor,2025/2026,83.1,67.7,In Progress,2026-02-03,Q1 2026,active
BEN-007602,Kilonzo,Korir,Male,Mombasa,Scholarship,Africa Nazarene University,Bachelor,2026/2027,96.1,75.8,In Progress,2026-09-20,Q3 2026,active
BEN-007605,Brenda,Kiptoo,Female,Nyeri,Scholarship,Moi University,Diploma,2024/2025,77.8,63.7,complete,2025-07-08,Q3 2025,completed
BEN-007606,Purity,Njenga,f,Mombasa,Scholarship,Mount Kenya University,Bachelor,2024/2025,75.1,56.3,Completed,2025-04-14,Q2 2025,completed
BEN-007608,Kamau,Korir,Male,BUNGOMA,Scholarship,Africa Nazarene University,Bachelor,2025/2026,78.6,66.5,In Progress,2026-08-02,Q3 2026,active
BEN-007610,Cynthia,Mwakio,Female,Kiambu,Scholarship,Africa Nazarene University,Diploma,2025/2026,92.5,67.6,In Progress,2025-12-19,Q4 2025,active
BEN-007615,Kelvin,Otieno,M,Kisii,Scholarship,Africa Nazarene University,Diploma,2024/2025,74.0,72.6,Completed,2025-06-11,Q2 2025,completed
BEN-007617,Grace,Onyango,Female,KIAMBU,Scholarship,Mount Kenya University,Diploma,2025/2026,67.6,46.0,In Progress,2026-02-18,Q1 2026,active
BEN-007618,Neema,Cheruiyot,Female,Nairobi,Scholarship,Maseno University,Master,2025/2026,97.8,71.9,In Progress,2026-08-25,Q3 2026,active
BEN-007624,Beatrice,Mbogo,Female,Kilifi,Scholarship,Strathmore University,Bachelor,2025/2026,69.8,61.1,In Progress,2026-06-18,Q2 2026,active
BEN-007628,Halima,Bett,Female,Kajiado,Scholarship,Catholic University of Eastern Africa,Diploma,2025/2026,81.4,82.4,Completed,2025-09-25,Q3 2025,completed
BEN-007637,Emily,Chebet,Female,Nairobi,Scholarship,Maseno University,Bachelor,2024/2025,79.2,90.9,Completed,2025-07-23,Q3 2025,completed
BEN-007638,Atieno,Kariuki,Female,Nairobi,Scholarship,Maseno University,Bachelor,2025/2026,79.5,73.6,In Progress,2026-01-29,Q1 2026,active
BEN-007644,Boniface,Owino,Male,Meru,Scholarship,University of Nairobi,Bachelor,2025/2026,87.5,52.4,In Progress,2026-07-10,Q3 2026,active
BEN-007648,Kagure,Owino,Female,Nyeri,Scholarship,University of Nairobi,Bachelor,2025/2026,99.9,48.7,In Progress,2026-06-24,Q2 2026,active
BEN-007649,Sharon,Kimani,Female,Nairobi,Scholarship,Mount Kenya University,Bachelor,2024/2025,68.5,50.5,Completed,2025-03-07,Q1 2025,completed
BEN-007650,Nyambura,Cheruiyot,Female,Nairobi,Scholarship,University of Nairobi,Bachelor,2025/2026,94.7,79.0,Completed,2025-09-07,Q3 2025,completed
BEN-007651,Kiptoo,Kilonzo,Male,Meru,Scholarship,Jomo Kenyatta University,Master,2024/2025,81.1,71.1,Completed,2025-07-14,Q3 2025,completed
BEN-007655,Simon,Korir,Male,Muranga County,Scholarship,Jomo Kenyatta University,Bachelor,2025/2026,92.2,76.0,In Progress,2026-05-29,Q2 2026,active
BEN-007662,Baraka,Gitau,Male,Nakuru,Scholarship,Moi University,Master,2025/2026,85.1,42.3,In Progress,2026-04-28,Q2 2026,active
BEN-007666,Korir,Bett,Male,Meru,Scholarship,Jomo Kenyatta University,Diploma,2025/2026,77.9,86.6,Dropped,2026-01-27,Q1 2026,dropped_out
BEN-007667,Kamau,Onyango,Male,nyeri,Scholarship,Maseno University,Diploma,2025/2026,92.5,60.1,In Progress,2026-06-21,Q2 2026,active
BEN-007668,Grace,Rotich,Female,Bungoma,Scholarship,Catholic University of Eastern Africa,Bachelor,2024/2025,73.0,65.8,Completed,2025-05-19,Q2 2025,completed
BEN-007671,Wekesa,Mutiso,Male,Kajiado,Scholarship,Mount Kenya University,Bachelor,2025/2026,82.4,53.2,In Progress,2026-05-18,Q2 2026,active
BEN-007672,Juma,Barasa,Male,Nakuru,Scholarship,Maseno University,Bachelor,2025/2026,84.9,56.8,Completed,2026-02-12,Q1 2026,completed
BEN-007678,Nicholas,Matano,Male,Kisii,Scholarship,Catholic University of Eastern Africa,Diploma,2025/2026,90.6,64.6,Completed,2026-02-11,Q1 2026,completed
BEN-007679,Neema,Onyango,Female,Mombasa,Scholarship,Moi University,Bachelor,2025/2026,76.3,58.7,In Progress,2026-07-14,Q3 2026,active
BEN-007686,Caroline,Katana,Female,Nairobi,Scholarship,Africa Nazarene University,Diploma,2025/2026,100.0,63.6,In Progress,2026-03-19,Q1 2026,active
BEN-007687,Grace,Mbogo,Female,Kilifi,Scholarship,Africa Nazarene University,Bachelor,2025/2026,76.1,68.4,Dropped,2025-10-29,Q4 2025,dropped_out
BEN-007690,Purity,Ochieng,Female,Nairobi,Scholarship,Africa Nazarene University,Bachelor,2025/2026,97.7,54.3,Completed,2025-09-26,Q3 2025,completed
BEN-007692,Halima,Juma,Female,Kakamega,Scholarship,Mount Kenya University,Bachelor,2025/2026,81.0,69.7,In Progress,2025-10-10,Q4 2025,active
BEN-007694,Purity,Hassan,Female,Nairobi,Scholarship,Strathmore University,Diploma,2025/2026,89.8,71.0,In Progress,2026-07-04,Q3 2026,active
BEN-007695,Wangari,Koech,Female,Nairobi,Scholarship,Moi University,Bachelor,2025/2026,77.2,71.5,In Progress,2026-06-30,Q2 2026,active
BEN-007697,Collins,Abdi,Male,Kajiado,Scholarship,Jomo Kenyatta University,Diploma,2025/2026,79.1,72.0,Completed,2025-09-22,Q3 2025,completed
BEN-007698,Mohamed,Owino,Male,kiambu,Scholarship,Maseno University,Diploma,2025/2026,93.4,56.8,In Progress,2026-01-07,Q1 2026,active
BEN-007701,Simon,Nduta,Male,Kisumu,Scholarship,Jomo Kenyatta University,Bachelor,2025/2026,83.2,52.9,Dropped,2026-01-29,Q1 2026,dropped_out
BEN-007702,Chebet,Katana,Female,kiambu,Scholarship,Strathmore University,Master,2025/2026,78.5,100.0,In Progress,2026-06-09,Q2 2026,active
BEN-007706,Kiptoo,Gitau,M,Nairobi,Scholarship,Maseno University,Diploma,2024/2025,89.6,73.1,Completed,2025-07-31,Q3 2025,completed
BEN-007708,Francis,Korir,Male,Nairobi,Scholarship,Africa Nazarene University,Bachelor,2025/2026,72.5,56.8,In Progress,2026-05-23,Q2 2026,active
BEN-007709,Isaac,Omondi,Male,Mombasa,Scholarship,Moi University,Bachelor,2025/2026,90.5,60.7,In Progress,2026-06-13,Q2 2026,active
BEN-007715,Mercy,Wafula,Female,Bungoma,Scholarship,Strathmore University,Master,2026/2027,79.5,67.9,In Progress,2026-09-02,Q3 2026,active
BEN-007720,Cheruiyot,Bett,Male,Kisii,Scholarship,Africa Nazarene University,Bachelor,2025/2026,69.1,51.6,In Progress,2026-07-31,Q3 2026,active
BEN-007721,Daniel,Mohamed,Male,Kilifi,Scholarship,Africa Nazarene University,Bachelor,2025/2026,76.3,67.0,Completed,2025-09-05,Q3 2025,completed
BEN-007722,Faith,Njoroge,Female,Mombasa,Scholarship,Kenyatta University,Diploma,2025/2026,92.5,52.9,Completed,2025-10-28,Q4 2025,completed
BEN-007725,Atieno,Gitau,Female,Machakos,Scholarship,Jomo Kenyatta University,Bachelor,2024/2025,81.3,62.2,complete,2025-03-06,Q1 2025,completed
BEN-007729,Joy,Wafula,Female,muranga,Scholarship,Moi University,Bachelor,2026/2027,65.8,59.5,In Progress,2026-09-24,Q3 2026,active
BEN-007730,Caroline,Kamau,Female,Kiambu,Scholarship,Kenyatta University,Diploma,2024/2025,94.5,57.1,Completed,2025-07-31,Q3 2025,completed
BEN-007733,Emily,Juma,Female,Kiambu,Scholarship,Maseno University,Bachelor,2025/2026,96.0,60.0,Dropped,2025-12-18,Q4 2025,dropped_out
BEN-007739,David,Rotich,Male,Bungoma,Scholarship,Moi University,Bachelor,2025/2026,80.1,55.5,In Progress,2026-08-10,Q3 2026,active
BEN-007741,Zawadi,Maina,Female,Mombasa,Scholarship,Moi University,Bachelor,2024/2025,95.5,80.7,Completed,2025-08-25,Q3 2025,completed
BEN-007742,David,Mwangi,Male,Nyeri,Scholarship,Moi University,Bachelor,2024/2025,100.0,54.6,Completed,2025-07-21,Q3 2025,completed
BEN-007743,Korir,Gitau,Male,nairobi,Scholarship,Kenyatta University,Diploma,2024/2025,89.0,73.3,Completed,2025-05-25,Q2 2025,completed
BEN-007745,Amina,Maina,Female,Kiambu,Scholarship,University of Nairobi,Bachelor,2025/2026,96.8,73.4,In Progress,2026-07-19,Q3 2026,active
BEN-007748,Beatrice,Nyambane,Female,Muranga,Scholarship,University of Nairobi,Master,2025/2026,84.8,87.3,In Progress,2026-05-26,Q2 2026,active
BEN-007750,Wangari,Odhiambo,Female,Kajiado,Scholarship,Maseno University,Bachelor,2025/2026,88.0,48.2,Dropped,2025-10-14,Q4 2025,dropped_out
BEN-007751,Sharon,Chebet,Female,Kiambu,Scholarship,University of Nairobi,Bachelor,2025/2026,91.6,49.3,Completed,2026-01-28,Q1 2026,completed
BEN-007753,Wangari,Nyambane,Female,Nairobi,Scholarship,Africa Nazarene University,Bachelor,2025/2026,89.4,66.1,In Progress,2025-11-25,Q4 2025,active
BEN-007755,Omondi,Wanjiku,male,Nairobi,Scholarship,Daystar University,Bachelor,2025/2026,71.4,83.2,In Progress,2026-01-07,Q1 2026,active
BEN-007763,Baraka,Rotich,M,Kiambu,Scholarship,Mount Kenya University,Bachelor,2025/2026,79.9,69.7,Completed,2025-11-24,Q4 2025,completed
BEN-007764,Timothy,Mbogo,Male,Kisii,Scholarship,Mount Kenya University,Diploma,2026/2027,69.4,63.6,In Progress,2026-09-02,Q3 2026,active
BEN-007767,Grace,Kilonzo,Female,Mombasa,Scholarship,Catholic University of Eastern Africa,Bachelor,2024/2025,85.2,73.6,Completed,2025-02-19,Q1 2025,completed
BEN-007773,Esther,Maina,Female,Nairobi,Scholarship,Moi University,Bachelor,2025/2026,100.0,59.5,In Progress,2026-06-12,Q2 2026,active
BEN-007774,Baraka,Mwangi,Male,UASIN_GISHU,Scholarship,Kenyatta University,Bachelor,2024/2025,89.9,46.3,Completed,2025-06-17,Q2 2025,completed
BEN-007777,Faith,Mutua,FEMALE,Nairobi,Scholarship,Jomo Kenyatta University,Diploma,2025/2026,100.0,79.7,In Progress,2026-06-26,Q2 2026,active
BEN-007779,Nyambura,Mutiso,Female,Kiambu,Scholarship,Strathmore University,Diploma,2025/2026,91.6,78.1,Completed,2026-03-22,Q1 2026,completed
BEN-007781,Emmanuel,Katana,Male,Meru,Scholarship,University of Nairobi,Master,2025/2026,93.6,71.8,In Progress,2026-06-06,Q2 2026,active
BEN-007783,Brenda,Bett,Female,Muranga,Scholarship,Daystar University,Bachelor,2025/2026,92.5,75.9,In Progress,2026-08-05,Q3 2026,active
BEN-007787,Grace,Barasa,Female,Machakos,Scholarship,Kenyatta University,Bachelor,2025/2026,79.5,59.3,DROPPED,2025-12-10,Q4 2025,dropped_out
BEN-007789,Odhiambo,Omondi,Male,BUNGOMA,Scholarship,Moi University,Bachelor,2025/2026,87.0,59.3,COMPLETED,2025-12-23,Q4 2025,completed
BEN-007790,Nyambura,Kimani,Female,Nairobi,Scholarship,Mount Kenya University,Bachelor,2025/2026,100.0,70.6,In Progress,2026-04-08,Q2 2026,active
BEN-007792,Esther,Njoroge,Female,Kiambu,Scholarship,Jomo Kenyatta University,Master,2025/2026,85.9,51.4,Completed,2025-09-26,Q3 2025,completed
BEN-007793,Anyango,Rotich,female,Meru,Scholarship,Kenyatta University,Master,2025/2026,69.4,59.1,In Progress,2026-06-13,Q2 2026,active
BEN-007795,Chebet,Kilonzo,Female,Nairobi,Scholarship,Daystar University,Diploma,2025/2026,93.4,82.0,Completed,2025-09-14,Q3 2025,completed
BEN-007796,Kiptoo,Wafula,Male,Nairobi,Scholarship,Strathmore University,Bachelor,2024/2025,76.9,69.6,Completed,2025-05-07,Q2 2025,completed
BEN-007799,Chebet,Omondi,Female,Kajiado,Scholarship,Maseno University,Bachelor,2024/2025,83.7,76.4,Completed,2025-07-24,Q3 2025,completed
BEN-007800,Halima,Achieng,Female,Kiambu,Scholarship,University of Nairobi,Bachelor,2025/2026,72.3,57.3,In Progress,2026-01-06,Q1 2026,active
BEN-007804,Anyango,Juma,Female,machakos,Scholarship,University of Nairobi,Bachelor,2025/2026,77.2,45.8,In Progress,2025-10-11,Q4 2025,active
BEN-007805,Njeri,Njenga,Female,Kisii,Scholarship,Kenyatta University,Master,2025/2026,86.5,58.0,In Progress,2026-04-01,Q2 2026,active
BEN-007806,Nicholas,Mwangi,Male,KILIFI,Scholarship,Jomo Kenyatta University,Bachelor,2026/2027,68.9,68.7,In Progress,2026-09-09,Q3 2026,active
BEN-007808,Caroline,Muthoni,Female,Nyeri,Scholarship,Daystar University,Bachelor,2025/2026,78.4,63.8,In Progress,2026-05-25,Q2 2026,active
BEN-007809,Boniface,Charo,Male,Kiambu,Scholarship,Strathmore University,Diploma,2024/2025,98.3,58.8,Completed,2025-06-16,Q2 2025,completed
BEN-007810,Wangari,Kuria,Female,Kilifi,Scholarship,Maseno University,Diploma,2026/2027,69.7,55.5,In Progress,2026-09-11,Q3 2026,active
BEN-007812,Grace,Korir,Female,Kiambu,Scholarship,Mount Kenya University,Bachelor,2024/2025,93.9,77.2,Completed,2025-02-23,Q1 2025,completed
BEN-007815,Boniface,Katana,Male,Nairobi,Scholarship,Africa Nazarene University,Diploma,2025/2026,79.0,79.4,In Progress,2026-08-11,Q3 2026,active
BEN-007820,Emmanuel,Kilonzo,Male,Nakuru,Scholarship,Africa Nazarene University,Bachelor,2025/2026,79.3,59.9,In Progress,2026-04-06,Q2 2026,active
BEN-007823,Boniface,Katana,Male,Mombasa,Scholarship,Kenyatta University,Diploma,2024/2025,80.6,70.3,Completed,2025-04-30,Q2 2025,completed
BEN-007829,Cynthia,Koech,Female,Kajiado,Scholarship,Kenyatta University,Diploma,2025/2026,90.9,46.5,In Progress,2026-04-23,Q2 2026,active
BEN-007830,Jerop,Kiptoo,Female,Bungoma,Scholarship,Kenyatta University,Diploma,2026/2027,64.4,52.9,In Progress,2026-09-26,Q3 2026,active
BEN-007833,Anthony,Kuria,Male,Nakuru,Scholarship,University of Nairobi,Master,2025/2026,88.9,45.7,complete,2026-03-26,Q1 2026,completed
BEN-007834,John,Juma,Male,Muranga,Scholarship,Kenyatta University,Bachelor,2026/2027,90.2,59.8,In Progress,2026-09-11,Q3 2026,active
BEN-007836,Kagure,Achieng,Female,Nairobi,Scholarship,Jomo Kenyatta University,Bachelor,2024/2025,88.9,58.6,Dropped,2025-08-02,Q3 2025,dropped_out
BEN-007840,Diana,Kimani,Female,MACHAKOS,Scholarship,University of Nairobi,Bachelor,2025/2026,87.1,51.9,In Progress,2026-04-02,Q2 2026,active
BEN-007849,Gathoni,Katana,Female,Nyeri,Scholarship,Africa Nazarene University,Bachelor,2024/2025,93.4,80.8,Completed,2025-06-05,Q2 2025,completed
BEN-007851,Nyambura,Odhiambo,Female,Mombasa,Scholarship,Mount Kenya University,Bachelor,2024/2025,93.0,78.0,Completed,2025-01-18,Q1 2025,completed
BEN-007854,Peter,Matano,Male,Nakuru,Scholarship,Maseno University,Diploma,2025/2026,87.0,70.8,In Progress,2026-06-01,Q2 2026,active
BEN-007857,Purity,Mbogo,Female,Kisumu,Scholarship,Kenyatta University,Bachelor,2024/2025,69.2,62.0,Dropped,2025-02-25,Q1 2025,dropped_out
BEN-007859,Kamau,Musyoka,Male,Nairobi,Scholarship,Africa Nazarene University,Bachelor,2025/2026,87.8,57.9,In Progress,2026-06-24,Q2 2026,active
BEN-007860,Kevin,Mutiso,Male,Kiambu,Scholarship,Jomo Kenyatta University,Bachelor,2025/2026,83.1,83.8,In Progress,2026-03-31,Q1 2026,active
BEN-007861,Faith,Wanjiku,Female,Kiambu,Scholarship,Daystar University,Diploma,2025/2026,82.3,61.3,Completed,2025-09-08,Q3 2025,completed
BEN-007862,Atieno,Kilonzo,Female,Mombasa,Scholarship,Mount Kenya University,Bachelor,2025/2026,91.1,64.1,In Progress,2026-08-14,Q3 2026,active
BEN-007863,Kipchoge,Otieno,Male,MOMBASA,Scholarship,Strathmore University,Bachelor,2025/2026,100.0,49.7,In Progress,2026-01-03,Q1 2026,active
BEN-007864,Brenda,Odhiambo,Female,Mombasa,Scholarship,Africa Nazarene University,Master,2025/2026,100.0,72.2,In Progress,2026-05-12,Q2 2026,active
BEN-007866,Kevin,Baya,Male,Nairobi,Scholarship,Kenyatta University,Bachelor,2025/2026,74.8,65.3,In Progress,2025-12-03,Q4 2025,active
BEN-007867,Peter,Ochieng,Male,Nairobi,Scholarship,Africa Nazarene University,Bachelor,2025/2026,87.7,49.1,In Progress,2025-12-04,Q4 2025,active
BEN-007870,Wekesa,Otieno,Male,Kiambu,Scholarship,University of Nairobi,Bachelor,2025/2026,95.8,73.7,Completed,2026-02-10,Q1 2026,completed
BEN-007873,Collins,Maina,Male,Kisumu,Scholarship,Jomo Kenyatta University,Diploma,2025/2026,64.5,43.4,In Progress,2026-08-05,Q3 2026,active
BEN-007874,Barasa,Mohamed,Male,Kisumu,Scholarship,Maseno University,Bachelor,2025/2026,78.7,56.9,In Progress,2026-04-13,Q2 2026,active
BEN-007876,Anyango,Cheruiyot,Female,Uasin Gishu,Scholarship,Catholic University of Eastern Africa,Bachelor,2025/2026,100.0,75.3,Completed,2026-03-29,Q1 2026,completed
BEN-007880,Brian,Mohamed,Male,Kilifi,Scholarship,Maseno University,Master,2025/2026,89.3,57.3,Dropped,2025-11-20,Q4 2025,dropped_out
BEN-007882,Victor,Kariuki,Male,Machakos,Scholarship,Catholic University of Eastern Africa,Bachelor,2025/2026,74.7,54.6,In Progress,2026-08-24,Q3 2026,active
BEN-007891,Anyango,Wanjiku,Female,Machakos,Scholarship,Maseno University,Diploma,2024/2025,67.2,51.2,Dropped,2025-07-13,Q3 2025,dropped_out
BEN-007892,Atieno,Kimani,Female,Kisumu,Scholarship,Jomo Kenyatta University,Bachelor,2025/2026,68.6,72.1,In Progress,2026-07-12,Q3 2026,active
BEN-007894,Mumbi,Abdi,Female,Nakuru,Scholarship,Jomo Kenyatta University,Bachelor,2024/2025,94.5,56.7,Completed,2025-07-12,Q3 2025,completed
BEN-007896,Musyoka,Bett,Male,Meru,Scholarship,Daystar University,Bachelor,2025/2026,79.7,64.6,In Progress,2026-06-07,Q2 2026,active
BEN-007897,Mutua,Kimani,Male,Muranga,Scholarship,University of Nairobi,Bachelor,2025/2026,82.3,65.3,In Progress,2026-02-05,Q1 2026,active
BEN-007902,Patrick,Omondi,Male,Meru,Scholarship,Jomo Kenyatta University,Bachelor,2024/2025,77.0,59.6,complete,2025-05-12,Q2 2025,completed
BEN-007903,Anthony,Hassan,m,Nairobi,Scholarship,University of Nairobi,Master,2024/2025,95.7,50.0,Completed,2025-08-14,Q3 2025,completed
BEN-007907,Awuor,Wafula,Female,Kilifi,Scholarship,Catholic University of Eastern Africa,Bachelor,2025/2026,72.6,61.6,In Progress,2026-05-14,Q2 2026,active
BEN-007908,Njeri,Kariuki,Female,Uasin Gishu,Scholarship,Mount Kenya University,Master,2025/2026,100.0,58.8,Completed,2025-11-11,Q4 2025,completed
BEN-007909,Kagure,Mbogo,Female,Nyeri,Scholarship,Strathmore University,Bachelor,2024/2025,87.9,55.8,Completed,2025-08-11,Q3 2025,completed
BEN-007910,Nyambura,Odhiambo,Female,Mombasa,Scholarship,Africa Nazarene University,Diploma,2026/2027,90.1,69.2,In Progress,2026-09-21,Q3 2026,active
BEN-007911,Anyango,Muthoni,female,Muranga,Scholarship,Mount Kenya University,Bachelor,2025/2026,80.0,63.9,In Progress,2026-01-23,Q1 2026,active
BEN-007912,Mumbi,Wanjiku,FEMALE,Kisii,Scholarship,Kenyatta University,Bachelor,2025/2026,67.3,63.5,In Progress,2026-07-24,Q3 2026,active
BEN-007916,Joy,Matano,Female,Kiambu County,Scholarship,Daystar University,Bachelor,2025/2026,88.2,70.1,Dropped,2025-09-06,Q3 2025,dropped_out
BEN-007917,Odhiambo,Kuria,Male,Kajiado,Scholarship,Daystar University,Diploma,2026/2027,98.0,47.9,In Progress,2026-09-21,Q3 2026,active
BEN-007918,Brenda,Kimani,Female,Nakuru,Scholarship,Mount Kenya University,Master,2025/2026,79.3,86.3,In Progress,2026-08-01,Q3 2026,active
BEN-007921,Musyoka,Mwakio,Male,Nakuru,Scholarship,Catholic University of Eastern Africa,Bachelor,2025/2026,81.6,52.4,In Progress,2026-05-27,Q2 2026,active
BEN-007925,Otieno,Barasa,Male,Kilifi,Scholarship,University of Nairobi,Bachelor,2025/2026,86.2,55.7,In Progress,2026-07-10,Q3 2026,active
BEN-007926,Kevin,Ochieng,MALE,Bungoma,Scholarship,Daystar University,Bachelor,2025/2026,81.6,55.5,In Progress,2025-12-14,Q4 2025,active
BEN-007928,Peter,Kimani,Male,Meru,Scholarship,Daystar University,Bachelor,2025/2026,76.5,64.3,In Progress,2026-08-14,Q3 2026,active
BEN-007929,Cheruiyot,Bett,MALE,Kiambu,Scholarship,Strathmore University,Master,2025/2026,99.1,56.6,In Progress,2026-04-26,Q2 2026,active
BEN-007935,Mumbi,Njenga,Female,Muranga,Scholarship,Kenyatta University,Bachelor,2025/2026,100.0,68.0,In Progress,2026-06-15,Q2 2026,active
BEN-007936,Akinyi,Kuria,Female,Mombasa,Scholarship,Catholic University of Eastern Africa,Bachelor,2025/2026,83.0,58.8,In Progress,2026-08-26,Q3 2026,active
BEN-007939,Gathoni,Nyambane,Female,MACHAKOS,Scholarship,Daystar University,Diploma,2024/2025,85.9,71.7,Completed,2025-04-10,Q2 2025,completed
BEN-007940,Neema,Bett,Female,Kisii,Scholarship,Moi University,Diploma,2025/2026,74.4,64.0,In Progress,2026-06-02,Q2 2026,active
BEN-007941,Nasieku,Gitau,Female,Nairobi,Scholarship,Maseno University,Bachelor,2024/2025,75.2,53.7,Completed,2025-08-12,Q3 2025,completed
BEN-007944,Baraka,Koech,Male,Kisii,Scholarship,Catholic University of Eastern Africa,Bachelor,2025/2026,74.1,67.0,Completed,2025-10-08,Q4 2025,completed
BEN-007953,Atieno,Achieng,Female,Kisumu,Scholarship,University of Nairobi,Bachelor,2025/2026,70.7,54.0,In Progress,2026-06-07,Q2 2026,active
BEN-007954,Amina,Kimani,Female,Kakamega,Scholarship,Catholic University of Eastern Africa,Bachelor,2024/2025,81.0,47.7,Completed,2025-07-01,Q3 2025,completed
BEN-007956,Amina,Mwakio,Female,Kajiado,Scholarship,Mount Kenya University,Bachelor,2025/2026,71.0,72.4,In Progress,2026-02-13,Q1 2026,active
BEN-007958,Wanjiku,Mwakio,Female,Kisumu,Scholarship,Kenyatta University,Diploma,2025/2026,65.4,54.5,In Progress,2026-06-10,Q2 2026,active
BEN-007968,Amina,Abdi,Female,Bungoma,Scholarship,Mount Kenya University,Bachelor,2026/2027,84.4,50.5,In Progress,2026-09-20,Q3 2026,active
BEN-007971,Mercy,Kamau,Female,Kiambu,Scholarship,Mount Kenya University,Bachelor,2025/2026,90.3,67.5,In Progress,2026-03-15,Q1 2026,active
BEN-007972,Chebet,Gitau,Female,Bungoma,Scholarship,Mount Kenya University,Bachelor,2025/2026,88.9,56.1,complete,2025-12-24,Q4 2025,completed
BEN-007975,Chepkoech,Mwakio,Female,Uasin Gishu,Scholarship,Maseno University,Bachelor,2025/2026,97.6,68.6,Completed,2025-09-09,Q3 2025,completed
BEN-007977,Francis,Kimani,Male,Nairobi,Scholarship,Moi University,Bachelor,2025/2026,88.0,70.0,In Progress,2026-04-16,Q2 2026,active
BEN-007978,Brenda,Abdi,Female,Nairobi,Scholarship,Mount Kenya University,Master,2025/2026,85.9,67.0,In Progress,2026-02-08,Q1 2026,active
BEN-007981,Amina,Kiptoo,Female,Machakos,Scholarship,University of Nairobi,Master,2025/2026,77.4,72.9,Completed,2025-10-10,Q4 2025,completed
BEN-007983,Grace,Kiptoo,Female,Nakuru,Scholarship,Africa Nazarene University,Bachelor,2024/2025,78.1,58.2,Completed,2025-04-16,Q2 2025,completed
BEN-007984,Esther,Njoroge,Female,Meru County,Scholarship,Jomo Kenyatta University,Bachelor,2025/2026,77.2,50.1,In Progress,2026-01-14,Q1 2026,active
BEN-007988,Grace,Mbogo,Female,Meru,Scholarship,Moi University,Bachelor,2025/2026,83.4,92.1,Completed,2025-12-11,Q4 2025,completed
BEN-007990,Kilonzo,Njenga,Male,Mombasa,Scholarship,Daystar University,Bachelor,2025/2026,85.1,64.7,Completed,2026-01-06,Q1 2026,completed
BEN-007991,Otieno,Odhiambo,Male,Kiambu,Scholarship,Africa Nazarene University,Diploma,2025/2026,100.0,79.0,In Progress,2026-08-24,Q3 2026,active
BEN-007993,Nyambura,Mutua,Female,Muranga,Scholarship,Maseno University,Diploma,2025/2026,93.8,53.3,In Progress,2026-04-14,Q2 2026,active
BEN-007994,Wangari,Katana,Female,Nairobi,Scholarship,Strathmore University,Bachelor,2025/2026,96.8,66.4,In Progress,2025-12-18,Q4 2025,active
BEN-007995,Omondi,Nyambane,Male,Bungoma,Scholarship,University of Nairobi,Diploma,2024/2025,95.7,70.8,Completed,2025-01-13,Q1 2025,completed
BEN-007998,John,Barasa,Male,Nakuru,Scholarship,Africa Nazarene University,Diploma,2024/2025,78.1,58.9,Completed,2025-08-29,Q3 2025,completed
BEN-007999,Halima,Kiptoo,Female,Nairobi,Scholarship,Moi University,Bachelor,2025/2026,90.0,47.6,Completed,2025-09-12,Q3 2025,completed
BEN-008000,Cheruiyot,Korir,Male,Meru,Scholarship,Mount Kenya University,Bachelor,2026/2027,87.2,66.6,In Progress,2026-09-20,Q3 2026,active
BEN-008003,Mohamed,Barasa,Male,Mombasa,Scholarship,Maseno University,Bachelor,2024/2025,87.6,66.7,Dropped,2025-07-01,Q3 2025,dropped_out
BEN-008004,Kevin,Maina,Male,Kakamega,Scholarship,Catholic University of Eastern Africa,Bachelor,2025/2026,84.1,61.6,In Progress,2026-02-09,Q1 2026,active
BEN-008005,Peter,Owino,Male,kakamega,Scholarship,Daystar University,Diploma,2024/2025,76.7,46.4,Completed,2025-06-06,Q2 2025,completed
BEN-008008,Zawadi,Rotich,Female,Nairobi,Scholarship,Maseno University,Master,2025/2026,92.0,76.7,In Progress,2026-01-05,Q1 2026,active
BEN-008009,Faith,Hassan,f,Nakuru,Scholarship,Strathmore University,Diploma,2025/2026,80.8,56.1,Completed,2025-09-09,Q3 2025,completed
BEN-008010,Onyango,Kariuki,Male,Uasin Gishu,Scholarship,University of Nairobi,Bachelor,2026/2027,86.8,65.6,In Progress,2026-09-05,Q3 2026,active
BEN-008017,Joy,Korir,Female,Uasin Gishu,Scholarship,Maseno University,Bachelor,2025/2026,84.4,61.3,In Progress,2026-08-13,Q3 2026,active
BEN-008022,Anyango,Kiptoo,f,Mombasa,Scholarship,Moi University,Master,2024/2025,79.1,74.0,COMPLETED,2025-01-28,Q1 2025,completed
BEN-008024,Brian,Hassan,Male,Kiambu,Scholarship,Africa Nazarene University,Bachelor,2025/2026,86.9,57.2,In Progress,2026-08-26,Q3 2026,active
BEN-008027,John,Ochieng,Male,Nakuru,Scholarship,Daystar University,Master,2024/2025,93.1,60.0,COMPLETED,2025-08-28,Q3 2025,completed
BEN-008029,Wangari,Wafula,f,Kilifi,Scholarship,Africa Nazarene University,Bachelor,2025/2026,76.5,72.2,In Progress,2026-08-30,Q3 2026,active
BEN-008030,Chepkoech,Ngugi,Female,Mombasa,Scholarship,University of Nairobi,Diploma,2024/2025,100.0,50.8,Completed,2025-07-22,Q3 2025,completed
BEN-008033,Kevin,Gitau,Male,KISUMU,Scholarship,Africa Nazarene University,Diploma,2025/2026,78.2,52.4,In Progress,2026-02-22,Q1 2026,active
BEN-008034,Grace,Koech,Female,Kakamega,Scholarship,Africa Nazarene University,Bachelor,2025/2026,76.8,53.8,In Progress,2026-01-15,Q1 2026,active
BEN-008035,Isaac,Hassan,male,Nairobi,Scholarship,Daystar University,Bachelor,2024/2025,100.0,65.7,Completed,2025-04-20,Q2 2025,completed
BEN-008036,Kilonzo,Hassan,Male,Kilifi,Scholarship,Daystar University,Master,2025/2026,82.7,67.7,In Progress,2025-11-12,Q4 2025,active
BEN-008037,Neema,Kilonzo,Female,Nairobi,Scholarship,Maseno University,Bachelor,2025/2026,99.2,68.7,In Progress,2026-06-23,Q2 2026,active
BEN-008042,Nasieku,Nduta,Female,Uasin Gishu,Scholarship,Daystar University,Bachelor,2025/2026,100.0,59.0,In Progress,2026-08-05,Q3 2026,active
BEN-008045,Awuor,Kamau,Female,Nairobi,Scholarship,Daystar University,Bachelor,2025/2026,76.3,75.9,In Progress,2026-05-14,Q2 2026,active
BEN-008047,Atieno,Odhiambo,Female,Nairobi,Scholarship,Jomo Kenyatta University,Diploma,2025/2026,97.4,73.2,Completed,2025-09-29,Q3 2025,completed
BEN-008048,Jerop,Barasa,Female,Kilifi,Scholarship,Moi University,Bachelor,2024/2025,70.5,63.1,Dropped,2025-06-24,Q2 2025,dropped_out
BEN-008050,Caroline,Mbogo,Female,Mombasa,Scholarship,Catholic University of Eastern Africa,Master,2025/2026,82.6,64.7,In Progress,2026-05-11,Q2 2026,active
BEN-008051,Emily,Mbogo,Female,Mombasa,Scholarship,Maseno University,Master,2025/2026,88.2,56.7,In Progress,2026-01-09,Q1 2026,active
BEN-008056,Onyango,Omondi,Male,Muranga,Scholarship,Catholic University of Eastern Africa,Bachelor,2025/2026,73.7,55.9,In Progress,2026-05-21,Q2 2026,active
BEN-008059,Samuel,Musyoka,Male,Nyeri,Scholarship,Catholic University of Eastern Africa,Bachelor,2024/2025,96.6,82.6,Completed,2025-06-18,Q2 2025,completed
BEN-008060,Musyoka,Mohamed,Male,Nakuru,Scholarship,University of Nairobi,Bachelor,2024/2025,85.1,58.1,Completed,2025-06-26,Q2 2025,completed
BEN-008062,Nasieku,Otieno,Female,Machakos,Scholarship,Jomo Kenyatta University,Diploma,2025/2026,88.6,62.4,Completed,2025-10-18,Q4 2025,completed
BEN-008064,Awuor,Njoroge,Female,Kakamega,Scholarship,Catholic University of Eastern Africa,Bachelor,2025/2026,84.6,73.7,In Progress,2025-11-29,Q4 2025,active
BEN-008065,Mohamed,Matano,Male,Mombasa,Scholarship,Catholic University of Eastern Africa,Bachelor,2025/2026,75.2,63.3,In Progress,2026-08-08,Q3 2026,active
BEN-008066,Korir,Juma,Male,Meru,Scholarship,Strathmore University,Bachelor,2025/2026,90.5,95.5,In Progress,2025-12-05,Q4 2025,active
BEN-008068,Amina,Mutiso,Female,Nairobi,Scholarship,University of Nairobi,Bachelor,2025/2026,97.6,69.9,In Progress,2026-06-08,Q2 2026,active
BEN-008069,Diana,Wanjiku,Female,Mombasa,Scholarship,Maseno University,Diploma,2026/2027,84.3,56.2,In Progress,2026-09-04,Q3 2026,active
BEN-008071,Juma,Nduta,Male,Kiambu,Scholarship,Africa Nazarene University,Diploma,2025/2026,83.3,68.3,In Progress,2026-07-05,Q3 2026,active
BEN-008075,Juma,Mwangi,Male,Kiambu,Scholarship,Strathmore University,Bachelor,2025/2026,78.3,63.3,In Progress,2025-10-12,Q4 2025,active
BEN-008078,Barasa,Wafula,Male,Machakos,Scholarship,Mount Kenya University,Diploma,2026/2027,77.9,69.4,In Progress,2026-09-06,Q3 2026,active
BEN-008079,Ali,Rotich,Male,Kiambu,Scholarship,Kenyatta University,Master,2024/2025,88.5,75.4,Dropped,2025-05-12,Q2 2025,dropped_out
BEN-008081,Wanjiku,Bett,f,Muranga,Scholarship,Catholic University of Eastern Africa,Bachelor,2025/2026,79.1,57.8,In Progress,2026-08-24,Q3 2026,active
BEN-008082,Anyango,Owino,Female,Kisumu,Scholarship,Strathmore University,Diploma,2026/2027,73.5,43.6,In Progress,2026-09-05,Q3 2026,active
BEN-008084,Nyambura,Owino,Female,Kakamega,Scholarship,University of Nairobi,Bachelor,2024/2025,77.8,63.5,Completed,2025-08-16,Q3 2025,completed
BEN-008087,David,Juma,Male,Uasin Gishu,Scholarship,Moi University,Diploma,2025/2026,85.0,70.5,In Progress,2026-04-04,Q2 2026,active
BEN-008088,Cheruiyot,Cheruiyot,Male,kisumu,Scholarship,Africa Nazarene University,Bachelor,2025/2026,74.2,41.1,In Progress,2026-02-11,Q1 2026,active
BEN-008095,Gathoni,Kiptoo,Female,Kisii,Scholarship,Kenyatta University,Diploma,2026/2027,76.8,69.2,In Progress,2026-09-02,Q3 2026,active
BEN-008096,Musyoka,Barasa,Male,KAKAMEGA,Scholarship,Daystar University,Master,2026/2027,78.8,57.6,In Progress,2026-09-27,Q3 2026,active
BEN-008100,Samuel,Mutiso,m,Kilifi,Scholarship,Africa Nazarene University,Diploma,2025/2026,68.7,66.2,Completed,2026-01-12,Q1 2026,completed
BEN-008101,Atieno,Gitau,female,Bungoma,Scholarship,Moi University,Diploma,2025/2026,87.9,66.6,In Progress,2026-05-17,Q2 2026,active
BEN-008105,Peter,Otieno,Male,Nyeri,Scholarship,Africa Nazarene University,Bachelor,2025/2026,94.4,77.2,In Progress,2026-08-07,Q3 2026,active
BEN-008107,Kelvin,Njoroge,Male,Meru,Scholarship,Kenyatta University,Diploma,2025/2026,81.9,60.2,Completed,2025-12-23,Q4 2025,completed
BEN-008109,Emily,Achieng,Female,Nairobi,Scholarship,Strathmore University,Bachelor,2024/2025,73.1,90.3,Completed,2025-04-14,Q2 2025,completed
BEN-008119,Francis,Kariuki,Male,Uasin Gishu,Scholarship,Jomo Kenyatta University,Diploma,2025/2026,83.0,62.7,Dropped,2025-11-11,Q4 2025,dropped_out
BEN-008121,Brenda,Omondi,Female,Kakamega,Scholarship,Daystar University,Diploma,2024/2025,72.8,67.7,Dropped,2025-04-08,Q2 2025,dropped_out
BEN-008124,Mumbi,Koech,Female,Mombasa,Scholarship,Daystar University,Bachelor,2025/2026,83.1,60.3,In Progress,2026-04-30,Q2 2026,active
BEN-008127,Dennis,Kariuki,Male,Bungoma,Scholarship,Strathmore University,Bachelor,2025/2026,75.2,50.8,Completed,2025-10-05,Q4 2025,completed
BEN-008128,Wanjiku,Baya,F,Kakamega,Scholarship,Catholic University of Eastern Africa,Bachelor,2025/2026,92.7,60.4,In Progress,2026-08-13,Q3 2026,active
BEN-008129,Neema,Cheruiyot,Female,Kisumu,Scholarship,Moi University,Diploma,2024/2025,66.2,53.0,Dropped,2025-08-31,Q3 2025,dropped_out
BEN-008130,Kipchoge,Korir,Male,Nairobi,Scholarship,Africa Nazarene University,Diploma,2025/2026,91.4,75.4,In Progress,2026-05-13,Q2 2026,active
BEN-008134,Caroline,Onyango,Female,Kisumu,Scholarship,Jomo Kenyatta University,Diploma,2025/2026,74.9,64.8,Completed,2025-10-18,Q4 2025,completed
BEN-008141,Victor,Musyoka,Male,Uasin Gishu,Scholarship,Daystar University,Diploma,2025/2026,83.7,60.4,In Progress,2026-05-14,Q2 2026,active
BEN-008143,Emmanuel,Kariuki,Male,Nairobi,Scholarship,Maseno University,Bachelor,2025/2026,94.4,79.1,Dropped,2025-11-16,Q4 2025,dropped_out
BEN-008145,Esther,Korir,Female,Muranga,Scholarship,Maseno University,Master,2025/2026,73.9,73.7,In Progress,2025-12-17,Q4 2025,active
BEN-008146,Atieno,Wanjiku,Female,Kakamega,Scholarship,University of Nairobi,Master,2025/2026,89.0,73.5,In Progress,2026-07-12,Q3 2026,active
BEN-008147,Beatrice,Nduta,Female,Muranga,Scholarship,Maseno University,Bachelor,2024/2025,86.7,77.7,Completed,2025-07-05,Q3 2025,completed
BEN-008148,Kagure,Katana,Female,Nakuru,Scholarship,Catholic University of Eastern Africa,Bachelor,2026/2027,87.2,78.7,In Progress,2026-09-07,Q3 2026,active
BEN-008150,Purity,Achieng,Female,Machakos,Scholarship,Strathmore University,Bachelor,2025/2026,73.4,36.2,In Progress,2025-10-12,Q4 2025,active
BEN-008152,Chebet,Chebet,Female,Kilifi,Scholarship,Maseno University,Bachelor,2026/2027,73.4,59.0,In Progress,2026-09-03,Q3 2026,active
BEN-008153,Chebet,Wekesa,Female,Nakuru,Scholarship,Maseno University,Bachelor,2025/2026,78.7,66.8,In Progress,2026-06-28,Q2 2026,active
BEN-008155,Cherono,Kimani,Female,Kakamega,Scholarship,Daystar University,Bachelor,2025/2026,82.3,50.2,In Progress,2025-12-02,Q4 2025,active
BEN-008156,Emily,Bett,Female,Nairobi,Scholarship,Kenyatta University,Bachelor,2025/2026,74.3,71.1,In Progress,2026-03-23,Q1 2026,active
BEN-008158,Boniface,Kariuki,Male,Kakamega,Scholarship,Maseno University,Diploma,2025/2026,83.2,83.1,In Progress,2026-08-22,Q3 2026,active
BEN-008159,Mumbi,Kimani,female,Uasin Gishu,Scholarship,University of Nairobi,Bachelor,2025/2026,82.4,71.5,In Progress,2026-06-12,Q2 2026,active
BEN-008160,Awuor,Musyoka,Female,Kiambu,Scholarship,University of Nairobi,Master,2024/2025,100.0,61.0,complete,2025-01-08,Q1 2025,completed
BEN-008161,Baraka,Korir,Male,Nairobi,Scholarship,Kenyatta University,Bachelor,2025/2026,100.0,66.2,In Progress,2026-03-04,Q1 2026,active
BEN-008163,Korir,Musyoka,Male,MACHAKOS,Scholarship,Catholic University of Eastern Africa,Bachelor,2024/2025,75.9,58.9,Completed,2025-05-23,Q2 2025,completed
BEN-008173,Esther,Rotich,Female,Nairobi,Scholarship,Strathmore University,Bachelor,2025/2026,92.8,64.6,In Progress,2026-08-17,Q3 2026,active
BEN-008174,Neema,Muthoni,Female,Kiambu,Scholarship,Jomo Kenyatta University,Bachelor,2024/2025,90.6,81.9,Completed,2025-05-05,Q2 2025,completed
BEN-008175,Wanjiru,Cheruiyot,Female,Nakuru,Scholarship,University of Nairobi,Bachelor,2024/2025,86.0,78.3,Completed,2025-03-23,Q1 2025,completed
BEN-008177,Awuor,Mbogo,Female,Kilifi,Scholarship,Mount Kenya University,Bachelor,2025/2026,75.1,67.5,In Progress,2026-08-10,Q3 2026,active
BEN-008178,Brenda,Owino,Female,Kiambu,Scholarship,Africa Nazarene University,Bachelor,2024/2025,85.0,61.9,Dropped,2025-03-11,Q1 2025,dropped_out
BEN-008179,Amina,Baya,Female,Machakos,Scholarship,University of Nairobi,Diploma,2025/2026,69.5,61.7,In Progress,2026-08-21,Q3 2026,active
BEN-008181,Mutua,Barasa,Male,Kisumu,Scholarship,Maseno University,Bachelor,2025/2026,70.4,56.3,In Progress,2025-12-16,Q4 2025,active
BEN-008183,Grace,Charo,Female,Kilifi,Scholarship,Kenyatta University,Diploma,2025/2026,73.7,64.8,In Progress,2026-04-12,Q2 2026,active
BEN-008184,Zawadi,Kiptoo,Female,Nakuru,Scholarship,Africa Nazarene University,Bachelor,2025/2026,92.8,82.0,In Progress,2026-07-31,Q3 2026,active
BEN-008195,Collins,Juma,Male,Uasin Gishu,Scholarship,Jomo Kenyatta University,Diploma,2025/2026,63.1,44.8,In Progress,2026-06-28,Q2 2026,active
BEN-008198,Naisula,Omondi,Female,Meru,Scholarship,Catholic University of Eastern Africa,Bachelor,2025/2026,93.5,93.8,In Progress,2026-01-22,Q1 2026,active
BEN-008200,Achieng,Musyoka,Female,Bungoma,Scholarship,Catholic University of Eastern Africa,Master,2025/2026,77.1,47.4,In Progress,2026-01-11,Q1 2026,active
BEN-008201,Musyoka,Barasa,Male,Kiambu,Scholarship,Maseno University,Master,2024/2025,81.3,53.4,Completed,2025-04-26,Q2 2025,completed
BEN-008207,Nicholas,Kiptoo,Male,Bungoma,Scholarship,Catholic University of Eastern Africa,Bachelor,2025/2026,61.9,75.6,In Progress,2026-08-05,Q3 2026,active
BEN-008209,James,Njoroge,Male,Mombasa,Scholarship,Jomo Kenyatta University,Bachelor,2024/2025,72.8,71.8,Completed,2025-06-11,Q2 2025,completed
BEN-008211,Nkatha,Baya,female,Nairobi,Scholarship,Jomo Kenyatta University,Bachelor,2025/2026,71.3,49.0,In Progress,2026-05-16,Q2 2026,active
BEN-008215,Onyango,Musyoka,Male,Nyeri,Scholarship,Catholic University of Eastern Africa,Diploma,2024/2025,79.4,52.9,Completed,2025-03-01,Q1 2025,completed
BEN-008220,Samuel,Kilonzo,Male,Muranga,Scholarship,Maseno University,Master,2025/2026,87.3,57.6,In Progress,2026-08-19,Q3 2026,active
BEN-008224,Awuor,Mohamed,Female,Nairobi,Scholarship,Catholic University of Eastern Africa,Diploma,2025/2026,90.4,74.3,In Progress,2026-03-13,Q1 2026,active
BEN-008226,Esther,Kimani,Female,Nairobi,Scholarship,Daystar University,Bachelor,2024/2025,89.4,58.5,Completed,2025-03-29,Q1 2025,completed
BEN-008227,Brenda,Hassan,Female,uasin gishu,Scholarship,Strathmore University,Bachelor,2025/2026,91.9,69.1,Completed,2025-09-25,Q3 2025,completed
BEN-008229,Collins,Owino,Male,Nairobi,Scholarship,Catholic University of Eastern Africa,Bachelor,2025/2026,94.0,61.8,In Progress,2026-04-20,Q2 2026,active
BEN-008230,Cherono,Muthoni,Female,Kajiado,Scholarship,Strathmore University,Bachelor,2025/2026,93.0,48.6,In Progress,2026-02-12,Q1 2026,active
BEN-008231,Chepkoech,Juma,Female,Kiambu,Scholarship,Strathmore University,Diploma,2025/2026,98.8,61.1,Dropped,2026-01-28,Q1 2026,dropped_out
BEN-008233,Neema,Mbogo,Female,Mombasa County,Scholarship,Maseno University,Master,2024/2025,73.2,56.4,Completed,2025-08-16,Q3 2025,completed
BEN-008234,Korir,Mwangi,Male,Kisumu,Scholarship,University of Nairobi,Master,2025/2026,79.8,71.3,In Progress,2026-07-07,Q3 2026,active
BEN-008236,Onyango,Onyango,Male,Kiambu,Scholarship,Kenyatta University,Diploma,2025/2026,89.1,83.0,In Progress,2026-03-17,Q1 2026,active
BEN-008237,Peter,Nduta,MALE,Kajiado,Scholarship,Maseno University,Bachelor,2025/2026,83.9,60.5,In Progress,2026-05-20,Q2 2026,active
BEN-008240,Kelvin,Njoroge,Male,Kiambu,Scholarship,Catholic University of Eastern Africa,Bachelor,2025/2026,91.1,79.8,In Progress,2026-04-19,Q2 2026,active
BEN-008247,Joseph,Mutua,Male,nairobi,Scholarship,Moi University,Bachelor,2025/2026,81.4,68.5,Dropped,2025-12-30,Q4 2025,dropped_out
BEN-008252,Wekesa,Mbogo,Male,Kisumu,Scholarship,Jomo Kenyatta University,Bachelor,2024/2025,76.2,50.9,Completed,2025-03-28,Q1 2025,completed
BEN-008256,Nkatha,Nduta,Female,Nakuru,Scholarship,Mount Kenya University,Bachelor,2025/2026,75.3,63.3,In Progress,2025-12-04,Q4 2025,active
BEN-008260,Akinyi,Achieng,Female,Uasin Gishu,Scholarship,Moi University,Bachelor,2025/2026,80.4,53.1,In Progress,2026-06-18,Q2 2026,active
BEN-008262,Sharon,Mohamed,Female,Muranga,Scholarship,Moi University,Bachelor,2025/2026,99.4,66.9,In Progress,2026-04-28,Q2 2026,active
BEN-008266,Kamau,Baya,Male,Muranga,Scholarship,Jomo Kenyatta University,Master,2025/2026,75.6,73.7,In Progress,2026-04-13,Q2 2026,active
BEN-008272,John,Korir,Male,Kiambu,Scholarship,Catholic University of Eastern Africa,Bachelor,2025/2026,83.3,57.2,In Progress,2025-10-28,Q4 2025,active
BEN-008274,Faith,Achieng,Female,Kajiado,Scholarship,Moi University,Bachelor,2025/2026,66.2,61.8,Completed,2026-03-25,Q1 2026,completed
BEN-008275,Kendi,Matano,Female,Nakuru,Scholarship,Africa Nazarene University,Diploma,2025/2026,78.7,68.5,In Progress,2026-01-18,Q1 2026,active
BEN-008277,Amina,Mutua,Female,Mombasa,Scholarship,Africa Nazarene University,Diploma,2025/2026,85.7,65.8,In Progress,2026-04-11,Q2 2026,active
BEN-008279,Joseph,Muthoni,Male,Nairobi,Scholarship,Mount Kenya University,Diploma,2025/2026,90.6,52.3,In Progress,2026-03-12,Q1 2026,active
BEN-008282,Emily,Kuria,Female,KAJIADO,Scholarship,Strathmore University,Master,2025/2026,80.5,71.9,In Progress,2026-07-19,Q3 2026,active
BEN-008284,Juma,Otieno,Male,Muranga,Scholarship,University of Nairobi,Diploma,2026/2027,83.4,95.7,In Progress,2026-09-24,Q3 2026,active
BEN-008286,Atieno,Barasa,Female,NAIROBI,Scholarship,Strathmore University,Bachelor,2025/2026,85.1,45.2,In Progress,2025-11-27,Q4 2025,active
BEN-008289,Korir,Mutua,Male,Nairobi,Scholarship,Daystar University,Bachelor,2025/2026,86.2,56.9,In Progress,2025-12-01,Q4 2025,active
BEN-008293,Caroline,Achieng,Female,Uasin Gishu,Scholarship,Jomo Kenyatta University,Master,2025/2026,68.2,56.2,In Progress,2026-07-21,Q3 2026,active
BEN-008296,Baraka,Muthoni,Male,Nairobi,Scholarship,Kenyatta University,Diploma,2025/2026,99.0,72.7,Completed,2025-12-05,Q4 2025,completed
BEN-008297,Beatrice,Odhiambo,Female,Nairobi,Scholarship,Strathmore University,Master,2024/2025,78.0,68.0,Completed,2025-02-04,Q1 2025,completed
BEN-008299,David,Matano,Male,Kisii,Scholarship,Mount Kenya University,Bachelor,2025/2026,78.4,80.2,In Progress,2026-04-24,Q2 2026,active
BEN-008304,Timothy,Kuria,Male,Kisii,Scholarship,Maseno University,Bachelor,2024/2025,80.6,46.7,Completed,2025-07-16,Q3 2025,completed
BEN-008307,Atieno,Owino,Female,Nairobi,Scholarship,Maseno University,Bachelor,2024/2025,84.5,57.9,Completed,2025-07-20,Q3 2025,completed
BEN-008309,Sharon,Ochieng,Female,Kiambu,Scholarship,Kenyatta University,Bachelor,2024/2025,93.3,58.9,Completed,2025-06-28,Q2 2025,completed
BEN-008315,Nasieku,Musyoka,Female,Kisii,Scholarship,University of Nairobi,Diploma,2025/2026,81.8,77.7,In Progress,2026-01-25,Q1 2026,active
BEN-008316,Mutua,Mwakio,Male,nairobi,Scholarship,Africa Nazarene University,Bachelor,2024/2025,100.0,69.9,Completed,2025-02-07,Q1 2025,completed
BEN-008319,Wekesa,Koech,Male,Mombasa,Scholarship,Maseno University,Bachelor,2024/2025,68.0,60.2,Completed,2025-02-03,Q1 2025,completed
BEN-008323,Collins,Kamau,Male,kilifi,Scholarship,Mount Kenya University,Diploma,2025/2026,81.5,53.2,In Progress,2026-01-25,Q1 2026,active
BEN-008325,Mohamed,Charo,Male,Uasin Gishu,Scholarship,Daystar University,Master,2025/2026,81.9,49.7,In Progress,2026-07-20,Q3 2026,active
BEN-008327,Cynthia,Ochieng,Female,Muranga,Scholarship,Maseno University,Bachelor,2024/2025,76.9,63.2,Completed,2025-05-24,Q2 2025,completed
BEN-008328,Caroline,Koech,Female,Mombasa,Scholarship,University of Nairobi,Diploma,2025/2026,96.8,78.6,In Progress,2026-04-16,Q2 2026,active
BEN-008332,Caroline,Wekesa,Female,Nairobi,Scholarship,University of Nairobi,Diploma,2025/2026,72.7,43.0,In Progress,2026-01-07,Q1 2026,active
BEN-008333,Beatrice,Omondi,Female,Kisumu,Scholarship,Strathmore University,Bachelor,2026/2027,92.8,64.9,In Progress,2026-09-19,Q3 2026,active
BEN-008338,Musyoka,Kiptoo,Male,Nairobi,Scholarship,Mount Kenya University,Bachelor,2025/2026,87.9,71.5,In Progress,2026-07-19,Q3 2026,active
BEN-008347,Njeri,Maina,FEMALE,Kilifi,Scholarship,Africa Nazarene University,Bachelor,2025/2026,75.9,42.0,In Progress,2026-05-13,Q2 2026,active
BEN-008348,Anyango,Otieno,Female,Nairobi,Scholarship,Moi University,Bachelor,2026/2027,100.0,40.3,In Progress,2026-09-29,Q3 2026,active
BEN-008353,Wangari,Korir,Female,Machakos,Scholarship,Africa Nazarene University,Diploma,2025/2026,88.8,55.0,In Progress,2026-03-10,Q1 2026,active
BEN-008354,James,Bett,Male,Muranga,Scholarship,University of Nairobi,Bachelor,2025/2026,94.9,77.7,Completed,2025-11-05,Q4 2025,completed
BEN-008361,Achieng,Nyambane,Female,Machakos,Scholarship,Mount Kenya University,Diploma,2024/2025,70.3,42.6,Completed,2025-05-08,Q2 2025,completed
BEN-008362,Mumbi,Nyambane,Female,Nyeri,Scholarship,Maseno University,Bachelor,2024/2025,81.6,85.8,Completed,2025-05-06,Q2 2025,completed
BEN-008366,Wangari,Kamau,FEMALE,Nairobi,Scholarship,Daystar University,Bachelor,2025/2026,82.4,86.2,Completed,2025-12-20,Q4 2025,completed
BEN-008367,Samuel,Bett,Male,Nakuru,Scholarship,Catholic University of Eastern Africa,Bachelor,2024/2025,68.0,77.0,complete,2025-07-18,Q3 2025,completed
BEN-008370,Chebet,Owino,Female,Meru,Scholarship,Africa Nazarene University,Diploma,2024/2025,87.4,72.6,Completed,2025-06-18,Q2 2025,completed
BEN-008372,Cynthia,Wafula,Female,Meru,Scholarship,Jomo Kenyatta University,Bachelor,2025/2026,96.7,71.7,Completed,2026-01-22,Q1 2026,completed
BEN-008380,Nkatha,Katana,Female,Uasin Gishu,Scholarship,Maseno University,Diploma,2025/2026,100.0,86.4,In Progress,2026-02-04,Q1 2026,active
BEN-008389,Jerop,Bett,female,Kisumu,Scholarship,Mount Kenya University,Diploma,2025/2026,75.1,57.2,In Progress,2025-11-25,Q4 2025,active
BEN-008391,Kamau,Musyoka,Male,Bungoma,Scholarship,Africa Nazarene University,Master,2025/2026,72.4,46.8,In Progress,2026-04-20,Q2 2026,active
BEN-008394,Emmanuel,Korir,Male,Kiambu,Scholarship,Maseno University,Bachelor,2025/2026,91.9,47.9,In Progress,2026-07-20,Q3 2026,active
BEN-008395,Nyambura,Wanjiku,Female,Nairobi,Scholarship,Strathmore University,Master,2026/2027,89.9,63.1,In Progress,2026-09-12,Q3 2026,active
BEN-008398,Brenda,Otieno,Female,Kajiado,Scholarship,Kenyatta University,Bachelor,2025/2026,83.0,40.9,In Progress,2026-08-18,Q3 2026,active
BEN-008401,Collins,Kimani,Male,Nairobi,Scholarship,Daystar University,Diploma,2025/2026,91.5,53.7,Completed,2025-11-03,Q4 2025,completed
BEN-008402,Zawadi,Mwakio,Female,Uasin Gishu,Scholarship,Daystar University,Master,2025/2026,100.0,51.8,In Progress,2026-04-02,Q2 2026,active
BEN-008403,Onyango,Rotich,Male,Kisumu,Scholarship,Mount Kenya University,Bachelor,2025/2026,79.2,43.2,In Progress,2026-08-18,Q3 2026,active
BEN-008406,Mutua,Mohamed,Male,Kiambu,Scholarship,Maseno University,Diploma,2026/2027,85.0,79.2,In Progress,2026-09-22,Q3 2026,active
BEN-008410,Nkatha,Ochieng,Female,Kakamega,Scholarship,Mount Kenya University,Bachelor,2025/2026,68.2,55.1,Completed,2025-11-02,Q4 2025,completed
BEN-008412,Anyango,Maina,Female,Kiambu,Scholarship,Strathmore University,Bachelor,2025/2026,91.9,94.0,Completed,2025-09-30,Q3 2025,completed
BEN-008415,Wanjiku,Korir,Female,Kisumu,Scholarship,Catholic University of Eastern Africa,Bachelor,2025/2026,80.1,81.7,In Progress,2026-08-19,Q3 2026,active
BEN-008422,Halima,Njoroge,F,Kiambu,Scholarship,Africa Nazarene University,Diploma,2024/2025,100.0,57.7,Completed,2025-07-18,Q3 2025,completed
BEN-008423,Onyango,Kamau,Male,Meru County,Scholarship,Maseno University,Diploma,2026/2027,87.7,58.0,In Progress,2026-09-25,Q3 2026,active
BEN-008425,Wanjiru,Charo,Female,Machakos,Scholarship,Mount Kenya University,Bachelor,2025/2026,95.2,62.3,In Progress,2026-02-21,Q1 2026,active
BEN-008428,Wangari,Kiptoo,Female,Nairobi,Scholarship,Strathmore University,Diploma,2025/2026,68.6,74.8,In Progress,2026-02-09,Q1 2026,active
BEN-008429,Purity,Hassan,female,Kiambu,Scholarship,Daystar University,Bachelor,2025/2026,84.6,72.8,Completed,2026-01-29,Q1 2026,completed
BEN-008431,Barasa,Nyambane,Male,Kisumu,Scholarship,Kenyatta University,Bachelor,2025/2026,67.3,52.1,In Progress,2026-05-01,Q2 2026,active
BEN-008433,Atieno,Nduta,Female,Kajiado,Scholarship,Daystar University,Master,2024/2025,87.4,82.0,Completed,2025-05-26,Q2 2025,completed
BEN-008434,Wekesa,Hassan,Male,Nyeri,Scholarship,Moi University,Bachelor,2025/2026,83.4,64.1,Completed,2026-03-09,Q1 2026,completed
BEN-008438,Nasieku,Owino,Female,NAIROBI,Scholarship,Maseno University,Diploma,2025/2026,89.2,49.4,Completed,2025-10-09,Q4 2025,completed
BEN-008440,Atieno,Muthoni,Female,Nairobi,Scholarship,Africa Nazarene University,Bachelor,2025/2026,99.2,65.3,In Progress,2026-08-20,Q3 2026,active
BEN-008443,Akinyi,Juma,f,Kakamega,Scholarship,Moi University,Bachelor,2025/2026,69.7,64.1,In Progress,2026-06-27,Q2 2026,active
BEN-008445,Peter,Barasa,Male,Mombasa,Scholarship,University of Nairobi,Bachelor,2024/2025,95.7,59.9,complete,2025-08-04,Q3 2025,completed
BEN-008448,Beatrice,Kilonzo,Female,Kiambu,Scholarship,Catholic University of Eastern Africa,Bachelor,2025/2026,100.0,53.8,In Progress,2026-06-05,Q2 2026,active
BEN-008449,Joy,Kimani,Female,Kisii,Scholarship,Catholic University of Eastern Africa,Bachelor,2025/2026,82.5,56.9,Completed,2025-10-20,Q4 2025,completed
BEN-008450,Esther,Mwakio,Female,Nairobi,Scholarship,University of Nairobi,Bachelor,2024/2025,89.4,74.9,Dropped,2025-06-12,Q2 2025,dropped_out
BEN-008451,Cheruiyot,Wanjiku,Male,Nakuru,Scholarship,Moi University,Master,2025/2026,81.1,66.5,Dropped,2025-10-16,Q4 2025,dropped_out
BEN-008453,Awuor,Mwakio,Female,Nakuru,Scholarship,Daystar University,Diploma,2025/2026,76.8,55.8,Dropped,2026-02-04,Q1 2026,dropped_out
BEN-008455,Otieno,Onyango,Male,Kisumu,Scholarship,Strathmore University,Bachelor,2025/2026,84.3,45.4,In Progress,2026-05-17,Q2 2026,active
BEN-008456,Awuor,Mbogo,Female,Mombasa,Scholarship,Kenyatta University,Master,2025/2026,76.8,60.5,Completed,2026-02-07,Q1 2026,completed
BEN-008465,Mutua,Bett,Male,Uasin Gishu,Scholarship,Jomo Kenyatta University,Diploma,2025/2026,85.5,48.9,In Progress,2026-04-24,Q2 2026,active
BEN-008469,Brian,Kariuki,Male,Nyeri,Scholarship,Daystar University,Diploma,2025/2026,89.4,68.9,Completed,2025-09-13,Q3 2025,completed
BEN-008471,Beatrice,Onyango,Female,Mombasa,Scholarship,Catholic University of Eastern Africa,Bachelor,2025/2026,98.4,57.2,In Progress,2026-02-03,Q1 2026,active
BEN-008476,Mohamed,Katana,Male,Kakamega,Scholarship,University of Nairobi,Bachelor,2024/2025,75.1,71.9,Completed,2025-08-16,Q3 2025,completed
BEN-008482,Wanjiku,Charo,Female,Nakuru,Scholarship,Kenyatta University,Bachelor,2025/2026,100.0,91.4,Completed,2025-11-02,Q4 2025,completed
BEN-008484,Brian,Mbogo,M,Kakamega,Scholarship,Maseno University,Bachelor,2025/2026,69.8,51.6,In Progress,2026-05-18,Q2 2026,active
BEN-008486,Joy,Baya,Female,Uasin Gishu,Scholarship,Mount Kenya University,Master,2025/2026,100.0,80.0,In Progress,2026-02-06,Q1 2026,active
BEN-008487,Esther,Katana,Female,Nairobi,Scholarship,Catholic University of Eastern Africa,Bachelor,2025/2026,90.0,52.8,In Progress,2026-01-04,Q1 2026,active
BEN-008494,Joy,Wafula,Female,Kajiado,Scholarship,Strathmore University,Diploma,2024/2025,78.3,71.1,Completed,2025-04-08,Q2 2025,completed
BEN-008501,Cherono,Omondi,Female,Machakos,Scholarship,Africa Nazarene University,Bachelor,2025/2026,83.5,71.7,In Progress,2026-01-08,Q1 2026,active
BEN-008502,Kendi,Musyoka,female,Nairobi,Scholarship,Africa Nazarene University,Bachelor,2025/2026,92.4,58.2,In Progress,2026-04-02,Q2 2026,active
BEN-008504,Korir,Mbogo,Male,Kisii,Scholarship,Jomo Kenyatta University,Bachelor,2025/2026,72.9,77.4,In Progress,2026-04-01,Q2 2026,active
BEN-008505,Halima,Wanjiku,Female,Mombasa,Scholarship,Daystar University,Diploma,2025/2026,77.5,64.3,Completed,2025-12-31,Q4 2025,completed
BEN-008506,Jerop,Kamau,Female,Nairobi,Scholarship,Catholic University of Eastern Africa,Master,2024/2025,92.7,91.1,Completed,2025-03-28,Q1 2025,completed
BEN-008510,Mohamed,Kamau,Male,Uasin Gishu,Scholarship,Daystar University,Diploma,2025/2026,71.7,73.0,In Progress,2026-06-23,Q2 2026,active
BEN-008517,Mercy,Odhiambo,Female,Muranga,Scholarship,Moi University,Master,2024/2025,87.3,53.6,Completed,2025-08-25,Q3 2025,completed
BEN-008518,Nyambura,Chebet,Female,Kajiado,Scholarship,Maseno University,Bachelor,2024/2025,65.6,40.5,Completed,2025-07-16,Q3 2025,completed
BEN-008519,Odhiambo,Muthoni,Male,Nairobi,Scholarship,Maseno University,Bachelor,2025/2026,92.0,42.2,In Progress,2026-07-28,Q3 2026,active
BEN-008523,Daniel,Njoroge,Male,Machakos,Scholarship,Kenyatta University,Bachelor,2024/2025,76.2,66.2,Completed,2025-05-13,Q2 2025,completed
BEN-008524,Kagure,Kamau,Female,Nairobi,Scholarship,Catholic University of Eastern Africa,Bachelor,2025/2026,95.1,51.9,COMPLETED,2025-12-21,Q4 2025,completed
BEN-008526,Cynthia,Omondi,Female,Kilifi,Scholarship,Catholic University of Eastern Africa,Bachelor,2025/2026,81.8,57.8,In Progress,2026-01-29,Q1 2026,active
BEN-008533,Boniface,Omondi,Male,KISUMU,Scholarship,Maseno University,Bachelor,2024/2025,84.8,54.4,Completed,2025-08-16,Q3 2025,completed
BEN-008539,Wanjiku,Otieno,Female,Kilifi,Scholarship,Mount Kenya University,Diploma,2026/2027,83.0,34.0,In Progress,2026-09-25,Q3 2026,active
BEN-008541,Nasieku,Mutua,Female,NAIROBI,Scholarship,Daystar University,Bachelor,2024/2025,92.6,86.1,Completed,2025-08-28,Q3 2025,completed
BEN-008543,Wanjiru,Nyambane,Female,Nairobi,Scholarship,Kenyatta University,Master,2025/2026,85.1,63.1,Completed,2025-11-18,Q4 2025,completed
BEN-008545,Nicholas,Muthoni,Male,Kisumu,Scholarship,Daystar University,Diploma,2026/2027,76.7,52.5,In Progress,2026-09-18,Q3 2026,active
BEN-008548,Mercy,Maina,Female,Nairobi,Scholarship,Mount Kenya University,Bachelor,2024/2025,99.7,65.0,Completed,2025-08-22,Q3 2025,completed
BEN-008553,Anthony,Muthoni,Male,Kiambu,Scholarship,Catholic University of Eastern Africa,Diploma,2025/2026,84.0,65.4,In Progress,2026-08-06,Q3 2026,active
BEN-008554,Kagure,Nduta,Female,Machakos,Scholarship,Maseno University,Diploma,2025/2026,75.5,62.7,In Progress,2026-04-18,Q2 2026,active
BEN-008555,Wanjiru,Njenga,Female,Kiambu,Scholarship,Africa Nazarene University,Bachelor,2025/2026,93.9,75.9,Dropped,2025-11-13,Q4 2025,dropped_out
BEN-008558,Nicholas,Odhiambo,Male,Mombasa County,Scholarship,Africa Nazarene University,Bachelor,2025/2026,78.5,64.3,In Progress,2026-02-19,Q1 2026,active
BEN-008559,Nasieku,Mutiso,Female,Kiambu,Scholarship,Catholic University of Eastern Africa,Bachelor,2025/2026,91.9,67.4,In Progress,2026-04-04,Q2 2026,active
BEN-008561,Stephen,Nyambane,Male,Mombasa,Scholarship,Strathmore University,Diploma,2025/2026,76.7,92.8,In Progress,2026-07-26,Q3 2026,active
BEN-008562,Zawadi,Maina,Female,Uasin Gishu,Scholarship,Mount Kenya University,Bachelor,2025/2026,77.5,60.2,In Progress,2026-04-30,Q2 2026,active
BEN-008565,Atieno,Mutiso,Female,Meru,Scholarship,University of Nairobi,Bachelor,2025/2026,80.9,61.1,In Progress,2026-08-12,Q3 2026,active
BEN-008570,Halima,Ochieng,Female,Nairobi,Scholarship,Jomo Kenyatta University,Diploma,2025/2026,100.0,71.3,In Progress,2026-08-23,Q3 2026,active
BEN-008576,Kilonzo,Wanjiku,Male,Kajiado,Scholarship,Africa Nazarene University,Bachelor,2025/2026,80.8,66.3,In Progress,2026-06-27,Q2 2026,active
BEN-008581,Ali,Gitau,Male,Mombasa,Scholarship,Jomo Kenyatta University,Master,2024/2025,75.8,63.3,Completed,2025-06-24,Q2 2025,completed
BEN-008582,Wanjiru,Owino,Female,Meru,Scholarship,Daystar University,Diploma,2024/2025,94.8,53.2,Completed,2025-01-28,Q1 2025,completed
BEN-008588,Akinyi,Omondi,Female,Kakamega,Scholarship,Catholic University of Eastern Africa,Bachelor,2025/2026,85.9,43.1,In Progress,2026-03-14,Q1 2026,active
BEN-008589,Dennis,Mwakio,Male,KAKAMEGA,Scholarship,University of Nairobi,Bachelor,2024/2025,73.7,49.9,dropped out,2025-08-26,Q3 2025,dropped_out
BEN-008592,Wanjiru,Njoroge,Female,Kisumu,Scholarship,Maseno University,Bachelor,2025/2026,61.1,69.1,In Progress,2026-01-11,Q1 2026,active
BEN-008595,Anyango,Korir,Female,Nairobi,Scholarship,Moi University,Bachelor,2025/2026,85.4,86.4,In Progress,2026-05-29,Q2 2026,active
BEN-008596,Simon,Achieng,Male,Nairobi,Scholarship,Catholic University of Eastern Africa,Bachelor,2025/2026,85.9,75.1,Completed,2025-09-18,Q3 2025,completed
BEN-008598,Brenda,Wafula,Female,Nakuru County,Scholarship,Maseno University,Bachelor,2025/2026,73.7,64.0,In Progress,2026-07-22,Q3 2026,active
BEN-008602,Brenda,Katana,Female,Kajiado,Scholarship,Kenyatta University,Diploma,2024/2025,86.1,63.8,DROPPED,2025-08-17,Q3 2025,dropped_out
BEN-008606,Grace,Kuria,Female,Mombasa,Scholarship,Moi University,Bachelor,2025/2026,88.5,65.6,COMPLETED,2025-12-17,Q4 2025,completed
BEN-008613,Brian,Wanjiku,Male,Machakos,Scholarship,Mount Kenya University,Bachelor,2024/2025,81.2,69.9,Completed,2025-06-30,Q2 2025,completed
BEN-008615,Sharon,Njoroge,Female,Nairobi,Scholarship,Maseno University,Diploma,2025/2026,88.2,62.5,In Progress,2026-07-02,Q3 2026,active
BEN-008616,Mutua,Wekesa,M,Nairobi,Scholarship,Jomo Kenyatta University,Bachelor,2025/2026,87.8,66.8,In Progress,2025-12-01,Q4 2025,active
BEN-008618,John,Wanjiku,Male,Nairobi,Scholarship,Mount Kenya University,Bachelor,2024/2025,84.9,81.9,Completed,2025-04-19,Q2 2025,completed
BEN-008620,Peter,Owino,Male,Nairobi,Scholarship,Kenyatta University,Master,2024/2025,63.2,57.2,Completed,2025-04-16,Q2 2025,completed
BEN-008622,Grace,Kiptoo,Female,Uasin Gishu,Scholarship,Maseno University,Bachelor,2026/2027,86.5,61.4,In Progress,2026-09-26,Q3 2026,active
BEN-008624,Cherono,Mwangi,Female,Kiambu,Scholarship,Jomo Kenyatta University,Bachelor,2025/2026,100.0,69.6,In Progress,2026-08-27,Q3 2026,active
BEN-008627,Halima,Mwakio,Female,Nairobi,Scholarship,Africa Nazarene University,Bachelor,2025/2026,75.2,73.3,In Progress,2025-12-01,Q4 2025,active
BEN-008630,Nyambura,Omondi,Female,nyeri,Scholarship,Moi University,Bachelor,2025/2026,90.3,68.5,Completed,2025-09-28,Q3 2025,completed
BEN-008631,Kamau,Odhiambo,Male,Uasin Gishu,Scholarship,Kenyatta University,Bachelor,2025/2026,87.9,56.4,complete,2025-12-12,Q4 2025,completed
BEN-008632,Abdi,Maina,Male,Kakamega,Scholarship,Jomo Kenyatta University,Diploma,2025/2026,68.3,56.9,In Progress,2025-12-09,Q4 2025,active
BEN-008633,Wanjiru,Achieng,Female,Bungoma,Scholarship,Kenyatta University,Diploma,2025/2026,77.0,76.3,In Progress,2026-02-01,Q1 2026,active
BEN-008634,Emmanuel,Mwangi,Male,Kajiado,Scholarship,Jomo Kenyatta University,Bachelor,2025/2026,82.8,56.7,Completed,2025-12-06,Q4 2025,completed
BEN-008637,Esther,Njenga,Female,Uasin Gishu,Scholarship,Strathmore University,Bachelor,2024/2025,72.6,61.7,Completed,2025-08-22,Q3 2025,completed
BEN-008639,Gathoni,Katana,Female,Meru,Scholarship,Africa Nazarene University,Diploma,2024/2025,92.7,71.3,Dropped,2025-05-28,Q2 2025,dropped_out
BEN-008640,Nasieku,Kiptoo,Female,Kiambu,Scholarship,Africa Nazarene University,Diploma,2025/2026,100.0,71.7,In Progress,2026-07-12,Q3 2026,active
BEN-008641,Kilonzo,Matano,Male,Kajiado County,Scholarship,Moi University,Bachelor,2025/2026,99.9,65.6,Completed,2025-12-01,Q4 2025,completed
BEN-008642,Mercy,Maina,Female,Kajiado,Scholarship,Jomo Kenyatta University,Bachelor,2025/2026,87.8,58.2,In Progress,2026-06-04,Q2 2026,active
BEN-008647,Gathoni,Juma,Female,Muranga,Scholarship,Maseno University,Master,2025/2026,78.3,53.1,In Progress,2026-07-10,Q3 2026,active
BEN-008648,Sharon,Kiptoo,FEMALE,Nairobi,Scholarship,Maseno University,Bachelor,2025/2026,98.6,58.2,Completed,2025-10-30,Q4 2025,completed
BEN-008649,Cherono,Katana,Female,Nairobi,Scholarship,Maseno University,Bachelor,2025/2026,90.8,41.5,In Progress,2026-04-29,Q2 2026,active
BEN-008651,Akinyi,Mwangi,Female,Kajiado,Scholarship,Kenyatta University,Bachelor,2025/2026,84.9,78.1,In Progress,2026-05-15,Q2 2026,active
BEN-008653,Jerop,Kariuki,Female,Kiambu,Scholarship,Moi University,Bachelor,2025/2026,67.6,62.9,In Progress,2026-05-31,Q2 2026,active
BEN-008656,Otieno,Chebet,Male,Muranga,Scholarship,Jomo Kenyatta University,Bachelor,2025/2026,69.6,84.8,In Progress,2026-08-08,Q3 2026,active
BEN-008658,Amina,Mutua,Female,Nairobi,Scholarship,Africa Nazarene University,Bachelor,2024/2025,97.0,77.6,Completed,2025-08-10,Q3 2025,completed
BEN-008659,Zawadi,Omondi,Female,Nyeri,Scholarship,Moi University,Bachelor,2026/2027,96.0,62.9,In Progress,2026-09-29,Q3 2026,active
BEN-008663,Gathoni,Onyango,Female,NAIROBI,Scholarship,Strathmore University,Bachelor,2025/2026,97.5,61.8,In Progress,2025-12-27,Q4 2025,active
BEN-008667,Rotich,Kiptoo,Male,Nairobi,Scholarship,Maseno University,Diploma,2025/2026,93.8,72.0,In Progress,2026-01-26,Q1 2026,active
BEN-008672,Brenda,Mutiso,female,nakuru,Scholarship,Strathmore University,Diploma,2025/2026,92.1,63.4,In Progress,2026-03-10,Q1 2026,active
BEN-008675,Naisula,Mutiso,Female,Kajiado,Scholarship,Kenyatta University,Bachelor,2025/2026,90.5,77.1,In Progress,2026-02-27,Q1 2026,active
BEN-008676,Purity,Mwangi,Female,Nakuru,Scholarship,University of Nairobi,Master,2026/2027,100.0,67.4,In Progress,2026-09-18,Q3 2026,active
BEN-008677,Isaac,Mutiso,Male,Mombasa,Scholarship,University of Nairobi,Bachelor,2025/2026,79.6,71.8,Completed,2026-01-31,Q1 2026,completed
BEN-008681,Naisula,Wafula,Female,Kiambu,Scholarship,Maseno University,Bachelor,2025/2026,76.1,82.6,COMPLETED,2026-01-16,Q1 2026,completed
BEN-008682,Diana,Mohamed,Female,Kilifi,Scholarship,Maseno University,Bachelor,2024/2025,73.9,62.1,Completed,2025-02-16,Q1 2025,completed
BEN-008686,Rotich,Hassan,Male,Bungoma,Scholarship,Catholic University of Eastern Africa,Master,2025/2026,88.6,72.4,In Progress,2026-06-28,Q2 2026,active
BEN-008687,Chebet,Barasa,Female,Meru,Scholarship,Strathmore University,Bachelor,2025/2026,89.8,82.1,In Progress,2026-03-20,Q1 2026,active
BEN-008692,James,Wanjiku,male,Nyeri,Scholarship,Jomo Kenyatta University,Diploma,2025/2026,80.7,73.3,In Progress,2026-05-01,Q2 2026,active
BEN-008693,Mercy,Mbogo,Female,MURANGA,Scholarship,Jomo Kenyatta University,Diploma,2025/2026,84.3,56.8,COMPLETED,2025-12-01,Q4 2025,completed
BEN-008694,Achieng,Wafula,Female,Nairobi,Scholarship,Moi University,Diploma,2024/2025,95.8,72.0,Completed,2025-02-05,Q1 2025,completed
BEN-008696,Baraka,Gitau,Male,Uasin Gishu,Scholarship,Mount Kenya University,Bachelor,2024/2025,100.0,70.7,Dropped,2025-07-13,Q3 2025,dropped_out
BEN-008698,Caroline,Barasa,Female,Kiambu,Scholarship,University of Nairobi,Master,2026/2027,88.3,82.2,In Progress,2026-09-21,Q3 2026,active
BEN-008699,Nkatha,Gitau,Female,Nakuru,Scholarship,Catholic University of Eastern Africa,Bachelor,2024/2025,100.0,59.7,complete,2025-04-27,Q2 2025,completed
BEN-008702,Atieno,Otieno,Female,Kiambu,Scholarship,University of Nairobi,Diploma,2025/2026,97.6,54.6,In Progress,2026-05-31,Q2 2026,active
BEN-008703,Kevin,Bett,Male,Kajiado,Scholarship,Mount Kenya University,Bachelor,2024/2025,77.5,76.5,Dropped,2025-06-02,Q2 2025,dropped_out
BEN-008704,Baraka,Wekesa,M,Kiambu,Scholarship,Moi University,Bachelor,2025/2026,88.0,85.6,In Progress,2026-04-01,Q2 2026,active
BEN-008706,Chepkoech,Otieno,Female,Nakuru,Scholarship,Strathmore University,Master,2024/2025,83.0,68.9,Completed,2025-06-29,Q2 2025,completed
BEN-008707,Juma,Wanjiku,m,Kisumu,Scholarship,Africa Nazarene University,Bachelor,2024/2025,90.1,51.9,Completed,2025-03-02,Q1 2025,completed
BEN-008709,Kendi,Achieng,Female,Kajiado,Scholarship,Africa Nazarene University,Diploma,2025/2026,83.2,79.0,In Progress,2026-06-06,Q2 2026,active
BEN-008719,Musyoka,Nyambane,Male,Kisumu,Scholarship,Moi University,Bachelor,2025/2026,78.6,66.1,Completed,2026-01-13,Q1 2026,completed
BEN-008723,Kamau,Kimani,Male,Nyeri,Scholarship,Africa Nazarene University,Master,2025/2026,88.3,72.8,In Progress,2026-03-15,Q1 2026,active
BEN-008724,Omondi,Bett,Male,Nairobi,Scholarship,Kenyatta University,Bachelor,2024/2025,100.0,83.8,COMPLETED,2025-05-23,Q2 2025,completed
BEN-008725,Joy,Nduta,Female,Nairobi,Scholarship,Strathmore University,Bachelor,2025/2026,91.2,55.0,In Progress,2026-01-07,Q1 2026,active
BEN-008726,Joy,Muthoni,Female,Machakos,Scholarship,Mount Kenya University,Bachelor,2025/2026,94.1,55.7,In Progress,2026-06-28,Q2 2026,active
BEN-008727,James,Ngugi,Male,Nairobi,Scholarship,University of Nairobi,Bachelor,2025/2026,93.0,53.8,In Progress,2026-01-14,Q1 2026,active
BEN-008729,Juma,Gitau,Male,Machakos,Scholarship,Catholic University of Eastern Africa,Diploma,2025/2026,81.5,59.0,In Progress,2026-04-17,Q2 2026,active
BEN-008732,Sharon,Mohamed,Female,Kajiado,Scholarship,Africa Nazarene University,Bachelor,2024/2025,89.9,62.7,Completed,2025-07-23,Q3 2025,completed
BEN-008734,Njeri,Kariuki,Female,Nairobi,Scholarship,Daystar University,Diploma,2025/2026,100.0,73.9,In Progress,2026-07-31,Q3 2026,active
BEN-008740,Faith,Musyoka,F,Mombasa,Scholarship,Daystar University,Bachelor,2024/2025,97.2,63.1,Completed,2025-02-15,Q1 2025,completed
BEN-008741,Joseph,Muthoni,Male,NAIROBI,Scholarship,Moi University,Bachelor,2024/2025,90.2,72.1,Completed,2025-04-01,Q2 2025,completed
BEN-008743,Jerop,Mutua,Female,UASIN_GISHU,Scholarship,Daystar University,Diploma,2025/2026,92.7,52.3,In Progress,2026-05-06,Q2 2026,active
BEN-008745,Chebet,Kariuki,f,Uasin Gishu,Scholarship,Kenyatta University,Bachelor,2024/2025,86.1,62.6,Dropped,2025-05-13,Q2 2025,dropped_out
BEN-008746,Jerop,Juma,Female,Mombasa,Scholarship,Kenyatta University,Bachelor,2025/2026,87.4,78.7,In Progress,2026-05-11,Q2 2026,active
BEN-008752,Nasieku,Ngugi,Female,Nakuru,Scholarship,Africa Nazarene University,Bachelor,2025/2026,90.7,69.4,In Progress,2026-06-08,Q2 2026,active
BEN-008753,Musyoka,Matano,Male,Kisumu,Scholarship,Daystar University,Bachelor,2025/2026,78.1,60.2,Completed,2025-10-08,Q4 2025,completed
BEN-008754,Abdi,Nduta,Male,Nairobi,Scholarship,Daystar University,Master,2025/2026,91.2,60.3,In Progress,2026-06-24,Q2 2026,active
BEN-008759,Esther,Kamau,Female,Kilifi,Scholarship,Jomo Kenyatta University,Master,2025/2026,70.2,51.8,In Progress,2025-10-21,Q4 2025,active
BEN-008765,Kipchoge,Njenga,Male,Nairobi,Scholarship,Daystar University,Bachelor,2025/2026,85.0,78.9,In Progress,2026-07-06,Q3 2026,active
BEN-008770,Akinyi,Musyoka,FEMALE,Uasin Gishu,Scholarship,Mount Kenya University,Bachelor,2025/2026,92.8,72.0,In Progress,2026-07-08,Q3 2026,active
BEN-008771,Patrick,Barasa,Male,Uasin Gishu,Scholarship,Strathmore University,Master,2024/2025,93.5,61.7,Completed,2025-08-21,Q3 2025,completed
BEN-008773,Njeri,Otieno,Female,Meru,Scholarship,Mount Kenya University,Bachelor,2025/2026,77.0,61.6,In Progress,2026-08-04,Q3 2026,active
BEN-008774,Faith,Katana,Female,Nairobi,Scholarship,Catholic University of Eastern Africa,Bachelor,2025/2026,82.1,81.7,In Progress,2026-01-23,Q1 2026,active
BEN-008780,Nkatha,Kilonzo,Female,Uasin Gishu,Scholarship,Jomo Kenyatta University,Bachelor,2025/2026,94.0,90.1,In Progress,2026-02-04,Q1 2026,active
BEN-008782,Abdi,Wanjiku,Male,Meru,Scholarship,Catholic University of Eastern Africa,Diploma,2024/2025,74.2,55.0,Completed,2025-06-19,Q2 2025,completed
BEN-008784,Vincent,Mwangi,Male,Nakuru,Scholarship,Kenyatta University,Master,2025/2026,100.0,59.2,complete,2025-12-11,Q4 2025,completed
BEN-008789,Nkatha,Katana,Female,Kajiado,Scholarship,Daystar University,Master,2025/2026,76.9,77.2,In Progress,2026-05-10,Q2 2026,active
BEN-008795,Faith,Cheruiyot,Female,Kakamega County,Scholarship,Catholic University of Eastern Africa,Bachelor,2024/2025,80.4,52.2,Completed,2025-06-05,Q2 2025,completed
BEN-008796,Sharon,Korir,Female,Kisumu,Scholarship,Moi University,Bachelor,2025/2026,68.0,49.8,In Progress,2026-05-18,Q2 2026,active
BEN-008799,Brenda,Barasa,Female,Nyeri,Scholarship,Catholic University of Eastern Africa,Bachelor,2024/2025,86.7,79.3,Dropped,2025-04-14,Q2 2025,dropped_out
BEN-008805,Cherono,Nyambane,FEMALE,Mombasa,Scholarship,University of Nairobi,Bachelor,2024/2025,97.5,67.7,Completed,2025-03-08,Q1 2025,completed
BEN-008806,Peter,Njenga,Male,Kiambu,Scholarship,Africa Nazarene University,Diploma,2025/2026,97.3,57.3,In Progress,2026-06-09,Q2 2026,active
BEN-008807,Samuel,Korir,Male,Kiambu,Scholarship,Kenyatta University,Master,2026/2027,96.4,71.4,In Progress,2026-09-27,Q3 2026,active
BEN-008808,Awuor,Mbogo,Female,Meru,Scholarship,Africa Nazarene University,Bachelor,2024/2025,63.8,53.6,Dropped,2025-06-18,Q2 2025,dropped_out
BEN-008809,Baraka,Matano,MALE,Mombasa,Scholarship,University of Nairobi,Bachelor,2025/2026,82.4,56.4,In Progress,2026-06-01,Q2 2026,active
BEN-008811,Wangari,Mbogo,Female,Bungoma,Scholarship,Daystar University,Master,2025/2026,78.5,50.6,In Progress,2026-07-08,Q3 2026,active
BEN-008812,Emily,Kuria,Female,NYERI,Scholarship,University of Nairobi,Bachelor,2025/2026,81.2,59.2,Completed,2025-12-13,Q4 2025,completed
BEN-008814,Achieng,Njenga,Female,Bungoma,Scholarship,Jomo Kenyatta University,Master,2024/2025,81.7,56.0,Completed,2025-01-29,Q1 2025,completed
BEN-008815,Joy,Kamau,Female,Kajiado,Scholarship,Strathmore University,Diploma,2025/2026,87.1,55.3,In Progress,2026-08-03,Q3 2026,active
BEN-008817,Omondi,Kariuki,Male,Kakamega,Scholarship,Mount Kenya University,Diploma,2024/2025,76.3,36.6,Completed,2025-07-24,Q3 2025,completed
BEN-008818,Nyambura,Kilonzo,Female,Nairobi,Scholarship,Moi University,Bachelor,2025/2026,70.9,92.1,In Progress,2026-01-26,Q1 2026,active
BEN-008819,Anthony,Njenga,M,Kakamega,Scholarship,University of Nairobi,Master,2024/2025,87.2,58.5,Dropped,2025-03-01,Q1 2025,dropped_out
BEN-008820,Zawadi,Wekesa,Female,Nairobi,Scholarship,Kenyatta University,Bachelor,2025/2026,88.7,76.4,In Progress,2026-06-03,Q2 2026,active
BEN-008823,Grace,Katana,Female,Nakuru,Scholarship,Jomo Kenyatta University,Bachelor,2025/2026,92.0,59.6,In Progress,2026-03-24,Q1 2026,active
BEN-008824,Brenda,Otieno,Female,Nairobi,Scholarship,Catholic University of Eastern Africa,Diploma,2025/2026,91.3,75.3,In Progress,2026-03-10,Q1 2026,active
BEN-008825,Juma,Katana,Male,Kilifi,Scholarship,Strathmore University,Diploma,2025/2026,79.2,54.2,In Progress,2026-03-06,Q1 2026,active
BEN-008827,Kelvin,Korir,Male,Nairobi,Scholarship,Catholic University of Eastern Africa,Master,2025/2026,90.6,63.4,In Progress,2026-05-21,Q2 2026,active
BEN-008828,Joy,Kariuki,female,Nairobi,Scholarship,Kenyatta University,Diploma,2025/2026,87.9,62.3,Completed,2025-09-06,Q3 2025,completed
BEN-008831,Dennis,Omondi,Male,Nairobi,Scholarship,Mount Kenya University,Diploma,2025/2026,87.4,79.1,Completed,2025-12-30,Q4 2025,completed
BEN-008832,Emmanuel,Odhiambo,Male,Kajiado,Scholarship,Daystar University,Bachelor,2025/2026,79.1,67.4,In Progress,2026-04-12,Q2 2026,active
BEN-008833,Rotich,Kimani,Male,Kisii,Scholarship,Catholic University of Eastern Africa,Bachelor,2024/2025,84.4,73.3,complete,2025-04-12,Q2 2025,completed
BEN-008836,Brian,Mohamed,Male,Kiambu,Scholarship,University of Nairobi,Bachelor,2024/2025,91.8,45.1,Completed,2025-04-09,Q2 2025,completed
BEN-008838,Dennis,Kimani,Male,NAIROBI,Scholarship,Jomo Kenyatta University,Bachelor,2025/2026,77.2,63.8,In Progress,2026-02-13,Q1 2026,active
BEN-008839,Daniel,Kilonzo,Male,Kakamega,Scholarship,Maseno University,Diploma,2025/2026,93.2,61.3,Completed,2025-11-03,Q4 2025,completed
BEN-008841,Cheruiyot,Wafula,Male,Kajiado,Scholarship,Daystar University,Bachelor,2025/2026,79.8,57.8,complete,2025-10-17,Q4 2025,completed
BEN-008849,James,Achieng,Male,Kajiado,Scholarship,Catholic University of Eastern Africa,Diploma,2025/2026,99.5,64.8,Completed,2025-09-04,Q3 2025,completed
BEN-008853,James,Mohamed,Male,Bungoma,Scholarship,Daystar University,Bachelor,2024/2025,65.0,67.4,Completed,2025-05-01,Q2 2025,completed
BEN-008854,Esther,Mutua,f,Kiambu,Scholarship,Mount Kenya University,Diploma,2025/2026,93.1,76.4,In Progress,2026-04-11,Q2 2026,active
BEN-008859,Isaac,Kamau,Male,Bungoma,Scholarship,Maseno University,Master,2025/2026,76.7,63.1,In Progress,2026-07-15,Q3 2026,active
BEN-008861,Kagure,Nduta,Female,Nairobi,Scholarship,Strathmore University,Master,2025/2026,100.0,81.5,In Progress,2026-01-04,Q1 2026,active
BEN-008862,Odhiambo,Onyango,Male,Nakuru,Scholarship,Daystar University,Bachelor,2025/2026,84.7,53.1,In Progress,2026-03-06,Q1 2026,active
BEN-008865,Awuor,Charo,Female,Nakuru,Scholarship,Catholic University of Eastern Africa,Bachelor,2024/2025,84.8,66.2,Completed,2025-05-09,Q2 2025,completed
BEN-008869,Francis,Matano,Male,Nakuru,Scholarship,Daystar University,Bachelor,2025/2026,74.1,71.9,In Progress,2025-11-26,Q4 2025,active
BEN-008870,Omondi,Nyambane,Male,Machakos,Scholarship,Africa Nazarene University,Diploma,2025/2026,73.9,54.9,In Progress,2026-07-19,Q3 2026,active
BEN-008871,Victor,Charo,Male,Nairobi,Scholarship,Maseno University,Bachelor,2025/2026,90.5,60.3,In Progress,2025-10-04,Q4 2025,active
BEN-008872,Halima,Muthoni,Female,Mombasa,Scholarship,University of Nairobi,Diploma,2025/2026,66.2,83.5,Completed,2025-12-12,Q4 2025,completed
BEN-008875,Onyango,Mwangi,Male,MACHAKOS,Scholarship,Maseno University,Master,2024/2025,87.9,57.7,Completed,2025-07-28,Q3 2025,completed
BEN-008876,Otieno,Wekesa,Male,Kisii,Scholarship,Kenyatta University,Bachelor,2025/2026,76.6,54.5,Completed,2025-12-26,Q4 2025,completed
BEN-008878,Faith,Onyango,Female,Uasin Gishu,Scholarship,Africa Nazarene University,Master,2025/2026,85.2,65.7,Completed,2025-09-09,Q3 2025,completed
BEN-008879,Jerop,Kamau,Female,Mombasa,Scholarship,Jomo Kenyatta University,Bachelor,2025/2026,92.7,78.0,Completed,2026-03-26,Q1 2026,completed
BEN-008883,Beatrice,Ngugi,Female,Kajiado,Scholarship,Strathmore University,Bachelor,2024/2025,94.4,69.3,Dropped,2025-04-24,Q2 2025,dropped_out
BEN-008885,Anyango,Kimani,Female,Nairobi,Scholarship,Maseno University,Bachelor,2025/2026,72.1,66.3,In Progress,2026-03-29,Q1 2026,active
BEN-008887,Kamau,Wafula,Male,Kiambu,Scholarship,Jomo Kenyatta University,Bachelor,2024/2025,100.0,59.3,Completed,2025-07-26,Q3 2025,completed
BEN-008891,Wangari,Hassan,Female,Kisumu,Scholarship,Africa Nazarene University,Bachelor,2025/2026,87.1,60.6,In Progress,2026-08-24,Q3 2026,active
BEN-008898,Mohamed,Wafula,Male,Machakos,Scholarship,Catholic University of Eastern Africa,Bachelor,2025/2026,79.7,51.5,Completed,2025-12-17,Q4 2025,completed
BEN-008902,Joy,Charo,Female,Mombasa,Scholarship,Kenyatta University,Bachelor,2025/2026,100.0,70.5,COMPLETED,2025-10-31,Q4 2025,completed
BEN-008904,Awuor,Juma,Female,Kilifi,Scholarship,Maseno University,Bachelor,2025/2026,79.1,54.3,Completed,2026-03-21,Q1 2026,completed
BEN-008908,Rotich,Gitau,Male,Kajiado,Scholarship,Africa Nazarene University,Master,2025/2026,88.2,93.6,In Progress,2026-02-22,Q1 2026,active
BEN-008912,Juma,Achieng,Male,Machakos,Scholarship,Maseno University,Bachelor,2024/2025,70.6,59.2,Completed,2025-07-30,Q3 2025,completed
BEN-008915,Rotich,Kuria,Male,Kajiado,Scholarship,Mount Kenya University,Bachelor,2025/2026,76.5,60.8,Completed,2025-11-22,Q4 2025,completed
BEN-008916,Otieno,Nyambane,Male,Kajiado,Scholarship,Daystar University,Bachelor,2024/2025,100.0,70.1,Completed,2025-02-08,Q1 2025,completed
BEN-008917,Gathoni,Abdi,Female,Kiambu,Scholarship,Africa Nazarene University,Bachelor,2025/2026,86.1,53.0,Completed,2025-10-17,Q4 2025,completed
BEN-008920,Brian,Odhiambo,Male,Kajiado,Scholarship,Moi University,Bachelor,2025/2026,98.6,81.9,Completed,2026-02-23,Q1 2026,completed
BEN-008924,Faith,Charo,Female,Kakamega,Scholarship,Mount Kenya University,Bachelor,2025/2026,90.4,50.6,Dropped,2025-11-12,Q4 2025,dropped_out
BEN-008925,Samuel,Baya,Male,Uasin Gishu,Scholarship,Strathmore University,Diploma,2025/2026,82.3,67.0,In Progress,2026-08-13,Q3 2026,active
BEN-008926,Mumbi,Muthoni,Female,Machakos,Scholarship,Catholic University of Eastern Africa,Bachelor,2026/2027,93.6,79.9,In Progress,2026-09-12,Q3 2026,active
BEN-008929,Kendi,Mohamed,Female,Kiambu,Scholarship,Jomo Kenyatta University,Master,2025/2026,100.0,54.3,In Progress,2025-11-10,Q4 2025,active
BEN-008934,Njeri,Cheruiyot,Female,Nairobi,Scholarship,Strathmore University,Bachelor,2025/2026,76.2,74.2,In Progress,2025-10-19,Q4 2025,active
BEN-008936,Beatrice,Wanjiku,Female,Uasin Gishu,Scholarship,Strathmore University,Diploma,2026/2027,100.0,46.7,In Progress,2026-09-23,Q3 2026,active
BEN-008941,Wanjiku,Omondi,Female,Nairobi,Scholarship,University of Nairobi,Bachelor,2026/2027,91.6,74.9,In Progress,2026-09-17,Q3 2026,active
BEN-008943,Patrick,Hassan,Male,Kajiado,Scholarship,Africa Nazarene University,Bachelor,2025/2026,94.4,49.6,Completed,2025-09-29,Q3 2025,completed
BEN-008953,Odhiambo,Kuria,Male,Nakuru,Scholarship,Jomo Kenyatta University,Bachelor,2024/2025,87.1,73.0,Completed,2025-08-16,Q3 2025,completed
BEN-008954,Anyango,Korir,Female,Mombasa,Scholarship,Strathmore University,Bachelor,2026/2027,87.3,72.6,In Progress,2026-09-29,Q3 2026,active
BEN-008959,Samuel,Mohamed,Male,Muranga,Scholarship,Strathmore University,Bachelor,2025/2026,71.1,47.5,In Progress,2026-04-26,Q2 2026,active
BEN-008961,Grace,Njoroge,Female,Uasin Gishu,Scholarship,Daystar University,Diploma,2025/2026,82.8,44.5,In Progress,2026-07-04,Q3 2026,active
BEN-008962,Gathoni,Katana,Female,Meru,Scholarship,Maseno University,Bachelor,2024/2025,92.1,74.8,Completed,2025-01-18,Q1 2025,completed
BEN-008966,Boniface,Bett,Male,Meru,Scholarship,Daystar University,Bachelor,2025/2026,85.0,63.4,In Progress,2026-08-27,Q3 2026,active
BEN-008975,Daniel,Mwakio,Male,Mombasa,Scholarship,Daystar University,Master,2024/2025,91.6,66.3,Completed,2025-06-18,Q2 2025,completed
BEN-008980,Peter,Njenga,Male,Nairobi,Scholarship,Strathmore University,Diploma,2025/2026,95.1,68.3,In Progress,2026-05-16,Q2 2026,active
BEN-008981,Boniface,Korir,Male,Mombasa,Scholarship,Africa Nazarene University,Bachelor,2024/2025,93.1,64.9,Completed,2025-04-27,Q2 2025,completed
BEN-008984,Odhiambo,Omondi,Male,Bungoma,Scholarship,Catholic University of Eastern Africa,Master,2025/2026,86.2,60.7,In Progress,2026-07-26,Q3 2026,active
BEN-008990,Musyoka,Rotich,Male,Muranga,Scholarship,University of Nairobi,Diploma,2025/2026,100.0,62.8,Completed,2026-01-18,Q1 2026,completed
BEN-008991,Jerop,Katana,Female,Machakos,Scholarship,Strathmore University,Diploma,2025/2026,89.3,52.2,In Progress,2026-07-10,Q3 2026,active
BEN-008992,Anthony,Juma,male,Nairobi County,Scholarship,Strathmore University,Master,2025/2026,85.9,65.9,In Progress,2026-05-26,Q2 2026,active
BEN-008993,Kamau,Ochieng,Male,Kajiado,Scholarship,Maseno University,Bachelor,2025/2026,88.5,73.7,Completed,2025-10-30,Q4 2025,completed
BEN-008994,Diana,Cheruiyot,Female,Nairobi,Scholarship,Kenyatta University,Bachelor,2025/2026,100.0,62.9,In Progress,2026-02-19,Q1 2026,active
BEN-008995,Purity,Wekesa,Female,Muranga,Scholarship,Strathmore University,Diploma,2025/2026,91.9,48.6,In Progress,2026-06-04,Q2 2026,active
BEN-008999,Francis,Njoroge,M,Nairobi,Scholarship,Jomo Kenyatta University,Bachelor,2025/2026,82.1,91.7,In Progress,2026-06-07,Q2 2026,active
BEN-009000,Juma,Kimani,Male,Kiambu,Scholarship,Strathmore University,Bachelor,2024/2025,82.3,74.0,Completed,2025-04-25,Q2 2025,completed
BEN-009001,Collins,Matano,Male,Uasin Gishu,Scholarship,Maseno University,Bachelor,2025/2026,79.9,45.3,In Progress,2026-03-05,Q1 2026,active
BEN-009004,Diana,Onyango,Female,Kisumu,Scholarship,Mount Kenya University,Bachelor,2024/2025,65.3,59.5,complete,2025-03-10,Q1 2025,completed
BEN-009006,Joy,Owino,Female,Mombasa,Scholarship,Kenyatta University,Diploma,2025/2026,71.8,57.8,In Progress,2026-05-16,Q2 2026,active
BEN-009008,Daniel,Cheruiyot,Male,Bungoma,Scholarship,Africa Nazarene University,Bachelor,2025/2026,77.9,59.6,In Progress,2026-08-27,Q3 2026,active
BEN-009013,Chepkoech,Wafula,Female,Kisii,Scholarship,Strathmore University,Master,2025/2026,84.5,80.0,In Progress,2026-07-23,Q3 2026,active
BEN-009014,Mumbi,Musyoka,Female,Bungoma,Scholarship,Maseno University,Diploma,2025/2026,78.2,53.2,Completed,2025-09-25,Q3 2025,completed
BEN-009015,Neema,Wanjiku,Female,Uasin Gishu,Scholarship,Maseno University,Master,2025/2026,87.8,64.9,In Progress,2026-04-04,Q2 2026,active
BEN-009016,Jerop,Kimani,Female,Nairobi,Scholarship,Jomo Kenyatta University,Bachelor,2025/2026,81.7,78.0,In Progress,2025-11-30,Q4 2025,active
BEN-009020,Grace,Wekesa,Female,Muranga,Scholarship,Daystar University,Bachelor,2024/2025,82.2,58.7,Completed,2025-06-29,Q2 2025,completed
BEN-009021,Achieng,Wekesa,Female,Machakos,Scholarship,Catholic University of Eastern Africa,Diploma,2025/2026,75.3,76.3,COMPLETED,2025-09-17,Q3 2025,completed
BEN-009023,Nyambura,Baya,FEMALE,Machakos County,Scholarship,Kenyatta University,Diploma,2025/2026,73.0,63.0,In Progress,2026-08-04,Q3 2026,active
BEN-009025,Odhiambo,Kiptoo,Male,Kajiado,Scholarship,Strathmore University,Bachelor,2025/2026,78.1,56.6,In Progress,2026-07-16,Q3 2026,active
BEN-009030,Onyango,Wanjiku,Male,Kajiado,Scholarship,Jomo Kenyatta University,Bachelor,2024/2025,69.9,64.3,Completed,2025-05-05,Q2 2025,completed
BEN-009031,Kagure,Mutiso,Female,Kilifi,Scholarship,Maseno University,Bachelor,2025/2026,74.0,61.0,In Progress,2026-06-03,Q2 2026,active
BEN-009034,Juma,Cheruiyot,Male,Muranga,Scholarship,Catholic University of Eastern Africa,Diploma,2024/2025,70.0,68.2,Completed,2025-02-12,Q1 2025,completed
BEN-009043,Emmanuel,Chebet,Male,Kakamega,Scholarship,Strathmore University,Bachelor,2025/2026,78.1,56.5,In Progress,2026-07-16,Q3 2026,active
BEN-009044,Cherono,Matano,Female,Kisumu,Scholarship,Strathmore University,Diploma,2025/2026,72.0,47.2,Dropped,2025-10-29,Q4 2025,dropped_out
BEN-009046,Daniel,Omondi,Male,Nairobi,Scholarship,Strathmore University,Bachelor,2025/2026,95.8,75.1,Completed,2025-09-03,Q3 2025,completed
BEN-009048,Wangari,Chebet,f,Meru County,Scholarship,Jomo Kenyatta University,Diploma,2025/2026,78.0,72.1,In Progress,2026-02-22,Q1 2026,active
BEN-009057,Naisula,Abdi,FEMALE,Mombasa,Scholarship,Mount Kenya University,Diploma,2024/2025,85.0,55.9,Completed,2025-07-05,Q3 2025,completed
BEN-009060,Mumbi,Otieno,Female,Kakamega County,Scholarship,Africa Nazarene University,Master,2024/2025,86.7,62.0,complete,2025-08-26,Q3 2025,completed
BEN-009062,Nasieku,Owino,Female,Uasin Gishu,Scholarship,Strathmore University,Bachelor,2025/2026,65.5,47.5,In Progress,2026-05-20,Q2 2026,active
BEN-009063,Musyoka,Chebet,M,Bungoma,Scholarship,Africa Nazarene University,Diploma,2025/2026,75.8,47.1,In Progress,2026-02-10,Q1 2026,active
BEN-009064,Timothy,Achieng,Male,NAIROBI,Scholarship,Africa Nazarene University,Bachelor,2024/2025,76.8,77.3,Completed,2025-04-11,Q2 2025,completed
BEN-009067,Isaac,Odhiambo,Male,Machakos,Scholarship,Catholic University of Eastern Africa,Diploma,2024/2025,87.1,54.9,Completed,2025-08-09,Q3 2025,completed
BEN-009068,Njeri,Wekesa,Female,Kilifi,Scholarship,Mount Kenya University,Bachelor,2024/2025,97.3,73.2,Completed,2025-05-08,Q2 2025,completed
BEN-009069,Beatrice,Hassan,F,bungoma,Scholarship,University of Nairobi,Master,2026/2027,68.7,68.5,In Progress,2026-09-23,Q3 2026,active
BEN-009070,Otieno,Mwakio,Male,Nairobi,Scholarship,Africa Nazarene University,Bachelor,2024/2025,100.0,58.1,Completed,2025-04-03,Q2 2025,completed
BEN-009071,Korir,Mutiso,MALE,Kiambu,Scholarship,Mount Kenya University,Diploma,2025/2026,67.7,63.5,In Progress,2026-04-07,Q2 2026,active
BEN-009076,Wanjiru,Wafula,Female,Nairobi,Scholarship,Maseno University,Bachelor,2024/2025,91.9,46.5,Completed,2025-01-07,Q1 2025,completed
BEN-009077,Odhiambo,Achieng,Male,Meru,Scholarship,Mount Kenya University,Master,2025/2026,81.1,72.0,In Progress,2026-03-18,Q1 2026,active
BEN-009078,Korir,Njenga,Male,Nyeri,Scholarship,Moi University,Bachelor,2025/2026,77.7,58.4,In Progress,2026-02-17,Q1 2026,active
BEN-009081,Odhiambo,Mutua,male,Bungoma,Scholarship,Kenyatta University,Bachelor,2025/2026,90.4,77.2,Completed,2026-03-10,Q1 2026,completed
BEN-009086,Anthony,Matano,Male,Kiambu,Scholarship,Jomo Kenyatta University,Bachelor,2025/2026,94.7,65.2,In Progress,2026-03-14,Q1 2026,active
BEN-009087,Nasieku,Owino,Female,Kisii,Scholarship,Catholic University of Eastern Africa,Diploma,2025/2026,81.1,52.3,In Progress,2026-08-04,Q3 2026,active
BEN-009091,Boniface,Kilonzo,Male,Nairobi,Scholarship,Jomo Kenyatta University,Bachelor,2025/2026,81.3,89.6,In Progress,2026-07-25,Q3 2026,active
BEN-009092,David,Mbogo,Male,Nairobi,Scholarship,Africa Nazarene University,Diploma,2024/2025,95.2,71.6,Completed,2025-08-12,Q3 2025,completed
BEN-009093,David,Juma,Male,Nakuru,Scholarship,Mount Kenya University,Bachelor,2025/2026,94.4,52.6,In Progress,2026-08-03,Q3 2026,active
BEN-009094,Jerop,Njenga,Female,Nairobi,Scholarship,Strathmore University,Bachelor,2025/2026,97.4,95.1,Completed,2025-12-26,Q4 2025,completed
BEN-009100,Awuor,Njoroge,Female,Uasin Gishu,Scholarship,Daystar University,Bachelor,2024/2025,100.0,91.8,Completed,2025-07-18,Q3 2025,completed
BEN-009105,Timothy,Mutiso,Male,Kajiado,Scholarship,Catholic University of Eastern Africa,Bachelor,2024/2025,77.3,64.0,Completed,2025-08-15,Q3 2025,completed
BEN-009112,Ali,Kilonzo,Male,Kiambu,Scholarship,Mount Kenya University,Diploma,2024/2025,90.5,58.5,Dropped,2025-05-26,Q2 2025,dropped_out
BEN-009113,Stephen,Bett,Male,Meru,Scholarship,Strathmore University,Diploma,2024/2025,83.7,63.6,Completed,2025-05-10,Q2 2025,completed
BEN-009120,Baraka,Chebet,Male,Nairobi,Scholarship,Kenyatta University,Diploma,2025/2026,94.4,54.1,Completed,2025-10-19,Q4 2025,completed
BEN-009121,Njeri,Nduta,Female,Nakuru,Scholarship,Catholic University of Eastern Africa,Bachelor,2025/2026,86.4,74.3,Dropped,2026-01-10,Q1 2026,dropped_out
BEN-009122,Chebet,Njoroge,Female,Nairobi,Scholarship,Catholic University of Eastern Africa,Diploma,2025/2026,99.7,81.9,Completed,2025-10-07,Q4 2025,completed
BEN-009123,Joy,Charo,Female,Nairobi,Scholarship,Moi University,Master,2025/2026,90.3,67.9,In Progress,2026-07-19,Q3 2026,active
BEN-009128,David,Kuria,Male,Meru,Scholarship,Daystar University,Bachelor,2024/2025,93.4,50.7,Completed,2025-04-21,Q2 2025,completed
BEN-009129,Sharon,Wekesa,Female,Nakuru,Scholarship,Moi University,Bachelor,2024/2025,84.8,71.7,Completed,2025-08-18,Q3 2025,completed
BEN-009130,Atieno,Nyambane,Female,Kajiado,Scholarship,Strathmore University,Bachelor,2024/2025,78.9,62.3,Completed,2025-06-10,Q2 2025,completed
BEN-009134,Amina,Onyango,FEMALE,Kisumu,Scholarship,University of Nairobi,Bachelor,2025/2026,70.4,50.7,In Progress,2025-11-25,Q4 2025,active
BEN-009135,Wanjiru,Bett,FEMALE,Bungoma,Scholarship,Mount Kenya University,Bachelor,2026/2027,96.0,56.9,In Progress,2026-09-25,Q3 2026,active
BEN-009137,Kamau,Gitau,Male,Nairobi,Scholarship,Jomo Kenyatta University,Diploma,2025/2026,100.0,59.1,In Progress,2025-11-08,Q4 2025,active
BEN-009138,Nicholas,Ngugi,Male,Kisumu,Scholarship,Jomo Kenyatta University,Bachelor,2025/2026,81.6,65.1,In Progress,2026-05-07,Q2 2026,active
BEN-009144,Joy,Ngugi,Female,Kiambu,Scholarship,Mount Kenya University,Bachelor,2025/2026,76.8,72.8,In Progress,2026-08-24,Q3 2026,active
BEN-009148,Diana,Onyango,Female,Kilifi,Scholarship,Moi University,Diploma,2025/2026,84.0,76.5,In Progress,2026-07-01,Q3 2026,active
BEN-009150,Victor,Mwakio,Male,Mombasa,Scholarship,Kenyatta University,Master,2025/2026,80.8,68.1,In Progress,2026-03-02,Q1 2026,active
BEN-009152,Nicholas,Charo,Male,Mombasa,Scholarship,Daystar University,Diploma,2024/2025,63.6,65.7,Completed,2025-05-29,Q2 2025,completed
BEN-009153,Patrick,Otieno,Male,Meru,Scholarship,Africa Nazarene University,Bachelor,2025/2026,89.8,53.9,Completed,2025-12-29,Q4 2025,completed
BEN-009160,Naisula,Onyango,Female,Kisii,Scholarship,University of Nairobi,Bachelor,2024/2025,79.9,59.3,Completed,2025-02-13,Q1 2025,completed
BEN-009163,Kevin,Kimani,Male,Kilifi,Scholarship,Kenyatta University,Diploma,2025/2026,78.6,46.8,In Progress,2026-01-17,Q1 2026,active
BEN-009166,Neema,Nyambane,Female,Kajiado,Scholarship,Africa Nazarene University,Bachelor,2025/2026,86.9,53.3,In Progress,2026-04-17,Q2 2026,active
BEN-009167,Kilonzo,Juma,Male,Nairobi,Scholarship,Strathmore University,Master,2025/2026,94.3,80.7,In Progress,2026-06-11,Q2 2026,active
BEN-009173,John,Muthoni,Male,Nakuru,Scholarship,Moi University,Bachelor,2025/2026,66.0,61.2,In Progress,2026-07-14,Q3 2026,active
BEN-009174,Jerop,Abdi,Female,Meru,Scholarship,Africa Nazarene University,Bachelor,2025/2026,87.8,57.4,In Progress,2026-01-29,Q1 2026,active
BEN-009179,Cynthia,Kilonzo,Female,Mombasa,Scholarship,Kenyatta University,Bachelor,2025/2026,96.2,67.0,In Progress,2025-12-02,Q4 2025,active
BEN-009189,Caroline,Njoroge,Female,Nyeri,Scholarship,Jomo Kenyatta University,Diploma,2025/2026,86.0,80.5,In Progress,2026-07-16,Q3 2026,active
BEN-009190,Cherono,Korir,Female,Kilifi,Scholarship,Daystar University,Diploma,2026/2027,82.6,68.4,In Progress,2026-09-21,Q3 2026,active
BEN-009191,Brenda,Hassan,Female,Nyeri,Scholarship,Strathmore University,Bachelor,2026/2027,100.0,49.1,In Progress,2026-09-09,Q3 2026,active
BEN-009192,Joy,Wanjiku,Female,Nakuru,Scholarship,Jomo Kenyatta University,Diploma,2025/2026,83.5,94.7,Completed,2025-09-25,Q3 2025,completed
BEN-009193,Cynthia,Kariuki,Female,Nakuru,Scholarship,University of Nairobi,Master,2026/2027,85.6,71.3,In Progress,2026-09-20,Q3 2026,active
BEN-009194,Faith,Mwakio,Female,Uasin Gishu,Scholarship,Kenyatta University,Bachelor,2025/2026,71.4,58.7,In Progress,2026-08-12,Q3 2026,active
BEN-009196,Chebet,Muthoni,Female,Nairobi County,Scholarship,Daystar University,Bachelor,2025/2026,85.5,79.5,In Progress,2026-03-10,Q1 2026,active
BEN-009202,Nyambura,Korir,Female,kiambu,Scholarship,Daystar University,Bachelor,2024/2025,87.8,70.3,Completed,2025-07-26,Q3 2025,completed
BEN-009203,Victor,Wanjiku,Male,Machakos,Scholarship,Moi University,Bachelor,2025/2026,83.8,63.9,DROPPED,2025-09-18,Q3 2025,dropped_out
BEN-009206,Anyango,Achieng,Female,Kajiado,Scholarship,Catholic University of Eastern Africa,Diploma,2025/2026,82.7,74.5,In Progress,2026-07-15,Q3 2026,active
BEN-009208,Wangari,Kimani,Female,nairobi,Scholarship,University of Nairobi,Diploma,2025/2026,83.0,85.8,Completed,2026-02-16,Q1 2026,completed
BEN-009215,Achieng,Muthoni,Female,Kajiado County,Scholarship,Moi University,Diploma,2024/2025,93.8,52.8,Dropped,2025-06-01,Q2 2025,dropped_out
BEN-009216,Ali,Mbogo,Male,Kakamega,Scholarship,Strathmore University,Bachelor,2025/2026,68.5,45.8,In Progress,2026-07-24,Q3 2026,active
BEN-009221,Akinyi,Gitau,Female,Meru County,Scholarship,Daystar University,Bachelor,2025/2026,81.4,49.4,In Progress,2026-04-18,Q2 2026,active
BEN-009223,Daniel,Koech,Male,Meru,Scholarship,Catholic University of Eastern Africa,Bachelor,2024/2025,86.8,71.6,Completed,2025-08-20,Q3 2025,completed
BEN-009224,Mercy,Nduta,Female,Kisumu,Scholarship,Mount Kenya University,Bachelor,2025/2026,92.1,78.4,In Progress,2025-11-30,Q4 2025,active
BEN-009226,Achieng,Rotich,Female,Nyeri,Scholarship,Kenyatta University,Master,2025/2026,82.5,61.1,In Progress,2025-10-09,Q4 2025,active
BEN-009229,James,Onyango,Male,Kiambu,Scholarship,Maseno University,Bachelor,2025/2026,98.2,67.5,In Progress,2025-12-14,Q4 2025,active
BEN-009230,Wanjiku,Kilonzo,Female,Nakuru,Scholarship,Maseno University,Bachelor,2024/2025,94.8,59.4,complete,2025-03-11,Q1 2025,completed
BEN-009238,Otieno,Mutua,Male,Nairobi,Scholarship,University of Nairobi,Bachelor,2025/2026,100.0,57.3,In Progress,2026-03-09,Q1 2026,active
BEN-009239,Simon,Mohamed,Male,Muranga,Scholarship,Catholic University of Eastern Africa,Bachelor,2025/2026,68.6,76.5,In Progress,2026-08-06,Q3 2026,active
BEN-009242,John,Odhiambo,Male,nyeri,Scholarship,Strathmore University,Diploma,2025/2026,100.0,69.5,In Progress,2026-05-19,Q2 2026,active
BEN-009245,Achieng,Muthoni,Female,NAIROBI,Scholarship,Jomo Kenyatta University,Bachelor,2024/2025,100.0,71.0,Completed,2025-05-20,Q2 2025,completed
BEN-009246,Akinyi,Cheruiyot,F,Kajiado,Scholarship,Strathmore University,Diploma,2025/2026,80.1,88.9,In Progress,2026-04-28,Q2 2026,active
BEN-009248,Nyambura,Owino,Female,Nairobi,Scholarship,Strathmore University,Bachelor,2025/2026,95.2,69.6,In Progress,2026-06-02,Q2 2026,active
BEN-009249,Zawadi,Chebet,Female,Nairobi,Scholarship,Mount Kenya University,Bachelor,2025/2026,84.7,86.8,In Progress,2025-12-10,Q4 2025,active
BEN-009251,Barasa,Kariuki,Male,Kakamega,Scholarship,Kenyatta University,Bachelor,2025/2026,77.1,44.7,Completed,2025-10-16,Q4 2025,completed
BEN-009255,Musyoka,Wanjiku,Male,Nairobi,Scholarship,Jomo Kenyatta University,Bachelor,2024/2025,100.0,43.0,complete,2025-03-24,Q1 2025,completed
BEN-009259,Diana,Nyambane,Female,Mombasa,Scholarship,Moi University,Bachelor,2025/2026,90.5,78.2,In Progress,2026-04-15,Q2 2026,active
BEN-009260,Rotich,Mbogo,Male,Muranga,Scholarship,Strathmore University,Bachelor,2025/2026,77.7,62.5,In Progress,2026-04-05,Q2 2026,active
BEN-009261,Sharon,Omondi,Female,Mombasa,Scholarship,Mount Kenya University,Master,2025/2026,97.4,85.8,In Progress,2026-08-06,Q3 2026,active
BEN-009263,Awuor,Bett,Female,Kisii,Scholarship,Moi University,Bachelor,2025/2026,78.4,62.4,Completed,2026-02-19,Q1 2026,completed
BEN-009265,Jerop,Owino,Female,Kisumu,Scholarship,Jomo Kenyatta University,Diploma,2025/2026,59.7,51.4,In Progress,2025-11-28,Q4 2025,active
BEN-009266,Naisula,Kiptoo,Female,Nairobi,Scholarship,Moi University,Diploma,2025/2026,96.5,83.5,In Progress,2026-01-26,Q1 2026,active
BEN-009267,Nicholas,Rotich,Male,Kakamega,Scholarship,University of Nairobi,Bachelor,2025/2026,82.7,81.1,In Progress,2026-02-10,Q1 2026,active
BEN-009269,Chebet,Mutua,Female,Machakos,Scholarship,Africa Nazarene University,Bachelor,2024/2025,74.5,40.0,Completed,2025-08-23,Q3 2025,completed
BEN-009272,Kagure,Baya,Female,Nairobi,Scholarship,Catholic University of Eastern Africa,Bachelor,2025/2026,94.2,75.4,COMPLETED,2025-10-18,Q4 2025,completed
BEN-009274,Wanjiku,Nduta,Female,Kiambu,Scholarship,Mount Kenya University,Master,2025/2026,82.7,65.5,In Progress,2026-04-25,Q2 2026,active
BEN-009278,John,Rotich,Male,Nairobi,Scholarship,Jomo Kenyatta University,Diploma,2024/2025,76.9,80.5,Completed,2025-03-04,Q1 2025,completed
BEN-009280,Patrick,Njenga,Male,Nairobi,Scholarship,Jomo Kenyatta University,Diploma,2025/2026,100.0,72.2,In Progress,2026-05-24,Q2 2026,active
BEN-009281,Chepkoech,Kariuki,Female,Nairobi,Scholarship,University of Nairobi,Master,2024/2025,77.7,42.6,Completed,2025-03-04,Q1 2025,completed
BEN-009285,Chebet,Wanjiku,female,Kiambu,Scholarship,Jomo Kenyatta University,Bachelor,2025/2026,84.5,76.3,In Progress,2026-05-25,Q2 2026,active
BEN-009288,Mutua,Kamau,male,Machakos,Scholarship,Jomo Kenyatta University,Diploma,2025/2026,97.3,69.9,In Progress,2026-08-10,Q3 2026,active
BEN-009289,Chebet,Ngugi,Female,Bungoma County,Scholarship,Daystar University,Bachelor,2025/2026,73.3,73.1,In Progress,2026-06-16,Q2 2026,active
BEN-009290,Kevin,Matano,Male,Kilifi,Scholarship,Maseno University,Master,2025/2026,82.4,60.1,In Progress,2026-06-20,Q2 2026,active
BEN-009292,Wangari,Njenga,f,Kajiado,Scholarship,Daystar University,Diploma,2025/2026,82.4,74.4,COMPLETED,2026-01-07,Q1 2026,completed
BEN-009293,Anthony,Hassan,Male,Kakamega,Scholarship,Catholic University of Eastern Africa,Bachelor,2025/2026,77.1,58.7,In Progress,2026-06-20,Q2 2026,active
BEN-009294,Dennis,Wekesa,Male,Meru,Scholarship,Africa Nazarene University,Diploma,2025/2026,72.3,73.9,Completed,2026-03-28,Q1 2026,completed
BEN-009297,Sharon,Odhiambo,Female,Nairobi,Scholarship,Mount Kenya University,Diploma,2024/2025,100.0,49.2,Completed,2025-02-06,Q1 2025,completed
BEN-009303,Omondi,Ngugi,Male,Kiambu,Scholarship,Mount Kenya University,Master,2025/2026,93.9,83.1,In Progress,2026-08-18,Q3 2026,active
BEN-009310,Otieno,Maina,Male,Kilifi,Scholarship,Kenyatta University,Diploma,2025/2026,68.3,81.3,In Progress,2026-05-16,Q2 2026,active
BEN-009312,Kiptoo,Mwangi,Male,Nairobi,Scholarship,Catholic University of Eastern Africa,Bachelor,2024/2025,80.6,64.3,COMPLETED,2025-07-14,Q3 2025,completed
BEN-009320,Halima,Juma,Female,Nakuru,Scholarship,Jomo Kenyatta University,Bachelor,2025/2026,88.8,53.2,In Progress,2026-08-01,Q3 2026,active
BEN-009321,Nyambura,Nduta,Female,Nyeri,Scholarship,Mount Kenya University,Diploma,2024/2025,97.7,61.7,Dropped,2025-07-28,Q3 2025,dropped_out
BEN-009325,Achieng,Musyoka,f,Nyeri,Scholarship,University of Nairobi,Bachelor,2026/2027,91.6,58.7,In Progress,2026-09-17,Q3 2026,active
BEN-009326,Odhiambo,Achieng,Male,Muranga,Scholarship,Jomo Kenyatta University,Bachelor,2025/2026,74.5,71.1,In Progress,2026-02-14,Q1 2026,active
BEN-009328,Onyango,Mwakio,male,Mombasa,Scholarship,Catholic University of Eastern Africa,Diploma,2025/2026,80.9,48.5,In Progress,2026-07-14,Q3 2026,active
BEN-009331,Chepkoech,Owino,f,Kisumu,Scholarship,Africa Nazarene University,Bachelor,2026/2027,77.9,36.9,In Progress,2026-09-20,Q3 2026,active
BEN-009332,Samuel,Katana,Male,nyeri,Scholarship,Mount Kenya University,Bachelor,2025/2026,80.1,64.3,In Progress,2025-12-22,Q4 2025,active
BEN-009333,Dennis,Bett,Male,Uasin Gishu,Scholarship,Africa Nazarene University,Bachelor,2025/2026,77.3,78.2,Completed,2025-11-07,Q4 2025,completed
BEN-009335,Nicholas,Rotich,Male,Uasin Gishu,Scholarship,Maseno University,Master,2024/2025,93.2,79.7,Completed,2025-06-06,Q2 2025,completed
BEN-009337,Daniel,Kuria,Male,Nairobi,Scholarship,Kenyatta University,Bachelor,2024/2025,82.6,96.3,Completed,2025-08-03,Q3 2025,completed
BEN-009338,Wekesa,Kiptoo,Male,Kisumu,Scholarship,Africa Nazarene University,Bachelor,2025/2026,81.5,46.0,In Progress,2026-04-27,Q2 2026,active
BEN-009342,Esther,Matano,Female,Uasin Gishu,Scholarship,Mount Kenya University,Bachelor,2025/2026,88.6,46.2,In Progress,2026-07-24,Q3 2026,active
BEN-009345,Esther,Otieno,Female,Uasin Gishu,Scholarship,Catholic University of Eastern Africa,Bachelor,2025/2026,74.9,71.7,In Progress,2026-07-12,Q3 2026,active
BEN-009350,Omondi,Njenga,Male,Uasin Gishu,Scholarship,Strathmore University,Diploma,2025/2026,86.4,73.5,In Progress,2026-08-02,Q3 2026,active
BEN-009352,Nicholas,Wafula,Male,Kiambu,Scholarship,Daystar University,Bachelor,2024/2025,72.6,59.6,Completed,2025-04-10,Q2 2025,completed
BEN-009359,David,Musyoka,Male,Nyeri,Scholarship,Daystar University,Diploma,2025/2026,96.5,58.1,In Progress,2026-05-18,Q2 2026,active
BEN-009362,Collins,Kimani,Male,Kisumu,Scholarship,Daystar University,Master,2025/2026,60.2,68.2,In Progress,2026-07-07,Q3 2026,active
BEN-009366,Mercy,Kiptoo,Female,Nyeri,Scholarship,Daystar University,Master,2025/2026,81.7,66.5,In Progress,2026-07-27,Q3 2026,active
BEN-009369,Victor,Kuria,Male,Kisumu County,Scholarship,University of Nairobi,Master,2025/2026,65.9,35.4,In Progress,2026-05-23,Q2 2026,active
BEN-009373,Nasieku,Mwangi,Female,Kakamega,Scholarship,Catholic University of Eastern Africa,Bachelor,2024/2025,76.6,61.6,Completed,2025-02-07,Q1 2025,completed
BEN-009377,Njeri,Omondi,Female,Kisumu,Scholarship,Daystar University,Bachelor,2025/2026,73.8,71.1,In Progress,2026-05-13,Q2 2026,active
BEN-009387,Wanjiku,Kuria,Female,Kiambu,Scholarship,Maseno University,Bachelor,2025/2026,75.8,69.9,Dropped,2026-02-02,Q1 2026,dropped_out
BEN-009392,Jerop,Barasa,Female,Nairobi,Scholarship,University of Nairobi,Bachelor,2025/2026,100.0,92.3,In Progress,2026-05-18,Q2 2026,active
BEN-009394,Mutua,Rotich,Male,Nairobi,Scholarship,Strathmore University,Bachelor,2024/2025,85.6,58.4,Completed,2025-06-21,Q2 2025,completed
BEN-009396,Diana,Mbogo,Female,Machakos,Scholarship,Maseno University,Diploma,2025/2026,81.9,68.1,In Progress,2026-04-19,Q2 2026,active
BEN-009399,Kendi,Onyango,Female,Nakuru,Scholarship,Mount Kenya University,Bachelor,2025/2026,70.3,67.7,In Progress,2026-04-09,Q2 2026,active
BEN-009403,Joseph,Nyambane,male,Kiambu,Scholarship,Mount Kenya University,Master,2026/2027,91.5,84.2,In Progress,2026-09-13,Q3 2026,active
BEN-009404,Kendi,Abdi,Female,Kisumu,Scholarship,Mount Kenya University,Bachelor,2025/2026,73.1,48.1,In Progress,2026-08-14,Q3 2026,active
BEN-009405,Kendi,Gitau,Female,Bungoma,Scholarship,Catholic University of Eastern Africa,Diploma,2025/2026,74.6,61.4,In Progress,2026-02-22,Q1 2026,active
BEN-009407,Isaac,Musyoka,Male,NAKURU,Scholarship,Africa Nazarene University,Bachelor,2025/2026,100.0,79.4,In Progress,2026-04-03,Q2 2026,active
BEN-009408,Wanjiru,Kuria,Female,Meru,Scholarship,Moi University,Diploma,2025/2026,76.6,67.9,Completed,2025-10-29,Q4 2025,completed
BEN-009411,Beatrice,Matano,Female,Kiambu,Scholarship,Moi University,Bachelor,2025/2026,74.1,58.5,In Progress,2026-06-26,Q2 2026,active
BEN-009412,Isaac,Cheruiyot,Male,Kakamega,Scholarship,Kenyatta University,Bachelor,2025/2026,83.8,63.4,COMPLETED,2025-12-27,Q4 2025,completed
BEN-009415,Brenda,Cheruiyot,Female,Machakos,Scholarship,Jomo Kenyatta University,Master,2026/2027,91.8,59.9,In Progress,2026-09-22,Q3 2026,active
BEN-009417,Juma,Chebet,Male,Meru,Scholarship,Kenyatta University,Bachelor,2025/2026,88.0,58.5,In Progress,2026-07-24,Q3 2026,active
BEN-009418,Cheruiyot,Kuria,Male,Kisii,Scholarship,Moi University,Diploma,2024/2025,82.7,38.2,Completed,2025-01-04,Q1 2025,completed
BEN-009421,Francis,Juma,Male,Machakos,Scholarship,Daystar University,Bachelor,2025/2026,89.0,80.2,In Progress,2026-05-13,Q2 2026,active
BEN-009428,Dennis,Achieng,m,Kisii,Scholarship,Mount Kenya University,Bachelor,2024/2025,68.3,46.3,Completed,2025-06-07,Q2 2025,completed
BEN-009430,Nicholas,Baya,Male,Nakuru,Scholarship,Maseno University,Bachelor,2025/2026,89.7,61.2,In Progress,2026-07-24,Q3 2026,active
BEN-009431,Cherono,Omondi,Female,Nakuru,Scholarship,Catholic University of Eastern Africa,Bachelor,2025/2026,90.7,44.9,In Progress,2026-05-29,Q2 2026,active
BEN-009432,Anyango,Owino,Female,Nyeri,Scholarship,Jomo Kenyatta University,Bachelor,2025/2026,91.1,71.3,In Progress,2026-08-27,Q3 2026,active
BEN-009434,Kagure,Katana,Female,Nairobi,Scholarship,Africa Nazarene University,Bachelor,2025/2026,84.6,73.0,Completed,2025-11-09,Q4 2025,completed
BEN-009436,Juma,Wafula,Male,Kisumu,Scholarship,Catholic University of Eastern Africa,Bachelor,2024/2025,76.8,58.4,Completed,2025-08-16,Q3 2025,completed
BEN-009438,Njeri,Korir,FEMALE,Nairobi,Scholarship,Maseno University,Diploma,2025/2026,90.7,69.4,In Progress,2026-01-22,Q1 2026,active
BEN-009439,Kamau,Owino,Male,Kilifi,Scholarship,Strathmore University,Master,2025/2026,83.6,56.0,Completed,2025-11-18,Q4 2025,completed
BEN-009445,Beatrice,Mohamed,Female,nyeri,Scholarship,Daystar University,Diploma,2025/2026,72.9,64.0,In Progress,2026-08-23,Q3 2026,active
BEN-009449,Amina,Ngugi,Female,Kiambu,Scholarship,Africa Nazarene University,Master,2025/2026,78.2,65.6,In Progress,2026-08-12,Q3 2026,active
BEN-009451,Simon,Ochieng,Male,Nairobi,Scholarship,Daystar University,Diploma,2025/2026,100.0,82.0,In Progress,2026-02-15,Q1 2026,active
BEN-009455,Otieno,Matano,Male,Kakamega,Scholarship,Jomo Kenyatta University,Bachelor,2024/2025,77.6,51.4,Completed,2025-07-28,Q3 2025,completed
BEN-009458,Otieno,Hassan,Male,Mombasa,Scholarship,Africa Nazarene University,Bachelor,2025/2026,94.3,49.1,In Progress,2026-03-11,Q1 2026,active
BEN-009462,Kevin,Korir,Male,Nakuru,Scholarship,Mount Kenya University,Bachelor,2025/2026,72.7,74.8,In Progress,2026-07-24,Q3 2026,active
BEN-009465,Mutua,Mutua,Male,Nairobi,Scholarship,Jomo Kenyatta University,Master,2025/2026,88.4,69.8,In Progress,2026-04-06,Q2 2026,active
BEN-009466,Cynthia,Kamau,Female,NAKURU,Scholarship,Daystar University,Bachelor,2025/2026,94.0,71.3,In Progress,2026-04-19,Q2 2026,active
BEN-009469,Faith,Kilonzo,Female,Nairobi,Scholarship,Strathmore University,Diploma,2025/2026,69.5,53.4,In Progress,2026-06-20,Q2 2026,active
BEN-009470,Onyango,Mwangi,Male,Nakuru,Scholarship,Africa Nazarene University,Bachelor,2026/2027,76.3,37.2,In Progress,2026-09-27,Q3 2026,active
BEN-009472,Wanjiku,Mwakio,Female,Meru,Scholarship,University of Nairobi,Bachelor,2024/2025,72.7,56.7,Completed,2025-08-14,Q3 2025,completed
BEN-009473,Anthony,Mutua,Male,Mombasa,Scholarship,Maseno University,Bachelor,2025/2026,96.7,45.9,Completed,2025-10-22,Q4 2025,completed
BEN-009479,Brian,Mutiso,Male,Nairobi,Scholarship,Daystar University,Bachelor,2024/2025,83.1,80.1,Completed,2025-05-07,Q2 2025,completed
BEN-009483,Esther,Njoroge,Female,Kiambu,Scholarship,Africa Nazarene University,Diploma,2026/2027,86.2,77.7,In Progress,2026-09-18,Q3 2026,active
BEN-009486,Emmanuel,Wekesa,Male,Nairobi,Scholarship,Catholic University of Eastern Africa,Bachelor,2026/2027,100.0,61.2,In Progress,2026-09-02,Q3 2026,active
BEN-009487,Wanjiru,Mutiso,Female,Uasin Gishu,Scholarship,Maseno University,Diploma,2025/2026,86.0,44.5,In Progress,2026-08-10,Q3 2026,active
BEN-009490,Esther,Musyoka,Female,Kiambu,Scholarship,Jomo Kenyatta University,Master,2025/2026,86.3,71.5,In Progress,2026-08-28,Q3 2026,active
BEN-009491,Beatrice,Gitau,Female,Uasin Gishu,Scholarship,Mount Kenya University,Diploma,2025/2026,100.0,61.7,In Progress,2026-07-16,Q3 2026,active
BEN-009493,Nkatha,Mutiso,Female,Nakuru,Scholarship,University of Nairobi,Bachelor,2024/2025,88.6,64.1,complete,2025-08-15,Q3 2025,completed
BEN-009494,Wanjiru,Kilonzo,Female,Nakuru,Scholarship,Mount Kenya University,Master,2025/2026,75.3,60.4,In Progress,2026-07-28,Q3 2026,active
BEN-009498,Joy,Omondi,Female,Nakuru,Scholarship,University of Nairobi,Diploma,2024/2025,100.0,55.2,Completed,2025-07-05,Q3 2025,completed
BEN-009499,Dennis,Korir,Male,Kisumu,Scholarship,Daystar University,Diploma,2024/2025,89.5,59.3,complete,2025-07-02,Q3 2025,completed
BEN-009501,Timothy,Mohamed,Male,Nairobi,Scholarship,Daystar University,Bachelor,2024/2025,98.8,64.8,Completed,2025-02-22,Q1 2025,completed
BEN-009504,Cynthia,Mutua,Female,Nairobi,Scholarship,Africa Nazarene University,Diploma,2025/2026,91.6,70.6,Completed,2026-01-15,Q1 2026,completed
BEN-009505,Naisula,Achieng,Female,Kisii,Scholarship,Africa Nazarene University,Bachelor,2025/2026,80.9,46.3,In Progress,2026-01-18,Q1 2026,active
BEN-009507,Kagure,Njenga,f,Mombasa County,Scholarship,University of Nairobi,Bachelor,2024/2025,83.4,66.4,Dropped,2025-05-17,Q2 2025,dropped_out
BEN-009512,Esther,Achieng,Female,Kakamega,Scholarship,Mount Kenya University,Diploma,2026/2027,84.7,57.6,In Progress,2026-09-11,Q3 2026,active
BEN-009513,Wangari,Ngugi,Female,Kisumu,Scholarship,Kenyatta University,Bachelor,2025/2026,87.0,57.8,In Progress,2026-08-18,Q3 2026,active
BEN-009514,Cynthia,Ochieng,Female,Nairobi,Scholarship,Catholic University of Eastern Africa,Master,2025/2026,79.3,55.9,In Progress,2025-12-11,Q4 2025,active
BEN-009517,Rotich,Odhiambo,Male,Nairobi,Scholarship,Jomo Kenyatta University,Bachelor,2025/2026,84.1,42.6,In Progress,2026-05-23,Q2 2026,active
BEN-009519,Odhiambo,Abdi,Male,Nyeri,Scholarship,Africa Nazarene University,Bachelor,2025/2026,86.3,67.9,In Progress,2026-04-13,Q2 2026,active
BEN-009521,Emmanuel,Wekesa,Male,Kiambu,Scholarship,Strathmore University,Bachelor,2026/2027,80.1,63.1,In Progress,2026-09-23,Q3 2026,active
BEN-009525,Mercy,Bett,Female,Kilifi,Scholarship,Strathmore University,Bachelor,2025/2026,79.7,54.3,In Progress,2026-05-14,Q2 2026,active
BEN-009526,Kevin,Mbogo,Male,Mombasa,Scholarship,Catholic University of Eastern Africa,Bachelor,2025/2026,84.3,67.5,Completed,2026-03-16,Q1 2026,completed
BEN-009527,Collins,Mohamed,Male,Mombasa,Scholarship,Moi University,Master,2025/2026,82.3,57.8,In Progress,2026-01-27,Q1 2026,active
BEN-009528,Grace,Abdi,Female,Kilifi,Scholarship,Catholic University of Eastern Africa,Diploma,2025/2026,69.0,72.1,In Progress,2026-05-18,Q2 2026,active
BEN-009529,Nicholas,Abdi,Male,Mombasa,Scholarship,Moi University,Bachelor,2024/2025,82.0,65.7,Completed,2025-07-19,Q3 2025,completed
BEN-009530,James,Omondi,Male,Mombasa,Scholarship,Mount Kenya University,Diploma,2025/2026,95.0,60.5,In Progress,2026-04-21,Q2 2026,active
BEN-009531,Kilonzo,Nyambane,Male,Kajiado,Scholarship,Maseno University,Bachelor,2025/2026,87.3,63.9,In Progress,2025-12-10,Q4 2025,active
BEN-009533,Cynthia,Nduta,F,Muranga,Scholarship,Strathmore University,Diploma,2024/2025,84.0,68.0,Completed,2025-06-08,Q2 2025,completed
BEN-009534,Boniface,Gitau,Male,Kajiado,Scholarship,Jomo Kenyatta University,Bachelor,2025/2026,82.2,66.5,In Progress,2026-05-15,Q2 2026,active
BEN-009537,Mumbi,Maina,Female,Nakuru,Scholarship,Jomo Kenyatta University,Master,2025/2026,85.9,85.6,In Progress,2026-02-28,Q1 2026,active
BEN-009538,Cherono,Wekesa,Female,Kajiado,Scholarship,Maseno University,Bachelor,2025/2026,90.3,38.7,In Progress,2026-04-14,Q2 2026,active
BEN-009543,Korir,Chebet,Male,Machakos,Scholarship,Mount Kenya University,Diploma,2024/2025,87.3,71.3,Dropped,2025-02-02,Q1 2025,dropped_out
BEN-009548,James,Wanjiku,Male,Mombasa,Scholarship,Jomo Kenyatta University,Bachelor,2025/2026,73.7,55.6,In Progress,2026-06-27,Q2 2026,active
BEN-009550,Nkatha,Kamau,Female,Machakos,Scholarship,Africa Nazarene University,Bachelor,2025/2026,84.9,67.6,Completed,2026-03-16,Q1 2026,completed
BEN-009554,Isaac,Wanjiku,Male,Machakos,Scholarship,Maseno University,Diploma,2024/2025,80.5,75.4,Completed,2025-07-11,Q3 2025,completed
BEN-009555,Mutua,Katana,Male,Mombasa,Scholarship,Moi University,Diploma,2024/2025,91.2,54.8,Completed,2025-04-26,Q2 2025,completed
BEN-009558,Grace,Kamau,Female,Nakuru,Scholarship,Strathmore University,Bachelor,2024/2025,85.4,87.7,Completed,2025-04-28,Q2 2025,completed
BEN-009561,Barasa,Abdi,Male,Uasin Gishu,Scholarship,Maseno University,Bachelor,2025/2026,86.4,63.5,Completed,2025-10-07,Q4 2025,completed
BEN-009563,Omondi,Muthoni,Male,Kisii,Scholarship,Strathmore University,Bachelor,2025/2026,93.5,72.7,complete,2026-01-03,Q1 2026,completed
BEN-009564,Caroline,Kuria,Female,Nairobi,Scholarship,Strathmore University,Diploma,2024/2025,87.3,87.5,Completed,2025-03-13,Q1 2025,completed
BEN-009576,Mercy,Omondi,Female,Kiambu,Scholarship,Africa Nazarene University,Diploma,2025/2026,74.9,76.7,In Progress,2026-04-09,Q2 2026,active
BEN-009578,Cheruiyot,Ngugi,Male,Nairobi,Scholarship,Maseno University,Bachelor,2025/2026,79.7,73.6,In Progress,2026-03-24,Q1 2026,active
BEN-009579,Simon,Njoroge,Male,Nakuru,Scholarship,Catholic University of Eastern Africa,Bachelor,2024/2025,78.6,56.8,Completed,2025-07-02,Q3 2025,completed
BEN-009581,Njeri,Kuria,Female,Bungoma,Scholarship,Africa Nazarene University,Diploma,2025/2026,83.7,58.1,In Progress,2026-07-06,Q3 2026,active
BEN-009582,Amina,Katana,Female,Uasin Gishu,Scholarship,Strathmore University,Bachelor,2025/2026,86.7,73.1,In Progress,2026-04-08,Q2 2026,active
BEN-009583,Timothy,Barasa,Male,Bungoma,Scholarship,University of Nairobi,Bachelor,2025/2026,80.6,52.5,In Progress,2026-03-18,Q1 2026,active
BEN-009585,Achieng,Kamau,Female,Uasin Gishu,Scholarship,Daystar University,Diploma,2024/2025,93.7,52.1,Dropped,2025-02-04,Q1 2025,dropped_out
BEN-009588,Mutua,Mohamed,Male,Meru,Scholarship,Strathmore University,Bachelor,2025/2026,90.6,78.0,In Progress,2026-08-15,Q3 2026,active
BEN-009589,Wangari,Musyoka,Female,Nyeri,Scholarship,Maseno University,Bachelor,2025/2026,81.6,85.6,In Progress,2026-07-27,Q3 2026,active
BEN-009592,Abdi,Abdi,Male,Kiambu,Scholarship,Moi University,Bachelor,2025/2026,81.7,85.0,In Progress,2026-04-07,Q2 2026,active
BEN-009593,Timothy,Owino,Male,Nairobi,Scholarship,Maseno University,Bachelor,2025/2026,98.9,89.8,Dropped,2025-10-11,Q4 2025,dropped_out
BEN-009598,Amina,Wafula,Female,Kisii,Scholarship,Africa Nazarene University,Bachelor,2025/2026,79.2,61.5,In Progress,2026-02-16,Q1 2026,active
BEN-009602,Odhiambo,Kilonzo,Male,Nairobi,Scholarship,Catholic University of Eastern Africa,Bachelor,2024/2025,91.7,75.2,complete,2025-05-16,Q2 2025,completed
BEN-009605,Wekesa,Mohamed,Male,Mombasa,Scholarship,Daystar University,Diploma,2025/2026,69.0,71.3,In Progress,2026-08-19,Q3 2026,active
BEN-009609,Victor,Nduta,Male,Uasin Gishu,Scholarship,Jomo Kenyatta University,Bachelor,2025/2026,76.3,64.6,In Progress,2026-01-09,Q1 2026,active
BEN-009613,Joseph,Mutiso,Male,Nairobi,Scholarship,Moi University,Diploma,2026/2027,86.8,73.9,In Progress,2026-09-30,Q3 2026,active
BEN-009616,Brenda,Njoroge,Female,Kiambu,Scholarship,Kenyatta University,Master,2025/2026,67.2,68.8,In Progress,2025-11-03,Q4 2025,active
BEN-009617,Zawadi,Wanjiku,Female,Kakamega,Scholarship,Catholic University of Eastern Africa,Diploma,2025/2026,74.2,59.1,In Progress,2026-07-06,Q3 2026,active
BEN-009620,Mutua,Kilonzo,Male,Nairobi,Scholarship,University of Nairobi,Bachelor,2024/2025,94.2,49.6,Completed,2025-01-16,Q1 2025,completed
BEN-009622,Awuor,Mutua,Female,Nairobi,Scholarship,Maseno University,Bachelor,2025/2026,97.7,77.2,In Progress,2025-12-18,Q4 2025,active
BEN-009624,Anthony,Ngugi,Male,Kisumu,Scholarship,Strathmore University,Bachelor,2025/2026,74.3,56.2,In Progress,2026-03-19,Q1 2026,active
BEN-009625,Anyango,Wafula,Female,Nairobi,Scholarship,Catholic University of Eastern Africa,Diploma,2024/2025,89.5,80.6,Completed,2025-04-25,Q2 2025,completed
BEN-009626,Cynthia,Ochieng,Female,Nyeri,Scholarship,Maseno University,Bachelor,2024/2025,100.0,82.3,Completed,2025-08-02,Q3 2025,completed
BEN-009628,Zawadi,Wanjiku,Female,Nakuru,Scholarship,Maseno University,Bachelor,2025/2026,79.9,62.3,In Progress,2026-04-13,Q2 2026,active
BEN-009632,Mumbi,Barasa,Female,Mombasa,Scholarship,Africa Nazarene University,Diploma,2025/2026,78.7,71.4,In Progress,2026-07-28,Q3 2026,active
BEN-009633,Halima,Mutua,F,Kakamega,Scholarship,University of Nairobi,Master,2025/2026,79.4,62.2,In Progress,2025-10-10,Q4 2025,active
BEN-009634,Nkatha,Wanjiku,Female,Mombasa,Scholarship,Africa Nazarene University,Bachelor,2024/2025,77.9,72.8,Dropped,2025-07-20,Q3 2025,dropped_out
BEN-009635,Chebet,Kuria,Female,Kilifi,Scholarship,Strathmore University,Diploma,2024/2025,86.3,82.7,Completed,2025-03-29,Q1 2025,completed
BEN-009636,Nyambura,Bett,Female,Meru,Scholarship,Maseno University,Diploma,2025/2026,81.9,54.9,In Progress,2026-07-03,Q3 2026,active
BEN-009639,Anyango,Juma,female,Nyeri,Scholarship,Catholic University of Eastern Africa,Diploma,2025/2026,88.3,53.8,Completed,2026-03-02,Q1 2026,completed
BEN-009640,Wanjiru,Musyoka,Female,Nairobi,Scholarship,Kenyatta University,Diploma,2025/2026,74.3,87.8,In Progress,2026-04-22,Q2 2026,active
BEN-009641,Neema,Kiptoo,Female,Kisii,Scholarship,Strathmore University,Bachelor,2025/2026,100.0,56.9,In Progress,2026-01-18,Q1 2026,active
BEN-009643,Kagure,Maina,Female,Kiambu,Scholarship,Mount Kenya University,Bachelor,2025/2026,84.9,66.1,In Progress,2026-01-14,Q1 2026,active
BEN-009644,Brenda,Abdi,Female,Kisumu,Scholarship,University of Nairobi,Diploma,2025/2026,75.0,51.2,In Progress,2026-08-26,Q3 2026,active
BEN-009647,Esther,Nduta,Female,Kakamega,Scholarship,Jomo Kenyatta University,Bachelor,2024/2025,75.5,63.1,Completed,2025-07-03,Q3 2025,completed
BEN-009649,Samuel,Wafula,Male,Kajiado,Scholarship,Daystar University,Diploma,2025/2026,95.4,60.4,In Progress,2026-02-18,Q1 2026,active
BEN-009650,Purity,Hassan,Female,Kilifi,Scholarship,Strathmore University,Bachelor,2025/2026,62.1,60.0,In Progress,2026-05-20,Q2 2026,active
BEN-009651,Victor,Bett,Male,Mombasa,Scholarship,Maseno University,Bachelor,2025/2026,91.9,85.8,In Progress,2026-03-28,Q1 2026,active
BEN-009652,Juma,Wekesa,Male,Muranga,Scholarship,Africa Nazarene University,Diploma,2025/2026,90.6,68.0,Completed,2026-03-14,Q1 2026,completed
BEN-009659,Wanjiku,Wekesa,Female,Mombasa,Scholarship,Strathmore University,Bachelor,2024/2025,89.3,61.4,Completed,2025-02-17,Q1 2025,completed
BEN-009660,James,Nduta,Male,Kisumu,Scholarship,Catholic University of Eastern Africa,Diploma,2025/2026,68.9,52.1,Completed,2026-02-15,Q1 2026,completed
BEN-009662,Kendi,Bett,Female,Muranga,Scholarship,Jomo Kenyatta University,Bachelor,2025/2026,76.9,73.9,In Progress,2026-08-19,Q3 2026,active
BEN-009666,Neema,Juma,Female,Nairobi,Scholarship,Africa Nazarene University,Bachelor,2025/2026,91.8,57.0,In Progress,2026-05-20,Q2 2026,active
BEN-009667,Isaac,Mwangi,Male,Nyeri,Scholarship,Moi University,Master,2025/2026,97.5,66.0,In Progress,2025-11-28,Q4 2025,active
BEN-009669,Vincent,Hassan,Male,Muranga,Scholarship,Moi University,Bachelor,2025/2026,76.9,63.3,In Progress,2026-08-06,Q3 2026,active
BEN-009671,Anyango,Nduta,Female,Kisii,Scholarship,Catholic University of Eastern Africa,Diploma,2024/2025,74.4,57.4,Completed,2025-03-09,Q1 2025,completed
BEN-009673,Faith,Ochieng,Female,Muranga,Scholarship,Mount Kenya University,Bachelor,2024/2025,95.7,57.2,Completed,2025-05-10,Q2 2025,completed
BEN-009676,Jerop,Achieng,Female,Nakuru,Scholarship,University of Nairobi,Bachelor,2025/2026,89.2,66.2,In Progress,2026-07-30,Q3 2026,active
BEN-009678,Njeri,Nyambane,Female,Kisumu,Scholarship,Strathmore University,Master,2024/2025,76.0,63.5,Completed,2025-04-07,Q2 2025,completed
BEN-009680,Rotich,Kariuki,Male,Kisumu,Scholarship,Mount Kenya University,Master,2025/2026,72.3,69.1,In Progress,2026-05-09,Q2 2026,active
BEN-009681,Joseph,Korir,Male,Kisii,Scholarship,Daystar University,Bachelor,2025/2026,92.6,52.8,In Progress,2026-08-01,Q3 2026,active
BEN-009685,Cherono,Nyambane,Female,Mombasa,Scholarship,Maseno University,Master,2026/2027,87.4,71.4,In Progress,2026-09-20,Q3 2026,active
BEN-009686,Wanjiru,Odhiambo,Female,Nairobi,Scholarship,Strathmore University,Master,2026/2027,84.8,68.9,In Progress,2026-09-08,Q3 2026,active
BEN-009688,Anthony,Mutua,Male,Nairobi,Scholarship,Africa Nazarene University,Diploma,2025/2026,81.3,74.3,In Progress,2026-07-06,Q3 2026,active
BEN-009695,Abdi,Onyango,Male,Uasin Gishu,Scholarship,Catholic University of Eastern Africa,Bachelor,2025/2026,85.4,62.5,In Progress,2026-06-23,Q2 2026,active
BEN-009696,Samuel,Njenga,Male,Nairobi,Scholarship,Mount Kenya University,Bachelor,2025/2026,97.6,44.6,In Progress,2025-12-21,Q4 2025,active
BEN-009700,Stephen,Bett,Male,Kisii,Scholarship,Mount Kenya University,Diploma,2026/2027,89.2,81.2,In Progress,2026-09-03,Q3 2026,active
BEN-009702,Neema,Hassan,Female,Kisumu,Scholarship,Maseno University,Diploma,2025/2026,79.0,49.0,In Progress,2026-06-02,Q2 2026,active
BEN-009704,Wanjiku,Rotich,Female,Machakos,Scholarship,Mount Kenya University,Diploma,2025/2026,80.1,71.7,In Progress,2026-06-03,Q2 2026,active
BEN-009705,Cynthia,Mohamed,Female,Meru,Scholarship,Strathmore University,Bachelor,2025/2026,79.7,74.4,In Progress,2026-07-20,Q3 2026,active
BEN-009708,Kamau,Juma,Male,Bungoma,Scholarship,Kenyatta University,Bachelor,2025/2026,80.0,50.4,In Progress,2026-07-03,Q3 2026,active
BEN-009711,Brian,Kariuki,Male,Bungoma,Scholarship,Maseno University,Diploma,2025/2026,89.8,74.1,Completed,2026-02-28,Q1 2026,completed
BEN-009712,Njeri,Hassan,Female,Kiambu,Scholarship,Strathmore University,Diploma,2025/2026,88.0,71.8,In Progress,2025-10-07,Q4 2025,active
BEN-009714,Odhiambo,Ngugi,male,Kisumu,Scholarship,Kenyatta University,Master,2025/2026,70.4,56.8,In Progress,2026-05-31,Q2 2026,active
BEN-009717,Barasa,Muthoni,MALE,Nakuru,Scholarship,Kenyatta University,Master,2025/2026,91.5,70.9,In Progress,2026-04-04,Q2 2026,active
BEN-009719,Odhiambo,Abdi,Male,Nairobi,Scholarship,Moi University,Bachelor,2025/2026,100.0,57.6,In Progress,2026-06-30,Q2 2026,active
BEN-009722,Cynthia,Chebet,Female,Nairobi,Scholarship,Maseno University,Bachelor,2024/2025,100.0,48.8,Completed,2025-04-08,Q2 2025,completed
BEN-009727,Mercy,Muthoni,Female,Nakuru,Scholarship,Kenyatta University,Diploma,2025/2026,79.3,59.5,In Progress,2026-02-07,Q1 2026,active
BEN-009730,Stephen,Rotich,Male,Meru,Scholarship,Daystar University,Master,2025/2026,84.8,57.6,COMPLETED,2025-12-16,Q4 2025,completed
BEN-009731,Odhiambo,Ochieng,Male,Nairobi,Scholarship,Kenyatta University,Diploma,2025/2026,91.7,66.8,Completed,2025-12-21,Q4 2025,completed
BEN-009736,Cheruiyot,Gitau,Male,Kiambu,Scholarship,Strathmore University,Master,2025/2026,59.0,77.3,Completed,2025-09-30,Q3 2025,completed
BEN-009738,Collins,Musyoka,Male,Kiambu,Scholarship,Mount Kenya University,Diploma,2024/2025,86.0,51.2,Completed,2025-05-22,Q2 2025,completed
BEN-009742,Esther,Kamau,Female,Kakamega,Scholarship,Moi University,Bachelor,2024/2025,82.4,67.9,Completed,2025-08-16,Q3 2025,completed
BEN-009743,Emmanuel,Wafula,Male,Meru,Scholarship,Daystar University,Diploma,2025/2026,96.6,74.0,In Progress,2026-08-20,Q3 2026,active
BEN-009744,Anyango,Kuria,Female,Nyeri,Scholarship,Maseno University,Bachelor,2025/2026,100.0,62.5,In Progress,2026-08-05,Q3 2026,active
BEN-009747,Naisula,Muthoni,Female,Kajiado,Scholarship,Africa Nazarene University,Bachelor,2025/2026,80.3,63.4,In Progress,2026-07-18,Q3 2026,active
BEN-009751,Wekesa,Otieno,Male,Kisumu,Scholarship,Maseno University,Bachelor,2024/2025,78.1,56.9,complete,2025-02-16,Q1 2025,completed
BEN-009753,Nasieku,Mwangi,Female,Nakuru,Scholarship,Strathmore University,Bachelor,2025/2026,89.6,71.2,In Progress,2026-04-30,Q2 2026,active
BEN-009754,Omondi,Korir,Male,Bungoma,Scholarship,Daystar University,Bachelor,2025/2026,82.8,57.0,In Progress,2026-08-19,Q3 2026,active
BEN-009755,Nkatha,Kiptoo,Female,Uasin Gishu,Scholarship,Maseno University,Bachelor,2025/2026,74.3,58.8,Completed,2026-01-22,Q1 2026,completed
BEN-009756,Brian,Ochieng,m,Meru,Scholarship,Daystar University,Bachelor,2025/2026,81.4,57.9,In Progress,2026-08-09,Q3 2026,active
BEN-009757,Kamau,Mohamed,Male,NAIROBI,Scholarship,Africa Nazarene University,Master,2025/2026,97.1,52.8,In Progress,2026-05-17,Q2 2026,active
BEN-009761,Mumbi,Kimani,Female,Kilifi,Scholarship,Jomo Kenyatta University,Bachelor,2025/2026,75.9,57.1,Completed,2026-01-07,Q1 2026,completed
BEN-009763,Zawadi,Kiptoo,Female,Kiambu,Scholarship,Daystar University,Master,2025/2026,94.2,63.4,Completed,2025-12-23,Q4 2025,completed
BEN-009764,Zawadi,Mwakio,F,Mombasa,Scholarship,Kenyatta University,Bachelor,2025/2026,71.7,76.6,Completed,2025-11-03,Q4 2025,completed
BEN-009765,Barasa,Koech,Male,Kiambu,Scholarship,Mount Kenya University,Diploma,2024/2025,69.5,43.0,Completed,2025-08-04,Q3 2025,completed
BEN-009766,Joseph,Kuria,Male,Kisumu,Scholarship,Africa Nazarene University,Bachelor,2025/2026,63.1,62.1,In Progress,2025-10-10,Q4 2025,active
BEN-009768,Halima,Achieng,Female,Nairobi,Scholarship,Strathmore University,Bachelor,2025/2026,96.3,88.6,In Progress,2026-06-24,Q2 2026,active
BEN-009781,Beatrice,Ochieng,Female,Nakuru,Scholarship,Moi University,Bachelor,2025/2026,73.0,69.4,In Progress,2026-08-29,Q3 2026,active
BEN-009783,Naisula,Kiptoo,Female,Nairobi,Scholarship,Strathmore University,Master,2024/2025,100.0,87.6,Completed,2025-07-29,Q3 2025,completed
BEN-009790,Akinyi,Omondi,Female,Kisumu,Scholarship,Daystar University,Bachelor,2025/2026,74.2,61.8,In Progress,2025-12-08,Q4 2025,active
BEN-009794,Nyambura,Kiptoo,Female,Nairobi,Scholarship,Moi University,Bachelor,2025/2026,80.7,100.0,In Progress,2026-08-24,Q3 2026,active
BEN-009796,Nicholas,Mbogo,Male,Nairobi,Scholarship,Daystar University,Diploma,2025/2026,100.0,53.0,In Progress,2026-02-01,Q1 2026,active
BEN-009802,Rotich,Barasa,Male,Kiambu,Scholarship,Jomo Kenyatta University,Bachelor,2024/2025,94.9,61.2,Completed,2025-07-14,Q3 2025,completed
BEN-009804,Dennis,Mbogo,Male,Nairobi,Scholarship,University of Nairobi,Bachelor,2025/2026,100.0,73.3,Dropped,2025-12-27,Q4 2025,dropped_out
BEN-009806,Kamau,Odhiambo,Male,Kakamega,Scholarship,Maseno University,Bachelor,2025/2026,85.7,62.5,In Progress,2026-07-19,Q3 2026,active
BEN-009807,Chepkoech,Barasa,Female,Nairobi,Scholarship,Maseno University,Bachelor,2024/2025,77.9,79.9,Completed,2025-02-06,Q1 2025,completed
BEN-009808,Grace,Juma,Female,Machakos,Scholarship,Moi University,Bachelor,2025/2026,78.0,67.1,In Progress,2026-05-23,Q2 2026,active
BEN-009813,Zawadi,Nyambane,Female,Machakos,Scholarship,Maseno University,Bachelor,2025/2026,85.5,62.0,Completed,2025-09-21,Q3 2025,completed
BEN-009816,Cheruiyot,Katana,Male,Nyeri,Scholarship,Kenyatta University,Bachelor,2024/2025,98.1,58.2,Completed,2025-03-30,Q1 2025,completed
BEN-009821,Victor,Odhiambo,Male,Nakuru,Scholarship,Jomo Kenyatta University,Master,2024/2025,82.9,56.8,Completed,2025-03-11,Q1 2025,completed
BEN-009822,John,Juma,Male,Nairobi,Scholarship,Maseno University,Diploma,2025/2026,81.1,73.7,In Progress,2026-06-03,Q2 2026,active
BEN-009823,Kilonzo,Barasa,MALE,Machakos,Scholarship,Moi University,Diploma,2025/2026,60.3,66.8,In Progress,2026-05-11,Q2 2026,active
BEN-009827,Simon,Nduta,Male,Nairobi County,Scholarship,Jomo Kenyatta University,Bachelor,2025/2026,90.7,81.4,In Progress,2026-06-06,Q2 2026,active
BEN-009833,Samuel,Odhiambo,Male,Nairobi,Scholarship,Moi University,Bachelor,2024/2025,88.8,91.6,Completed,2025-02-19,Q1 2025,completed
BEN-009842,Akinyi,Kamau,Female,Machakos,Scholarship,Kenyatta University,Bachelor,2025/2026,76.7,63.7,In Progress,2026-04-04,Q2 2026,active
BEN-009848,James,Otieno,Male,Nairobi,Scholarship,Daystar University,Bachelor,2024/2025,91.8,59.3,Completed,2025-08-01,Q3 2025,completed
BEN-009851,Nkatha,Ochieng,Female,Kakamega,Scholarship,Daystar University,Master,2024/2025,62.0,60.6,Dropped,2025-01-17,Q1 2025,dropped_out
BEN-009852,Kiptoo,Koech,Male,Nairobi,Scholarship,Strathmore University,Master,2025/2026,95.9,70.1,In Progress,2026-05-23,Q2 2026,active
BEN-009855,Joy,Bett,Female,Kiambu,Scholarship,Kenyatta University,Master,2025/2026,95.6,64.7,In Progress,2026-07-20,Q3 2026,active
BEN-009863,James,Kilonzo,Male,Nairobi,Scholarship,Jomo Kenyatta University,Bachelor,2025/2026,82.0,59.6,In Progress,2026-07-18,Q3 2026,active
BEN-009871,Kendi,Kilonzo,Female,Bungoma,Scholarship,Moi University,Bachelor,2025/2026,67.0,54.1,In Progress,2026-06-02,Q2 2026,active
BEN-009872,Collins,Owino,Male,Nairobi,Scholarship,Catholic University of Eastern Africa,Bachelor,2026/2027,97.4,78.1,In Progress,2026-09-25,Q3 2026,active
BEN-009873,Brian,Kariuki,Male,Nairobi,Scholarship,Catholic University of Eastern Africa,Bachelor,2024/2025,83.1,58.1,Completed,2025-08-17,Q3 2025,completed
BEN-009874,John,Mwangi,Male,Nairobi,Scholarship,Strathmore University,Diploma,2026/2027,94.1,59.4,In Progress,2026-09-22,Q3 2026,active
BEN-009875,Kendi,Kimani,Female,Nairobi,Scholarship,Africa Nazarene University,Diploma,2025/2026,100.0,87.5,In Progress,2026-05-16,Q2 2026,active
BEN-009876,Wanjiru,Musyoka,Female,Kilifi,Scholarship,Daystar University,Bachelor,2024/2025,70.4,67.6,Completed,2025-03-11,Q1 2025,completed
BEN-009877,Joseph,Nyambane,Male,UASIN_GISHU,Scholarship,Maseno University,Diploma,2025/2026,76.4,75.4,COMPLETED,2025-12-14,Q4 2025,completed
BEN-009880,Boniface,Nyambane,Male,Nakuru,Scholarship,University of Nairobi,Bachelor,2025/2026,78.8,69.9,In Progress,2026-06-06,Q2 2026,active
BEN-009885,James,Wafula,Male,Kisumu,Scholarship,Moi University,Bachelor,2024/2025,81.4,46.6,Completed,2025-06-14,Q2 2025,completed
BEN-009888,Akinyi,Cheruiyot,Female,Bungoma,Scholarship,Catholic University of Eastern Africa,Diploma,2025/2026,71.2,64.8,In Progress,2026-05-18,Q2 2026,active
BEN-009889,Barasa,Mwakio,Male,Meru,Scholarship,Mount Kenya University,Bachelor,2024/2025,81.6,75.4,Dropped,2025-08-04,Q3 2025,dropped_out
BEN-009892,Neema,Bett,Female,nairobi,Scholarship,Strathmore University,Bachelor,2025/2026,95.4,51.7,In Progress,2026-01-13,Q1 2026,active
BEN-009893,Brenda,Wanjiku,Female,Muranga,Scholarship,Catholic University of Eastern Africa,Bachelor,2025/2026,94.6,56.9,In Progress,2026-01-28,Q1 2026,active
BEN-009900,Emily,Mohamed,Female,Mombasa,Scholarship,University of Nairobi,Bachelor,2025/2026,81.5,59.9,In Progress,2026-08-24,Q3 2026,active
BEN-009908,Wangari,Owino,Female,Kisumu,Scholarship,Jomo Kenyatta University,Master,2025/2026,73.2,53.1,In Progress,2026-04-03,Q2 2026,active
BEN-009909,Faith,Cheruiyot,Female,Nairobi,Scholarship,Catholic University of Eastern Africa,Diploma,2025/2026,100.0,64.4,In Progress,2026-08-16,Q3 2026,active
BEN-009912,Nkatha,Mbogo,Female,Muranga,Scholarship,Jomo Kenyatta University,Bachelor,2025/2026,94.4,53.5,In Progress,2026-03-09,Q1 2026,active
BEN-009916,Kagure,Nduta,Female,Kilifi,Scholarship,Catholic University of Eastern Africa,Bachelor,2025/2026,87.5,61.6,In Progress,2026-07-26,Q3 2026,active
BEN-009918,Akinyi,Barasa,Female,Machakos,Scholarship,Daystar University,Bachelor,2026/2027,85.4,62.6,In Progress,2026-09-18,Q3 2026,active
BEN-009921,Cherono,Musyoka,Female,Nairobi,Scholarship,Kenyatta University,Diploma,2025/2026,100.0,43.9,In Progress,2026-04-22,Q2 2026,active
BEN-009922,Sharon,Korir,f,Nakuru,Scholarship,Mount Kenya University,Bachelor,2026/2027,70.7,51.9,In Progress,2026-09-18,Q3 2026,active
BEN-009923,Daniel,Musyoka,Male,Meru,Scholarship,Strathmore University,Diploma,2025/2026,82.3,68.4,In Progress,2026-08-20,Q3 2026,active
BEN-009924,Ali,Omondi,Male,Kisii,Scholarship,Daystar University,Bachelor,2025/2026,74.9,68.9,In Progress,2025-12-20,Q4 2025,active
BEN-009928,Anyango,Koech,FEMALE,Kakamega County,Scholarship,Mount Kenya University,Bachelor,2025/2026,75.2,64.4,In Progress,2026-07-29,Q3 2026,active
BEN-009932,Kagure,Ochieng,Female,Kiambu,Scholarship,University of Nairobi,Bachelor,2025/2026,85.0,90.9,In Progress,2026-07-24,Q3 2026,active
BEN-009933,Collins,Nduta,Male,Kisumu,Scholarship,Strathmore University,Bachelor,2024/2025,74.3,60.5,Dropped,2025-01-13,Q1 2025,dropped_out
BEN-009935,Emily,Kamau,Female,Bungoma,Scholarship,Catholic University of Eastern Africa,Bachelor,2024/2025,78.1,54.4,Dropped,2025-07-09,Q3 2025,dropped_out
BEN-009936,Rotich,Ngugi,Male,Kilifi,Scholarship,Maseno University,Bachelor,2025/2026,83.0,84.5,In Progress,2026-06-13,Q2 2026,active
BEN-009940,Mutua,Wekesa,Male,Meru,Scholarship,Strathmore University,Master,2025/2026,98.9,51.7,In Progress,2025-11-25,Q4 2025,active
BEN-009943,Korir,Gitau,Male,Uasin Gishu,Scholarship,Moi University,Diploma,2025/2026,92.5,74.1,In Progress,2026-07-02,Q3 2026,active
BEN-009949,Mohamed,Owino,Male,Kajiado,Scholarship,Maseno University,Bachelor,2025/2026,100.0,75.0,In Progress,2026-05-17,Q2 2026,active
BEN-009952,Cheruiyot,Baya,Male,Nakuru,Scholarship,Moi University,Bachelor,2024/2025,94.9,35.7,Completed,2025-06-06,Q2 2025,completed
BEN-009953,Njeri,Musyoka,Female,Kiambu,Scholarship,Mount Kenya University,Master,2025/2026,77.1,63.7,In Progress,2026-05-17,Q2 2026,active
BEN-009954,Naisula,Odhiambo,Female,Mombasa,Scholarship,Maseno University,Bachelor,2025/2026,88.6,64.5,Completed,2025-12-02,Q4 2025,completed
BEN-009957,Neema,Nduta,Female,muranga,Scholarship,Daystar University,Bachelor,2025/2026,97.7,58.9,In Progress,2026-07-05,Q3 2026,active
BEN-009963,Wanjiku,Chebet,Female,Meru,Scholarship,Kenyatta University,Master,2024/2025,84.9,69.0,Completed,2025-08-23,Q3 2025,completed
BEN-009966,Halima,Mutiso,Female,Nairobi,Scholarship,University of Nairobi,Diploma,2025/2026,75.1,64.7,In Progress,2026-04-04,Q2 2026,active
BEN-009967,Mohamed,Otieno,Male,Nairobi,Scholarship,Jomo Kenyatta University,Bachelor,2026/2027,90.2,72.4,In Progress,2026-09-15,Q3 2026,active
BEN-009968,Beatrice,Kuria,Female,Bungoma,Scholarship,Daystar University,Bachelor,2025/2026,60.4,61.7,In Progress,2026-06-13,Q2 2026,active
BEN-009969,Grace,Korir,F,Machakos,Scholarship,Catholic University of Eastern Africa,Diploma,2025/2026,81.1,69.9,Dropped,2026-02-17,Q1 2026,dropped_out
BEN-009971,Vincent,Owino,Male,Machakos,Scholarship,Maseno University,Bachelor,2025/2026,86.8,66.4,In Progress,2025-12-22,Q4 2025,active
BEN-009974,Beatrice,Kuria,Female,Mombasa,Scholarship,Kenyatta University,Bachelor,2024/2025,62.9,75.3,Completed,2025-05-25,Q2 2025,completed
BEN-009983,Chebet,Mwakio,Female,Kakamega,Scholarship,Jomo Kenyatta University,Bachelor,2025/2026,83.8,65.7,In Progress,2026-05-26,Q2 2026,active
BEN-009987,Brenda,Nyambane,Female,Meru,Scholarship,Strathmore University,Bachelor,2025/2026,91.5,52.7,In Progress,2026-03-18,Q1 2026,active
BEN-009991,Zawadi,Juma,Female,Kakamega,Scholarship,Catholic University of Eastern Africa,Bachelor,2025/2026,78.7,46.3,In Progress,2026-05-07,Q2 2026,active
BEN-009993,Timothy,Koech,Male,Kakamega,Scholarship,Maseno University,Master,2025/2026,58.7,62.0,In Progress,2026-07-20,Q3 2026,active
BEN-009994,Boniface,Wekesa,Male,KILIFI,Scholarship,Daystar University,Diploma,2025/2026,75.0,62.6,In Progress,2026-02-27,Q1 2026,active
BEN-009995,Joy,Katana,Female,Nairobi,Scholarship,Moi University,Diploma,2024/2025,100.0,71.1,Completed,2025-02-12,Q1 2025,completed
