beneficiary_id,first_name,last_name,gender,county,program,course,training_provider,attendance_rate,completion_status,skills_acquired,employment_status,enrollment_date,reporting_period,status
BEN-000005,Boniface,Nyambane,Male,Nairobi,Tech,Data Science,Moringa School,84.4,Completed,Machine Learning; SQL,Employed,2026-01-19,Q1 2026,completed
BEN-000007,Mutua,Njenga,Male,Nakuru,Tech,Cybersecurity,Andela,81.4,Completed,Ethical Hacking; Incident Response; Network Security; Risk Assessment,Employed,2026-05-05,Q2 2026,completed
BEN-000008,Onyango,Korir,Male,Kisumu,Tech,Data Science,eMobilis,84.7,In Progress,Data Visualization; Pandas; Statistics,Self-Employed,2026-06-30,Q2 2026,active
BEN-000011,Collins,Kilonzo,Male,Uasin Gishu,Tech,Cloud Computing,Andela,89.4,In Progress,AWS; Azure; Docker; Kubernetes,Unemployed,2026-04-14,Q2 2026,active
BEN-000012,Brian,Mutiso,Male,Nairobi,Tech,Cybersecurity,Moringa School,90.0,In Progress,Ethical Hacking; Risk Assessment,Unemployed,2026-06-12,Q2 2026,active
BEN-000013,Achieng,Matano,Female,Nakuru,Tech,Cybersecurity,Gebeya,76.6,Completed,Ethical Hacking; Network Security,Unemployed,2025-08-29,Q3 2025,completed
BEN-000015,Beatrice,Njoroge,Female,Nairobi,Tech,Cloud Computing,Power Learn Project,86.1,Completed,Azure; Kubernetes; Linux Administration,Employed,2025-09-09,Q3 2025,completed
BEN-000018,Nyambura,Hassan,Female,Kiambu,Tech,Cybersecurity,Andela,73.5,Dropped,Ethical Hacking; Incident Response; Risk Assessment,Self-Employed,2025-08-18,Q3 2025,dropped_out
BEN-000022,Simon,Otieno,MALE,Nairobi,Tech,Data Science,Akirachix,85.1,Completed,Machine Learning; Pandas,Unemployed,2025-06-13,Q2 2025,completed
BEN-000026,Barasa,Ochieng,Male,KAKAMEGA,Tech,AI & Machine Learning,Andela,64.8,Completed,Computer Vision; Model Deployment; NLP; TensorFlow,Internship,2026-06-25,Q2 2026,completed
BEN-000032,Akinyi,Matano,Female,Meru,Tech,UI/UX Design,Moringa School,84.7,Completed,Figma; User Research; Wireframing,Employed,2026-06-22,Q2 2026,completed
BEN-000033,Awuor,Njenga,Female,Kakamega,Tech,AI & Machine Learning,Andela,56.5,Completed,Computer Vision; Model Deployment; NLP; TensorFlow,Employed,2026-03-16,Q1 2026,completed
BEN-000034,Baraka,Baya,Male,Nairobi,Tech,Digital Marketing,Andela,79.2,Completed,Analytics; Content Strategy; Google Ads; SEO,Employed,2026-01-02,Q1 2026,completed
BEN-000040,Wanjiku,Charo,Female,Mombasa,Tech,Mobile App Development,Moringa School,79.3,Completed,Firebase; Flutter; React Native; Swift,Employed,2025-02-22,Q1 2025,completed
BEN-000046,Daniel,Koech,Male,Kiambu,Tech,AI & Machine Learning,Andela,75.3,In Progress,Computer Vision; Python,Self-Employed,2026-05-22,Q2 2026,active
BEN-000048,Nasieku,Matano,Female,Nakuru,Tech,AI & Machine Learning,eMobilis,90.5,In Progress,Computer Vision; Python,Unemployed,2026-09-16,Q3 2026,active
BEN-000049,Kendi,Kiptoo,Female,kiambu,Tech,Cloud Computing,Power Learn Project,82.5,In Progress,Azure; Kubernetes,Self-Employed,2026-09-07,Q3 2026,active
BEN-000050,Kendi,Koech,Female,Kiambu,Tech,Digital Marketing,Power Learn Project,88.2,In Progress,Analytics; Content Strategy; Google Ads; Social Media Marketing,Unemployed,2026-08-29,Q3 2026,active
BEN-000054,Jerop,Koech,Female,Meru,Tech,AI & Machine Learning,eMobilis,93.0,In Progress,Computer Vision; Model Deployment; NLP; Python,Unemployed,2026-02-04,Q1 2026,active
BEN-000060,Peter,Kariuki,Male,kiambu,Tech,Digital Marketing,Gebeya,100.0,Dropped,Analytics; Google Ads; SEO,Unemployed,2025-10-12,Q4 2025,dropped_out
BEN-000062,Musyoka,Mbogo,Male,Kilifi,Tech,UI/UX Design,Gebeya,83.6,Dropped,Design Systems; Figma; User Research; Wireframing,Employed,2025-11-26,Q4 2025,dropped_out
BEN-000066,Musyoka,Omondi,Male,Kiambu,Tech,Web Development,Power Learn Project,82.5,In Progress,HTML/CSS; JavaScript; Node.js,Unemployed,2026-09-12,Q3 2026,active
BEN-000068,Samuel,Cheruiyot,Male,Kiambu,Tech,UI/UX Design,Akirachix,82.1,Completed,Design Systems; Figma; User Research; Wireframing,Internship,2026-03-17,Q1 2026,completed
BEN-000070,Nasieku,Mutiso,Female,kakamega,Tech,AI & Machine Learning,Gebeya,89.9,Completed,NLP; Python,Employed,2025-11-01,Q4 2025,completed
BEN-000079,Naisula,Juma,Female,Bungoma,Tech,Mobile App Development,Power Learn Project,71.1,In Progress,Firebase; Flutter; React Native,Unemployed,2026-03-11,Q1 2026,active
BEN-000080,Purity,Mohamed,Female,machakos,Tech,Web Development,eMobilis,83.3,In Progress,HTML/CSS; REST APIs; React,Self-Employed,2026-04-15,Q2 2026,active
BEN-000082,Atieno,Koech,Female,Kilifi,Tech,AI & Machine Learning,Gebeya,85.0,In Progress,Model Deployment; Python,Unemployed,2026-09-24,Q3 2026,active
BEN-000089,Brian,Baya,Male,muranga,Tech,AI & Machine Learning,Moringa School,83.5,Completed,Computer Vision; NLP; Python,Self-Employed,2025-04-15,Q2 2025,completed
BEN-000094,James,Wekesa,male,Bungoma,Tech,Web Development,Gebeya,90.5,In Progress,HTML/CSS; Node.js; REST APIs,Self-Employed,2026-08-14,Q3 2026,active
BEN-000095,Cynthia,Onyango,Female,Bungoma,Tech,Cloud Computing,Gebeya,56.9,Completed,Kubernetes; Linux Administration,Internship,2025-11-15,Q4 2025,completed
BEN-000099,Mohamed,Hassan,Male,Muranga,Tech,Digital Marketing,Moringa School,79.1,In Progress,Analytics; Content Strategy; Google Ads,Employed,2026-02-14,Q1 2026,active
BEN-000104,Nicholas,Cheruiyot,Male,Kisumu,Tech,Digital Marketing,Gebeya,82.9,In Progress,Content Strategy; SEO; Social Media Marketing,Unemployed,2026-04-10,Q2 2026,active
BEN-000105,Kelvin,Cheruiyot,Male,Nyeri,Tech,Digital Marketing,Gebeya,97.0,In Progress,Content Strategy; Google Ads; Social Media Marketing,Unemployed,2026-07-20,Q3 2026,active
BEN-000116,Anthony,Hassan,Male,Mombasa,Tech,Web Development,Moringa School,65.9,In Progress,JavaScript; React,Unemployed,2026-09-17,Q3 2026,active
BEN-000121,Mercy,Wekesa,Female,Kakamega,Tech,Web Development,Andela,79.0,Completed,Git; JavaScript; Node.js; React,Employed,2025-08-02,Q3 2025,completed
BEN-000125,Chepkoech,Kuria,Female,Kilifi,Tech,Cybersecurity,Moringa School,68.1,Completed,Ethical Hacking; Incident Response; Network Security; Risk Assessment,Unemployed,2026-06-07,Q2 2026,completed
BEN-000128,Brian,Korir,Male,Nairobi,Tech,Cloud Computing,Akirachix,87.3,In Progress,AWS; Azure; Docker; Kubernetes,Self-Employed,2026-08-05,Q3 2026,active
BEN-000129,Nicholas,Achieng,Male,Nairobi,Tech,Data Science,Andela,91.1,Completed,Python; SQL,Self-Employed,2025-06-09,Q2 2025,completed
BEN-000136,Collins,Barasa,Male,Muranga,Tech,Cybersecurity,Gebeya,82.8,Completed,Ethical Hacking; Incident Response; Risk Assessment,Employed,2025-03-01,Q1 2025,completed
BEN-000137,Kevin,Wekesa,Male,Kakamega,Tech,Web Development,Moringa School,76.7,Completed,Git; HTML/CSS; Node.js; REST APIs,Self-Employed,2025-10-14,Q4 2025,completed
BEN-000138,Isaac,Gitau,Male,Machakos,Tech,Mobile App Development,Gebeya,80.2,Completed,Firebase; Flutter; React Native; Swift,Employed,2026-03-13,Q1 2026,completed
BEN-000142,Joseph,Omondi,Male,Muranga,Tech,Digital Marketing,Moringa School,83.2,DROPPED,Google Ads; SEO; Social Media Marketing,Self-Employed,2025-10-22,Q4 2025,dropped_out
BEN-000147,Kipchoge,Kamau,Male,BUNGOMA,Tech,AI & Machine Learning,eMobilis,71.8,In Progress,Model Deployment; NLP; TensorFlow,Employed,2026-07-05,Q3 2026,active
BEN-000152,Faith,Njenga,Female,Nairobi,Tech,Data Science,Moringa School,74.2,In Progress,Machine Learning; SQL,Unemployed,2026-08-08,Q3 2026,active
BEN-000155,Mercy,Rotich,Female,Nyeri,Tech,UI/UX Design,Akirachix,81.1,Dropped,Design Systems; Figma; Prototyping; Wireframing,Employed,2025-09-10,Q3 2025,dropped_out
BEN-000156,Daniel,Onyango,Male,Nairobi,Tech,Cybersecurity,Gebeya,97.2,In Progress,Ethical Hacking; Incident Response; Network Security; Risk Assessment,Self-Employed,2026-06-12,Q2 2026,active
BEN-000159,Wanjiku,Mutua,Female,Kisumu,Tech,Web Development,Gebeya,78.0,Dropped,Git; HTML/CSS; Node.js; React,Employed,2025-03-27,Q1 2025,dropped_out
BEN-000161,Joy,Kimani,Female,Meru,Tech,Data Science,eMobilis,82.5,Completed,Machine Learning; Pandas; SQL,Employed,2026-02-16,Q1 2026,completed
BEN-000162,Akinyi,Njoroge,Female,Nyeri,Tech,AI & Machine Learning,Moringa School,77.6,Dropped,Computer Vision; Model Deployment; NLP; Python,Employed,2025-10-12,Q4 2025,dropped_out
BEN-000163,Amina,Wekesa,f,Kajiado,Tech,Cybersecurity,Akirachix,70.3,Completed,Ethical Hacking; Incident Response; Network Security; Risk Assessment,Employed,2025-02-13,Q1 2025,completed
BEN-000166,Wanjiku,Bett,Female,Uasin Gishu,Tech,Cloud Computing,Akirachix,64.3,Completed,AWS; Docker; Kubernetes; Linux Administration,Internship,2025-10-08,Q4 2025,completed
BEN-000175,Onyango,Mwangi,Male,KAKAMEGA,Tech,Digital Marketing,Power Learn Project,71.3,Completed,Content Strategy; Google Ads; SEO; Social Media Marketing,Unemployed,2025-06-22,Q2 2025,completed
BEN-000177,Sharon,Kimani,Female,Kajiado,Tech,Digital Marketing,Moringa School,95.9,Dropped,Analytics; Content Strategy; Google Ads; Social Media Marketing,Unemployed,2025-06-02,Q2 2025,dropped_out
BEN-000210,Peter,Kimani,Male,Kisii,Tech,Cloud Computing,eMobilis,91.0,In Progress,Azure; Linux Administration,Unemployed,2026-03-30,Q1 2026,active
BEN-000212,Emmanuel,Kimani,M,Kisumu,Tech,Digital Marketing,eMobilis,81.0,In Progress,Content Strategy; Google Ads,Self-Employed,2026-09-23,Q3 2026,active
BEN-000215,Cheruiyot,Maina,Male,Kakamega,Tech,Data Science,Power Learn Project,72.4,Completed,Machine Learning; Pandas,Employed,2025-10-27,Q4 2025,completed
BEN-000226,Kiptoo,Gitau,Male,Kiambu,Tech,Web Development,Akirachix,91.3,Completed,Git; REST APIs,Employed,2025-11-30,Q4 2025,completed
BEN-000229,Kipchoge,Kuria,Male,Nairobi,Tech,UI/UX Design,Gebeya,72.4,Completed,User Research; Wireframing,Employed,2025-11-12,Q4 2025,completed
BEN-000231,Amina,Mutua,f,Kiambu,Tech,Mobile App Development,Andela,81.8,In Progress,Firebase; Flutter; Kotlin; React Native,Unemployed,2026-07-02,Q3 2026,active
BEN-000234,Gathoni,Kimani,Female,Uasin Gishu,Tech,Cybersecurity,Gebeya,87.7,In Progress,Ethical Hacking; Network Security; Risk Assessment,Employed,2026-03-04,Q1 2026,active
BEN-000239,Simon,Kariuki,Male,Muranga,Tech,Mobile App Development,Andela,88.5,In Progress,Firebase; Kotlin; Swift,Employed,2026-05-29,Q2 2026,active
BEN-000244,Cynthia,Koech,Female,Nakuru,Tech,Cloud Computing,Moringa School,93.0,Completed,Azure; Docker,Employed,2026-01-21,Q1 2026,completed
BEN-000248,Brenda,Musyoka,Female,Nyeri,Tech,Digital Marketing,Moringa School,84.6,Completed,Analytics; Google Ads; Social Media Marketing,Self-Employed,2025-12-11,Q4 2025,completed
BEN-000262,Kelvin,Koech,Male,Kakamega,Tech,AI & Machine Learning,Akirachix,65.0,Completed,Computer Vision; Model Deployment; Python; TensorFlow,Unemployed,2025-10-29,Q4 2025,completed
BEN-000267,Sharon,Otieno,Female,Mombasa,Tech,Digital Marketing,Andela,84.9,Completed,Content Strategy; Google Ads; SEO,Unemployed,2026-03-06,Q1 2026,completed
BEN-000270,John,Chebet,Male,Nairobi,Tech,Digital Marketing,eMobilis,90.5,COMPLETED,Analytics; Content Strategy; SEO; Social Media Marketing,Self-Employed,2025-08-16,Q3 2025,completed
BEN-000271,Barasa,Onyango,Male,Uasin Gishu,Tech,UI/UX Design,Power Learn Project,74.5,In Progress,Figma; Prototyping; Wireframing,Self-Employed,2026-05-04,Q2 2026,active
BEN-000278,Brenda,Mutiso,Female,kakamega,Tech,Digital Marketing,Gebeya,72.7,In Progress,Content Strategy; Google Ads; SEO,Employed,2026-06-13,Q2 2026,active
BEN-000282,Esther,Otieno,Female,Kiambu,Tech,Digital Marketing,Andela,82.2,In Progress,Analytics; Content Strategy; Google Ads,Unemployed,2026-01-10,Q1 2026,active
BEN-000284,Purity,Wafula,Female,Bungoma,Tech,Data Science,Moringa School,86.4,In Progress,Data Visualization; Pandas; Python; SQL,Unemployed,2026-08-16,Q3 2026,active
BEN-000293,Kevin,Musyoka,Male,Machakos,Tech,Data Science,eMobilis,86.1,Completed,Machine Learning; SQL; Statistics,Unemployed,2025-09-30,Q3 2025,completed
BEN-000296,Wanjiku,Omondi,Female,Nairobi,Tech,Digital Marketing,Akirachix,92.1,Completed,Analytics; Content Strategy; Google Ads; Social Media Marketing,Employed,2025-05-02,Q2 2025,completed
BEN-000301,Caroline,Gitau,Female,Kisii,Tech,UI/UX Design,Gebeya,67.7,In Progress,Design Systems; Figma; Prototyping; Wireframing,Unemployed,2026-07-18,Q3 2026,active
BEN-000302,Juma,Muthoni,Male,Muranga,Tech,Mobile App Development,Gebeya,86.7,In Progress,Kotlin; React Native; Swift,Self-Employed,2026-06-27,Q2 2026,active
BEN-000311,Onyango,Kilonzo,Male,Kisii,Tech,Cybersecurity,Gebeya,74.4,Completed,Ethical Hacking; Incident Response,Employed,2025-12-01,Q4 2025,completed
BEN-000313,Achieng,Njoroge,Female,Nyeri,Tech,Web Development,Akirachix,80.4,In Progress,JavaScript; Node.js; React,Unemployed,2026-07-04,Q3 2026,active
BEN-000319,Halima,Muthoni,Female,Meru,Tech,Digital Marketing,eMobilis,75.0,In Progress,Content Strategy; SEO,Employed,2026-08-24,Q3 2026,active
BEN-000320,Stephen,Korir,Male,Bungoma,Tech,Data Science,Gebeya,84.7,Dropped,Machine Learning; SQL; Statistics,Unemployed,2026-01-09,Q1 2026,dropped_out
BEN-000322,Sharon,Kariuki,Female,Kilifi,Tech,UI/UX Design,Power Learn Project,79.1,Dropped,Design Systems; Figma; User Research; Wireframing,Self-Employed,2025-09-20,Q3 2025,dropped_out
BEN-000329,Sharon,Juma,Female,Kakamega,Tech,AI & Machine Learning,Andela,65.3,Completed,Computer Vision; Model Deployment; NLP; Python,Employed,2025-06-14,Q2 2025,completed
BEN-000335,Kamau,Korir,Male,Kilifi,Tech,Cybersecurity,Akirachix,79.7,In Progress,Incident Response; Risk Assessment,Unemployed,2026-08-09,Q3 2026,active
BEN-000342,Zawadi,Ngugi,Female,Kiambu,Tech,AI & Machine Learning,Andela,79.5,Completed,Model Deployment; Python,Unemployed,2026-03-03,Q1 2026,completed
BEN-000348,Joy,Kuria,Female,Nairobi,Tech,AI & Machine Learning,Gebeya,97.8,In Progress,Computer Vision; NLP; TensorFlow,Employed,2026-04-10,Q2 2026,active
BEN-000354,Daniel,Omondi,Male,Kisumu,Tech,Digital Marketing,Akirachix,75.9,In Progress,Analytics; Content Strategy; Google Ads; Social Media Marketing,Self-Employed,2026-07-30,Q3 2026,active
BEN-000356,Nicholas,Korir,Male,Kiambu,Tech,UI/UX Design,eMobilis,98.6,In Progress,Design Systems; Prototyping; User Research; Wireframing,Unemployed,2026-04-26,Q2 2026,active
BEN-000362,Timothy,Hassan,Male,Kajiado,Tech,AI & Machine Learning,Moringa School,74.2,Dropped,Model Deployment; NLP,Self-Employed,2025-06-06,Q2 2025,dropped_out
BEN-000365,Kipchoge,Koech,Male,Nakuru,Tech,Cybersecurity,Moringa School,90.2,Completed,Ethical Hacking; Network Security; Risk Assessment,Employed,2025-10-07,Q4 2025,completed
BEN-000369,Mercy,Katana,Female,Nyeri,Tech,Cloud Computing,Gebeya,74.8,In Progress,AWS; Azure; Docker; Linux Administration,Self-Employed,2026-09-30,Q3 2026,active
BEN-000371,Mumbi,Mutiso,Female,Machakos,Tech,UI/UX Design,Power Learn Project,82.3,Dropped,Design Systems; Prototyping; User Research,Unemployed,2025-06-05,Q2 2025,dropped_out
BEN-000375,Amina,Baya,Female,Nairobi,Tech,Digital Marketing,Gebeya,77.0,In Progress,Analytics; Google Ads,Unemployed,2026-08-11,Q3 2026,active
BEN-000383,Neema,Owino,Female,Kakamega,Tech,Data Science,Andela,72.6,In Progress,Machine Learning; SQL; Statistics,Unemployed,2026-04-20,Q2 2026,active
BEN-000386,John,Mutua,MALE,Kiambu,Tech,Web Development,eMobilis,82.9,Completed,HTML/CSS; JavaScript; Node.js; REST APIs,Employed,2025-12-09,Q4 2025,completed
BEN-000387,Kendi,Barasa,Female,Kilifi,Tech,Cloud Computing,Andela,76.4,complete,AWS; Docker; Kubernetes,Unemployed,2026-01-11,Q1 2026,completed
BEN-000392,Vincent,Njoroge,Male,Kajiado,Tech,UI/UX Design,Gebeya,77.4,In Progress,Figma; Wireframing,Unemployed,2026-09-27,Q3 2026,active
BEN-000393,Ali,Owino,Male,Meru,Tech,Digital Marketing,Andela,90.3,In Progress,Analytics; Content Strategy; Google Ads; Social Media Marketing,Unemployed,2026-07-18,Q3 2026,active
BEN-000398,Nasieku,Cheruiyot,Female,Nairobi,Tech,Digital Marketing,Moringa School,100.0,In Progress,Content Strategy; Google Ads; SEO,Self-Employed,2026-03-29,Q1 2026,active
BEN-000401,Korir,Njenga,Male,Meru,Tech,Web Development,Andela,78.0,Completed,Git; REST APIs; React,Self-Employed,2025-11-03,Q4 2025,completed
BEN-000402,Stephen,Musyoka,Male,Nyeri,Tech,Data Science,Akirachix,100.0,In Progress,Machine Learning; Pandas; SQL; Statistics,Self-Employed,2026-06-06,Q2 2026,active
BEN-000404,Vincent,Baya,M,nairobi,Tech,Cybersecurity,Andela,100.0,In Progress,Network Security; Risk Assessment,Unemployed,2026-08-11,Q3 2026,active
BEN-000407,Boniface,Onyango,Male,uasin gishu,Tech,UI/UX Design,eMobilis,80.0,In Progress,Design Systems; Figma; Prototyping; User Research,Unemployed,2026-04-16,Q2 2026,active
BEN-000408,Joy,Korir,f,Mombasa,Tech,Cloud Computing,Gebeya,80.6,Dropped,Azure; Docker; Kubernetes; Linux Administration,Unemployed,2025-10-01,Q4 2025,dropped_out
BEN-000416,Simon,Kuria,Male,Nakuru,Tech,Mobile App Development,Power Learn Project,79.0,In Progress,Kotlin; React Native; Swift,Unemployed,2026-08-11,Q3 2026,active
BEN-000419,Kamau,Muthoni,Male,Uasin Gishu,Tech,Web Development,Gebeya,86.1,In Progress,Node.js; REST APIs; React,Employed,2026-09-08,Q3 2026,active
BEN-000422,John,Katana,Male,Kiambu,Tech,UI/UX Design,Akirachix,74.3,In Progress,Design Systems; Figma; Prototyping; Wireframing,Unemployed,2026-08-03,Q3 2026,active
BEN-000431,Juma,Juma,Male,Uasin Gishu,Tech,Cybersecurity,Moringa School,90.9,Dropped,Ethical Hacking; Incident Response; Network Security; Risk Assessment,Unemployed,2025-12-08,Q4 2025,dropped_out
BEN-000432,Brian,Njoroge,Male,Nakuru,Tech,Data Science,Andela,85.6,In Progress,Data Visualization; Pandas; SQL; Statistics,Unemployed,2026-08-04,Q3 2026,active
BEN-000434,Gathoni,Baya,Female,Nairobi,Tech,Data Science,Moringa School,81.5,In Progress,Data Visualization; Machine Learning; Pandas; SQL,Employed,2026-07-03,Q3 2026,active
BEN-000437,Achieng,Juma,Female,Bungoma,Tech,Data Science,Moringa School,78.5,Completed,Machine Learning; SQL; Statistics,Self-Employed,2025-12-27,Q4 2025,completed
BEN-000450,Joseph,Njenga,Male,Kisumu,Tech,Digital Marketing,Moringa School,90.0,Completed,Google Ads; SEO; Social Media Marketing,Unemployed,2025-09-11,Q3 2025,completed
BEN-000451,Caroline,Njenga,Female,Nyeri County,Tech,UI/UX Design,eMobilis,78.3,Dropped,Design Systems; Prototyping; User Research,Employed,2025-09-28,Q3 2025,dropped_out
BEN-000458,Nasieku,Kilonzo,Female,Meru,Tech,Digital Marketing,Andela,84.2,In Progress,Analytics; Content Strategy; Social Media Marketing,Unemployed,2026-04-10,Q2 2026,active
BEN-000459,Zawadi,Juma,Female,Kajiado,Tech,AI & Machine Learning,Akirachix,68.0,In Progress,Computer Vision; TensorFlow,Unemployed,2026-01-11,Q1 2026,active
BEN-000467,Vincent,Mohamed,Male,Mombasa,Tech,UI/UX Design,Power Learn Project,68.3,In Progress,Design Systems; Figma; Prototyping; Wireframing,Employed,2026-09-12,Q3 2026,active
BEN-000469,Nyambura,Omondi,Female,NAIROBI,Tech,AI & Machine Learning,Akirachix,94.9,Completed,Computer Vision; NLP; Python,Employed,2025-01-26,Q1 2025,completed
BEN-000472,Purity,Cheruiyot,Female,Uasin Gishu,Tech,AI & Machine Learning,Power Learn Project,83.6,In Progress,Model Deployment; Python,Self-Employed,2026-08-01,Q3 2026,active
BEN-000485,Cherono,Mbogo,Female,Kakamega,Tech,Cloud Computing,Power Learn Project,65.4,Dropped,Azure; Kubernetes,Employed,2025-12-22,Q4 2025,dropped_out
BEN-000486,Dennis,Baya,MALE,Nairobi,Tech,UI/UX Design,Akirachix,89.3,Completed,Figma; Prototyping; User Research; Wireframing,Employed,2025-03-25,Q1 2025,completed
BEN-000492,Otieno,Barasa,Male,Kisii,Tech,Mobile App Development,eMobilis,78.9,COMPLETED,Firebase; Swift,Self-Employed,2025-11-24,Q4 2025,completed
BEN-000497,Ali,Katana,Male,Kisumu,Tech,Data Science,Power Learn Project,67.8,In Progress,Pandas; SQL,Unemployed,2026-08-17,Q3 2026,active
BEN-000500,Vincent,Korir,Male,Kiambu,Tech,AI & Machine Learning,Moringa School,100.0,Completed,Python; TensorFlow,Employed,2025-06-01,Q2 2025,completed
BEN-000506,Sharon,Musyoka,Female,Nakuru,Tech,Web Development,Moringa School,92.5,Dropped,HTML/CSS; JavaScript; Node.js; React,Unemployed,2025-05-21,Q2 2025,dropped_out
BEN-000519,Beatrice,Mbogo,Female,Kiambu,Tech,AI & Machine Learning,Power Learn Project,90.0,In Progress,Computer Vision; Model Deployment; NLP,Unemployed,2026-03-24,Q1 2026,active
BEN-000525,Njeri,Hassan,Female,Uasin Gishu,Tech,Cloud Computing,Andela,80.5,In Progress,AWS; Azure; Kubernetes; Linux Administration,Unemployed,2026-08-14,Q3 2026,active
BEN-000528,Daniel,Wekesa,Male,Meru,Tech,Cybersecurity,Moringa School,86.6,In Progress,Ethical Hacking; Incident Response; Network Security; Risk Assessment,Unemployed,2026-03-29,Q1 2026,active
BEN-000536,Diana,Maina,Female,Nairobi,Tech,Data Science,eMobilis,89.5,In Progress,Data Visualization; Machine Learning; SQL; Statistics,Self-Employed,2026-09-05,Q3 2026,active
BEN-000544,Zawadi,Rotich,f,Kakamega,Tech,AI & Machine Learning,Moringa School,73.7,In Progress,Computer Vision; NLP; Python; TensorFlow,Employed,2026-03-17,Q1 2026,active
BEN-000549,Brenda,Kimani,Female,Mombasa County,Tech,Digital Marketing,Andela,89.0,In Progress,Analytics; Google Ads,Unemployed,2026-09-19,Q3 2026,active
BEN-000551,Gathoni,Achieng,Female,Nakuru,Tech,UI/UX Design,Moringa School,74.2,complete,Design Systems; Figma; User Research; Wireframing,Self-Employed,2026-03-13,Q1 2026,completed
BEN-000557,Purity,Wafula,Female,Kisii,Tech,Cybersecurity,Andela,86.9,Completed,Incident Response; Network Security; Risk Assessment,Employed,2026-02-16,Q1 2026,completed
BEN-000562,Stephen,Omondi,Male,Machakos,Tech,Digital Marketing,eMobilis,86.2,In Progress,Analytics; Google Ads,Unemployed,2026-02-23,Q1 2026,active
BEN-000564,Jerop,Owino,Female,Muranga,Tech,Digital Marketing,Andela,76.9,Completed,Content Strategy; Google Ads,Employed,2026-01-22,Q1 2026,completed
BEN-000572,Nyambura,Kilonzo,Female,Kajiado,Tech,Mobile App Development,Gebeya,70.1,In Progress,Firebase; Flutter; Kotlin; React Native,Employed,2026-09-11,Q3 2026,active
BEN-000589,Jerop,Nyambane,Female,Kisumu,Tech,AI & Machine Learning,Power Learn Project,64.9,Completed,Computer Vision; Model Deployment,Unemployed,2025-11-24,Q4 2025,completed
BEN-000593,Brenda,Ochieng,Female,Muranga,Tech,UI/UX Design,Akirachix,95.4,Completed,Figma; User Research; Wireframing,Unemployed,2026-06-22,Q2 2026,completed
BEN-000596,Francis,Ochieng,Male,Nakuru,Tech,UI/UX Design,Gebeya,69.8,In Progress,Design Systems; Figma,Self-Employed,2026-06-03,Q2 2026,active
BEN-000599,Nyambura,Mohamed,female,Machakos,Tech,AI & Machine Learning,Akirachix,78.1,In Progress,Computer Vision; Python; TensorFlow,Unemployed,2026-08-28,Q3 2026,active
BEN-000605,Daniel,Mwakio,Male,Kakamega,Tech,Cloud Computing,eMobilis,82.7,Dropped,AWS; Azure; Docker; Linux Administration,Unemployed,2025-08-29,Q3 2025,dropped_out
BEN-000606,Kagure,Odhiambo,Female,Kilifi,Tech,Web Development,Power Learn Project,72.9,Completed,JavaScript; Node.js,Employed,2026-05-07,Q2 2026,completed
BEN-000614,Brenda,Mohamed,Female,Nairobi,Tech,Cloud Computing,Akirachix,99.0,In Progress,AWS; Azure; Kubernetes,Unemployed,2026-02-12,Q1 2026,active
BEN-000619,Wanjiru,Achieng,Female,Muranga,Tech,Mobile App Development,Akirachix,81.9,DROPPED,Firebase; Flutter; Kotlin; Swift,Unemployed,2026-04-20,Q2 2026,dropped_out
BEN-000624,Neema,Baya,Female,Kajiado,Tech,Mobile App Development,Akirachix,77.5,Completed,Firebase; Flutter,Unemployed,2025-02-19,Q1 2025,completed
BEN-000634,Collins,Rotich,Male,Kiambu,Tech,Digital Marketing,Andela,98.8,Dropped,Content Strategy; SEO,Unemployed,2026-01-13,Q1 2026,dropped_out
BEN-000639,Brenda,Mbogo,Female,Kakamega,Tech,Digital Marketing,eMobilis,69.4,In Progress,Content Strategy; SEO; Social Media Marketing,Self-Employed,2026-07-20,Q3 2026,active
BEN-000644,Zawadi,Wanjiku,Female,Nairobi,Tech,AI & Machine Learning,eMobilis,80.7,In Progress,Computer Vision; NLP; TensorFlow,Unemployed,2026-07-23,Q3 2026,active
BEN-000660,Akinyi,Mutua,Female,Meru,Tech,AI & Machine Learning,eMobilis,84.0,In Progress,Computer Vision; Model Deployment; NLP,Unemployed,2026-05-23,Q2 2026,active
BEN-000668,Faith,Ngugi,Female,Meru,Tech,Mobile App Development,Akirachix,86.5,In Progress,Flutter; React Native; Swift,Unemployed,2026-05-06,Q2 2026,active
BEN-000672,Nicholas,Nyambane,Male,Kisii,Tech,Mobile App Development,Gebeya,89.3,complete,Firebase; Kotlin,Self-Employed,2026-02-23,Q1 2026,completed
BEN-000676,Barasa,Nyambane,Male,Mombasa,Tech,Cybersecurity,Andela,99.2,Completed,Ethical Hacking; Incident Response; Network Security; Risk Assessment,Employed,2026-03-13,Q1 2026,completed
BEN-000678,Nasieku,Maina,Female,Muranga,Tech,Mobile App Development,Andela,95.6,Dropped,Flutter; Kotlin; Swift,Self-Employed,2026-01-16,Q1 2026,dropped_out
BEN-000680,James,Odhiambo,Male,Kajiado,Tech,Mobile App Development,Power Learn Project,84.4,In Progress,Firebase; Kotlin,Self-Employed,2026-08-23,Q3 2026,active
BEN-000685,David,Onyango,Male,Kakamega,Tech,AI & Machine Learning,Moringa School,79.4,In Progress,Computer Vision; TensorFlow,Employed,2026-08-05,Q3 2026,active
BEN-000686,Wanjiku,Mutua,Female,Nairobi,Tech,Web Development,Gebeya,92.0,In Progress,JavaScript; Node.js; REST APIs; React,Unemployed,2026-02-21,Q1 2026,active
BEN-000687,Mumbi,Cheruiyot,Female,Nairobi,Tech,Data Science,eMobilis,93.6,Completed,Data Visualization; Pandas; Python; Statistics,Self-Employed,2026-06-16,Q2 2026,completed
BEN-000689,Nicholas,Barasa,Male,Meru,Tech,Digital Marketing,Moringa School,73.1,In Progress,SEO; Social Media Marketing,Unemployed,2026-05-12,Q2 2026,active
BEN-000694,Brenda,Kiptoo,Female,Nairobi,Tech,Cybersecurity,Gebeya,98.8,Completed,Ethical Hacking; Incident Response; Network Security; Risk Assessment,Unemployed,2026-04-23,Q2 2026,completed
BEN-000695,Wangari,Kimani,Female,Uasin Gishu,Tech,UI/UX Design,eMobilis,84.1,In Progress,Design Systems; Figma; User Research; Wireframing,Unemployed,2026-08-05,Q3 2026,active
BEN-000700,Isaac,Musyoka,MALE,Nairobi,Tech,AI & Machine Learning,Power Learn Project,91.6,In Progress,Model Deployment; Python; TensorFlow,Unemployed,2026-08-07,Q3 2026,active
BEN-000701,Awuor,Mwakio,Female,Bungoma,Tech,Web Development,Moringa School,77.0,In Progress,HTML/CSS; REST APIs; React,Unemployed,2026-07-29,Q3 2026,active
BEN-000702,Rotich,Maina,Male,Nairobi,Tech,Mobile App Development,Akirachix,62.8,Dropped,Flutter; React Native; Swift,Employed,2025-11-18,Q4 2025,dropped_out
BEN-000705,Wangari,Gitau,Female,Kakamega,Tech,Mobile App Development,Moringa School,62.9,In Progress,Firebase; Flutter,Employed,2026-09-15,Q3 2026,active
BEN-000708,Mutua,Nyambane,Male,Kajiado,Tech,UI/UX Design,Gebeya,71.8,In Progress,Design Systems; Figma; Wireframing,Unemployed,2026-08-29,Q3 2026,active
BEN-000715,Esther,Wanjiku,Female,Mombasa,Tech,Digital Marketing,Akirachix,80.3,Completed,Analytics; Google Ads; SEO; Social Media Marketing,Unemployed,2025-10-05,Q4 2025,completed
BEN-000717,Daniel,Njoroge,Male,Mombasa,Tech,Digital Marketing,eMobilis,86.2,In Progress,Analytics; Content Strategy; Google Ads,Unemployed,2026-07-15,Q3 2026,active
BEN-000721,Esther,Kimani,Female,Mombasa,Tech,Data Science,Gebeya,78.6,In Progress,Data Visualization; Machine Learning; Python; SQL,Self-Employed,2026-09-21,Q3 2026,active
BEN-000731,Mohamed,Chebet,Male,Nairobi,Tech,Data Science,eMobilis,98.0,Completed,Machine Learning; Python,Employed,2025-09-09,Q3 2025,completed
BEN-000733,Neema,Kiptoo,Female,Machakos,Tech,Data Science,Power Learn Project,94.3,In Progress,Data Visualization; Pandas; Statistics,Unemployed,2026-07-19,Q3 2026,active
BEN-000734,Nicholas,Kiptoo,Male,Nairobi,Tech,Web Development,Andela,87.9,Completed,Node.js; React,Employed,2025-11-02,Q4 2025,completed
BEN-000735,Simon,Muthoni,Male,Uasin Gishu,Tech,Mobile App Development,Power Learn Project,91.8,In Progress,Firebase; Flutter; React Native,Unemployed,2026-09-04,Q3 2026,active
BEN-000740,Cheruiyot,Mwangi,Male,Meru,Tech,Data Science,Akirachix,90.2,Completed,Data Visualization; Machine Learning; SQL,Employed,2025-08-03,Q3 2025,completed
BEN-000749,Simon,Kiptoo,M,Nairobi,Tech,Web Development,Power Learn Project,97.1,Completed,HTML/CSS; Node.js; REST APIs,Employed,2025-01-30,Q1 2025,completed
BEN-000756,Emily,Njenga,Female,Nairobi,Tech,Digital Marketing,Power Learn Project,80.6,Dropped,Content Strategy; SEO; Social Media Marketing,Employed,2025-08-03,Q3 2025,dropped_out
BEN-000758,Njeri,Ochieng,Female,Kiambu,Tech,Web Development,Power Learn Project,75.5,In Progress,Git; Node.js,Self-Employed,2026-05-23,Q2 2026,active
BEN-000761,Peter,Njoroge,Male,Nairobi,Tech,Digital Marketing,Andela,85.2,In Progress,Analytics; Content Strategy; Google Ads,Unemployed,2026-01-25,Q1 2026,active
BEN-000762,Wanjiru,Koech,Female,Kilifi,Tech,Mobile App Development,Akirachix,75.1,In Progress,Firebase; Flutter; React Native; Swift,Unemployed,2026-09-18,Q3 2026,active
BEN-000770,Wanjiru,Mohamed,Female,Mombasa,Tech,Web Development,Akirachix,93.6,Completed,Git; JavaScript,Self-Employed,2025-11-30,Q4 2025,completed
BEN-000771,Njeri,Omondi,Female,Nairobi,Tech,Web Development,Power Learn Project,100.0,Completed,HTML/CSS; Node.js; REST APIs,Self-Employed,2026-01-10,Q1 2026,completed
BEN-000773,Mercy,Mohamed,Female,Kisii,Tech,Cybersecurity,eMobilis,89.3,In Progress,Ethical Hacking; Incident Response; Network Security; Risk Assessment,Unemployed,2026-04-09,Q2 2026,active
BEN-000779,Francis,Wanjiku,Male,Uasin Gishu,Tech,Cybersecurity,Power Learn Project,93.7,Dropped,Network Security; Risk Assessment,Employed,2026-05-17,Q2 2026,dropped_out
BEN-000781,Chebet,Bett,Female,Machakos,Tech,Cloud Computing,Gebeya,91.3,In Progress,AWS; Docker; Kubernetes,Unemployed,2026-08-13,Q3 2026,active
BEN-000791,Chepkoech,Barasa,Female,Nakuru,Tech,Cybersecurity,Power Learn Project,79.3,Completed,Ethical Hacking; Incident Response; Network Security; Risk Assessment,Unemployed,2025-09-30,Q3 2025,completed
BEN-000792,Atieno,Odhiambo,Female,Nakuru,Tech,Mobile App Development,eMobilis,74.8,COMPLETED,Firebase; Flutter; React Native; Swift,Unemployed,2026-02-10,Q1 2026,completed
BEN-000796,Chebet,Nyambane,Female,Kisumu,Tech,AI & Machine Learning,Andela,80.2,Completed,NLP; Python,Employed,2025-01-01,Q1 2025,completed
BEN-000800,Wanjiru,Nduta,Female,Nyeri,Tech,Mobile App Development,Andela,86.9,In Progress,Flutter; Kotlin; Swift,Unemployed,2026-08-11,Q3 2026,active
BEN-000801,Nasieku,Bett,FEMALE,Kilifi,Tech,AI & Machine Learning,Andela,62.3,Completed,Computer Vision; Model Deployment; NLP; Python,Employed,2025-10-26,Q4 2025,completed
BEN-000810,Timothy,Maina,Male,Nairobi,Tech,Digital Marketing,Gebeya,74.4,Completed,Analytics; Content Strategy; SEO,Self-Employed,2025-12-12,Q4 2025,completed
BEN-000813,Nyambura,Gitau,Female,Kilifi,Tech,Mobile App Development,eMobilis,86.0,In Progress,Firebase; Kotlin; React Native; Swift,Unemployed,2026-07-13,Q3 2026,active
BEN-000818,Joseph,Kamau,Male,BUNGOMA,Tech,Data Science,Andela,92.4,complete,Machine Learning; Pandas; SQL; Statistics,Unemployed,2025-07-26,Q3 2025,completed
BEN-000837,Gathoni,Abdi,Female,Kisii,Tech,Data Science,Gebeya,77.8,In Progress,Machine Learning; Python; SQL; Statistics,Unemployed,2026-04-20,Q2 2026,active
BEN-000838,Francis,Kuria,Male,NAKURU,Tech,Mobile App Development,Andela,78.2,Dropped,Flutter; Kotlin; React Native; Swift,Unemployed,2025-12-03,Q4 2025,dropped_out
BEN-000841,Simon,Matano,Male,Kilifi,Tech,Digital Marketing,Gebeya,79.5,In Progress,Content Strategy; Google Ads; SEO; Social Media Marketing,Unemployed,2026-02-18,Q1 2026,active
BEN-000847,Joy,Mwangi,Female,Kilifi,Tech,Cybersecurity,Moringa School,80.5,Completed,Ethical Hacking; Incident Response; Network Security; Risk Assessment,Unemployed,2025-05-14,Q2 2025,completed
BEN-000853,Victor,Mutua,Male,Kiambu,Tech,Cloud Computing,eMobilis,91.1,Completed,Docker; Linux Administration,Self-Employed,2025-08-11,Q3 2025,completed
BEN-000854,Timothy,Charo,Male,Bungoma,Tech,Data Science,Moringa School,70.7,In Progress,Data Visualization; Machine Learning; Python; Statistics,Self-Employed,2026-07-14,Q3 2026,active
BEN-000855,Gathoni,Mutiso,Female,Machakos,Tech,Data Science,Andela,88.7,In Progress,Data Visualization; Statistics,Unemployed,2026-09-07,Q3 2026,active
BEN-000856,Achieng,Ochieng,Female,Nakuru,Tech,Mobile App Development,Andela,89.7,In Progress,Firebase; Flutter; Kotlin; React Native,Employed,2026-06-05,Q2 2026,active
BEN-000878,Wanjiru,Nyambane,Female,Kiambu,Tech,Cloud Computing,Power Learn Project,80.7,Completed,Docker; Kubernetes,Self-Employed,2026-04-30,Q2 2026,completed
BEN-000879,Achieng,Rotich,Female,Nairobi,Tech,Digital Marketing,Power Learn Project,85.7,In Progress,Analytics; Content Strategy; SEO,Unemployed,2026-08-04,Q3 2026,active
BEN-000883,Abdi,Mutiso,Male,Uasin Gishu,Tech,Mobile App Development,Moringa School,92.8,Completed,Firebase; Flutter; Kotlin,Employed,2025-07-25,Q3 2025,completed
BEN-000890,Halima,Abdi,Female,Mombasa,Tech,Data Science,Moringa School,80.5,Completed,Data Visualization; Statistics,Employed,2026-02-02,Q1 2026,completed
BEN-000892,Achieng,Charo,FEMALE,Uasin Gishu,Tech,Cloud Computing,Akirachix,75.3,Completed,Docker; Kubernetes; Linux Administration,Employed,2025-11-19,Q4 2025,completed
BEN-000899,David,Koech,Male,Kajiado,Tech,Data Science,Akirachix,99.3,In Progress,Data Visualization; Machine Learning; Python; Statistics,Employed,2026-03-17,Q1 2026,active
BEN-000911,Kendi,Barasa,Female,Nyeri,Tech,AI & Machine Learning,Gebeya,71.5,In Progress,Computer Vision; Model Deployment; NLP; Python,Employed,2026-07-11,Q3 2026,active
BEN-000915,Abdi,Mbogo,Male,Kilifi,Tech,UI/UX Design,Andela,70.1,Completed,Design Systems; Figma,Self-Employed,2026-01-12,Q1 2026,completed
BEN-000917,Akinyi,Kariuki,Female,mombasa,Tech,AI & Machine Learning,eMobilis,69.2,Completed,Computer Vision; Python; TensorFlow,Internship,2025-11-18,Q4 2025,completed
BEN-000918,Nasieku,Kilonzo,Female,Nakuru,Tech,Cybersecurity,Moringa School,76.1,Completed,Ethical Hacking; Incident Response; Network Security; Risk Assessment,Unemployed,2026-06-26,Q2 2026,completed
BEN-000920,Caroline,Odhiambo,Female,Nyeri,Tech,Mobile App Development,eMobilis,80.0,Completed,Firebase; Flutter; React Native; Swift,Employed,2026-03-07,Q1 2026,completed
BEN-000942,Kilonzo,Musyoka,Male,Mombasa,Tech,UI/UX Design,Gebeya,96.5,In Progress,Design Systems; Figma,Unemployed,2026-05-27,Q2 2026,active
BEN-000944,Joseph,Chebet,Male,Bungoma,Tech,Digital Marketing,Gebeya,79.3,In Progress,Analytics; Content Strategy; Google Ads,Self-Employed,2026-07-14,Q3 2026,active
BEN-000952,Nicholas,Koech,Male,Mombasa,Tech,AI & Machine Learning,Akirachix,72.2,Completed,Computer Vision; Model Deployment; TensorFlow,Employed,2026-01-09,Q1 2026,completed
BEN-000961,Boniface,Nduta,Male,Muranga,Tech,Mobile App Development,eMobilis,72.2,In Progress,Firebase; Swift,Employed,2026-05-24,Q2 2026,active
BEN-000970,Nicholas,Barasa,Male,Kisumu,Tech,Cloud Computing,Akirachix,78.1,Completed,Docker; Linux Administration,Self-Employed,2026-03-08,Q1 2026,completed
BEN-000971,Kiptoo,Ochieng,Male,Nairobi,Tech,AI & Machine Learning,Gebeya,96.4,Completed,Computer Vision; Model Deployment; NLP,Employed,2025-05-19,Q2 2025,completed
BEN-000975,Cheruiyot,Otieno,male,Nairobi,Tech,Web Development,eMobilis,75.1,In Progress,Git; Node.js,Employed,2026-08-07,Q3 2026,active
BEN-000978,Sharon,Wanjiku,Female,Kakamega,Tech,AI & Machine Learning,Gebeya,81.8,Completed,Computer Vision; Model Deployment; NLP; Python,Unemployed,2025-04-07,Q2 2025,completed
BEN-000981,Neema,Mbogo,Female,Kisumu,Tech,Mobile App Development,eMobilis,83.0,In Progress,Flutter; Kotlin; React Native,Self-Employed,2026-09-19,Q3 2026,active
BEN-000982,Vincent,Cheruiyot,Male,nairobi,Tech,Data Science,Andela,95.4,In Progress,SQL; Statistics,Unemployed,2026-04-22,Q2 2026,active
BEN-000989,Kiptoo,Odhiambo,Male,KISUMU,Tech,UI/UX Design,Akirachix,67.6,Completed,Design Systems; User Research,Self-Employed,2025-11-05,Q4 2025,completed
BEN-000991,Musyoka,Onyango,Male,Machakos,Tech,Cloud Computing,Moringa School,89.4,In Progress,Docker; Linux Administration,Self-Employed,2026-07-28,Q3 2026,active
BEN-000998,Wanjiru,Owino,Female,Kakamega,Tech,UI/UX Design,Gebeya,71.1,In Progress,Figma; Prototyping; User Research; Wireframing,Self-Employed,2026-03-04,Q1 2026,active
BEN-001004,Abdi,Wekesa,Male,Kakamega,Tech,Mobile App Development,Gebeya,75.1,In Progress,Flutter; React Native; Swift,Self-Employed,2026-08-10,Q3 2026,active
BEN-001005,Francis,Abdi,Male,Kisii,Tech,AI & Machine Learning,Power Learn Project,75.0,Completed,Computer Vision; NLP,Unemployed,2025-08-08,Q3 2025,completed
BEN-001014,Francis,Barasa,Male,Nairobi,Tech,Cybersecurity,Power Learn Project,85.5,In Progress,Ethical Hacking; Incident Response; Network Security; Risk Assessment,Unemployed,2026-07-28,Q3 2026,active
BEN-001026,Neema,Ochieng,Female,Kakamega,Tech,Web Development,Andela,95.8,Completed,HTML/CSS; JavaScript; React,Internship,2025-07-23,Q3 2025,completed
BEN-001032,Jerop,Muthoni,Female,Mombasa,Tech,Cloud Computing,Moringa School,76.9,In Progress,AWS; Azure; Docker; Linux Administration,Unemployed,2026-04-02,Q2 2026,active
BEN-001034,Amina,Nduta,Female,Mombasa,Tech,Data Science,Moringa School,92.8,Completed,Data Visualization; SQL,Unemployed,2025-12-14,Q4 2025,completed
BEN-001042,Barasa,Mwangi,Male,Nairobi,Tech,Data Science,Gebeya,100.0,In Progress,Data Visualization; Pandas; Statistics,Unemployed,2026-09-17,Q3 2026,active
BEN-001046,Daniel,Korir,Male,Kiambu,Tech,Data Science,Andela,97.1,Dropped,Machine Learning; Pandas; Python; SQL,Self-Employed,2025-09-16,Q3 2025,dropped_out
BEN-001047,Sharon,Mwakio,Female,Nairobi,Tech,UI/UX Design,Andela,92.4,Completed,Figma; Prototyping; Wireframing,Employed,2025-07-09,Q3 2025,completed
BEN-001061,Dennis,Kuria,m,Kajiado,Tech,Digital Marketing,Power Learn Project,91.4,Completed,Analytics; Google Ads; Social Media Marketing,Self-Employed,2026-01-04,Q1 2026,completed
BEN-001067,Emily,Ngugi,female,Kakamega,Tech,AI & Machine Learning,eMobilis,100.0,Completed,Model Deployment; Python; TensorFlow,Self-Employed,2025-12-24,Q4 2025,completed
BEN-001069,Anyango,Njoroge,Female,Bungoma,Tech,Data Science,Gebeya,86.2,DROPPED,Machine Learning; SQL; Statistics,Unemployed,2026-02-03,Q1 2026,dropped_out
BEN-001088,Wekesa,Baya,Male,Kisumu,Tech,Web Development,Akirachix,58.4,In Progress,HTML/CSS; JavaScript; REST APIs; React,Self-Employed,2026-06-20,Q2 2026,active
BEN-001091,Anthony,Njoroge,Male,Kiambu,Tech,Cloud Computing,Power Learn Project,74.1,Completed,AWS; Docker; Kubernetes,Employed,2026-04-07,Q2 2026,completed
BEN-001094,Barasa,Wafula,Male,Kilifi,Tech,AI & Machine Learning,Akirachix,85.7,Completed,Computer Vision; NLP,Employed,2025-01-08,Q1 2025,completed
BEN-001096,Mumbi,Musyoka,Female,Bungoma,Tech,Mobile App Development,Moringa School,85.3,In Progress,Firebase; Kotlin; React Native,Self-Employed,2026-06-28,Q2 2026,active
BEN-001102,Abdi,Katana,Male,Kilifi,Tech,Cybersecurity,Power Learn Project,76.6,complete,Ethical Hacking; Risk Assessment,Self-Employed,2025-10-10,Q4 2025,completed
BEN-001107,Caroline,Otieno,Female,Nairobi County,Tech,Cloud Computing,Moringa School,90.3,Dropped,AWS; Linux Administration,Unemployed,2026-05-09,Q2 2026,dropped_out
BEN-001108,Simon,Koech,Male,Nairobi County,Tech,AI & Machine Learning,Moringa School,99.1,In Progress,Computer Vision; Model Deployment,Unemployed,2026-02-01,Q1 2026,active
BEN-001111,Purity,Ochieng,Female,Kakamega,Tech,Mobile App Development,eMobilis,76.4,In Progress,Firebase; Kotlin,Unemployed,2026-08-23,Q3 2026,active
BEN-001114,Joy,Maina,Female,Bungoma,Tech,Digital Marketing,Moringa School,82.2,Dropped,Analytics; Google Ads; SEO,Self-Employed,2026-03-14,Q1 2026,dropped_out
BEN-001117,Mercy,Gitau,Female,Kakamega,Tech,Digital Marketing,Andela,75.9,In Progress,Content Strategy; SEO; Social Media Marketing,Unemployed,2026-09-01,Q3 2026,active
BEN-001120,Rotich,Kariuki,Male,Kisumu,Tech,Web Development,Andela,66.6,Completed,HTML/CSS; Node.js; REST APIs; React,Unemployed,2025-10-22,Q4 2025,completed
BEN-001137,Nasieku,Achieng,Female,Nairobi,Tech,Digital Marketing,Moringa School,93.9,In Progress,Content Strategy; SEO,Unemployed,2026-07-24,Q3 2026,active
BEN-001144,Timothy,Musyoka,Male,Mombasa,Tech,Mobile App Development,Power Learn Project,71.7,In Progress,Firebase; Flutter; Kotlin; React Native,Employed,2026-08-29,Q3 2026,active
BEN-001155,Neema,Cheruiyot,Female,Nairobi,Tech,Cloud Computing,Andela,95.1,Completed,AWS; Docker; Linux Administration,Self-Employed,2025-08-03,Q3 2025,completed
BEN-001161,Anyango,Musyoka,Female,Mombasa,Tech,Mobile App Development,Gebeya,64.7,Completed,Firebase; React Native; Swift,Unemployed,2025-01-16,Q1 2025,completed
BEN-001162,Timothy,Baya,Male,Uasin Gishu,Tech,Digital Marketing,Andela,79.0,COMPLETED,Analytics; Content Strategy; Google Ads; SEO,Unemployed,2025-03-02,Q1 2025,completed
BEN-001165,Dennis,Nyambane,Male,Kakamega,Tech,UI/UX Design,Akirachix,72.6,Completed,Figma; Prototyping,Employed,2025-08-15,Q3 2025,completed
BEN-001168,Musyoka,Koech,Male,Nairobi,Tech,Cybersecurity,Akirachix,79.4,In Progress,Ethical Hacking; Network Security; Risk Assessment,Unemployed,2026-01-09,Q1 2026,active
BEN-001169,Nyambura,Baya,Female,Kisii,Tech,Mobile App Development,Moringa School,83.1,In Progress,Firebase; Flutter; React Native; Swift,Unemployed,2026-07-06,Q3 2026,active
BEN-001170,Patrick,Mwakio,Male,Kisumu,Tech,Digital Marketing,Power Learn Project,61.3,In Progress,Google Ads; Social Media Marketing,Self-Employed,2026-08-20,Q3 2026,active
BEN-001172,Kelvin,Ngugi,m,Nyeri,Tech,Cybersecurity,Gebeya,82.5,In Progress,Incident Response; Network Security,Employed,2026-09-19,Q3 2026,active
BEN-001175,Ali,Maina,Male,Kiambu,Tech,AI & Machine Learning,Gebeya,72.6,Completed,Computer Vision; NLP; Python; TensorFlow,Self-Employed,2026-01-14,Q1 2026,completed
BEN-001186,Wekesa,Ngugi,Male,Nakuru,Tech,Cloud Computing,Akirachix,90.6,In Progress,AWS; Kubernetes,Employed,2026-08-28,Q3 2026,active
BEN-001188,Musyoka,Mbogo,Male,Nyeri,Tech,Web Development,Gebeya,93.3,In Progress,Git; REST APIs,Employed,2026-04-27,Q2 2026,active
BEN-001206,Cherono,Muthoni,Female,Nairobi,Tech,UI/UX Design,eMobilis,66.4,Completed,Prototyping; User Research; Wireframing,Self-Employed,2025-02-05,Q1 2025,completed
BEN-001207,Nyambura,Odhiambo,Female,Muranga,Tech,Mobile App Development,Gebeya,67.7,Completed,Firebase; Flutter; React Native,Self-Employed,2025-01-03,Q1 2025,completed
BEN-001211,Jerop,Kiptoo,Female,Nakuru,Tech,Digital Marketing,eMobilis,79.6,In Progress,Analytics; Content Strategy; SEO; Social Media Marketing,Unemployed,2026-07-08,Q3 2026,active
BEN-001213,Gathoni,Mwakio,FEMALE,Nairobi,Tech,Data Science,eMobilis,100.0,In Progress,Python; Statistics,Employed,2026-08-31,Q3 2026,active
BEN-001223,Awuor,Ochieng,Female,Machakos,Tech,Mobile App Development,eMobilis,93.2,Completed,Firebase; Kotlin; React Native,Unemployed,2026-01-26,Q1 2026,completed
BEN-001227,Mercy,Rotich,f,Nairobi,Tech,UI/UX Design,Andela,79.3,In Progress,Prototyping; User Research,Unemployed,2026-07-26,Q3 2026,active
BEN-001232,Akinyi,Wekesa,female,Kiambu,Tech,Cybersecurity,Power Learn Project,71.5,In Progress,Ethical Hacking; Incident Response; Network Security; Risk Assessment,Unemployed,2026-05-01,Q2 2026,active
BEN-001240,Samuel,Mutua,m,Kiambu,Tech,UI/UX Design,Akirachix,77.2,Completed,Figma; User Research; Wireframing,Internship,2026-06-04,Q2 2026,completed
BEN-001244,Chebet,Kamau,Female,Kiambu,Tech,Digital Marketing,Moringa School,79.3,In Progress,Content Strategy; Social Media Marketing,Unemployed,2026-05-02,Q2 2026,active
BEN-001248,Samuel,Abdi,Male,NYERI,Tech,Cloud Computing,Moringa School,81.8,Completed,AWS; Azure; Kubernetes,Employed,2025-06-28,Q2 2025,completed
BEN-001264,Cherono,Korir,Female,Machakos,Tech,Cloud Computing,eMobilis,100.0,complete,AWS; Azure; Docker; Kubernetes,Internship,2026-04-30,Q2 2026,completed
BEN-001266,Musyoka,Omondi,Male,Nairobi,Tech,Cloud Computing,Gebeya,72.5,COMPLETED,Azure; Kubernetes; Linux Administration,Employed,2025-04-12,Q2 2025,completed
BEN-001271,Kipchoge,Charo,Male,UASIN_GISHU,Tech,Digital Marketing,Moringa School,91.8,Completed,Content Strategy; Google Ads; Social Media Marketing,Unemployed,2025-01-23,Q1 2025,completed
BEN-001288,Neema,Mwangi,Female,Nairobi,Tech,AI & Machine Learning,Moringa School,79.6,Completed,Computer Vision; Model Deployment; NLP; Python,Self-Employed,2026-05-11,Q2 2026,completed
BEN-001290,Odhiambo,Muthoni,Male,Nairobi,Tech,Digital Marketing,Moringa School,83.7,Completed,Analytics; Content Strategy; Google Ads; Social Media Marketing,Unemployed,2025-03-03,Q1 2025,completed
BEN-001303,Caroline,Wanjiku,Female,Kajiado,Tech,Data Science,eMobilis,85.5,Completed,Machine Learning; Python; SQL,Unemployed,2025-04-11,Q2 2025,completed
BEN-001305,Cheruiyot,Charo,Male,Mombasa,Tech,Data Science,eMobilis,85.4,Completed,Pandas; SQL,Employed,2025-07-28,Q3 2025,completed
BEN-001310,Peter,Ngugi,Male,Muranga,Tech,UI/UX Design,Andela,93.2,Completed,Figma; Prototyping; User Research; Wireframing,Internship,2025-09-08,Q3 2025,completed
BEN-001312,Kagure,Mutua,Female,Nairobi,Tech,Mobile App Development,Akirachix,89.1,Completed,Flutter; Kotlin; React Native,Internship,2025-03-12,Q1 2025,completed
BEN-001315,Cherono,Mbogo,Female,Nairobi,Tech,Cybersecurity,Akirachix,97.2,Dropped,Ethical Hacking; Incident Response; Risk Assessment,Self-Employed,2025-03-26,Q1 2025,dropped_out
BEN-001327,Wanjiru,Wekesa,Female,MACHAKOS,Tech,Mobile App Development,eMobilis,86.7,Completed,Flutter; Kotlin; React Native,Self-Employed,2025-02-20,Q1 2025,completed
BEN-001333,Chepkoech,Matano,Female,Mombasa,Tech,UI/UX Design,Andela,97.1,Dropped,Prototyping; User Research; Wireframing,Unemployed,2025-06-20,Q2 2025,dropped_out
BEN-001335,Kilonzo,Gitau,Male,Kiambu,Tech,Digital Marketing,eMobilis,90.6,Completed,Analytics; Content Strategy; Google Ads; SEO,Unemployed,2025-03-22,Q1 2025,completed
BEN-001340,Onyango,Odhiambo,Male,Muranga,Tech,Mobile App Development,eMobilis,97.1,In Progress,Firebase; Flutter; Swift,Unemployed,2026-02-12,Q1 2026,active
BEN-001344,Korir,Kuria,Male,Kisumu,Tech,UI/UX Design,Andela,70.0,In Progress,Prototyping; User Research,Unemployed,2026-08-17,Q3 2026,active
BEN-001347,Mercy,Kuria,Female,Bungoma,Tech,Web Development,Andela,82.6,Completed,Git; HTML/CSS; React,Employed,2026-02-28,Q1 2026,completed
BEN-001349,Achieng,Chebet,Female,Meru,Tech,UI/UX Design,Akirachix,79.8,In Progress,Figma; Prototyping,Self-Employed,2026-05-17,Q2 2026,active
BEN-001355,Naisula,Koech,Female,Nyeri,Tech,Cybersecurity,Andela,80.7,Completed,Ethical Hacking; Incident Response,Employed,2025-09-11,Q3 2025,completed
BEN-001359,Kilonzo,Mutua,Male,Kisii,Tech,Cloud Computing,Gebeya,96.9,In Progress,Azure; Docker; Kubernetes; Linux Administration,Employed,2026-08-14,Q3 2026,active
BEN-001360,Onyango,Barasa,Male,Kakamega,Tech,Web Development,Power Learn Project,75.9,Completed,Git; REST APIs,Unemployed,2025-09-29,Q3 2025,completed
BEN-001361,Simon,Achieng,Male,Mombasa,Tech,UI/UX Design,Power Learn Project,94.1,Completed,Design Systems; Prototyping; Wireframing,Internship,2025-11-01,Q4 2025,completed
BEN-001362,Beatrice,Baya,Female,Mombasa,Tech,Cloud Computing,eMobilis,87.9,Dropped,AWS; Azure; Docker; Linux Administration,Unemployed,2025-03-09,Q1 2025,dropped_out
BEN-001364,Francis,Odhiambo,Male,Kisumu,Tech,Cybersecurity,eMobilis,89.8,Completed,Incident Response; Network Security,Employed,2026-02-19,Q1 2026,completed
BEN-001375,Atieno,Katana,Female,Nairobi,Tech,Cybersecurity,Power Learn Project,92.8,In Progress,Ethical Hacking; Incident Response; Network Security,Unemployed,2026-01-06,Q1 2026,active
BEN-001377,Odhiambo,Wekesa,Male,Mombasa,Tech,Digital Marketing,eMobilis,73.5,Completed,Analytics; Content Strategy; Google Ads; Social Media Marketing,Self-Employed,2026-05-18,Q2 2026,completed
BEN-001384,Kilonzo,Charo,Male,Nakuru,Tech,Cybersecurity,Andela,85.2,In Progress,Ethical Hacking; Incident Response; Network Security; Risk Assessment,Employed,2026-03-19,Q1 2026,active
BEN-001387,Chepkoech,Odhiambo,Female,Muranga,Tech,Data Science,Power Learn Project,77.0,Completed,SQL; Statistics,Self-Employed,2025-09-07,Q3 2025,completed
BEN-001389,Rotich,Mwakio,Male,Kiambu,Tech,UI/UX Design,Gebeya,88.7,In Progress,Design Systems; Figma; User Research,Unemployed,2026-08-16,Q3 2026,active
BEN-001396,Cynthia,Maina,Female,nakuru,Tech,Cloud Computing,Akirachix,80.0,In Progress,Kubernetes; Linux Administration,Unemployed,2026-05-03,Q2 2026,active
BEN-001400,Kendi,Onyango,Female,MURANGA,Tech,Cybersecurity,Gebeya,61.7,Completed,Ethical Hacking; Incident Response,Employed,2025-12-10,Q4 2025,completed
BEN-001407,Patrick,Chebet,Male,Kajiado County,Tech,Mobile App Development,Power Learn Project,69.1,Completed,Flutter; Kotlin; React Native,Self-Employed,2025-01-29,Q1 2025,completed
BEN-001408,Faith,Musyoka,F,kajiado,Tech,Cybersecurity,eMobilis,99.2,In Progress,Ethical Hacking; Network Security; Risk Assessment,Employed,2026-04-06,Q2 2026,active
BEN-001409,Omondi,Bett,Male,Kakamega,Tech,Cloud Computing,Power Learn Project,68.1,In Progress,Kubernetes; Linux Administration,Unemployed,2026-03-18,Q1 2026,active
BEN-001415,Anthony,Mohamed,Male,Uasin Gishu,Tech,Digital Marketing,Gebeya,81.3,In Progress,Analytics; Google Ads,Self-Employed,2026-07-26,Q3 2026,active
BEN-001419,James,Mwakio,Male,Meru,Tech,UI/UX Design,Power Learn Project,73.7,Dropped,Design Systems; Prototyping; Wireframing,Unemployed,2025-09-12,Q3 2025,dropped_out
BEN-001422,Ali,Musyoka,Male,Nairobi,Tech,Data Science,eMobilis,100.0,Completed,Data Visualization; Machine Learning; Pandas; Python,Unemployed,2025-07-25,Q3 2025,completed
BEN-001424,Diana,Kilonzo,Female,Kakamega,Tech,UI/UX Design,Akirachix,78.9,In Progress,Design Systems; Prototyping; Wireframing,Unemployed,2026-07-17,Q3 2026,active
BEN-001425,Grace,Omondi,Female,Nairobi,Tech,Digital Marketing,Moringa School,82.2,Completed,Analytics; Social Media Marketing,Unemployed,2026-02-22,Q1 2026,completed
BEN-001432,Brian,Nyambane,Male,Muranga,Tech,Cybersecurity,Power Learn Project,92.2,Completed,Ethical Hacking; Incident Response; Risk Assessment,Unemployed,2025-09-29,Q3 2025,completed
BEN-001441,Zawadi,Hassan,Female,Kisii,Tech,Mobile App Development,Power Learn Project,80.4,Completed,Flutter; React Native,Self-Employed,2025-12-06,Q4 2025,completed
BEN-001450,Francis,Katana,Male,BUNGOMA,Tech,Web Development,Gebeya,67.9,Completed,Git; JavaScript; Node.js; REST APIs,Unemployed,2025-08-06,Q3 2025,completed
BEN-001457,Brenda,Mwangi,Female,Uasin Gishu,Tech,Cloud Computing,eMobilis,73.0,In Progress,Docker; Kubernetes,Unemployed,2026-07-26,Q3 2026,active
BEN-001460,Akinyi,Nduta,female,Kiambu,Tech,Data Science,Power Learn Project,100.0,Dropped,Data Visualization; Machine Learning; Python,Employed,2026-04-22,Q2 2026,dropped_out
BEN-001465,Joy,Rotich,Female,Meru,Tech,Data Science,Gebeya,67.9,Completed,Data Visualization; Pandas,Self-Employed,2025-10-11,Q4 2025,completed
BEN-001469,Nyambura,Matano,Female,Mombasa,Tech,Cloud Computing,Andela,87.5,In Progress,Azure; Kubernetes; Linux Administration,Unemployed,2026-02-02,Q1 2026,active
BEN-001481,Isaac,Musyoka,Male,Kiambu,Tech,Cybersecurity,Andela,73.3,Completed,Ethical Hacking; Network Security,Internship,2025-07-19,Q3 2025,completed
BEN-001495,Halima,Mwakio,Female,Nyeri,Tech,Digital Marketing,Power Learn Project,83.8,In Progress,SEO; Social Media Marketing,Unemployed,2026-06-10,Q2 2026,active
BEN-001497,Samuel,Chebet,Male,Nairobi,Tech,Cybersecurity,Gebeya,89.4,Completed,Ethical Hacking; Incident Response; Network Security; Risk Assessment,Unemployed,2025-09-30,Q3 2025,completed
BEN-001505,Juma,Katana,Male,Uasin Gishu,Tech,UI/UX Design,Power Learn Project,75.3,In Progress,Design Systems; Prototyping; User Research,Unemployed,2026-05-24,Q2 2026,active
BEN-001508,Jerop,Odhiambo,Female,Machakos,Tech,AI & Machine Learning,eMobilis,78.0,Completed,Computer Vision; Model Deployment; TensorFlow,Self-Employed,2025-04-16,Q2 2025,completed
BEN-001510,Otieno,Charo,Male,Nairobi,Tech,Digital Marketing,Akirachix,82.0,Completed,Google Ads; Social Media Marketing,Unemployed,2025-04-07,Q2 2025,completed
BEN-001512,Faith,Juma,Female,Nairobi,Tech,Data Science,Power Learn Project,87.4,Dropped,Pandas; SQL,Unemployed,2025-10-09,Q4 2025,dropped_out
BEN-001514,Caroline,Wafula,Female,Nakuru,Tech,UI/UX Design,Moringa School,88.8,In Progress,Figma; Prototyping; Wireframing,Unemployed,2026-03-27,Q1 2026,active
BEN-001519,Purity,Mutiso,Female,Meru,Tech,Data Science,Moringa School,77.3,Completed,Data Visualization; Python; Statistics,Unemployed,2026-05-01,Q2 2026,completed
BEN-001522,Anyango,Kamau,female,Meru,Tech,AI & Machine Learning,Power Learn Project,92.2,In Progress,Computer Vision; Model Deployment; Python,Unemployed,2026-08-15,Q3 2026,active
BEN-001527,Wangari,Baya,Female,kiambu,Tech,Data Science,Gebeya,100.0,In Progress,Machine Learning; SQL; Statistics,Employed,2026-07-01,Q3 2026,active
BEN-001535,Zawadi,Owino,Female,Bungoma,Tech,Digital Marketing,eMobilis,78.1,Completed,Content Strategy; SEO; Social Media Marketing,Self-Employed,2025-10-31,Q4 2025,completed
BEN-001537,Patrick,Owino,Male,Nairobi,Tech,Cybersecurity,Akirachix,72.9,Completed,Ethical Hacking; Incident Response; Network Security; Risk Assessment,Unemployed,2025-12-01,Q4 2025,completed
BEN-001540,Kilonzo,Mwangi,Male,Mombasa,Tech,UI/UX Design,eMobilis,91.0,Completed,Design Systems; User Research,Unemployed,2025-05-17,Q2 2025,completed
BEN-001542,David,Kimani,Male,Kakamega,Tech,Cloud Computing,Gebeya,82.6,In Progress,AWS; Kubernetes,Employed,2026-07-27,Q3 2026,active
BEN-001545,Mercy,Bett,female,Kilifi,Tech,UI/UX Design,Andela,86.4,Completed,Design Systems; Figma; Prototyping; User Research,Unemployed,2025-01-11,Q1 2025,completed
BEN-001547,Francis,Kilonzo,Male,Machakos,Tech,Mobile App Development,Akirachix,56.4,Dropped,Kotlin; React Native,Unemployed,2025-10-03,Q4 2025,dropped_out
BEN-001554,Faith,Njenga,Female,Machakos,Tech,Web Development,eMobilis,68.1,Completed,HTML/CSS; JavaScript; REST APIs; React,Employed,2025-01-05,Q1 2025,completed
BEN-001560,Emily,Kariuki,Female,Bungoma,Tech,AI & Machine Learning,Andela,71.8,Completed,Computer Vision; Model Deployment,Unemployed,2025-08-12,Q3 2025,completed
BEN-001561,Juma,Matano,Male,Nairobi,Tech,Mobile App Development,eMobilis,75.3,Completed,Firebase; React Native; Swift,Internship,2025-08-20,Q3 2025,completed
BEN-001563,Joseph,Kilonzo,Male,Uasin Gishu,Tech,Cloud Computing,Akirachix,76.0,Completed,AWS; Docker; Kubernetes; Linux Administration,Employed,2025-08-13,Q3 2025,completed
BEN-001567,Beatrice,Njenga,Female,Mombasa,Tech,Mobile App Development,Gebeya,79.5,Dropped,Flutter; Swift,Unemployed,2025-11-07,Q4 2025,dropped_out
BEN-001576,Gathoni,Charo,female,Kiambu,Tech,Data Science,eMobilis,84.4,Completed,Data Visualization; Pandas; SQL; Statistics,Self-Employed,2025-09-04,Q3 2025,completed
BEN-001577,Mercy,Otieno,Female,Kisii,Tech,UI/UX Design,Power Learn Project,64.6,Completed,Figma; User Research; Wireframing,Unemployed,2026-03-04,Q1 2026,completed
BEN-001586,Kamau,Musyoka,Male,Machakos,Tech,Web Development,Akirachix,71.1,Dropped,Git; REST APIs; React,Self-Employed,2025-04-12,Q2 2025,dropped_out
BEN-001587,Collins,Kilonzo,Male,Kajiado,Tech,AI & Machine Learning,Akirachix,83.6,In Progress,Computer Vision; Python,Unemployed,2026-08-15,Q3 2026,active
BEN-001588,Musyoka,Hassan,MALE,Kiambu,Tech,UI/UX Design,Akirachix,79.4,In Progress,Design Systems; Figma; Prototyping; User Research,Unemployed,2026-09-25,Q3 2026,active
BEN-001589,Vincent,Barasa,Male,Kiambu,Tech,Cloud Computing,eMobilis,89.8,In Progress,Docker; Linux Administration,Self-Employed,2026-05-24,Q2 2026,active
BEN-001590,Juma,Omondi,Male,Muranga,Tech,Cloud Computing,eMobilis,82.1,In Progress,Azure; Kubernetes; Linux Administration,Employed,2026-09-06,Q3 2026,active
BEN-001603,Peter,Mohamed,Male,Bungoma,Tech,Mobile App Development,Gebeya,87.8,In Progress,Firebase; Flutter; Kotlin; Swift,Employed,2026-08-08,Q3 2026,active
BEN-001610,Kilonzo,Njoroge,Male,Kakamega,Tech,UI/UX Design,Power Learn Project,72.7,Completed,Design Systems; Figma; Prototyping; User Research,Employed,2025-02-19,Q1 2025,completed
BEN-001614,Diana,Kilonzo,Female,Kajiado,Tech,Data Science,Moringa School,77.6,In Progress,Data Visualization; Machine Learning; Pandas; Python,Unemployed,2026-09-09,Q3 2026,active
BEN-001616,Otieno,Juma,Male,Nairobi,Tech,Digital Marketing,Moringa School,92.3,In Progress,Analytics; Social Media Marketing,Employed,2026-09-17,Q3 2026,active
BEN-001617,Timothy,Ochieng,Male,Mombasa,Tech,UI/UX Design,Moringa School,81.8,Completed,Design Systems; Figma; Prototyping; User Research,Self-Employed,2026-06-18,Q2 2026,completed
BEN-001622,Nkatha,Gitau,Female,Nairobi,Tech,Data Science,Akirachix,85.3,Completed,Pandas; Python; SQL,Employed,2025-11-15,Q4 2025,completed
BEN-001635,Kelvin,Abdi,Male,Kilifi,Tech,UI/UX Design,Gebeya,67.6,Dropped,Design Systems; Figma; Prototyping,Employed,2025-04-01,Q2 2025,dropped_out
BEN-001644,Cheruiyot,Kuria,Male,Kiambu,Tech,Data Science,Gebeya,86.4,In Progress,Machine Learning; Pandas; SQL; Statistics,Unemployed,2026-02-11,Q1 2026,active
BEN-001650,Jerop,Mutiso,Female,Mombasa,Tech,UI/UX Design,eMobilis,74.4,In Progress,Design Systems; Figma; Prototyping; User Research,Unemployed,2026-05-25,Q2 2026,active
BEN-001652,Halima,Musyoka,Female,Nairobi,Tech,Cloud Computing,Akirachix,98.2,Completed,AWS; Kubernetes,Employed,2026-05-08,Q2 2026,completed
BEN-001662,Kagure,Kuria,Female,Nyeri,Tech,Data Science,Akirachix,74.8,Dropped,Machine Learning; Pandas; Statistics,Unemployed,2025-09-12,Q3 2025,dropped_out
BEN-001664,Ali,Njenga,Male,Meru,Tech,Cloud Computing,Power Learn Project,91.6,Completed,AWS; Linux Administration,Employed,2025-02-08,Q1 2025,completed
BEN-001667,David,Mbogo,Male,Kilifi,Tech,Web Development,Gebeya,83.1,In Progress,Git; JavaScript; Node.js; REST APIs,Self-Employed,2026-08-30,Q3 2026,active
BEN-001685,Joseph,Mohamed,Male,Muranga,Tech,Mobile App Development,Power Learn Project,77.7,Completed,Firebase; Flutter; React Native; Swift,Employed,2025-05-31,Q2 2025,completed
BEN-001687,Emily,Mwakio,Female,Uasin Gishu,Tech,Cloud Computing,Gebeya,57.0,Completed,Azure; Docker; Kubernetes; Linux Administration,Unemployed,2025-06-06,Q2 2025,completed
BEN-001688,Wangari,Kamau,Female,Machakos,Tech,Web Development,Gebeya,82.9,In Progress,REST APIs; React,Employed,2026-09-30,Q3 2026,active
BEN-001698,Wanjiru,Onyango,Female,Kisii,Tech,Mobile App Development,Power Learn Project,70.1,Dropped,Firebase; Flutter; Kotlin,Unemployed,2025-11-25,Q4 2025,dropped_out
BEN-001699,Atieno,Wanjiku,Female,Uasin Gishu,Tech,Data Science,Moringa School,78.2,Dropped,Machine Learning; Python; SQL,Self-Employed,2026-02-03,Q1 2026,dropped_out
BEN-001714,Gathoni,Owino,Female,Kajiado,Tech,Cybersecurity,Akirachix,88.6,Completed,Ethical Hacking; Incident Response; Network Security; Risk Assessment,Employed,2026-01-01,Q1 2026,completed
BEN-001721,Anthony,Mwakio,Male,Mombasa,Tech,AI & Machine Learning,eMobilis,67.8,Completed,Computer Vision; Model Deployment; TensorFlow,Employed,2026-01-22,Q1 2026,completed
BEN-001724,Cynthia,Mohamed,Female,Kajiado,Tech,Data Science,Gebeya,85.0,In Progress,Data Visualization; Python,Unemployed,2026-09-04,Q3 2026,active
BEN-001729,Korir,Kamau,Male,Kisumu,Tech,Mobile App Development,eMobilis,71.8,Completed,Firebase; Kotlin; React Native; Swift,Employed,2025-09-14,Q3 2025,completed
BEN-001732,Kiptoo,Njenga,Male,Kiambu,Tech,UI/UX Design,Moringa School,71.6,In Progress,User Research; Wireframing,Employed,2026-02-22,Q1 2026,active
BEN-001738,Purity,Mwakio,Female,Nairobi,Tech,Web Development,Moringa School,98.2,Completed,HTML/CSS; Node.js; REST APIs,Employed,2025-03-23,Q1 2025,completed
BEN-001742,Kilonzo,Wafula,Male,Nairobi,Tech,AI & Machine Learning,Akirachix,80.0,In Progress,NLP; TensorFlow,Unemployed,2026-01-10,Q1 2026,active
BEN-001757,Musyoka,Abdi,Male,Kisumu,Tech,Data Science,Power Learn Project,78.4,Dropped,Data Visualization; Machine Learning; Python; SQL,Self-Employed,2025-10-12,Q4 2025,dropped_out
BEN-001761,Mohamed,Njoroge,Male,Kiambu,Tech,UI/UX Design,Power Learn Project,81.3,Completed,Design Systems; User Research,Self-Employed,2025-05-20,Q2 2025,completed
BEN-001767,Joy,Juma,Female,Nyeri,Tech,Data Science,Akirachix,89.9,In Progress,Data Visualization; Machine Learning; Statistics,Unemployed,2026-05-30,Q2 2026,active
BEN-001769,Odhiambo,Muthoni,Male,Nyeri,Tech,AI & Machine Learning,Gebeya,67.9,Completed,Model Deployment; TensorFlow,Employed,2026-03-11,Q1 2026,completed
BEN-001776,Isaac,Mohamed,Male,Kisumu,Tech,Data Science,Moringa School,72.9,Completed,Pandas; Python; SQL,Internship,2025-04-15,Q2 2025,completed
BEN-001777,Dennis,Muthoni,Male,Kisii,Tech,Digital Marketing,eMobilis,76.5,Completed,Analytics; Google Ads; SEO; Social Media Marketing,Unemployed,2025-11-19,Q4 2025,completed
BEN-001782,Daniel,Mutiso,Male,Kisii,Tech,UI/UX Design,Moringa School,74.7,In Progress,Figma; Prototyping; Wireframing,Employed,2026-08-23,Q3 2026,active
BEN-001785,Korir,Kuria,Male,Mombasa,Tech,Mobile App Development,Gebeya,70.7,In Progress,Firebase; Flutter; React Native; Swift,Employed,2026-09-22,Q3 2026,active
BEN-001791,Wangari,Wekesa,Female,Meru,Tech,Cloud Computing,Andela,63.9,Completed,Kubernetes; Linux Administration,Unemployed,2025-09-28,Q3 2025,completed
BEN-001801,Halima,Odhiambo,Female,Mombasa,Tech,Web Development,Power Learn Project,73.0,In Progress,JavaScript; Node.js; React,Employed,2026-08-09,Q3 2026,active
BEN-001803,Kelvin,Muthoni,Male,Mombasa,Tech,Cybersecurity,Akirachix,88.4,Completed,Incident Response; Risk Assessment,Employed,2026-01-06,Q1 2026,completed
BEN-001804,Abdi,Odhiambo,Male,Meru,Tech,Cybersecurity,Akirachix,87.0,Completed,Ethical Hacking; Incident Response; Network Security,Employed,2025-05-26,Q2 2025,completed
BEN-001816,Otieno,Owino,Male,Kajiado,Tech,Cybersecurity,eMobilis,92.7,In Progress,Ethical Hacking; Incident Response,Unemployed,2026-04-06,Q2 2026,active
BEN-001819,Brenda,Kiptoo,Female,Kisii,Tech,AI & Machine Learning,Akirachix,85.5,Completed,Model Deployment; Python,Employed,2025-02-01,Q1 2025,completed
BEN-001820,Joy,Owino,Female,Meru,Tech,Cybersecurity,Akirachix,95.4,Completed,Ethical Hacking; Incident Response; Network Security; Risk Assessment,Employed,2026-05-05,Q2 2026,completed
BEN-001826,Caroline,Mutua,FEMALE,Nairobi,Tech,Mobile App Development,Akirachix,100.0,Completed,Flutter; Kotlin; React Native; Swift,Self-Employed,2026-02-06,Q1 2026,completed
BEN-001830,Timothy,Njoroge,Male,Kisumu,Tech,Data Science,Akirachix,95.5,Completed,Data Visualization; Machine Learning; Pandas; SQL,Self-Employed,2025-04-09,Q2 2025,completed
BEN-001845,Anyango,Koech,Female,Kiambu,Tech,Web Development,Gebeya,89.0,Completed,Git; HTML/CSS; Node.js; React,Employed,2025-05-04,Q2 2025,completed
BEN-001854,Rotich,Abdi,MALE,Meru,Tech,UI/UX Design,Akirachix,78.1,Dropped,Figma; Prototyping,Unemployed,2025-06-13,Q2 2025,dropped_out
BEN-001859,Sharon,Ochieng,Female,Meru,Tech,UI/UX Design,Power Learn Project,69.4,Completed,Design Systems; Figma; User Research; Wireframing,Employed,2026-02-25,Q1 2026,completed
BEN-001864,Grace,Musyoka,Female,Kiambu,Tech,Cloud Computing,Andela,100.0,In Progress,Docker; Kubernetes,Employed,2026-08-24,Q3 2026,active
BEN-001868,Diana,Njoroge,Female,Nairobi,Tech,Data Science,Andela,87.7,Completed,Data Visualization; Pandas; Python,Self-Employed,2025-07-10,Q3 2025,completed
BEN-001870,Naisula,Ngugi,FEMALE,Meru,Tech,Data Science,Akirachix,75.6,In Progress,Pandas; SQL,Employed,2026-01-27,Q1 2026,active
BEN-001872,Neema,Owino,Female,Meru,Tech,Web Development,eMobilis,74.8,In Progress,Git; HTML/CSS; React,Unemployed,2026-07-03,Q3 2026,active
BEN-001878,Amina,Achieng,Female,Mombasa,Tech,Mobile App Development,Gebeya,78.7,Completed,Firebase; React Native; Swift,Employed,2025-09-13,Q3 2025,completed
BEN-001887,Wanjiku,Hassan,Female,Uasin Gishu,Tech,Digital Marketing,eMobilis,79.4,In Progress,Content Strategy; Google Ads,Unemployed,2026-07-19,Q3 2026,active
BEN-001888,Achieng,Korir,Female,Nairobi,Tech,AI & Machine Learning,Power Learn Project,82.4,Completed,Computer Vision; Model Deployment; NLP; Python,Employed,2026-03-31,Q1 2026,completed
BEN-001896,Sharon,Achieng,Female,Kakamega,Tech,Cybersecurity,Akirachix,75.1,In Progress,Ethical Hacking; Incident Response; Network Security; Risk Assessment,Employed,2026-09-10,Q3 2026,active
BEN-001897,Cherono,Mutiso,Female,Nairobi,Tech,UI/UX Design,Power Learn Project,97.1,Completed,Figma; Prototyping; User Research; Wireframing,Employed,2026-02-07,Q1 2026,completed
BEN-001899,Nyambura,Juma,Female,Kiambu,Tech,Digital Marketing,Andela,81.0,Completed,Analytics; Social Media Marketing,Employed,2025-06-22,Q2 2025,completed
BEN-001903,Simon,Musyoka,Male,Nakuru,Tech,UI/UX Design,Akirachix,68.5,Completed,Figma; Prototyping; User Research,Self-Employed,2025-12-27,Q4 2025,completed
BEN-001904,Kilonzo,Achieng,Male,Kiambu,Tech,Cloud Computing,Andela,69.9,In Progress,AWS; Linux Administration,Unemployed,2026-08-30,Q3 2026,active
BEN-001907,Simon,Gitau,Male,KILIFI,Tech,Digital Marketing,Akirachix,68.8,Completed,Analytics; Content Strategy; SEO; Social Media Marketing,Self-Employed,2026-06-08,Q2 2026,completed
BEN-001909,Zawadi,Abdi,Female,Meru,Tech,Cloud Computing,Moringa School,80.7,Completed,AWS; Docker,Employed,2026-02-20,Q1 2026,completed
BEN-001912,Kamau,Bett,Male,Kakamega,Tech,Cloud Computing,Andela,72.6,Completed,AWS; Docker; Linux Administration,Self-Employed,2026-01-10,Q1 2026,completed
BEN-001924,Simon,Charo,Male,Nakuru,Tech,AI & Machine Learning,Akirachix,85.5,Completed,Computer Vision; Model Deployment; TensorFlow,Self-Employed,2026-03-11,Q1 2026,completed
BEN-001935,Neema,Cheruiyot,Female,kisii,Tech,AI & Machine Learning,Power Learn Project,67.6,In Progress,Computer Vision; NLP,Self-Employed,2026-01-18,Q1 2026,active
BEN-001946,Mumbi,Muthoni,Female,Kajiado,Tech,Web Development,Moringa School,78.8,Completed,Git; HTML/CSS,Employed,2026-03-03,Q1 2026,completed
BEN-001948,Mutua,Mwakio,Male,Kiambu,Tech,Web Development,Gebeya,73.7,In Progress,HTML/CSS; Node.js; React,Unemployed,2026-07-15,Q3 2026,active
BEN-001955,Otieno,Nyambane,Male,Bungoma,Tech,AI & Machine Learning,Akirachix,79.0,Completed,Model Deployment; Python,Employed,2025-10-03,Q4 2025,completed
BEN-001971,Musyoka,Kuria,Male,Muranga,Tech,Digital Marketing,eMobilis,75.4,Completed,Content Strategy; Google Ads; SEO; Social Media Marketing,Self-Employed,2026-06-07,Q2 2026,completed
BEN-001975,Amina,Maina,Female,Kilifi,Tech,Mobile App Development,eMobilis,65.8,In Progress,Flutter; Kotlin,Unemployed,2026-06-16,Q2 2026,active
BEN-001977,Odhiambo,Nduta,Male,Bungoma,Tech,Data Science,Gebeya,73.9,Completed,Machine Learning; Python; SQL,Self-Employed,2025-07-04,Q3 2025,completed
BEN-001984,Anyango,Mwangi,f,Nairobi,Tech,Cybersecurity,Gebeya,100.0,Completed,Ethical Hacking; Incident Response; Network Security,Employed,2025-10-29,Q4 2025,completed
BEN-001998,Cheruiyot,Muthoni,Male,kiambu,Tech,Cybersecurity,Akirachix,100.0,Completed,Ethical Hacking; Incident Response; Risk Assessment,Self-Employed,2026-03-19,Q1 2026,completed
BEN-001999,Purity,Omondi,Female,Muranga,Tech,AI & Machine Learning,Andela,100.0,Completed,Computer Vision; Model Deployment,Employed,2025-04-09,Q2 2025,completed
BEN-002005,Korir,Baya,Male,Muranga,Tech,Mobile App Development,Moringa School,79.4,In Progress,Flutter; Kotlin; React Native,Unemployed,2026-03-09,Q1 2026,active
BEN-002007,Anthony,Rotich,Male,Kisumu,Tech,Digital Marketing,Akirachix,74.9,In Progress,Analytics; Content Strategy; Google Ads; SEO,Unemployed,2026-01-09,Q1 2026,active
BEN-002008,Barasa,Rotich,Male,Kajiado,Tech,Data Science,Gebeya,78.8,In Progress,Data Visualization; Pandas; SQL; Statistics,Employed,2026-07-15,Q3 2026,active
BEN-002010,Kilonzo,Matano,M,Nairobi,Tech,UI/UX Design,Andela,84.6,In Progress,Design Systems; Figma; User Research; Wireframing,Unemployed,2026-09-06,Q3 2026,active
BEN-002011,Joy,Muthoni,Female,Kiambu,Tech,Cybersecurity,eMobilis,98.6,Completed,Ethical Hacking; Incident Response; Network Security,Employed,2025-10-31,Q4 2025,completed
BEN-002016,Anyango,Nyambane,Female,Muranga,Tech,AI & Machine Learning,Akirachix,82.1,In Progress,Python; TensorFlow,Self-Employed,2026-01-16,Q1 2026,active
BEN-002018,Diana,Owino,Female,Nairobi,Tech,Cybersecurity,Andela,83.4,In Progress,Ethical Hacking; Incident Response,Unemployed,2026-04-15,Q2 2026,active
BEN-002024,Neema,Cheruiyot,Female,Machakos,Tech,AI & Machine Learning,Andela,84.1,In Progress,Model Deployment; NLP; Python,Unemployed,2026-05-13,Q2 2026,active
BEN-002029,Grace,Matano,female,Kakamega,Tech,AI & Machine Learning,Andela,77.2,Completed,Computer Vision; Model Deployment; NLP,Employed,2025-09-22,Q3 2025,completed
BEN-002039,Rotich,Abdi,Male,Kajiado,Tech,UI/UX Design,Akirachix,74.8,Completed,Design Systems; Wireframing,Employed,2025-10-15,Q4 2025,completed
BEN-002043,Rotich,Odhiambo,Male,Kakamega,Tech,Cloud Computing,Gebeya,85.9,Completed,Azure; Docker,Employed,2025-05-18,Q2 2025,completed
BEN-002044,Beatrice,Hassan,Female,Nakuru,Tech,Cloud Computing,Power Learn Project,90.8,Completed,Azure; Kubernetes; Linux Administration,Unemployed,2025-08-23,Q3 2025,completed
BEN-002064,Akinyi,Abdi,Female,Kiambu,Tech,Web Development,Power Learn Project,96.1,In Progress,HTML/CSS; JavaScript; REST APIs; React,Unemployed,2026-08-08,Q3 2026,active
BEN-002069,Otieno,Mutua,Male,Nairobi,Tech,Web Development,Power Learn Project,84.3,Dropped,HTML/CSS; Node.js; React,Unemployed,2025-12-19,Q4 2025,dropped_out
BEN-002075,Kendi,Kamau,Female,Nakuru,Tech,Cloud Computing,Andela,88.5,DROPPED,AWS; Kubernetes,Unemployed,2025-01-07,Q1 2025,dropped_out
BEN-002077,Halima,Kilonzo,Female,Bungoma,Tech,Cybersecurity,Andela,83.9,Completed,Incident Response; Network Security; Risk Assessment,Unemployed,2026-05-30,Q2 2026,completed
BEN-002079,Anyango,Abdi,Female,Kilifi,Tech,AI & Machine Learning,Andela,75.1,Dropped,Model Deployment; Python,Unemployed,2026-03-24,Q1 2026,dropped_out
BEN-002081,Ali,Muthoni,Male,Nairobi,Tech,AI & Machine Learning,eMobilis,100.0,Dropped,NLP; TensorFlow,Employed,2026-05-20,Q2 2026,dropped_out
BEN-002086,Cherono,Mutua,Female,Nairobi,Tech,Data Science,eMobilis,96.5,In Progress,Machine Learning; Python; SQL,Unemployed,2026-08-09,Q3 2026,active
BEN-002092,Beatrice,Musyoka,Female,Nakuru,Tech,Cloud Computing,Andela,91.4,Completed,AWS; Azure; Docker; Linux Administration,Self-Employed,2025-11-14,Q4 2025,completed
BEN-002098,Akinyi,Cheruiyot,Female,Nairobi,Tech,Mobile App Development,Andela,78.4,In Progress,Firebase; Swift,Unemployed,2026-08-11,Q3 2026,active
BEN-002102,Faith,Nyambane,Female,Mombasa,Tech,Data Science,Moringa School,78.1,Completed,Data Visualization; SQL; Statistics,Employed,2026-01-14,Q1 2026,completed
BEN-002103,Brian,Matano,Male,Meru,Tech,Data Science,Andela,79.5,Completed,Machine Learning; Pandas; Python; SQL,Employed,2025-02-03,Q1 2025,completed
BEN-002104,Joseph,Odhiambo,Male,Nairobi,Tech,Data Science,Power Learn Project,81.5,Completed,Data Visualization; Pandas; Statistics,Self-Employed,2026-02-28,Q1 2026,completed
BEN-002107,Nkatha,Ngugi,Female,Meru,Tech,Cloud Computing,Power Learn Project,82.4,Dropped,AWS; Azure; Kubernetes; Linux Administration,Self-Employed,2026-01-28,Q1 2026,dropped_out
BEN-002108,Halima,Kiptoo,Female,Kakamega,Tech,Digital Marketing,Akirachix,61.5,In Progress,Analytics; Content Strategy; Google Ads; SEO,Employed,2026-05-24,Q2 2026,active
BEN-002113,Nyambura,Juma,Female,Kisumu,Tech,Mobile App Development,eMobilis,81.7,Completed,Firebase; React Native; Swift,Self-Employed,2025-04-13,Q2 2025,completed
BEN-002114,Jerop,Gitau,Female,Nairobi,Tech,Digital Marketing,Akirachix,100.0,Completed,Analytics; Content Strategy; Google Ads; SEO,Internship,2025-08-28,Q3 2025,completed
BEN-002116,Vincent,Nduta,Male,Nairobi,Tech,Mobile App Development,eMobilis,100.0,Completed,Flutter; React Native; Swift,Employed,2025-10-23,Q4 2025,completed
BEN-002119,Joseph,Juma,Male,Uasin Gishu,Tech,UI/UX Design,Moringa School,80.9,Completed,Design Systems; Figma; Prototyping; Wireframing,Self-Employed,2026-06-17,Q2 2026,completed
BEN-002120,Vincent,Nyambane,Male,Nairobi,Tech,Web Development,Moringa School,87.5,COMPLETED,Git; JavaScript; Node.js; React,Self-Employed,2026-01-30,Q1 2026,completed
BEN-002121,Halima,Onyango,Female,Nairobi,Tech,Cloud Computing,Gebeya,79.9,In Progress,Azure; Docker; Kubernetes; Linux Administration,Self-Employed,2026-09-05,Q3 2026,active
BEN-002128,Korir,Baya,M,Kisumu,Tech,UI/UX Design,Andela,79.1,Dropped,Design Systems; Prototyping; User Research; Wireframing,Unemployed,2026-02-05,Q1 2026,dropped_out
BEN-002142,Kipchoge,Baya,male,Mombasa,Tech,Data Science,eMobilis,87.1,Completed,Data Visualization; Pandas; Python; SQL,Internship,2026-05-02,Q2 2026,completed
BEN-002144,Mercy,Nduta,Female,NAIROBI,Tech,UI/UX Design,Andela,96.8,In Progress,Figma; Prototyping,Employed,2026-04-25,Q2 2026,active
BEN-002145,Rotich,Katana,Male,Kajiado,Tech,UI/UX Design,Gebeya,82.6,Completed,Prototyping; Wireframing,Unemployed,2026-01-04,Q1 2026,completed
BEN-002146,Nicholas,Onyango,Male,Nairobi,Tech,Mobile App Development,Power Learn Project,100.0,In Progress,Firebase; Flutter; Swift,Employed,2026-07-29,Q3 2026,active
BEN-002147,Nicholas,Kuria,Male,Nairobi,Tech,Digital Marketing,Moringa School,84.1,In Progress,Analytics; Content Strategy,Self-Employed,2026-02-16,Q1 2026,active
BEN-002151,Emily,Njenga,Female,Muranga,Tech,Digital Marketing,Gebeya,100.0,In Progress,Analytics; Content Strategy; Google Ads; Social Media Marketing,Unemployed,2026-01-26,Q1 2026,active
BEN-002153,Chebet,Ngugi,Female,Nyeri,Tech,Data Science,Gebeya,85.9,In Progress,Data Visualization; Machine Learning; Python; SQL,Unemployed,2026-01-25,Q1 2026,active
BEN-002171,Wanjiru,Hassan,Female,Machakos,Tech,Cloud Computing,eMobilis,74.2,In Progress,Azure; Docker; Kubernetes; Linux Administration,Unemployed,2026-07-11,Q3 2026,active
BEN-002175,Amina,Otieno,Female,Kilifi,Tech,Cloud Computing,eMobilis,62.2,Completed,Azure; Docker; Kubernetes; Linux Administration,Unemployed,2025-05-17,Q2 2025,completed
BEN-002178,Timothy,Kariuki,Male,Kajiado,Tech,AI & Machine Learning,Andela,87.4,In Progress,Computer Vision; Model Deployment; NLP; Python,Unemployed,2026-04-04,Q2 2026,active
BEN-002181,Joseph,Ngugi,Male,Meru,Tech,Web Development,eMobilis,99.6,Completed,REST APIs; React,Employed,2025-02-24,Q1 2025,completed
BEN-002183,Omondi,Kimani,Male,Nairobi,Tech,Web Development,eMobilis,100.0,Dropped,Git; Node.js,Unemployed,2025-10-28,Q4 2025,dropped_out
BEN-002184,Sharon,Nduta,Female,Kisumu,Tech,Cybersecurity,eMobilis,78.6,In Progress,Ethical Hacking; Network Security,Unemployed,2026-07-10,Q3 2026,active
BEN-002185,Beatrice,Maina,Female,Kiambu,Tech,Mobile App Development,Gebeya,71.1,Completed,Firebase; Kotlin; React Native; Swift,Self-Employed,2026-06-22,Q2 2026,completed
BEN-002186,Halima,Kamau,Female,Muranga,Tech,UI/UX Design,Andela,91.8,In Progress,Design Systems; Figma; Prototyping,Unemployed,2026-01-23,Q1 2026,active
BEN-002192,Vincent,Kiptoo,Male,Machakos,Tech,Mobile App Development,Power Learn Project,93.5,In Progress,Firebase; Flutter; Kotlin,Self-Employed,2026-02-11,Q1 2026,active
BEN-002194,Cynthia,Mutua,Female,Nairobi,Tech,Mobile App Development,eMobilis,78.8,Completed,Firebase; Flutter; React Native,Internship,2025-11-29,Q4 2025,completed
BEN-002198,Neema,Katana,Female,Muranga,Tech,Cybersecurity,Andela,88.8,Dropped,Incident Response; Network Security; Risk Assessment,Self-Employed,2025-07-05,Q3 2025,dropped_out
BEN-002212,Zawadi,Njoroge,Female,Kakamega,Tech,Mobile App Development,Power Learn Project,83.7,In Progress,Firebase; Kotlin; React Native,Self-Employed,2026-09-05,Q3 2026,active
BEN-002219,Nyambura,Kariuki,Female,Mombasa,Tech,Mobile App Development,Power Learn Project,91.7,Completed,Flutter; Kotlin,Employed,2025-08-12,Q3 2025,completed
BEN-002225,Cynthia,Barasa,Female,Machakos,Tech,Cybersecurity,Akirachix,71.2,Completed,Ethical Hacking; Incident Response; Network Security; Risk Assessment,Internship,2025-08-15,Q3 2025,completed
BEN-002226,Samuel,Bett,Male,Kiambu County,Tech,Digital Marketing,Moringa School,74.8,Dropped,Analytics; Content Strategy; SEO; Social Media Marketing,Unemployed,2026-06-24,Q2 2026,dropped_out
BEN-002228,Esther,Wekesa,Female,Kiambu,Tech,Mobile App Development,eMobilis,100.0,Completed,Firebase; Flutter; Kotlin; Swift,Employed,2025-10-31,Q4 2025,completed
BEN-002233,Esther,Rotich,Female,Meru,Tech,AI & Machine Learning,Power Learn Project,85.5,Completed,Model Deployment; TensorFlow,Employed,2025-11-03,Q4 2025,completed
BEN-002234,Emily,Rotich,Female,Nairobi,Tech,Web Development,eMobilis,86.4,Completed,Git; Node.js,Employed,2026-02-17,Q1 2026,completed
BEN-002245,Sharon,Hassan,Female,Kilifi,Tech,Data Science,Andela,78.0,Completed,Data Visualization; Pandas; Statistics,Self-Employed,2026-04-26,Q2 2026,completed
BEN-002248,Odhiambo,Njoroge,Male,Muranga,Tech,Data Science,Andela,71.8,complete,Machine Learning; SQL,Unemployed,2026-04-09,Q2 2026,completed
BEN-002250,Halima,Njoroge,Female,Machakos,Tech,Cybersecurity,Akirachix,79.3,In Progress,Incident Response; Risk Assessment,Employed,2026-08-31,Q3 2026,active
BEN-002261,Kilonzo,Katana,Male,KISUMU,Tech,Data Science,Gebeya,68.9,In Progress,Python; Statistics,Unemployed,2026-08-06,Q3 2026,active
BEN-002264,Juma,Mwakio,Male,Nakuru,Tech,Digital Marketing,Moringa School,81.8,complete,Content Strategy; SEO; Social Media Marketing,Employed,2026-03-14,Q1 2026,completed
BEN-002265,Kagure,Mwangi,F,Kilifi,Tech,Cybersecurity,Andela,65.7,Dropped,Ethical Hacking; Incident Response; Network Security; Risk Assessment,Self-Employed,2025-05-18,Q2 2025,dropped_out
BEN-002267,Cherono,Ochieng,Female,Kisii,Tech,Mobile App Development,Gebeya,72.1,In Progress,Flutter; Kotlin; Swift,Unemployed,2026-08-12,Q3 2026,active
BEN-002271,Brian,Kiptoo,Male,Nairobi,Tech,UI/UX Design,Andela,83.6,Completed,Design Systems; Prototyping; User Research; Wireframing,Employed,2025-10-03,Q4 2025,completed
BEN-002273,Akinyi,Korir,Female,KAKAMEGA,Tech,Web Development,Akirachix,82.7,In Progress,Git; HTML/CSS; JavaScript; REST APIs,Self-Employed,2026-07-11,Q3 2026,active
BEN-002274,David,Charo,Male,Mombasa,Tech,Data Science,Akirachix,84.9,In Progress,Data Visualization; Python; SQL; Statistics,Self-Employed,2026-07-28,Q3 2026,active
BEN-002276,Sharon,Otieno,Female,Kiambu,Tech,Cybersecurity,Gebeya,100.0,In Progress,Ethical Hacking; Network Security,Self-Employed,2026-03-31,Q1 2026,active
BEN-002279,Wanjiku,Wekesa,F,Nyeri,Tech,Web Development,eMobilis,85.9,Completed,Git; JavaScript; Node.js; React,Unemployed,2025-02-08,Q1 2025,completed
BEN-002281,Stephen,Matano,Male,Kakamega,Tech,Cybersecurity,Akirachix,76.6,Completed,Ethical Hacking; Incident Response,Unemployed,2025-08-19,Q3 2025,completed
BEN-002283,Juma,Rotich,Male,Kilifi,Tech,Web Development,eMobilis,84.8,Completed,HTML/CSS; REST APIs; React,Internship,2025-08-30,Q3 2025,completed
BEN-002290,Mutua,Njoroge,Male,Nairobi,Tech,Mobile App Development,Power Learn Project,100.0,In Progress,Firebase; Kotlin; React Native; Swift,Self-Employed,2026-06-11,Q2 2026,active
BEN-002291,Ali,Onyango,Male,Kajiado,Tech,Web Development,Power Learn Project,89.5,In Progress,Node.js; React,Self-Employed,2026-07-08,Q3 2026,active
BEN-002295,Wanjiku,Otieno,Female,Meru,Tech,AI & Machine Learning,Moringa School,74.9,Completed,Model Deployment; Python; TensorFlow,Employed,2025-08-06,Q3 2025,completed
BEN-002297,Anthony,Korir,Male,Mombasa,Tech,Web Development,Moringa School,95.3,Completed,Node.js; REST APIs,Unemployed,2026-01-06,Q1 2026,completed
BEN-002300,Akinyi,Kilonzo,f,kakamega,Tech,Digital Marketing,Akirachix,84.0,In Progress,Analytics; Content Strategy; Google Ads; Social Media Marketing,Unemployed,2026-06-20,Q2 2026,active
BEN-002302,Nkatha,Juma,Female,Meru,Tech,AI & Machine Learning,Power Learn Project,92.4,In Progress,Computer Vision; NLP; Python; TensorFlow,Unemployed,2026-08-19,Q3 2026,active
BEN-002304,Nasieku,Korir,Female,Muranga,Tech,UI/UX Design,Akirachix,77.3,Completed,Figma; User Research,Employed,2025-07-02,Q3 2025,completed
BEN-002317,Chebet,Mohamed,Female,Kisumu,Tech,AI & Machine Learning,Gebeya,71.1,Completed,Computer Vision; Model Deployment; NLP; TensorFlow,Internship,2026-03-18,Q1 2026,completed
BEN-002329,Faith,Korir,Female,Nairobi County,Tech,Mobile App Development,Andela,79.7,Completed,Firebase; Flutter; Kotlin; React Native,Employed,2025-08-17,Q3 2025,completed
BEN-002333,Boniface,Wanjiku,Male,Kiambu,Tech,Cloud Computing,Akirachix,90.6,Dropped,AWS; Azure; Docker; Linux Administration,Self-Employed,2025-09-14,Q3 2025,dropped_out
BEN-002339,Achieng,Barasa,FEMALE,Uasin Gishu,Tech,Mobile App Development,Power Learn Project,71.3,Completed,Firebase; Flutter; React Native,Employed,2025-05-24,Q2 2025,completed
BEN-002345,Kipchoge,Mbogo,Male,Bungoma,Tech,Cloud Computing,Power Learn Project,91.5,In Progress,Azure; Docker,Employed,2026-06-03,Q2 2026,active
BEN-002346,Ali,Koech,Male,Kisii,Tech,Cloud Computing,Moringa School,89.9,Completed,AWS; Kubernetes; Linux Administration,Unemployed,2025-07-09,Q3 2025,completed
BEN-002350,Cheruiyot,Abdi,Male,Nairobi,Tech,Digital Marketing,Power Learn Project,80.6,Completed,Google Ads; SEO; Social Media Marketing,Employed,2026-06-01,Q2 2026,completed
BEN-002355,Musyoka,Bett,Male,nairobi,Tech,AI & Machine Learning,Power Learn Project,89.2,In Progress,Model Deployment; NLP; Python,Unemployed,2026-04-16,Q2 2026,active
BEN-002365,Wanjiku,Kamau,Female,Kakamega,Tech,Web Development,Moringa School,79.6,In Progress,Git; Node.js; REST APIs; React,Unemployed,2026-04-11,Q2 2026,active
BEN-002368,Anthony,Mwakio,Male,Kisii,Tech,Cybersecurity,Power Learn Project,93.2,In Progress,Ethical Hacking; Incident Response; Network Security; Risk Assessment,Unemployed,2026-07-30,Q3 2026,active
BEN-002370,Samuel,Mohamed,Male,Mombasa,Tech,Mobile App Development,Andela,98.8,In Progress,Firebase; Flutter; Swift,Self-Employed,2026-07-23,Q3 2026,active
BEN-002375,Victor,Barasa,Male,Nakuru,Tech,Mobile App Development,Gebeya,83.0,In Progress,Firebase; Swift,Unemployed,2026-07-02,Q3 2026,active
BEN-002377,Grace,Hassan,Female,Kakamega,Tech,Digital Marketing,Andela,78.8,In Progress,Content Strategy; SEO,Self-Employed,2026-06-22,Q2 2026,active
BEN-002416,Patrick,Odhiambo,Male,Kisii,Tech,UI/UX Design,Gebeya,75.9,Dropped,Design Systems; Prototyping; User Research; Wireframing,Self-Employed,2025-07-19,Q3 2025,dropped_out
BEN-002419,Baraka,Gitau,Male,Machakos County,Tech,UI/UX Design,eMobilis,89.0,In Progress,Design Systems; Prototyping,Unemployed,2026-03-29,Q1 2026,active
BEN-002421,Jerop,Maina,Female,Mombasa,Tech,Digital Marketing,Andela,56.3,complete,Analytics; Google Ads,Employed,2025-10-12,Q4 2025,completed
BEN-002423,Patrick,Wafula,Male,Kilifi,Tech,Cloud Computing,eMobilis,75.9,COMPLETED,AWS; Azure; Docker; Linux Administration,Self-Employed,2026-05-10,Q2 2026,completed
BEN-002427,Peter,Juma,Male,Nairobi,Tech,AI & Machine Learning,Akirachix,77.8,Completed,Computer Vision; Python,Unemployed,2026-04-29,Q2 2026,completed
BEN-002428,Joy,Musyoka,Female,Nakuru,Tech,Cybersecurity,Gebeya,82.4,In Progress,Incident Response; Risk Assessment,Employed,2026-03-23,Q1 2026,active
BEN-002435,Gathoni,Achieng,Female,Kilifi,Tech,Data Science,eMobilis,67.2,In Progress,Machine Learning; Pandas; Statistics,Self-Employed,2026-08-25,Q3 2026,active
BEN-002436,Wangari,Abdi,female,Machakos,Tech,AI & Machine Learning,Power Learn Project,85.9,Completed,Computer Vision; NLP; TensorFlow,Self-Employed,2025-05-29,Q2 2025,completed
BEN-002446,Otieno,Chebet,Male,Kajiado,Tech,UI/UX Design,Gebeya,83.3,Dropped,Design Systems; Figma; Wireframing,Unemployed,2025-08-28,Q3 2025,dropped_out
BEN-002448,Nyambura,Katana,Female,Uasin Gishu,Tech,Cybersecurity,eMobilis,76.4,In Progress,Ethical Hacking; Incident Response; Network Security; Risk Assessment,Unemployed,2026-09-09,Q3 2026,active
BEN-002454,Emily,Musyoka,Female,Nyeri,Tech,Cloud Computing,Moringa School,99.7,Completed,Azure; Kubernetes,Employed,2025-05-07,Q2 2025,completed
BEN-002467,Zawadi,Gitau,Female,Nairobi,Tech,Cloud Computing,Power Learn Project,71.2,Completed,AWS; Docker; Linux Administration,Self-Employed,2026-04-26,Q2 2026,completed
BEN-002472,Samuel,Matano,Male,Muranga,Tech,AI & Machine Learning,Akirachix,85.6,In Progress,Model Deployment; Python,Unemployed,2026-08-21,Q3 2026,active
BEN-002475,Joy,Njenga,Female,Mombasa,Tech,Digital Marketing,Andela,90.2,In Progress,Analytics; Content Strategy; Google Ads; Social Media Marketing,Self-Employed,2026-06-03,Q2 2026,active
BEN-002477,Amina,Kimani,f,Muranga,Tech,Cloud Computing,Akirachix,90.7,Completed,AWS; Azure; Docker; Kubernetes,Employed,2025-07-21,Q3 2025,completed
BEN-002489,Nkatha,Baya,Female,Kiambu,Tech,AI & Machine Learning,Andela,85.1,In Progress,Model Deployment; NLP; Python; TensorFlow,Self-Employed,2026-05-22,Q2 2026,active
BEN-002492,Akinyi,Kiptoo,Female,Mombasa,Tech,Mobile App Development,Gebeya,70.5,Completed,Flutter; Kotlin; Swift,Self-Employed,2025-10-15,Q4 2025,completed
BEN-002494,Onyango,Rotich,Male,Nairobi,Tech,Mobile App Development,Moringa School,100.0,In Progress,Flutter; Kotlin; React Native,Unemployed,2026-07-24,Q3 2026,active
BEN-002516,Akinyi,Kiptoo,Female,Kajiado,Tech,Mobile App Development,Moringa School,76.2,Completed,Kotlin; React Native,Employed,2026-03-12,Q1 2026,completed
BEN-002523,Cynthia,Kilonzo,Female,Kisumu,Tech,Digital Marketing,Andela,82.3,In Progress,Analytics; Google Ads; SEO; Social Media Marketing,Unemployed,2026-06-15,Q2 2026,active
BEN-002525,Emmanuel,Chebet,Male,Nakuru,Tech,Data Science,Moringa School,84.1,In Progress,Pandas; Python,Unemployed,2026-07-13,Q3 2026,active
BEN-002526,Joseph,Kamau,Male,Uasin Gishu,Tech,Cybersecurity,Andela,84.3,Completed,Ethical Hacking; Network Security,Employed,2026-02-19,Q1 2026,completed
BEN-002532,Atieno,Onyango,Female,Kilifi,Tech,Data Science,Andela,64.7,In Progress,Data Visualization; Python; SQL; Statistics,Unemployed,2026-04-14,Q2 2026,active
BEN-002542,Musyoka,Juma,Male,machakos,Tech,Cloud Computing,Akirachix,92.6,In Progress,Azure; Docker; Kubernetes,Unemployed,2026-05-13,Q2 2026,active
BEN-002544,Anthony,Nduta,Male,Nairobi,Tech,Cloud Computing,Gebeya,91.9,Dropped,AWS; Azure; Docker; Linux Administration,Unemployed,2025-06-30,Q2 2025,dropped_out
BEN-002547,Gathoni,Ngugi,Female,Nairobi,Tech,Cloud Computing,Power Learn Project,70.0,Completed,AWS; Docker; Linux Administration,Employed,2026-04-08,Q2 2026,completed
BEN-002554,James,Wafula,Male,Kilifi,Tech,Data Science,Gebeya,82.8,Completed,Machine Learning; Pandas; Python; Statistics,Employed,2026-04-18,Q2 2026,completed
BEN-002557,Mutua,Muthoni,Male,Kiambu,Tech,Data Science,Power Learn Project,82.6,In Progress,Data Visualization; Machine Learning; Python,Unemployed,2026-04-12,Q2 2026,active
BEN-002560,Isaac,Gitau,Male,Kiambu,Tech,Cybersecurity,Power Learn Project,95.1,In Progress,Ethical Hacking; Network Security,Self-Employed,2026-08-17,Q3 2026,active
BEN-002562,Akinyi,Kimani,Female,Nairobi,Tech,Cloud Computing,Andela,93.9,dropped out,AWS; Docker,Self-Employed,2026-03-30,Q1 2026,dropped_out
BEN-002575,Ali,Kuria,Male,Kisumu,Tech,Mobile App Development,Gebeya,72.4,DROPPED,React Native; Swift,Unemployed,2025-06-27,Q2 2025,dropped_out
BEN-002579,Neema,Ngugi,f,Muranga,Tech,UI/UX Design,Akirachix,86.5,In Progress,Prototyping; User Research; Wireframing,Self-Employed,2026-09-05,Q3 2026,active
BEN-002593,Gathoni,Kuria,Female,Nakuru,Tech,Cybersecurity,Andela,67.1,Completed,Ethical Hacking; Risk Assessment,Unemployed,2025-10-24,Q4 2025,completed
BEN-002612,Zawadi,Mutiso,Female,Kakamega,Tech,Data Science,Moringa School,86.8,Completed,Machine Learning; Python,Employed,2026-01-05,Q1 2026,completed
BEN-002615,Victor,Njenga,Male,Kilifi,Tech,Cloud Computing,Moringa School,69.6,Dropped,AWS; Kubernetes,Unemployed,2026-06-13,Q2 2026,dropped_out
BEN-002618,Akinyi,Kimani,Female,KAJIADO,Tech,Mobile App Development,Moringa School,71.1,In Progress,Flutter; Kotlin,Unemployed,2026-07-29,Q3 2026,active
BEN-002619,Abdi,Kimani,Male,Nakuru,Tech,Web Development,Akirachix,77.7,In Progress,Git; HTML/CSS; React,Unemployed,2026-07-27,Q3 2026,active
BEN-002620,Faith,Kiptoo,Female,Nairobi,Tech,Digital Marketing,Gebeya,84.1,Completed,Analytics; Content Strategy; SEO,Self-Employed,2025-12-07,Q4 2025,completed
BEN-002621,Rotich,Matano,Male,Nairobi,Tech,Data Science,eMobilis,90.9,Completed,Data Visualization; Machine Learning; Python; SQL,Unemployed,2025-05-27,Q2 2025,completed
BEN-002625,Nasieku,Njoroge,Female,Machakos,Tech,Cloud Computing,Moringa School,98.8,In Progress,Kubernetes; Linux Administration,Unemployed,2026-05-03,Q2 2026,active
BEN-002634,Zawadi,Baya,F,Nyeri,Tech,Web Development,Akirachix,89.6,In Progress,Git; HTML/CSS; JavaScript; REST APIs,Employed,2026-01-04,Q1 2026,active
BEN-002635,Nkatha,Korir,Female,Meru,Tech,Web Development,Akirachix,83.8,In Progress,JavaScript; React,Employed,2026-02-15,Q1 2026,active
BEN-002639,Omondi,Abdi,MALE,Nyeri,Tech,Data Science,Moringa School,87.2,Dropped,Data Visualization; Machine Learning; Pandas; Python,Employed,2025-03-26,Q1 2025,dropped_out
BEN-002645,Beatrice,Cheruiyot,Female,Kiambu,Tech,AI & Machine Learning,Akirachix,81.2,Completed,Computer Vision; Model Deployment; NLP,Unemployed,2025-09-27,Q3 2025,completed
BEN-002646,Brenda,Mbogo,Female,Machakos,Tech,Cloud Computing,Moringa School,65.1,In Progress,Azure; Kubernetes; Linux Administration,Unemployed,2026-05-16,Q2 2026,active
BEN-002650,Mercy,Musyoka,Female,Uasin Gishu,Tech,Web Development,Moringa School,77.4,Completed,Git; REST APIs; React,Unemployed,2025-11-17,Q4 2025,completed
BEN-002658,Grace,Mwakio,Female,Nakuru,Tech,Cybersecurity,Gebeya,96.6,Completed,Ethical Hacking; Network Security; Risk Assessment,Employed,2025-04-14,Q2 2025,completed
BEN-002665,Barasa,Barasa,Male,Mombasa,Tech,Mobile App Development,Power Learn Project,93.0,Completed,Firebase; Swift,Self-Employed,2026-02-09,Q1 2026,completed
BEN-002672,Vincent,Otieno,Male,Nairobi County,Tech,Data Science,Andela,91.2,Completed,Pandas; Python; SQL; Statistics,Self-Employed,2025-01-09,Q1 2025,completed
BEN-002674,Abdi,Gitau,Male,Kajiado,Tech,UI/UX Design,Power Learn Project,88.7,Dropped,Design Systems; Figma; Prototyping; User Research,Unemployed,2025-12-17,Q4 2025,dropped_out
BEN-002679,Vincent,Wekesa,male,NAKURU,Tech,Cybersecurity,Power Learn Project,81.0,Completed,Ethical Hacking; Risk Assessment,Internship,2025-05-29,Q2 2025,completed
BEN-002680,Neema,Onyango,Female,Nairobi,Tech,Cybersecurity,Andela,75.1,In Progress,Ethical Hacking; Incident Response; Network Security,Unemployed,2026-04-14,Q2 2026,active
BEN-002687,Musyoka,Cheruiyot,Male,Nairobi,Tech,Data Science,eMobilis,84.8,In Progress,Machine Learning; SQL,Employed,2026-05-01,Q2 2026,active
BEN-002690,Francis,Wafula,Male,meru,Tech,AI & Machine Learning,Power Learn Project,84.0,In Progress,NLP; Python; TensorFlow,Unemployed,2026-08-24,Q3 2026,active
BEN-002692,Rotich,Ochieng,Male,Muranga,Tech,Web Development,Moringa School,80.2,In Progress,Git; JavaScript; Node.js; REST APIs,Employed,2026-02-17,Q1 2026,active
BEN-002694,Kagure,Kamau,Female,Nakuru,Tech,Cybersecurity,eMobilis,95.0,Completed,Incident Response; Network Security,Employed,2025-09-30,Q3 2025,completed
BEN-002705,John,Chebet,Male,Nairobi,Tech,Cloud Computing,eMobilis,91.9,In Progress,AWS; Azure; Docker; Linux Administration,Unemployed,2026-07-08,Q3 2026,active
BEN-002707,Kagure,Maina,Female,Nyeri,Tech,Cloud Computing,Akirachix,89.6,In Progress,AWS; Kubernetes,Unemployed,2026-05-12,Q2 2026,active
BEN-002708,Diana,Achieng,Female,Kajiado,Tech,AI & Machine Learning,eMobilis,63.8,In Progress,Model Deployment; NLP,Unemployed,2026-09-12,Q3 2026,active
BEN-002735,David,Wanjiku,Male,Mombasa,Tech,AI & Machine Learning,eMobilis,76.1,Dropped,Computer Vision; Python,Self-Employed,2026-04-27,Q2 2026,dropped_out
BEN-002738,Gathoni,Gitau,Female,Kajiado,Tech,Data Science,eMobilis,87.0,Completed,Data Visualization; Pandas,Employed,2025-07-02,Q3 2025,completed
BEN-002739,Barasa,Mwakio,Male,Kilifi,Tech,Cloud Computing,Andela,71.3,DROPPED,AWS; Azure; Docker; Kubernetes,Self-Employed,2025-10-13,Q4 2025,dropped_out
BEN-002741,Ali,Korir,Male,Machakos,Tech,Digital Marketing,Gebeya,79.5,Dropped,Analytics; Content Strategy,Employed,2026-01-03,Q1 2026,dropped_out
BEN-002742,Abdi,Njenga,M,Kiambu,Tech,Digital Marketing,Power Learn Project,81.7,In Progress,Content Strategy; SEO,Unemployed,2026-07-03,Q3 2026,active
BEN-002750,James,Mutua,Male,Nairobi,Tech,Digital Marketing,eMobilis,80.5,complete,Google Ads; Social Media Marketing,Employed,2025-06-04,Q2 2025,completed
BEN-002752,Dennis,Juma,Male,Muranga,Tech,Cybersecurity,Andela,71.3,Completed,Ethical Hacking; Incident Response; Network Security; Risk Assessment,Employed,2025-12-15,Q4 2025,completed
BEN-002757,Peter,Wekesa,Male,Nairobi,Tech,UI/UX Design,Akirachix,74.6,In Progress,Figma; Wireframing,Unemployed,2026-06-30,Q2 2026,active
BEN-002758,Diana,Wanjiku,Female,Kiambu,Tech,Web Development,Power Learn Project,83.5,In Progress,Git; JavaScript; REST APIs; React,Self-Employed,2026-05-11,Q2 2026,active
BEN-002759,Dennis,Cheruiyot,M,Kajiado,Tech,Digital Marketing,eMobilis,77.9,Completed,Content Strategy; Google Ads,Employed,2025-10-06,Q4 2025,completed
BEN-002764,Chepkoech,Kariuki,f,Machakos,Tech,Mobile App Development,Power Learn Project,84.4,In Progress,Firebase; Flutter; Kotlin; React Native,Self-Employed,2026-05-22,Q2 2026,active
BEN-002768,David,Wafula,Male,Nairobi,Tech,Web Development,Moringa School,98.6,In Progress,JavaScript; React,Unemployed,2026-07-03,Q3 2026,active
BEN-002771,Kevin,Ngugi,Male,Kisii,Tech,Digital Marketing,Moringa School,100.0,Dropped,Analytics; Content Strategy; Google Ads,Unemployed,2025-06-22,Q2 2025,dropped_out
BEN-002774,Njeri,Koech,Female,KAJIADO,Tech,Cloud Computing,Moringa School,97.2,In Progress,Azure; Docker; Linux Administration,Unemployed,2026-08-29,Q3 2026,active
BEN-002776,Gathoni,Nduta,Female,Kiambu,Tech,Web Development,Andela,94.7,In Progress,Git; Node.js; REST APIs; React,Employed,2026-06-16,Q2 2026,active
BEN-002785,Mumbi,Kiptoo,FEMALE,Mombasa,Tech,Data Science,Andela,100.0,Dropped,Data Visualization; Pandas; Python; SQL,Unemployed,2025-10-02,Q4 2025,dropped_out
BEN-002788,Nasieku,Wafula,FEMALE,Nyeri,Tech,Web Development,Andela,95.3,Completed,Git; HTML/CSS; REST APIs,Self-Employed,2026-06-18,Q2 2026,completed
BEN-002789,Kiptoo,Kariuki,Male,Machakos,Tech,Data Science,Akirachix,86.7,In Progress,Pandas; Statistics,Unemployed,2026-08-06,Q3 2026,active
BEN-002793,Awuor,Otieno,female,Kilifi,Tech,Web Development,eMobilis,79.9,In Progress,HTML/CSS; JavaScript; REST APIs,Unemployed,2026-08-09,Q3 2026,active
BEN-002795,Odhiambo,Katana,Male,Kajiado,Tech,UI/UX Design,Andela,71.6,In Progress,Design Systems; Prototyping; User Research; Wireframing,Unemployed,2026-02-02,Q1 2026,active
BEN-002798,Samuel,Ngugi,Male,MACHAKOS,Tech,Cybersecurity,eMobilis,86.6,In Progress,Ethical Hacking; Network Security,Employed,2026-03-07,Q1 2026,active
BEN-002803,Rotich,Koech,Male,Kisii,Tech,Digital Marketing,Moringa School,71.7,In Progress,Analytics; Content Strategy; SEO; Social Media Marketing,Unemployed,2026-07-19,Q3 2026,active
BEN-002804,Sharon,Nduta,Female,machakos,Tech,AI & Machine Learning,Andela,90.6,In Progress,Computer Vision; TensorFlow,Employed,2026-08-15,Q3 2026,active
BEN-002805,Achieng,Korir,FEMALE,Kiambu County,Tech,Cybersecurity,Akirachix,90.0,Completed,Ethical Hacking; Incident Response,Unemployed,2025-04-03,Q2 2025,completed
BEN-002809,Purity,Musyoka,Female,Mombasa,Tech,Cloud Computing,Moringa School,94.4,Completed,AWS; Azure; Docker; Linux Administration,Employed,2025-10-18,Q4 2025,completed
BEN-002812,Kilonzo,Wafula,Male,Nairobi,Tech,AI & Machine Learning,eMobilis,58.4,In Progress,Computer Vision; Model Deployment; Python,Unemployed,2026-07-03,Q3 2026,active
BEN-002819,Collins,Hassan,Male,Nairobi,Tech,Cloud Computing,Andela,100.0,Completed,AWS; Azure; Docker; Linux Administration,Unemployed,2025-09-16,Q3 2025,completed
BEN-002823,Mumbi,Njenga,Female,Nairobi,Tech,Digital Marketing,Gebeya,81.8,Completed,Content Strategy; Google Ads; SEO; Social Media Marketing,Employed,2026-03-20,Q1 2026,completed
BEN-002828,David,Odhiambo,M,Bungoma,Tech,AI & Machine Learning,Akirachix,83.5,In Progress,Computer Vision; Model Deployment; TensorFlow,Unemployed,2026-07-14,Q3 2026,active
BEN-002837,Barasa,Matano,Male,Kajiado,Tech,UI/UX Design,Akirachix,90.4,Completed,Design Systems; User Research; Wireframing,Self-Employed,2026-01-12,Q1 2026,completed
BEN-002838,Juma,Korir,Male,Kiambu,Tech,Data Science,Akirachix,90.6,In Progress,Data Visualization; Machine Learning; Python; Statistics,Self-Employed,2026-07-28,Q3 2026,active
BEN-002852,Kipchoge,Wafula,Male,Kakamega,Tech,Cybersecurity,Andela,68.9,In Progress,Ethical Hacking; Incident Response; Network Security; Risk Assessment,Self-Employed,2026-02-11,Q1 2026,active
BEN-002854,Awuor,Mwakio,Female,Nairobi,Tech,Digital Marketing,Moringa School,94.5,Completed,Analytics; Content Strategy; Social Media Marketing,Internship,2025-04-11,Q2 2025,completed
BEN-002857,Jerop,Otieno,Female,Kiambu,Tech,Cloud Computing,Power Learn Project,77.7,Completed,AWS; Azure; Docker; Linux Administration,Employed,2026-03-15,Q1 2026,completed
BEN-002858,Diana,Otieno,Female,Uasin Gishu,Tech,Cybersecurity,Moringa School,100.0,In Progress,Incident Response; Network Security,Unemployed,2026-06-17,Q2 2026,active
BEN-002859,Kiptoo,Mbogo,Male,Nairobi,Tech,AI & Machine Learning,Andela,78.2,In Progress,NLP; Python,Unemployed,2026-04-24,Q2 2026,active
BEN-002861,Cherono,Mutiso,Female,Kajiado,Tech,AI & Machine Learning,eMobilis,90.1,complete,Model Deployment; Python; TensorFlow,Unemployed,2025-10-12,Q4 2025,completed
BEN-002862,Nkatha,Omondi,Female,Nakuru County,Tech,Data Science,Andela,100.0,In Progress,Machine Learning; Pandas; SQL,Unemployed,2026-09-22,Q3 2026,active
BEN-002887,Grace,Mutiso,Female,NAKURU,Tech,Data Science,Akirachix,75.0,Completed,Data Visualization; Machine Learning; Pandas; SQL,Employed,2025-05-16,Q2 2025,completed
BEN-002894,Brian,Ochieng,Male,Nairobi,Tech,Mobile App Development,Andela,81.2,Completed,Firebase; Flutter; React Native; Swift,Employed,2025-10-06,Q4 2025,completed
BEN-002896,Emily,Wafula,Female,Nairobi,Tech,Data Science,Power Learn Project,77.0,In Progress,Data Visualization; Machine Learning; Pandas; Statistics,Unemployed,2026-07-30,Q3 2026,active
BEN-002898,Victor,Cheruiyot,Male,Nairobi,Tech,Web Development,Andela,96.1,In Progress,HTML/CSS; Node.js; REST APIs; React,Self-Employed,2026-03-20,Q1 2026,active
BEN-002900,Caroline,Wanjiku,Female,Nairobi,Tech,Digital Marketing,eMobilis,92.7,In Progress,Analytics; Content Strategy,Unemployed,2026-02-12,Q1 2026,active
BEN-002902,Grace,Korir,Female,Nairobi,Tech,Mobile App Development,Power Learn Project,76.8,Completed,Firebase; React Native; Swift,Internship,2025-08-23,Q3 2025,completed
BEN-002903,David,Korir,Male,Meru,Tech,Cybersecurity,Moringa School,85.6,In Progress,Ethical Hacking; Incident Response; Risk Assessment,Unemployed,2026-07-12,Q3 2026,active
BEN-002904,Kendi,Njenga,Female,Nyeri,Tech,Cloud Computing,Power Learn Project,78.1,Completed,AWS; Azure; Docker; Linux Administration,Self-Employed,2025-05-07,Q2 2025,completed
BEN-002911,Beatrice,Njoroge,Female,Nairobi,Tech,AI & Machine Learning,Moringa School,79.6,Dropped,NLP; Python,Unemployed,2026-02-09,Q1 2026,dropped_out
BEN-002912,Cynthia,Kilonzo,Female,Kisii,Tech,UI/UX Design,Akirachix,85.4,Dropped,Design Systems; Figma; Prototyping,Self-Employed,2025-10-22,Q4 2025,dropped_out
BEN-002921,Diana,Baya,Female,Kiambu,Tech,Data Science,Gebeya,60.7,In Progress,Data Visualization; Machine Learning; SQL; Statistics,Unemployed,2026-08-03,Q3 2026,active
BEN-002929,Mumbi,Cheruiyot,Female,Nairobi,Tech,AI & Machine Learning,Andela,96.0,Completed,Model Deployment; NLP,Employed,2026-03-10,Q1 2026,completed
BEN-002930,Wekesa,Ngugi,Male,Kakamega,Tech,Cybersecurity,eMobilis,80.2,In Progress,Ethical Hacking; Incident Response; Network Security,Unemployed,2026-02-27,Q1 2026,active
BEN-002937,Awuor,Nyambane,Female,Nakuru,Tech,Digital Marketing,Power Learn Project,65.5,DROPPED,Analytics; Content Strategy; Social Media Marketing,Unemployed,2025-04-30,Q2 2025,dropped_out
BEN-002938,Simon,Gitau,Male,Mombasa,Tech,Cloud Computing,Gebeya,96.2,COMPLETED,Docker; Kubernetes; Linux Administration,Internship,2026-01-25,Q1 2026,completed
BEN-002942,Peter,Charo,Male,Nairobi,Tech,Data Science,Moringa School,89.4,Completed,Machine Learning; SQL,Unemployed,2025-10-29,Q4 2025,completed
BEN-002944,Chepkoech,Cheruiyot,Female,Nairobi,Tech,Digital Marketing,Akirachix,100.0,In Progress,Analytics; Content Strategy; SEO; Social Media Marketing,Unemployed,2026-09-10,Q3 2026,active
BEN-002947,Emmanuel,Njoroge,Male,Nyeri,Tech,Web Development,Andela,77.9,In Progress,Git; HTML/CSS; Node.js,Self-Employed,2026-07-04,Q3 2026,active
BEN-002950,Purity,Wekesa,Female,Nakuru,Tech,Cybersecurity,Power Learn Project,95.7,In Progress,Network Security; Risk Assessment,Unemployed,2026-07-15,Q3 2026,active
BEN-002952,Anyango,Chebet,Female,Kiambu,Tech,AI & Machine Learning,Gebeya,86.8,Completed,Model Deployment; Python,Internship,2025-07-30,Q3 2025,completed
BEN-002953,Joseph,Njenga,Male,KISUMU,Tech,Cloud Computing,Andela,71.2,Completed,Azure; Docker; Kubernetes; Linux Administration,Unemployed,2025-03-12,Q1 2025,completed
BEN-002959,Awuor,Hassan,Female,Kiambu,Tech,Data Science,Andela,82.5,COMPLETED,Data Visualization; Python; SQL; Statistics,Employed,2025-07-14,Q3 2025,completed
BEN-002964,Brenda,Wanjiku,Female,Kakamega,Tech,AI & Machine Learning,Andela,75.4,In Progress,Computer Vision; Model Deployment; Python; TensorFlow,Unemployed,2026-06-17,Q2 2026,active
BEN-002965,Nyambura,Mbogo,Female,Machakos,Tech,UI/UX Design,Gebeya,77.5,In Progress,Figma; Prototyping; User Research; Wireframing,Unemployed,2026-08-03,Q3 2026,active
BEN-002967,Chepkoech,Mutua,Female,Uasin Gishu,Tech,Data Science,Andela,83.7,In Progress,Python; Statistics,Unemployed,2026-09-30,Q3 2026,active
BEN-002972,Esther,Mohamed,Female,Uasin Gishu,Tech,Web Development,Power Learn Project,82.0,Completed,JavaScript; React,Employed,2026-02-16,Q1 2026,completed
BEN-002978,Kipchoge,Kariuki,Male,Nyeri,Tech,Cloud Computing,Power Learn Project,85.9,Completed,AWS; Azure; Docker; Kubernetes,Employed,2026-01-10,Q1 2026,completed
BEN-002982,Emily,Kiptoo,Female,Kiambu,Tech,UI/UX Design,eMobilis,93.9,In Progress,Design Systems; Figma,Unemployed,2026-09-07,Q3 2026,active
BEN-002983,Baraka,Kuria,Male,Nairobi County,Tech,AI & Machine Learning,Moringa School,92.4,Completed,Computer Vision; Model Deployment; Python; TensorFlow,Self-Employed,2025-09-20,Q3 2025,completed
BEN-002984,Nicholas,Gitau,Male,Kisumu,Tech,Web Development,eMobilis,81.2,Dropped,JavaScript; Node.js,Unemployed,2026-04-22,Q2 2026,dropped_out
BEN-002985,Stephen,Wafula,Male,Nairobi,Tech,Cybersecurity,Moringa School,74.6,In Progress,Incident Response; Network Security; Risk Assessment,Unemployed,2026-03-19,Q1 2026,active
BEN-002986,Awuor,Korir,Female,Kisumu,Tech,Cloud Computing,Moringa School,83.7,Completed,Azure; Docker; Linux Administration,Employed,2026-05-22,Q2 2026,completed
BEN-002988,Jerop,Wanjiku,Female,Kiambu,Tech,Cybersecurity,Akirachix,74.5,In Progress,Ethical Hacking; Risk Assessment,Unemployed,2026-04-27,Q2 2026,active
BEN-002990,Wanjiku,Kilonzo,Female,Kisumu,Tech,AI & Machine Learning,Moringa School,79.4,dropped out,Model Deployment; NLP; Python,Employed,2025-12-18,Q4 2025,dropped_out
BEN-002995,Zawadi,Chebet,Female,Mombasa,Tech,AI & Machine Learning,Moringa School,75.2,Dropped,Computer Vision; Model Deployment; NLP; Python,Unemployed,2025-11-17,Q4 2025,dropped_out
BEN-002996,Nicholas,Wanjiku,Male,Mombasa,Tech,Mobile App Development,Andela,96.3,In Progress,Firebase; Flutter,Unemployed,2026-04-05,Q2 2026,active
BEN-002998,Atieno,Muthoni,female,Muranga,Tech,Digital Marketing,Akirachix,92.1,Completed,Content Strategy; Social Media Marketing,Employed,2025-12-30,Q4 2025,completed
BEN-003001,Caroline,Onyango,Female,Kiambu,Tech,Digital Marketing,Andela,89.4,In Progress,Analytics; Content Strategy; SEO,Employed,2026-08-25,Q3 2026,active
BEN-003008,Kevin,Baya,Male,Nairobi,Tech,Data Science,Andela,84.0,In Progress,Pandas; Statistics,Self-Employed,2026-09-09,Q3 2026,active
BEN-003009,Nicholas,Odhiambo,Male,Meru,Tech,Mobile App Development,Andela,74.1,In Progress,Flutter; Swift,Unemployed,2026-08-15,Q3 2026,active
BEN-003010,Kiptoo,Mwakio,m,Kisumu,Tech,Cloud Computing,Power Learn Project,60.2,Dropped,AWS; Azure; Docker; Kubernetes,Unemployed,2026-01-23,Q1 2026,dropped_out
BEN-003018,Anthony,Korir,Male,Kiambu County,Tech,Cloud Computing,Power Learn Project,87.6,dropped out,Azure; Docker; Kubernetes,Unemployed,2025-05-11,Q2 2025,dropped_out
BEN-003023,Neema,Kilonzo,Female,Nakuru,Tech,Mobile App Development,eMobilis,89.8,Completed,Firebase; Flutter,Unemployed,2025-11-25,Q4 2025,completed
BEN-003024,Omondi,Gitau,Male,Machakos,Tech,Cybersecurity,Andela,94.2,In Progress,Ethical Hacking; Network Security; Risk Assessment,Employed,2026-04-28,Q2 2026,active
BEN-003027,Samuel,Chebet,Male,Bungoma,Tech,AI & Machine Learning,Gebeya,75.8,Dropped,NLP; Python; TensorFlow,Unemployed,2025-10-11,Q4 2025,dropped_out
BEN-003037,Brenda,Maina,Female,Machakos,Tech,AI & Machine Learning,Power Learn Project,74.3,Completed,Model Deployment; TensorFlow,Unemployed,2026-01-18,Q1 2026,completed
BEN-003038,Abdi,Mbogo,Male,MOMBASA,Tech,Web Development,Andela,74.3,Dropped,Git; HTML/CSS; Node.js; REST APIs,Unemployed,2025-06-01,Q2 2025,dropped_out
BEN-003043,Baraka,Musyoka,Male,Muranga,Tech,Digital Marketing,Andela,93.4,Completed,Analytics; Content Strategy; Google Ads; SEO,Employed,2025-05-30,Q2 2025,completed
BEN-003045,Chebet,Kariuki,Female,KIAMBU,Tech,Web Development,Moringa School,86.6,Completed,JavaScript; React,Internship,2025-09-26,Q3 2025,completed
BEN-003051,Kendi,Korir,Female,Machakos,Tech,Digital Marketing,Gebeya,76.2,In Progress,Analytics; Google Ads,Unemployed,2026-07-07,Q3 2026,active
BEN-003052,Brenda,Gitau,Female,Kakamega,Tech,Web Development,Akirachix,67.2,Completed,Node.js; REST APIs,Unemployed,2026-01-08,Q1 2026,completed
BEN-003056,Diana,Korir,Female,Kisumu,Tech,Mobile App Development,Andela,78.5,In Progress,Flutter; Kotlin; React Native; Swift,Unemployed,2026-03-01,Q1 2026,active
BEN-003058,Awuor,Cheruiyot,Female,Uasin Gishu,Tech,Digital Marketing,Power Learn Project,84.5,Dropped,Content Strategy; SEO; Social Media Marketing,Unemployed,2026-04-18,Q2 2026,dropped_out
BEN-003059,Naisula,Nyambane,Female,KIAMBU,Tech,UI/UX Design,eMobilis,82.8,In Progress,Figma; Prototyping; User Research,Self-Employed,2026-09-28,Q3 2026,active
BEN-003070,John,Kiptoo,Male,Muranga,Tech,UI/UX Design,Moringa School,62.0,Completed,Figma; User Research; Wireframing,Self-Employed,2025-07-23,Q3 2025,completed
BEN-003072,Esther,Muthoni,female,Kisumu,Tech,Data Science,Power Learn Project,66.7,Dropped,Machine Learning; Pandas,Employed,2025-12-08,Q4 2025,dropped_out
BEN-003078,Ali,Mutiso,m,Kakamega,Tech,Web Development,Akirachix,61.1,Completed,Git; HTML/CSS; JavaScript,Employed,2025-10-01,Q4 2025,completed
BEN-003097,Kamau,Ochieng,Male,Nairobi County,Tech,Cloud Computing,Andela,91.3,Completed,Azure; Linux Administration,Self-Employed,2025-10-05,Q4 2025,completed
BEN-003100,Cherono,Baya,Female,Nakuru,Tech,UI/UX Design,Power Learn Project,89.6,Completed,Design Systems; Figma; User Research; Wireframing,Employed,2026-05-19,Q2 2026,completed
BEN-003112,Boniface,Koech,Male,Meru,Tech,Digital Marketing,Moringa School,76.8,Completed,Analytics; Content Strategy; SEO; Social Media Marketing,Unemployed,2026-02-25,Q1 2026,completed
BEN-003115,Isaac,Hassan,Male,Nakuru,Tech,Cybersecurity,Moringa School,94.4,Dropped,Incident Response; Network Security; Risk Assessment,Self-Employed,2025-01-08,Q1 2025,dropped_out
BEN-003116,Ali,Kuria,Male,Nairobi,Tech,AI & Machine Learning,Akirachix,85.8,complete,Computer Vision; NLP,Employed,2025-11-02,Q4 2025,completed
BEN-003121,Dennis,Chebet,Male,Bungoma,Tech,UI/UX Design,Moringa School,68.5,Completed,Design Systems; Figma; Prototyping; User Research,Internship,2026-03-17,Q1 2026,completed
BEN-003124,Joy,Wekesa,Female,Nakuru,Tech,Cybersecurity,Andela,75.8,complete,Ethical Hacking; Incident Response; Network Security; Risk Assessment,Unemployed,2025-09-19,Q3 2025,completed
BEN-003134,Nicholas,Njenga,Male,Kakamega,Tech,Cloud Computing,Gebeya,82.4,In Progress,AWS; Azure; Docker; Linux Administration,Unemployed,2026-03-10,Q1 2026,active
BEN-003137,Halima,Njenga,FEMALE,Nairobi,Tech,UI/UX Design,Akirachix,83.7,Completed,Design Systems; Figma; Prototyping; User Research,Unemployed,2026-02-14,Q1 2026,completed
BEN-003142,Cynthia,Hassan,Female,Nairobi,Tech,Data Science,Akirachix,100.0,Completed,Python; SQL,Unemployed,2026-03-12,Q1 2026,completed
BEN-003149,Caroline,Korir,Female,Nyeri,Tech,Cloud Computing,Gebeya,100.0,Completed,Azure; Docker; Kubernetes,Internship,2025-11-30,Q4 2025,completed
BEN-003153,Atieno,Baya,Female,Kajiado,Tech,Digital Marketing,Akirachix,90.0,In Progress,Analytics; Google Ads; Social Media Marketing,Employed,2026-09-22,Q3 2026,active
BEN-003160,Barasa,Bett,Male,Kakamega,Tech,Cloud Computing,Andela,79.5,In Progress,AWS; Kubernetes; Linux Administration,Employed,2026-05-24,Q2 2026,active
BEN-003165,Dennis,Cheruiyot,Male,Kisumu,Tech,Cybersecurity,Moringa School,85.7,Completed,Ethical Hacking; Incident Response; Network Security; Risk Assessment,Unemployed,2025-12-12,Q4 2025,completed
BEN-003169,Patrick,Juma,Male,kiambu,Tech,Mobile App Development,Gebeya,93.5,Completed,Firebase; Kotlin; React Native,Unemployed,2025-10-25,Q4 2025,completed
BEN-003170,Cherono,Mutua,Female,Nairobi,Tech,Web Development,Gebeya,97.4,Completed,JavaScript; REST APIs,Employed,2025-11-12,Q4 2025,completed
BEN-003172,Chebet,Koech,Female,Bungoma,Tech,AI & Machine Learning,Gebeya,68.3,DROPPED,Computer Vision; TensorFlow,Unemployed,2025-11-20,Q4 2025,dropped_out
BEN-003178,Purity,Abdi,Female,Kisumu,Tech,UI/UX Design,Gebeya,82.6,In Progress,Prototyping; Wireframing,Unemployed,2026-06-27,Q2 2026,active
BEN-003188,Odhiambo,Muthoni,Male,Nyeri County,Tech,Digital Marketing,Andela,63.1,Completed,Analytics; Google Ads; SEO; Social Media Marketing,Self-Employed,2025-04-01,Q2 2025,completed
BEN-003200,Zawadi,Muthoni,Female,Nyeri,Tech,UI/UX Design,Akirachix,76.8,Completed,Figma; Prototyping; User Research; Wireframing,Unemployed,2025-08-04,Q3 2025,completed
BEN-003222,Nkatha,Mbogo,Female,Nyeri,Tech,AI & Machine Learning,Moringa School,83.1,complete,Computer Vision; Model Deployment; NLP; Python,Unemployed,2025-02-19,Q1 2025,completed
BEN-003231,Musyoka,Kariuki,Male,Bungoma,Tech,Cybersecurity,Moringa School,83.1,In Progress,Ethical Hacking; Incident Response; Risk Assessment,Self-Employed,2026-09-27,Q3 2026,active
BEN-003236,Joseph,Mohamed,Male,Nairobi,Tech,Digital Marketing,Power Learn Project,67.7,complete,Analytics; Content Strategy; SEO; Social Media Marketing,Employed,2025-10-23,Q4 2025,completed
BEN-003248,Chepkoech,Omondi,Female,Meru,Tech,Mobile App Development,eMobilis,84.9,In Progress,Firebase; Flutter,Unemployed,2026-07-24,Q3 2026,active
BEN-003251,Abdi,Bett,Male,Kilifi,Tech,Cloud Computing,Gebeya,81.6,Completed,AWS; Azure; Kubernetes; Linux Administration,Unemployed,2025-11-06,Q4 2025,completed
BEN-003253,Sharon,Mohamed,Female,Kakamega,Tech,Digital Marketing,Gebeya,77.0,In Progress,Analytics; SEO; Social Media Marketing,Employed,2026-07-20,Q3 2026,active
BEN-003254,Wanjiku,Mwangi,Female,Nyeri,Tech,Cloud Computing,eMobilis,96.4,In Progress,AWS; Azure; Docker; Linux Administration,Unemployed,2026-01-18,Q1 2026,active
BEN-003266,Wangari,Mbogo,Female,Kisumu,Tech,Data Science,Akirachix,69.0,Dropped,Data Visualization; Machine Learning; SQL,Employed,2025-11-17,Q4 2025,dropped_out
BEN-003268,Nasieku,Mohamed,Female,Machakos,Tech,Data Science,Moringa School,70.2,In Progress,Pandas; SQL; Statistics,Unemployed,2026-08-18,Q3 2026,active
BEN-003269,Mumbi,Ochieng,Female,Nairobi,Tech,Cloud Computing,Akirachix,85.4,In Progress,Azure; Docker; Linux Administration,Unemployed,2026-03-26,Q1 2026,active
BEN-003286,Cheruiyot,Korir,Male,Kiambu,Tech,Cloud Computing,Andela,90.2,Completed,AWS; Azure; Linux Administration,Employed,2025-11-02,Q4 2025,completed
BEN-003300,Dennis,Omondi,male,Uasin Gishu,Tech,Digital Marketing,Andela,76.9,Completed,Analytics; Content Strategy; Google Ads; Social Media Marketing,Employed,2025-04-04,Q2 2025,completed
BEN-003302,Kamau,Odhiambo,Male,Kisumu,Tech,Data Science,Power Learn Project,76.3,Completed,Machine Learning; Pandas; Python; SQL,Employed,2025-09-18,Q3 2025,completed
BEN-003306,Grace,Kariuki,Female,Nairobi,Tech,Data Science,Akirachix,79.9,Dropped,Machine Learning; SQL; Statistics,Self-Employed,2026-03-29,Q1 2026,dropped_out
BEN-003318,Emily,Mbogo,Female,Nairobi,Tech,Digital Marketing,eMobilis,80.7,Dropped,Analytics; Content Strategy,Unemployed,2025-05-09,Q2 2025,dropped_out
BEN-003321,Kendi,Mutiso,Female,Nairobi,Tech,Web Development,eMobilis,89.9,Completed,HTML/CSS; REST APIs,Internship,2025-11-02,Q4 2025,completed
BEN-003327,Zawadi,Njoroge,Female,uasin gishu,Tech,Cybersecurity,Andela,74.8,COMPLETED,Ethical Hacking; Incident Response; Network Security; Risk Assessment,Employed,2025-10-24,Q4 2025,completed
BEN-003336,Chepkoech,Wafula,F,Nairobi,Tech,Data Science,Akirachix,76.2,Completed,Data Visualization; Statistics,Self-Employed,2026-03-21,Q1 2026,completed
BEN-003337,James,Korir,Male,uasin gishu,Tech,Mobile App Development,eMobilis,78.5,Completed,Flutter; Kotlin,Internship,2025-10-15,Q4 2025,completed
BEN-003347,Halima,Achieng,Female,Meru,Tech,AI & Machine Learning,eMobilis,82.3,In Progress,Computer Vision; Python,Unemployed,2026-08-06,Q3 2026,active
BEN-003353,Amina,Mutua,Female,Nairobi,Tech,Mobile App Development,eMobilis,98.1,Completed,Kotlin; Swift,Employed,2026-04-29,Q2 2026,completed
BEN-003356,Wanjiku,Hassan,Female,Machakos,Tech,Digital Marketing,Akirachix,65.0,In Progress,Google Ads; Social Media Marketing,Unemployed,2026-07-06,Q3 2026,active
BEN-003365,Amina,Odhiambo,Female,Kiambu,Tech,Data Science,Moringa School,81.4,Completed,Data Visualization; SQL,Unemployed,2025-11-26,Q4 2025,completed
BEN-003373,Rotich,Koech,Male,Mombasa,Tech,Cybersecurity,Gebeya,71.6,In Progress,Incident Response; Network Security,Unemployed,2026-01-31,Q1 2026,active
BEN-003375,Kevin,Koech,Male,Nairobi,Tech,Digital Marketing,Moringa School,95.9,In Progress,Analytics; Content Strategy; Google Ads; SEO,Unemployed,2026-06-18,Q2 2026,active
BEN-003380,Purity,Odhiambo,Female,NAKURU,Tech,Data Science,eMobilis,83.2,Dropped,Python; Statistics,Employed,2026-04-04,Q2 2026,dropped_out
BEN-003382,Stephen,Kariuki,Male,Nairobi,Tech,Web Development,Moringa School,85.7,Completed,HTML/CSS; JavaScript; REST APIs,Unemployed,2025-09-12,Q3 2025,completed
BEN-003388,Wangari,Maina,Female,Nairobi,Tech,Web Development,eMobilis,91.2,Completed,Git; REST APIs,Internship,2026-03-31,Q1 2026,completed
BEN-003389,Nasieku,Owino,Female,Kisumu,Tech,Digital Marketing,Power Learn Project,72.9,In Progress,Analytics; SEO,Self-Employed,2026-07-07,Q3 2026,active
BEN-003395,Atieno,Barasa,Female,Mombasa,Tech,Cloud Computing,Power Learn Project,89.5,In Progress,AWS; Azure; Docker; Linux Administration,Unemployed,2026-03-20,Q1 2026,active
BEN-003398,Kelvin,Njenga,Male,Kiambu,Tech,AI & Machine Learning,Akirachix,86.2,Completed,Model Deployment; Python; TensorFlow,Unemployed,2025-03-06,Q1 2025,completed
BEN-003405,James,Charo,Male,Mombasa,Tech,Cloud Computing,Akirachix,80.9,In Progress,Azure; Docker; Kubernetes,Self-Employed,2026-07-28,Q3 2026,active
BEN-003410,Nasieku,Mutua,Female,Kisii,Tech,AI & Machine Learning,Akirachix,67.8,Dropped,NLP; Python; TensorFlow,Employed,2026-02-21,Q1 2026,dropped_out
BEN-003413,Purity,Achieng,Female,Kajiado,Tech,Data Science,eMobilis,100.0,In Progress,Data Visualization; Statistics,Unemployed,2026-08-07,Q3 2026,active
BEN-003414,Wekesa,Cheruiyot,Male,NAKURU,Tech,UI/UX Design,Gebeya,55.1,Completed,Prototyping; Wireframing,Employed,2026-04-30,Q2 2026,completed
BEN-003418,Diana,Mwakio,Female,Nairobi,Tech,Cloud Computing,Andela,100.0,Dropped,Docker; Linux Administration,Unemployed,2025-04-10,Q2 2025,dropped_out
BEN-003422,Amina,Muthoni,Female,Uasin Gishu,Tech,AI & Machine Learning,Gebeya,70.9,Dropped,Model Deployment; NLP; Python; TensorFlow,Self-Employed,2025-11-19,Q4 2025,dropped_out
BEN-003423,Halima,Achieng,Female,Kisumu,Tech,Data Science,eMobilis,68.5,In Progress,Data Visualization; Machine Learning; Python; SQL,Unemployed,2026-09-27,Q3 2026,active
BEN-003429,Daniel,Chebet,male,Muranga,Tech,Data Science,eMobilis,64.4,Completed,Machine Learning; Pandas,Internship,2025-04-14,Q2 2025,completed
BEN-003430,Brian,Abdi,Male,Nyeri,Tech,Cloud Computing,Gebeya,84.1,Completed,AWS; Azure; Kubernetes,Employed,2025-12-24,Q4 2025,completed
BEN-003431,Simon,Rotich,Male,Nakuru,Tech,Data Science,Akirachix,85.2,In Progress,Machine Learning; Pandas; SQL; Statistics,Self-Employed,2026-09-11,Q3 2026,active
BEN-003433,Emmanuel,Wanjiku,Male,Kisumu,Tech,UI/UX Design,Power Learn Project,73.3,Completed,Figma; User Research; Wireframing,Internship,2026-05-27,Q2 2026,completed
BEN-003438,Emily,Chebet,Female,Kiambu,Tech,Data Science,Moringa School,87.9,Completed,SQL; Statistics,Employed,2026-01-18,Q1 2026,completed
BEN-003442,Naisula,Onyango,Female,Muranga,Tech,UI/UX Design,Akirachix,66.2,Completed,User Research; Wireframing,Unemployed,2025-10-14,Q4 2025,completed
BEN-003446,Grace,Baya,Female,Kiambu,Tech,Mobile App Development,Andela,84.6,Completed,Firebase; Flutter; React Native; Swift,Self-Employed,2026-02-11,Q1 2026,completed
BEN-003447,Korir,Njoroge,Male,Muranga,Tech,AI & Machine Learning,Andela,90.2,In Progress,Computer Vision; Model Deployment,Employed,2026-05-18,Q2 2026,active
BEN-003450,Atieno,Katana,Female,Nairobi,Tech,Data Science,eMobilis,96.9,In Progress,Pandas; SQL,Employed,2026-05-20,Q2 2026,active
BEN-003451,Gathoni,Barasa,Female,Kilifi,Tech,AI & Machine Learning,eMobilis,80.5,In Progress,Computer Vision; Model Deployment; NLP; TensorFlow,Self-Employed,2026-09-15,Q3 2026,active
BEN-003460,Daniel,Barasa,Male,Kiambu,Tech,Mobile App Development,Moringa School,98.3,Completed,Kotlin; Swift,Self-Employed,2026-03-25,Q1 2026,completed
BEN-003462,Kagure,Mohamed,Female,Mombasa,Tech,Digital Marketing,Power Learn Project,76.3,In Progress,Analytics; Content Strategy; SEO; Social Media Marketing,Unemployed,2026-09-29,Q3 2026,active
BEN-003464,Anyango,Kariuki,Female,Nairobi,Tech,Data Science,eMobilis,78.8,Dropped,Machine Learning; Pandas; Statistics,Self-Employed,2026-06-23,Q2 2026,dropped_out
BEN-003465,Kilonzo,Koech,Male,NAKURU,Tech,UI/UX Design,Gebeya,74.1,In Progress,Design Systems; Wireframing,Self-Employed,2026-06-11,Q2 2026,active
BEN-003481,Emily,Ochieng,Female,Machakos,Tech,Mobile App Development,Moringa School,72.8,Dropped,Firebase; Flutter; Kotlin; React Native,Employed,2026-02-02,Q1 2026,dropped_out
BEN-003482,Vincent,Kimani,Male,Meru,Tech,UI/UX Design,Akirachix,84.0,Completed,Design Systems; Figma; Prototyping; User Research,Self-Employed,2025-08-13,Q3 2025,completed
BEN-003486,Barasa,Cheruiyot,Male,Machakos,Tech,Cybersecurity,Gebeya,82.4,In Progress,Incident Response; Network Security; Risk Assessment,Unemployed,2026-04-27,Q2 2026,active
BEN-003487,Achieng,Mwakio,Female,Kisii,Tech,Cloud Computing,Akirachix,82.3,Dropped,AWS; Docker; Kubernetes,Unemployed,2025-11-26,Q4 2025,dropped_out
BEN-003500,Anthony,Mwakio,Male,MACHAKOS,Tech,Web Development,Gebeya,82.7,In Progress,Node.js; React,Unemployed,2026-02-10,Q1 2026,active
BEN-003502,Kagure,Kamau,Female,Uasin Gishu,Tech,AI & Machine Learning,eMobilis,80.4,In Progress,Computer Vision; NLP; Python; TensorFlow,Unemployed,2026-07-13,Q3 2026,active
BEN-003505,Halima,Maina,f,Nakuru,Tech,Cloud Computing,eMobilis,84.9,In Progress,AWS; Docker; Kubernetes; Linux Administration,Unemployed,2026-01-04,Q1 2026,active
BEN-003506,David,Kimani,Male,Machakos,Tech,Cloud Computing,Moringa School,79.9,In Progress,Azure; Docker,Self-Employed,2026-08-07,Q3 2026,active
BEN-003507,Zawadi,Njenga,Female,Uasin Gishu,Tech,Cloud Computing,Andela,85.7,Completed,Docker; Kubernetes,Self-Employed,2026-02-12,Q1 2026,completed
BEN-003511,Esther,Wanjiku,Female,Machakos,Tech,AI & Machine Learning,Power Learn Project,95.1,Completed,Computer Vision; NLP; Python; TensorFlow,Employed,2025-12-20,Q4 2025,completed
BEN-003512,Boniface,Ochieng,Male,Kiambu,Tech,Web Development,Moringa School,95.2,Completed,HTML/CSS; JavaScript; Node.js; React,Unemployed,2025-05-15,Q2 2025,completed
BEN-003528,Otieno,Kuria,Male,Kiambu,Tech,Mobile App Development,Moringa School,87.6,In Progress,Firebase; Kotlin; React Native; Swift,Employed,2026-04-24,Q2 2026,active
BEN-003530,Njeri,Kilonzo,Female,Kisumu,Tech,UI/UX Design,Akirachix,67.1,Completed,Design Systems; User Research,Unemployed,2025-11-07,Q4 2025,completed
BEN-003531,Omondi,Gitau,Male,Muranga,Tech,Data Science,Andela,84.2,In Progress,Data Visualization; Machine Learning; SQL; Statistics,Unemployed,2026-02-10,Q1 2026,active
BEN-003538,Patrick,Onyango,Male,Machakos,Tech,AI & Machine Learning,Akirachix,89.8,In Progress,Computer Vision; Python; TensorFlow,Self-Employed,2026-07-23,Q3 2026,active
BEN-003553,Cherono,Baya,Female,Mombasa,Tech,AI & Machine Learning,Gebeya,80.7,Completed,Computer Vision; TensorFlow,Employed,2025-05-19,Q2 2025,completed
BEN-003554,Brenda,Wanjiku,F,nairobi,Tech,Data Science,Akirachix,87.1,Completed,Machine Learning; Pandas; Python; SQL,Unemployed,2026-01-16,Q1 2026,completed
BEN-003555,Omondi,Njoroge,Male,Nakuru,Tech,Mobile App Development,Moringa School,78.1,In Progress,Firebase; Flutter; Kotlin; Swift,Employed,2026-08-25,Q3 2026,active
BEN-003556,Patrick,Omondi,Male,Nakuru,Tech,Cybersecurity,Moringa School,89.8,Completed,Network Security; Risk Assessment,Employed,2026-04-29,Q2 2026,completed
BEN-003564,Nasieku,Omondi,Female,Mombasa,Tech,Digital Marketing,eMobilis,85.1,Completed,Content Strategy; Google Ads,Employed,2026-03-22,Q1 2026,completed
BEN-003570,Nkatha,Owino,Female,Machakos,Tech,Mobile App Development,Power Learn Project,81.0,complete,Firebase; Kotlin; React Native; Swift,Employed,2025-07-07,Q3 2025,completed
BEN-003575,Awuor,Mwakio,Female,Meru,Tech,Cybersecurity,Andela,100.0,Completed,Ethical Hacking; Incident Response; Network Security; Risk Assessment,Unemployed,2026-04-10,Q2 2026,completed
BEN-003580,Diana,Mutiso,Female,Bungoma,Tech,Mobile App Development,Andela,75.2,In Progress,Firebase; Flutter; Kotlin; Swift,Unemployed,2026-07-30,Q3 2026,active
BEN-003581,Francis,Mutua,m,Kisumu,Tech,Digital Marketing,Andela,63.5,complete,Analytics; Google Ads; SEO; Social Media Marketing,Employed,2026-03-01,Q1 2026,completed
BEN-003582,Emily,Mutiso,Female,Kiambu,Tech,Cybersecurity,eMobilis,72.0,In Progress,Ethical Hacking; Network Security; Risk Assessment,Self-Employed,2026-09-10,Q3 2026,active
BEN-003593,Rotich,Otieno,Male,Nairobi,Tech,AI & Machine Learning,Moringa School,100.0,In Progress,Model Deployment; Python,Unemployed,2026-06-04,Q2 2026,active
BEN-003596,Mutua,Ngugi,Male,Uasin Gishu,Tech,UI/UX Design,eMobilis,77.7,In Progress,User Research; Wireframing,Employed,2026-06-21,Q2 2026,active
BEN-003603,Anyango,Odhiambo,Female,Bungoma,Tech,Cybersecurity,Andela,70.9,Completed,Network Security; Risk Assessment,Employed,2025-05-25,Q2 2025,completed
BEN-003608,Wanjiru,Mutiso,Female,Nairobi,Tech,Cybersecurity,Akirachix,79.0,Completed,Ethical Hacking; Risk Assessment,Internship,2025-05-13,Q2 2025,completed
BEN-003610,Juma,Matano,Male,Muranga,Tech,UI/UX Design,Andela,91.1,Completed,Design Systems; User Research,Internship,2025-04-17,Q2 2025,completed
BEN-003611,Vincent,Rotich,Male,Kisumu,Tech,Data Science,Moringa School,68.7,Completed,Data Visualization; Python; SQL; Statistics,Employed,2026-06-09,Q2 2026,completed
BEN-003616,Jerop,Cheruiyot,Female,Kilifi,Tech,Data Science,Gebeya,71.1,Completed,Machine Learning; Pandas; Python,Employed,2026-02-11,Q1 2026,completed
BEN-003619,Mumbi,Charo,Female,Nakuru,Tech,UI/UX Design,Akirachix,78.0,In Progress,Figma; Prototyping; User Research; Wireframing,Unemployed,2026-08-04,Q3 2026,active
BEN-003623,Mumbi,Mwakio,Female,Meru,Tech,UI/UX Design,Power Learn Project,75.3,Completed,Figma; Prototyping; User Research; Wireframing,Unemployed,2026-01-23,Q1 2026,completed
BEN-003637,Daniel,Mohamed,Male,Kilifi,Tech,Digital Marketing,Moringa School,90.8,Completed,Analytics; Google Ads; SEO; Social Media Marketing,Employed,2025-05-13,Q2 2025,completed
BEN-003639,Simon,Otieno,MALE,Kiambu,Tech,UI/UX Design,Gebeya,79.5,In Progress,Design Systems; Figma; User Research; Wireframing,Unemployed,2026-09-23,Q3 2026,active
BEN-003644,Timothy,Kilonzo,Male,Uasin Gishu,Tech,AI & Machine Learning,Moringa School,92.7,dropped out,Model Deployment; NLP; Python; TensorFlow,Unemployed,2025-07-28,Q3 2025,dropped_out
BEN-003647,Abdi,Kiptoo,Male,Kiambu,Tech,UI/UX Design,Gebeya,82.1,In Progress,Prototyping; User Research,Self-Employed,2026-09-08,Q3 2026,active
BEN-003653,Kendi,Ngugi,F,Kisumu,Tech,UI/UX Design,eMobilis,70.8,In Progress,Figma; Prototyping; User Research; Wireframing,Employed,2026-05-07,Q2 2026,active
BEN-003658,Isaac,Wafula,Male,Nairobi,Tech,Mobile App Development,Akirachix,97.6,Dropped,Firebase; React Native; Swift,Unemployed,2025-10-24,Q4 2025,dropped_out
BEN-003670,Anyango,Ngugi,Female,NAIROBI,Tech,Data Science,Andela,90.5,In Progress,SQL; Statistics,Unemployed,2026-04-28,Q2 2026,active
BEN-003672,Cynthia,Achieng,Female,Kiambu,Tech,Web Development,eMobilis,92.6,Completed,JavaScript; React,Unemployed,2025-07-10,Q3 2025,completed
BEN-003686,Mercy,Odhiambo,Female,Uasin Gishu,Tech,Mobile App Development,Moringa School,97.3,Completed,Firebase; Flutter; React Native; Swift,Self-Employed,2025-12-06,Q4 2025,completed
BEN-003690,Wekesa,Kamau,Male,Kiambu,Tech,Data Science,Moringa School,72.3,Dropped,Data Visualization; Machine Learning; Pandas; Python,Unemployed,2026-06-01,Q2 2026,dropped_out
BEN-003694,Grace,Bett,Female,Nakuru,Tech,Digital Marketing,Andela,100.0,In Progress,Analytics; Content Strategy; SEO,Self-Employed,2026-05-18,Q2 2026,active
BEN-003696,Mutua,Nduta,Male,Kakamega,Tech,Mobile App Development,Moringa School,92.1,In Progress,Firebase; Flutter; Kotlin; Swift,Unemployed,2026-06-07,Q2 2026,active
BEN-003699,Peter,Nyambane,Male,Uasin Gishu,Tech,Digital Marketing,Akirachix,74.6,In Progress,Content Strategy; Google Ads; SEO; Social Media Marketing,Employed,2026-09-18,Q3 2026,active
BEN-003703,Kelvin,Mutiso,Male,Kajiado,Tech,UI/UX Design,Power Learn Project,85.9,Completed,Figma; Prototyping; User Research; Wireframing,Employed,2025-01-16,Q1 2025,completed
BEN-003706,Kiptoo,Maina,Male,Kajiado,Tech,Mobile App Development,Andela,86.0,Completed,Flutter; Swift,Self-Employed,2025-04-22,Q2 2025,completed
BEN-003710,Emily,Koech,Female,Muranga,Tech,UI/UX Design,Power Learn Project,98.0,In Progress,Design Systems; Prototyping; User Research; Wireframing,Employed,2026-05-14,Q2 2026,active
BEN-003711,Ali,Mutua,Male,machakos,Tech,Cybersecurity,Andela,75.1,In Progress,Ethical Hacking; Incident Response; Network Security; Risk Assessment,Self-Employed,2026-07-20,Q3 2026,active
BEN-003712,Korir,Hassan,Male,Kilifi,Tech,Cloud Computing,Andela,81.6,In Progress,Azure; Kubernetes,Unemployed,2026-05-11,Q2 2026,active
BEN-003736,Dennis,Owino,Male,Kisumu,Tech,Web Development,Akirachix,82.0,Dropped,HTML/CSS; Node.js; REST APIs,Unemployed,2025-10-16,Q4 2025,dropped_out
BEN-003737,Kelvin,Ngugi,Male,Kajiado,Tech,UI/UX Design,Akirachix,94.8,In Progress,Design Systems; Figma; User Research; Wireframing,Unemployed,2026-07-01,Q3 2026,active
BEN-003738,Amina,Muthoni,Female,Bungoma,Tech,AI & Machine Learning,Akirachix,88.6,complete,Computer Vision; Model Deployment; NLP; TensorFlow,Self-Employed,2025-06-18,Q2 2025,completed
BEN-003739,Achieng,Musyoka,Female,NAIROBI,Tech,Data Science,Power Learn Project,90.0,In Progress,Data Visualization; Machine Learning; SQL; Statistics,Self-Employed,2026-02-13,Q1 2026,active
BEN-003742,Wanjiru,Katana,female,Kiambu,Tech,AI & Machine Learning,Akirachix,81.9,Dropped,Computer Vision; NLP,Employed,2025-11-02,Q4 2025,dropped_out
BEN-003748,Njeri,Odhiambo,Female,Meru,Tech,Cybersecurity,Andela,81.2,In Progress,Ethical Hacking; Incident Response; Network Security; Risk Assessment,Self-Employed,2026-09-29,Q3 2026,active
BEN-003750,Peter,Koech,Male,Nairobi,Tech,Web Development,eMobilis,99.9,dropped out,Git; HTML/CSS; Node.js; REST APIs,Self-Employed,2026-01-01,Q1 2026,dropped_out
BEN-003755,Achieng,Charo,Female,Bungoma,Tech,Web Development,eMobilis,79.0,In Progress,JavaScript; React,Employed,2026-08-15,Q3 2026,active
BEN-003759,Wangari,Achieng,Female,Kisumu,Tech,Cloud Computing,eMobilis,91.4,COMPLETED,Azure; Docker; Kubernetes; Linux Administration,Employed,2026-05-07,Q2 2026,completed
BEN-003763,Halima,Koech,Female,Nakuru,Tech,Data Science,Akirachix,65.2,Completed,Data Visualization; Machine Learning; Pandas; SQL,Employed,2025-07-01,Q3 2025,completed
BEN-003767,Mumbi,Hassan,Female,Bungoma,Tech,Data Science,Gebeya,81.6,Completed,Machine Learning; Python; SQL,Unemployed,2025-12-18,Q4 2025,completed
BEN-003772,Akinyi,Kilonzo,Female,Bungoma,Tech,UI/UX Design,Andela,87.2,Completed,Design Systems; Figma; Prototyping,Unemployed,2026-05-26,Q2 2026,completed
BEN-003773,Stephen,Bett,Male,Kiambu,Tech,Web Development,Akirachix,86.6,Completed,Git; JavaScript; Node.js; REST APIs,Internship,2025-02-02,Q1 2025,completed
BEN-003776,Chepkoech,Mohamed,Female,Nakuru,Tech,AI & Machine Learning,Power Learn Project,62.6,COMPLETED,Model Deployment; NLP; TensorFlow,Unemployed,2026-01-08,Q1 2026,completed
BEN-003779,Abdi,Ngugi,M,kajiado,Tech,Cloud Computing,Gebeya,77.7,COMPLETED,Azure; Kubernetes; Linux Administration,Self-Employed,2026-03-04,Q1 2026,completed
BEN-003781,Omondi,Matano,Male,Kisumu,Tech,AI & Machine Learning,Gebeya,76.6,Dropped,Computer Vision; NLP; Python; TensorFlow,Employed,2025-04-28,Q2 2025,dropped_out
BEN-003788,Cherono,Maina,Female,Nairobi,Tech,UI/UX Design,Power Learn Project,86.0,Completed,Design Systems; Figma,Self-Employed,2025-06-20,Q2 2025,completed
BEN-003796,Zawadi,Abdi,Female,MOMBASA,Tech,Data Science,Gebeya,95.7,Completed,Pandas; SQL; Statistics,Employed,2025-07-09,Q3 2025,completed
BEN-003812,Akinyi,Charo,Female,Kisii,Tech,Cloud Computing,Power Learn Project,70.5,Dropped,Docker; Kubernetes; Linux Administration,Self-Employed,2026-04-21,Q2 2026,dropped_out
BEN-003815,Daniel,Mbogo,Male,Meru,Tech,Data Science,Moringa School,89.5,In Progress,Data Visualization; Python,Employed,2026-09-24,Q3 2026,active
BEN-003816,Joseph,Omondi,Male,Kiambu,Tech,Cloud Computing,Moringa School,83.5,Completed,AWS; Azure; Kubernetes,Internship,2025-06-05,Q2 2025,completed
BEN-003819,Njeri,Baya,Female,Muranga,Tech,Data Science,Moringa School,84.1,In Progress,Data Visualization; Machine Learning; Pandas; SQL,Unemployed,2026-07-12,Q3 2026,active
BEN-003823,Grace,Juma,Female,Uasin Gishu,Tech,Mobile App Development,Moringa School,81.3,Completed,Firebase; Flutter; React Native,Employed,2025-10-27,Q4 2025,completed
BEN-003825,Emmanuel,Owino,Male,Nairobi,Tech,Digital Marketing,Moringa School,83.7,Completed,Analytics; Google Ads,Self-Employed,2026-03-14,Q1 2026,completed
BEN-003832,Kendi,Juma,Female,Nakuru,Tech,Mobile App Development,Power Learn Project,85.0,In Progress,Firebase; Flutter; Swift,Employed,2026-09-11,Q3 2026,active
BEN-003838,Nicholas,Kuria,Male,Kiambu,Tech,Data Science,Power Learn Project,99.7,Completed,Data Visualization; Machine Learning; Pandas; Statistics,Employed,2025-07-21,Q3 2025,completed
BEN-003840,Amina,Mwakio,Female,Kiambu,Tech,Data Science,eMobilis,94.5,Completed,Pandas; Statistics,Unemployed,2026-05-07,Q2 2026,completed
BEN-003843,Onyango,Muthoni,Male,Muranga,Tech,Web Development,Moringa School,77.1,Dropped,Git; HTML/CSS; Node.js; REST APIs,Employed,2025-09-15,Q3 2025,dropped_out
BEN-003847,Mutua,Ochieng,Male,Kilifi,Tech,Data Science,Akirachix,94.6,Completed,Data Visualization; Machine Learning; Python,Employed,2025-09-13,Q3 2025,completed
BEN-003853,Nkatha,Omondi,Female,Kakamega,Tech,Digital Marketing,Gebeya,81.4,Completed,Analytics; Content Strategy; Google Ads; SEO,Unemployed,2025-10-08,Q4 2025,completed
BEN-003857,Kevin,Onyango,Male,Mombasa County,Tech,Web Development,Akirachix,82.9,Completed,Git; HTML/CSS; REST APIs; React,Employed,2026-06-11,Q2 2026,completed
BEN-003861,Brenda,Bett,Female,Nyeri,Tech,Cybersecurity,Power Learn Project,76.3,In Progress,Ethical Hacking; Incident Response; Network Security; Risk Assessment,Unemployed,2026-04-20,Q2 2026,active
BEN-003869,Faith,Onyango,Female,Nakuru,Tech,Cybersecurity,Andela,75.6,Completed,Ethical Hacking; Risk Assessment,Internship,2026-02-18,Q1 2026,completed
BEN-003874,Otieno,Musyoka,Male,Kakamega,Tech,Digital Marketing,Akirachix,84.3,In Progress,SEO; Social Media Marketing,Unemployed,2026-08-28,Q3 2026,active
BEN-003878,Brian,Charo,Male,Kisumu,Tech,AI & Machine Learning,Akirachix,68.9,In Progress,Computer Vision; Model Deployment,Unemployed,2026-01-29,Q1 2026,active
BEN-003897,Purity,Nyambane,Female,Kilifi,Tech,Data Science,Akirachix,71.8,Completed,Machine Learning; Python; SQL; Statistics,Self-Employed,2026-03-30,Q1 2026,completed
BEN-003899,Ali,Ngugi,Male,Nairobi,Tech,Cybersecurity,Akirachix,84.9,Completed,Ethical Hacking; Incident Response; Network Security; Risk Assessment,Unemployed,2025-09-17,Q3 2025,completed
BEN-003903,Timothy,Gitau,Male,Nairobi,Tech,UI/UX Design,eMobilis,93.4,In Progress,Design Systems; Prototyping,Unemployed,2026-08-29,Q3 2026,active
BEN-003907,Daniel,Achieng,Male,Muranga,Tech,Cybersecurity,Akirachix,74.8,Completed,Ethical Hacking; Incident Response; Network Security; Risk Assessment,Unemployed,2026-02-24,Q1 2026,completed
BEN-003910,Chepkoech,Cheruiyot,Female,Kakamega,Tech,Web Development,Akirachix,85.3,In Progress,Git; JavaScript; Node.js,Unemployed,2026-08-09,Q3 2026,active
BEN-003921,Abdi,Wafula,Male,Meru,Tech,AI & Machine Learning,Power Learn Project,72.9,In Progress,Computer Vision; Python,Unemployed,2026-06-18,Q2 2026,active
BEN-003925,Chebet,Katana,Female,Nairobi,Tech,Digital Marketing,Power Learn Project,81.0,Completed,Analytics; Google Ads; Social Media Marketing,Employed,2026-06-02,Q2 2026,completed
BEN-003934,Anyango,Wafula,Female,Meru,Tech,Web Development,eMobilis,90.9,In Progress,Git; HTML/CSS; Node.js; React,Self-Employed,2026-03-22,Q1 2026,active
BEN-003935,Francis,Wekesa,M,Kilifi County,Tech,Cybersecurity,eMobilis,69.1,Completed,Ethical Hacking; Incident Response; Network Security; Risk Assessment,Self-Employed,2026-03-26,Q1 2026,completed
BEN-003945,Beatrice,Mwangi,F,meru,Tech,Web Development,Gebeya,78.0,In Progress,Node.js; REST APIs; React,Unemployed,2026-09-14,Q3 2026,active
BEN-003954,Simon,Kiptoo,m,Kiambu,Tech,Mobile App Development,Andela,83.5,In Progress,Flutter; Kotlin,Unemployed,2026-05-20,Q2 2026,active
BEN-003957,Boniface,Kiptoo,Male,Mombasa,Tech,Mobile App Development,Gebeya,99.9,Completed,Firebase; Flutter; React Native; Swift,Unemployed,2025-11-08,Q4 2025,completed
BEN-003962,Esther,Mutiso,Female,nyeri,Tech,Cybersecurity,Andela,90.1,COMPLETED,Incident Response; Risk Assessment,Unemployed,2025-08-20,Q3 2025,completed
BEN-003964,Wekesa,Njoroge,Male,Kiambu,Tech,Data Science,Akirachix,72.7,Completed,Data Visualization; Python; SQL; Statistics,Unemployed,2026-03-20,Q1 2026,completed
BEN-003978,Otieno,Katana,MALE,Mombasa,Tech,Cloud Computing,Andela,81.0,In Progress,AWS; Azure; Kubernetes; Linux Administration,Self-Employed,2026-01-01,Q1 2026,active
BEN-003988,Brenda,Ochieng,Female,Bungoma,Tech,Digital Marketing,Andela,72.5,In Progress,Content Strategy; Google Ads; SEO,Unemployed,2026-05-23,Q2 2026,active
BEN-003991,Caroline,Wekesa,Female,Kilifi,Tech,Data Science,Power Learn Project,90.6,In Progress,Data Visualization; Python,Unemployed,2026-05-28,Q2 2026,active
BEN-004001,Kipchoge,Wanjiku,Male,Kisumu,Tech,Web Development,Moringa School,83.9,In Progress,Git; HTML/CSS; JavaScript; React,Self-Employed,2026-01-02,Q1 2026,active
BEN-004008,Cherono,Kiptoo,Female,Kisumu,Tech,Cloud Computing,Akirachix,81.5,Completed,Docker; Linux Administration,Internship,2025-06-26,Q2 2025,completed
BEN-004011,Wanjiru,Ngugi,FEMALE,Uasin Gishu,Tech,AI & Machine Learning,Power Learn Project,81.1,Completed,Model Deployment; NLP; Python; TensorFlow,Employed,2026-01-25,Q1 2026,completed
BEN-004012,Neema,Kiptoo,Female,Mombasa,Tech,Cloud Computing,Andela,77.8,Dropped,AWS; Azure; Docker; Linux Administration,Self-Employed,2025-06-15,Q2 2025,dropped_out
BEN-004021,Samuel,Matano,Male,Uasin Gishu,Tech,Cloud Computing,Andela,94.4,In Progress,AWS; Azure; Kubernetes; Linux Administration,Unemployed,2026-05-03,Q2 2026,active
BEN-004029,Joseph,Wafula,Male,Nakuru,Tech,Cloud Computing,Gebeya,81.8,In Progress,AWS; Azure; Docker; Kubernetes,Unemployed,2026-07-20,Q3 2026,active
BEN-004031,Vincent,Mbogo,Male,Nairobi,Tech,Cybersecurity,Akirachix,86.2,In Progress,Ethical Hacking; Incident Response; Network Security; Risk Assessment,Unemployed,2026-09-03,Q3 2026,active
BEN-004034,Beatrice,Charo,Female,Bungoma,Tech,Cybersecurity,Gebeya,100.0,Completed,Ethical Hacking; Incident Response; Network Security; Risk Assessment,Employed,2025-11-30,Q4 2025,completed
BEN-004035,Chepkoech,Mohamed,Female,Mombasa,Tech,Cybersecurity,Akirachix,98.5,Completed,Network Security; Risk Assessment,Self-Employed,2025-11-29,Q4 2025,completed
BEN-004042,Kendi,Owino,Female,Kisumu,Tech,Cloud Computing,Gebeya,81.4,In Progress,Kubernetes; Linux Administration,Self-Employed,2026-07-07,Q3 2026,active
BEN-004048,Mercy,Mwangi,Female,Mombasa,Tech,Mobile App Development,Power Learn Project,100.0,In Progress,Flutter; Kotlin,Unemployed,2026-09-06,Q3 2026,active
BEN-004050,Njeri,Abdi,Female,Nairobi,Tech,AI & Machine Learning,Power Learn Project,100.0,Completed,Model Deployment; Python; TensorFlow,Self-Employed,2025-11-12,Q4 2025,completed
BEN-004053,Musyoka,Chebet,M,Mombasa,Tech,Web Development,Power Learn Project,61.4,Completed,Git; HTML/CSS; JavaScript; React,Self-Employed,2025-10-07,Q4 2025,completed
BEN-004054,Zawadi,Mutiso,Female,Kiambu,Tech,AI & Machine Learning,Andela,78.0,Completed,Computer Vision; Model Deployment; NLP,Internship,2025-11-13,Q4 2025,completed
BEN-004056,Cherono,Kiptoo,Female,kajiado,Tech,Digital Marketing,Power Learn Project,72.6,Completed,Analytics; SEO,Unemployed,2026-02-27,Q1 2026,completed
BEN-004058,Stephen,Maina,Male,Kiambu,Tech,Cloud Computing,Gebeya,76.6,Completed,AWS; Docker; Kubernetes; Linux Administration,Employed,2025-08-09,Q3 2025,completed
BEN-004069,Amina,Cheruiyot,Female,Meru,Tech,Cybersecurity,Andela,70.7,Completed,Ethical Hacking; Incident Response; Network Security; Risk Assessment,Employed,2025-12-05,Q4 2025,completed
BEN-004073,Wanjiku,Charo,F,Nairobi,Tech,Cloud Computing,Gebeya,84.0,Completed,Docker; Kubernetes; Linux Administration,Self-Employed,2025-08-20,Q3 2025,completed
BEN-004075,Nicholas,Hassan,Male,Nairobi,Tech,Mobile App Development,Andela,97.3,Completed,Flutter; Kotlin; Swift,Unemployed,2025-08-28,Q3 2025,completed
BEN-004078,Atieno,Mbogo,Female,Nakuru County,Tech,Web Development,eMobilis,81.4,Completed,Git; Node.js,Self-Employed,2025-08-13,Q3 2025,completed
BEN-004082,Onyango,Koech,Male,Kisii,Tech,AI & Machine Learning,Gebeya,88.5,Completed,Model Deployment; NLP; Python; TensorFlow,Self-Employed,2025-07-25,Q3 2025,completed
BEN-004090,Achieng,Maina,Female,Bungoma,Tech,Digital Marketing,Andela,79.3,In Progress,Content Strategy; Google Ads; SEO,Employed,2026-06-30,Q2 2026,active
BEN-004095,Emily,Nduta,Female,Kilifi County,Tech,Mobile App Development,Moringa School,82.7,In Progress,Firebase; Flutter; React Native; Swift,Employed,2026-02-18,Q1 2026,active
BEN-004101,Ali,Abdi,Male,Kisumu,Tech,Digital Marketing,eMobilis,72.5,In Progress,Analytics; Google Ads; SEO; Social Media Marketing,Unemployed,2026-03-24,Q1 2026,active
BEN-004102,Joseph,Koech,Male,Machakos,Tech,Web Development,Andela,73.4,Completed,Git; JavaScript; React,Self-Employed,2025-01-13,Q1 2025,completed
BEN-004105,Korir,Mutiso,Male,Nairobi,Tech,Web Development,Moringa School,83.7,In Progress,JavaScript; Node.js; React,Unemployed,2026-08-25,Q3 2026,active
BEN-004117,Stephen,Njenga,Male,Nyeri,Tech,AI & Machine Learning,Moringa School,97.3,Completed,Model Deployment; Python; TensorFlow,Internship,2026-02-28,Q1 2026,completed
BEN-004118,Patrick,Kamau,Male,Kilifi,Tech,Mobile App Development,Andela,66.9,In Progress,Flutter; Kotlin; React Native; Swift,Self-Employed,2026-09-19,Q3 2026,active
BEN-004121,Peter,Cheruiyot,Male,Mombasa County,Tech,Mobile App Development,Moringa School,89.9,Completed,Firebase; Kotlin; Swift,Unemployed,2026-01-16,Q1 2026,completed
BEN-004127,Akinyi,Charo,Female,MOMBASA,Tech,Cybersecurity,Andela,87.5,Completed,Ethical Hacking; Incident Response; Risk Assessment,Employed,2025-09-18,Q3 2025,completed
BEN-004130,John,Korir,Male,Mombasa,Tech,Cloud Computing,eMobilis,90.9,Completed,Kubernetes; Linux Administration,Employed,2025-09-25,Q3 2025,completed
BEN-004138,Wanjiru,Juma,Female,Nairobi,Tech,Data Science,eMobilis,81.0,Dropped,Machine Learning; Statistics,Employed,2025-05-03,Q2 2025,dropped_out
BEN-004142,Nyambura,Muthoni,Female,Machakos,Tech,UI/UX Design,Akirachix,81.9,In Progress,Design Systems; Figma; User Research,Employed,2026-08-17,Q3 2026,active
BEN-004145,David,Kariuki,Male,Bungoma,Tech,Web Development,Andela,92.4,Completed,HTML/CSS; Node.js; REST APIs,Self-Employed,2025-05-28,Q2 2025,completed
BEN-004147,Kipchoge,Njoroge,Male,Nakuru,Tech,Mobile App Development,eMobilis,89.3,Completed,Firebase; Flutter; Swift,Self-Employed,2025-06-24,Q2 2025,completed
BEN-004148,Musyoka,Barasa,Male,Muranga,Tech,Cybersecurity,Andela,98.1,Completed,Ethical Hacking; Network Security,Employed,2025-01-10,Q1 2025,completed
BEN-004150,Joseph,Njenga,male,Nairobi,Tech,Cybersecurity,Akirachix,75.3,Completed,Incident Response; Network Security; Risk Assessment,Self-Employed,2025-11-28,Q4 2025,completed
BEN-004161,Cynthia,Korir,Female,Muranga,Tech,Data Science,Gebeya,93.9,In Progress,Data Visualization; Machine Learning; SQL,Self-Employed,2026-04-25,Q2 2026,active
BEN-004169,Mutua,Nyambane,Male,Nakuru,Tech,Mobile App Development,Moringa School,95.8,Completed,Flutter; Swift,Employed,2026-06-11,Q2 2026,completed
BEN-004170,Chebet,Muthoni,Female,Nairobi,Tech,Web Development,Andela,87.5,In Progress,HTML/CSS; Node.js; REST APIs,Unemployed,2026-04-15,Q2 2026,active
BEN-004175,Chebet,Njenga,Female,Meru,Tech,UI/UX Design,Power Learn Project,85.9,Completed,Design Systems; Figma; Prototyping; User Research,Employed,2026-03-07,Q1 2026,completed
BEN-004180,Timothy,Gitau,Male,Kajiado,Tech,Data Science,Andela,86.1,Completed,Machine Learning; Statistics,Unemployed,2025-06-09,Q2 2025,completed
BEN-004185,Baraka,Musyoka,Male,Meru,Tech,Data Science,Power Learn Project,89.7,In Progress,Data Visualization; Machine Learning; Pandas; SQL,Unemployed,2026-08-24,Q3 2026,active
BEN-004189,Odhiambo,Njoroge,Male,Kiambu,Tech,Web Development,Andela,91.3,Completed,Git; HTML/CSS; Node.js; React,Unemployed,2025-02-04,Q1 2025,completed
BEN-004197,Halima,Kilonzo,Female,Nairobi,Tech,Web Development,Moringa School,86.7,Completed,REST APIs; React,Self-Employed,2026-01-28,Q1 2026,completed
BEN-004204,Stephen,Juma,Male,Kajiado,Tech,AI & Machine Learning,Akirachix,81.7,In Progress,Computer Vision; NLP; Python; TensorFlow,Self-Employed,2026-05-26,Q2 2026,active
BEN-004209,Odhiambo,Koech,Male,Nyeri,Tech,AI & Machine Learning,Power Learn Project,82.9,In Progress,Model Deployment; Python,Unemployed,2026-05-10,Q2 2026,active
BEN-004215,Njeri,Rotich,Female,Mombasa,Tech,Data Science,eMobilis,71.5,Completed,Data Visualization; Pandas; Python; Statistics,Employed,2025-12-19,Q4 2025,completed
BEN-004219,Cherono,Charo,Female,Kiambu,Tech,Cybersecurity,eMobilis,70.5,In Progress,Ethical Hacking; Network Security,Unemployed,2026-08-04,Q3 2026,active
BEN-004220,Kevin,Wekesa,MALE,Mombasa,Tech,Web Development,Moringa School,79.4,In Progress,Git; React,Self-Employed,2026-01-04,Q1 2026,active
BEN-004227,Kendi,Ngugi,Female,Nairobi,Tech,Web Development,Andela,96.8,In Progress,Git; HTML/CSS; JavaScript; React,Unemployed,2026-05-01,Q2 2026,active
BEN-004240,Cherono,Abdi,Female,Kilifi,Tech,AI & Machine Learning,Gebeya,63.9,Dropped,Computer Vision; Model Deployment,Employed,2025-04-02,Q2 2025,dropped_out
BEN-004244,Purity,Owino,Female,Uasin Gishu,Tech,Cybersecurity,Power Learn Project,99.8,complete,Ethical Hacking; Incident Response; Network Security; Risk Assessment,Employed,2026-02-10,Q1 2026,completed
BEN-004247,Naisula,Katana,Female,Muranga,Tech,Mobile App Development,Akirachix,90.3,In Progress,Firebase; Flutter,Unemployed,2026-07-06,Q3 2026,active
BEN-004257,Musyoka,Bett,Male,kiambu,Tech,Data Science,Akirachix,89.7,Completed,Pandas; Python; SQL; Statistics,Unemployed,2025-09-07,Q3 2025,completed
BEN-004260,Gathoni,Onyango,Female,Uasin Gishu,Tech,Cybersecurity,Akirachix,80.3,Completed,Ethical Hacking; Incident Response; Risk Assessment,Employed,2025-06-17,Q2 2025,completed
BEN-004262,Sharon,Njenga,Female,Kajiado,Tech,AI & Machine Learning,Moringa School,65.8,In Progress,Model Deployment; NLP; Python; TensorFlow,Employed,2026-08-22,Q3 2026,active
BEN-004275,Isaac,Charo,Male,Meru,Tech,Digital Marketing,Gebeya,70.4,Completed,Google Ads; SEO,Employed,2025-09-20,Q3 2025,completed
BEN-004292,Collins,Mbogo,Male,Uasin Gishu,Tech,AI & Machine Learning,Akirachix,89.5,In Progress,Computer Vision; Model Deployment; NLP,Unemployed,2026-01-08,Q1 2026,active
BEN-004319,Neema,Kamau,Female,Bungoma,Tech,Data Science,eMobilis,81.6,In Progress,Pandas; Python; Statistics,Unemployed,2026-01-28,Q1 2026,active
BEN-004327,Patrick,Ochieng,Male,Nairobi,Tech,Cybersecurity,Moringa School,96.0,Dropped,Ethical Hacking; Incident Response; Network Security; Risk Assessment,Self-Employed,2026-03-02,Q1 2026,dropped_out
BEN-004335,Kipchoge,Njenga,Male,Nairobi,Tech,Digital Marketing,Moringa School,90.0,Completed,Google Ads; SEO; Social Media Marketing,Internship,2026-01-02,Q1 2026,completed
BEN-004336,Nicholas,Njoroge,Male,KILIFI,Tech,Mobile App Development,Moringa School,55.4,Completed,Firebase; Kotlin; Swift,Unemployed,2025-09-26,Q3 2025,completed
BEN-004337,Victor,Ngugi,Male,Nakuru,Tech,Web Development,eMobilis,86.3,In Progress,Git; JavaScript; Node.js; REST APIs,Unemployed,2026-09-13,Q3 2026,active
BEN-004338,Mercy,Odhiambo,Female,Kiambu,Tech,AI & Machine Learning,Andela,89.3,Completed,Computer Vision; NLP; Python,Unemployed,2025-03-21,Q1 2025,completed
BEN-004339,Joy,Kiptoo,Female,Nairobi,Tech,Web Development,eMobilis,88.2,In Progress,Git; JavaScript; REST APIs; React,Unemployed,2026-02-21,Q1 2026,active
BEN-004342,Joseph,Mutiso,Male,Nairobi,Tech,Data Science,Akirachix,77.4,Completed,Machine Learning; Pandas; SQL; Statistics,Unemployed,2025-04-16,Q2 2025,completed
BEN-004344,Njeri,Kuria,Female,Kakamega,Tech,AI & Machine Learning,Gebeya,76.7,Dropped,Computer Vision; Model Deployment; TensorFlow,Self-Employed,2025-06-14,Q2 2025,dropped_out
BEN-004350,Cynthia,Koech,Female,Kiambu,Tech,Digital Marketing,Power Learn Project,91.3,In Progress,Analytics; Content Strategy; Social Media Marketing,Unemployed,2026-09-23,Q3 2026,active
BEN-004353,Wangari,Nduta,Female,Kisii,Tech,Data Science,Gebeya,90.4,Completed,Data Visualization; Machine Learning; Python; SQL,Self-Employed,2025-01-18,Q1 2025,completed
BEN-004356,Achieng,Charo,Female,Nyeri,Tech,Cloud Computing,Moringa School,75.2,Completed,AWS; Kubernetes,Self-Employed,2025-09-13,Q3 2025,completed
BEN-004357,Emily,Maina,Female,Nakuru,Tech,Mobile App Development,Gebeya,88.8,In Progress,Kotlin; React Native,Unemployed,2026-06-30,Q2 2026,active
BEN-004358,Purity,Mwakio,Female,Kisumu,Tech,AI & Machine Learning,Akirachix,86.1,Dropped,Computer Vision; NLP; Python; TensorFlow,Unemployed,2025-09-29,Q3 2025,dropped_out
BEN-004363,Collins,Charo,Male,Kiambu,Tech,Web Development,Moringa School,65.9,In Progress,Git; Node.js; REST APIs; React,Unemployed,2026-07-12,Q3 2026,active
BEN-004381,Beatrice,Rotich,Female,Kisumu,Tech,Cloud Computing,Gebeya,65.7,Dropped,AWS; Linux Administration,Employed,2025-11-09,Q4 2025,dropped_out
BEN-004387,Collins,Juma,Male,Nairobi,Tech,Cybersecurity,eMobilis,85.4,In Progress,Incident Response; Network Security; Risk Assessment,Unemployed,2026-05-01,Q2 2026,active
BEN-004397,David,Abdi,Male,Nyeri,Tech,AI & Machine Learning,Andela,88.0,complete,Computer Vision; Python,Employed,2025-10-29,Q4 2025,completed
BEN-004402,Purity,Wekesa,Female,Kiambu,Tech,UI/UX Design,Akirachix,100.0,complete,Figma; Prototyping; User Research; Wireframing,Unemployed,2025-11-10,Q4 2025,completed
BEN-004408,Victor,Mwakio,Male,Mombasa,Tech,Web Development,Andela,91.1,Completed,Git; HTML/CSS; Node.js; REST APIs,Employed,2025-11-09,Q4 2025,completed
BEN-004410,Akinyi,Charo,Female,Nairobi,Tech,Mobile App Development,Power Learn Project,100.0,In Progress,Firebase; Flutter,Unemployed,2026-06-19,Q2 2026,active
BEN-004413,Brenda,Kimani,Female,Bungoma,Tech,UI/UX Design,Andela,72.9,Completed,Design Systems; Figma; Prototyping; User Research,Internship,2025-12-03,Q4 2025,completed
BEN-004414,Esther,Ngugi,Female,muranga,Tech,Cybersecurity,Gebeya,77.9,Dropped,Ethical Hacking; Incident Response; Risk Assessment,Unemployed,2025-03-07,Q1 2025,dropped_out
BEN-004415,Cynthia,Wekesa,Female,Nairobi,Tech,Cloud Computing,Andela,91.4,In Progress,AWS; Azure,Unemployed,2026-09-03,Q3 2026,active
BEN-004418,Joseph,Wafula,Male,Nyeri,Tech,Data Science,Akirachix,93.1,Completed,Pandas; Statistics,Self-Employed,2026-03-06,Q1 2026,completed
BEN-004423,Jerop,Matano,Female,Kisumu,Tech,Web Development,Akirachix,72.9,Completed,HTML/CSS; Node.js,Unemployed,2026-03-20,Q1 2026,completed
BEN-004427,Vincent,Mohamed,Male,Kisumu,Tech,AI & Machine Learning,Power Learn Project,83.6,In Progress,NLP; Python,Self-Employed,2026-05-07,Q2 2026,active
BEN-004444,Mohamed,Otieno,Male,Nakuru,Tech,Mobile App Development,eMobilis,86.3,Completed,Firebase; Flutter; Swift,Employed,2025-11-10,Q4 2025,completed
BEN-004448,Brian,Ochieng,Male,Kilifi,Tech,Cloud Computing,Moringa School,87.6,Completed,AWS; Azure; Kubernetes; Linux Administration,Unemployed,2025-11-18,Q4 2025,completed
BEN-004450,Brian,Wekesa,Male,Kiambu,Tech,Mobile App Development,eMobilis,77.1,Completed,Flutter; Kotlin; React Native,Internship,2025-01-04,Q1 2025,completed
BEN-004467,Caroline,Otieno,Female,Bungoma,Tech,AI & Machine Learning,Moringa School,68.8,Completed,NLP; Python,Unemployed,2025-08-01,Q3 2025,completed
BEN-004471,Kelvin,Abdi,Male,machakos,Tech,Web Development,Moringa School,70.2,In Progress,HTML/CSS; Node.js; REST APIs; React,Employed,2026-02-24,Q1 2026,active
BEN-004481,Cherono,Katana,Female,Nyeri,Tech,Data Science,eMobilis,82.3,In Progress,Machine Learning; Pandas; SQL,Employed,2026-05-04,Q2 2026,active
BEN-004484,Faith,Mwakio,Female,Nairobi,Tech,Mobile App Development,Akirachix,93.9,Dropped,Firebase; Flutter; React Native; Swift,Unemployed,2025-08-12,Q3 2025,dropped_out
BEN-004490,Odhiambo,Nyambane,M,Kakamega,Tech,Mobile App Development,Akirachix,72.6,In Progress,Flutter; React Native,Unemployed,2026-07-28,Q3 2026,active
BEN-004501,Nkatha,Ngugi,Female,Meru,Tech,Mobile App Development,Power Learn Project,87.4,In Progress,Firebase; Flutter; Kotlin; React Native,Unemployed,2026-05-26,Q2 2026,active
BEN-004505,Nyambura,Ngugi,Female,Mombasa,Tech,Digital Marketing,Andela,72.4,Completed,Content Strategy; Google Ads; Social Media Marketing,Employed,2025-11-10,Q4 2025,completed
BEN-004509,Gathoni,Bett,Female,Uasin Gishu,Tech,Cybersecurity,eMobilis,89.3,In Progress,Ethical Hacking; Incident Response,Self-Employed,2026-05-28,Q2 2026,active
BEN-004511,Kevin,Mwakio,Male,Kakamega,Tech,Cybersecurity,Andela,77.3,COMPLETED,Ethical Hacking; Incident Response; Network Security; Risk Assessment,Employed,2025-05-19,Q2 2025,completed
BEN-004513,Dennis,Njoroge,Male,KIAMBU,Tech,Digital Marketing,eMobilis,76.5,complete,Content Strategy; Google Ads; SEO; Social Media Marketing,Self-Employed,2026-05-31,Q2 2026,completed
BEN-004519,Achieng,Kamau,Female,Meru,Tech,AI & Machine Learning,eMobilis,82.7,In Progress,Model Deployment; NLP,Self-Employed,2026-03-13,Q1 2026,active
BEN-004524,Onyango,Kuria,Male,Mombasa,Tech,Cybersecurity,Gebeya,64.0,In Progress,Incident Response; Risk Assessment,Self-Employed,2026-02-01,Q1 2026,active
BEN-004532,Victor,Hassan,Male,Kajiado,Tech,Data Science,Gebeya,91.3,Completed,Pandas; Python; SQL; Statistics,Unemployed,2025-05-20,Q2 2025,completed
BEN-004536,Kiptoo,Wekesa,Male,Mombasa,Tech,AI & Machine Learning,eMobilis,71.7,Completed,Model Deployment; Python,Employed,2026-06-20,Q2 2026,completed
BEN-004539,Nicholas,Korir,Male,Kiambu,Tech,AI & Machine Learning,Moringa School,80.6,Completed,Computer Vision; Python,Employed,2025-08-19,Q3 2025,completed
BEN-004549,Brian,Mutua,Male,KIAMBU,Tech,UI/UX Design,Gebeya,77.4,Completed,User Research; Wireframing,Employed,2026-05-17,Q2 2026,completed
BEN-004550,Naisula,Nduta,Female,Mombasa,Tech,Web Development,eMobilis,75.1,COMPLETED,Git; HTML/CSS; REST APIs,Unemployed,2025-06-13,Q2 2025,completed
BEN-004555,Joy,Katana,Female,Muranga,Tech,Digital Marketing,Andela,86.9,In Progress,Analytics; Content Strategy; Google Ads,Unemployed,2026-05-02,Q2 2026,active
BEN-004564,Wanjiku,Korir,Female,Kiambu,Tech,Mobile App Development,eMobilis,100.0,In Progress,Firebase; Kotlin,Employed,2026-08-29,Q3 2026,active
BEN-004566,Kamau,Bett,Male,Nakuru,Tech,Cybersecurity,eMobilis,86.3,In Progress,Ethical Hacking; Incident Response; Risk Assessment,Unemployed,2026-05-19,Q2 2026,active
BEN-004567,Cynthia,Wekesa,Female,Uasin Gishu,Tech,Data Science,eMobilis,84.9,Completed,Data Visualization; Machine Learning; Pandas; Statistics,Internship,2025-05-18,Q2 2025,completed
BEN-004568,Kelvin,Mutua,Male,Nyeri,Tech,Digital Marketing,Moringa School,94.7,In Progress,Google Ads; SEO; Social Media Marketing,Unemployed,2026-07-23,Q3 2026,active
BEN-004585,Otieno,Muthoni,Male,Kisumu,Tech,Data Science,Andela,65.6,In Progress,Machine Learning; Pandas,Employed,2026-07-17,Q3 2026,active
BEN-004586,Emmanuel,Kamau,Male,Kiambu,Tech,AI & Machine Learning,Gebeya,98.6,In Progress,Python; TensorFlow,Unemployed,2026-07-19,Q3 2026,active
BEN-004599,Collins,Njoroge,Male,Nairobi,Tech,Cloud Computing,Akirachix,100.0,In Progress,AWS; Linux Administration,Employed,2026-07-08,Q3 2026,active
BEN-004602,Francis,Njenga,Male,Nairobi,Tech,UI/UX Design,Andela,84.3,In Progress,Design Systems; Figma; Prototyping; User Research,Unemployed,2026-07-07,Q3 2026,active
BEN-004612,Grace,Kiptoo,Female,Kakamega,Tech,Data Science,Moringa School,78.0,Completed,Data Visualization; Machine Learning; Python; Statistics,Unemployed,2025-07-14,Q3 2025,completed
BEN-004615,Collins,Juma,Male,MACHAKOS,Tech,UI/UX Design,Power Learn Project,82.1,Completed,Design Systems; Figma; User Research; Wireframing,Self-Employed,2025-05-01,Q2 2025,completed
BEN-004620,Victor,Nyambane,Male,Kakamega,Tech,Digital Marketing,eMobilis,70.3,Completed,Analytics; Content Strategy; SEO; Social Media Marketing,Self-Employed,2025-09-02,Q3 2025,completed
BEN-004622,Sharon,Musyoka,Female,Uasin Gishu,Tech,Digital Marketing,Power Learn Project,80.8,Dropped,Google Ads; Social Media Marketing,Unemployed,2025-11-19,Q4 2025,dropped_out
BEN-004624,Awuor,Maina,Female,Nairobi,Tech,Data Science,Power Learn Project,96.0,Completed,Machine Learning; Pandas,Employed,2025-01-20,Q1 2025,completed
BEN-004625,Nkatha,Kiptoo,Female,Kiambu,Tech,Data Science,Andela,94.3,Completed,Data Visualization; Machine Learning; Python; Statistics,Unemployed,2025-01-12,Q1 2025,completed
BEN-004627,Cheruiyot,Mutiso,Male,Uasin Gishu,Tech,Cloud Computing,Andela,100.0,In Progress,AWS; Docker,Unemployed,2026-08-02,Q3 2026,active
BEN-004630,James,Mwakio,Male,Mombasa,Tech,Mobile App Development,Power Learn Project,85.6,In Progress,Kotlin; React Native; Swift,Self-Employed,2026-03-30,Q1 2026,active
BEN-004633,Kendi,Musyoka,Female,Nairobi,Tech,Web Development,Moringa School,93.7,In Progress,Git; JavaScript; React,Unemployed,2026-06-14,Q2 2026,active
BEN-004634,Mohamed,Bett,Male,Kakamega,Tech,Data Science,Gebeya,83.7,Dropped,Data Visualization; Python; SQL; Statistics,Unemployed,2025-11-05,Q4 2025,dropped_out
BEN-004638,Omondi,Mbogo,Male,Meru,Tech,Cybersecurity,Akirachix,76.4,Completed,Ethical Hacking; Network Security,Employed,2025-06-10,Q2 2025,completed
BEN-004640,Achieng,Mbogo,Female,Machakos,Tech,UI/UX Design,eMobilis,83.9,Completed,Design Systems; Figma; Prototyping; User Research,Self-Employed,2026-06-10,Q2 2026,completed
BEN-004657,Kilonzo,Charo,Male,Nakuru,Tech,Mobile App Development,Akirachix,97.7,In Progress,Firebase; Flutter; Kotlin; React Native,Unemployed,2026-08-17,Q3 2026,active
BEN-004672,David,Nyambane,Male,Mombasa,Tech,Cybersecurity,eMobilis,88.2,Dropped,Ethical Hacking; Risk Assessment,Employed,2026-05-19,Q2 2026,dropped_out
BEN-004679,Kendi,Musyoka,Female,Kilifi County,Tech,AI & Machine Learning,Andela,72.8,Dropped,Computer Vision; TensorFlow,Self-Employed,2025-09-07,Q3 2025,dropped_out
BEN-004707,Purity,Kariuki,Female,Muranga County,Tech,Web Development,Akirachix,89.8,Dropped,HTML/CSS; JavaScript; Node.js; REST APIs,Self-Employed,2025-02-28,Q1 2025,dropped_out
BEN-004708,Faith,Njenga,Female,Kakamega,Tech,Mobile App Development,Power Learn Project,87.7,In Progress,Flutter; Kotlin; Swift,Self-Employed,2026-08-18,Q3 2026,active
BEN-004709,Cynthia,Charo,FEMALE,Nairobi,Tech,Web Development,Moringa School,92.7,Dropped,REST APIs; React,Self-Employed,2025-08-26,Q3 2025,dropped_out
BEN-004719,Abdi,Mutiso,Male,Nairobi,Tech,Web Development,Moringa School,86.7,Completed,HTML/CSS; JavaScript; Node.js; REST APIs,Employed,2025-07-29,Q3 2025,completed
BEN-004731,Isaac,Odhiambo,Male,Kakamega,Tech,Web Development,Andela,81.9,In Progress,Git; HTML/CSS; React,Unemployed,2026-09-16,Q3 2026,active
BEN-004732,Patrick,Mwakio,Male,Kiambu,Tech,Web Development,Gebeya,79.5,In Progress,Git; Node.js; REST APIs,Unemployed,2026-08-25,Q3 2026,active
BEN-004744,Brenda,Mwakio,Female,kajiado,Tech,Cloud Computing,eMobilis,97.3,Completed,AWS; Azure; Linux Administration,Self-Employed,2025-01-19,Q1 2025,completed
BEN-004751,Brian,Njoroge,Male,Kakamega,Tech,Web Development,Gebeya,66.4,Completed,Git; HTML/CSS; Node.js; REST APIs,Internship,2025-10-31,Q4 2025,completed
BEN-004761,Amina,Owino,Female,Kiambu,Tech,Cybersecurity,Power Learn Project,89.0,In Progress,Ethical Hacking; Incident Response; Network Security; Risk Assessment,Self-Employed,2026-01-02,Q1 2026,active
BEN-004769,Neema,Mohamed,Female,Uasin Gishu,Tech,Mobile App Development,Akirachix,93.2,Completed,Flutter; React Native,Internship,2025-08-17,Q3 2025,completed
BEN-004770,Emmanuel,Owino,male,Kisumu,Tech,UI/UX Design,Power Learn Project,76.0,In Progress,Design Systems; Figma; Prototyping; User Research,Self-Employed,2026-09-03,Q3 2026,active
BEN-004771,Nicholas,Kariuki,Male,Nairobi,Tech,Mobile App Development,Power Learn Project,100.0,Completed,Kotlin; React Native,Employed,2026-01-20,Q1 2026,completed
BEN-004772,Naisula,Mohamed,Female,Meru,Tech,AI & Machine Learning,Andela,89.6,In Progress,Python; TensorFlow,Employed,2026-05-26,Q2 2026,active
BEN-004774,Kendi,Maina,Female,Bungoma,Tech,UI/UX Design,Andela,61.1,Completed,Prototyping; User Research,Employed,2025-07-21,Q3 2025,completed
BEN-004778,Wangari,Wekesa,Female,Kiambu,Tech,Data Science,Moringa School,90.4,In Progress,Data Visualization; Machine Learning; SQL,Self-Employed,2026-02-13,Q1 2026,active
BEN-004787,Grace,Charo,Female,Nairobi,Tech,Cloud Computing,Gebeya,100.0,In Progress,AWS; Docker; Kubernetes; Linux Administration,Unemployed,2026-04-07,Q2 2026,active
BEN-004788,Kiptoo,Cheruiyot,m,Kiambu,Tech,UI/UX Design,Power Learn Project,82.5,In Progress,Design Systems; Figma; Prototyping,Unemployed,2026-06-28,Q2 2026,active
BEN-004790,John,Achieng,Male,Nakuru,Tech,Digital Marketing,Moringa School,76.4,Completed,Analytics; Content Strategy,Employed,2025-10-25,Q4 2025,completed
BEN-004793,Neema,Wanjiku,Female,Kajiado County,Tech,AI & Machine Learning,Moringa School,72.2,Completed,Computer Vision; NLP,Self-Employed,2025-06-25,Q2 2025,completed
BEN-004795,Nasieku,Owino,Female,Meru,Tech,Mobile App Development,Andela,77.1,Completed,Flutter; Kotlin; React Native; Swift,Employed,2026-03-08,Q1 2026,completed
BEN-004799,Onyango,Rotich,Male,Kiambu,Tech,AI & Machine Learning,Andela,83.7,Completed,Computer Vision; NLP; TensorFlow,Internship,2026-02-18,Q1 2026,completed
BEN-004809,Kendi,Ochieng,Female,Kisii,Tech,UI/UX Design,Akirachix,78.1,Completed,Design Systems; Prototyping; User Research,Unemployed,2025-05-07,Q2 2025,completed
BEN-004828,Neema,Nduta,Female,Mombasa,Tech,Cloud Computing,eMobilis,69.4,In Progress,AWS; Linux Administration,Unemployed,2026-07-13,Q3 2026,active
BEN-004831,Brenda,Maina,FEMALE,Kiambu,Tech,Data Science,eMobilis,96.3,In Progress,Data Visualization; Machine Learning; Pandas,Unemployed,2026-08-01,Q3 2026,active
BEN-004835,Wanjiku,Kimani,Female,Nakuru,Tech,Mobile App Development,Gebeya,100.0,Completed,Kotlin; React Native,Employed,2025-09-10,Q3 2025,completed
BEN-004841,Anyango,Mbogo,Female,Muranga,Tech,Digital Marketing,Moringa School,79.6,In Progress,Analytics; Content Strategy; Google Ads; Social Media Marketing,Unemployed,2026-05-21,Q2 2026,active
BEN-004845,Vincent,Wafula,Male,Bungoma,Tech,UI/UX Design,Akirachix,100.0,Completed,Design Systems; Figma; User Research; Wireframing,Unemployed,2025-12-11,Q4 2025,completed
BEN-004857,Odhiambo,Matano,Male,Kakamega,Tech,Cloud Computing,Akirachix,63.1,In Progress,Kubernetes; Linux Administration,Unemployed,2026-07-04,Q3 2026,active
BEN-004860,Cherono,Nduta,Female,Nakuru County,Tech,Mobile App Development,Power Learn Project,83.2,dropped out,Firebase; Kotlin,Unemployed,2025-07-07,Q3 2025,dropped_out
BEN-004864,Anthony,Kariuki,Male,Kisii,Tech,Cloud Computing,Andela,79.6,Completed,AWS; Docker,Unemployed,2025-06-28,Q2 2025,completed
BEN-004866,Awuor,Charo,Female,Bungoma,Tech,UI/UX Design,Akirachix,84.3,Dropped,Design Systems; Figma; User Research,Unemployed,2026-04-04,Q2 2026,dropped_out
BEN-004868,Gathoni,Abdi,Female,Machakos,Tech,Mobile App Development,Power Learn Project,63.0,Completed,Firebase; Flutter; Kotlin; Swift,Employed,2025-07-31,Q3 2025,completed
BEN-004874,Cherono,Wanjiku,FEMALE,Kisumu,Tech,UI/UX Design,eMobilis,88.2,In Progress,Design Systems; Figma; Prototyping; User Research,Unemployed,2026-03-18,Q1 2026,active
BEN-004880,Anthony,Ochieng,Male,Nairobi,Tech,Cybersecurity,Power Learn Project,75.0,COMPLETED,Ethical Hacking; Network Security; Risk Assessment,Self-Employed,2026-01-24,Q1 2026,completed
BEN-004889,Kevin,Onyango,Male,Mombasa,Tech,Digital Marketing,Gebeya,79.8,In Progress,Analytics; Google Ads; SEO,Employed,2026-05-16,Q2 2026,active
BEN-004897,Faith,Musyoka,Female,Kajiado,Tech,Cybersecurity,Moringa School,92.2,In Progress,Ethical Hacking; Risk Assessment,Employed,2026-06-30,Q2 2026,active
BEN-004902,Musyoka,Hassan,Male,Kajiado,Tech,Cybersecurity,Gebeya,72.3,Completed,Network Security; Risk Assessment,Unemployed,2025-12-03,Q4 2025,completed
BEN-004905,Wekesa,Omondi,Male,uasin gishu,Tech,Data Science,Power Learn Project,92.1,Dropped,Python; Statistics,Self-Employed,2025-08-17,Q3 2025,dropped_out
BEN-004912,Beatrice,Omondi,Female,Nairobi,Tech,AI & Machine Learning,Power Learn Project,90.0,In Progress,Computer Vision; Model Deployment; Python; TensorFlow,Unemployed,2026-05-19,Q2 2026,active
BEN-004915,Atieno,Koech,Female,Nairobi,Tech,Web Development,Moringa School,92.8,In Progress,JavaScript; Node.js; REST APIs; React,Unemployed,2026-07-07,Q3 2026,active
BEN-004937,Neema,Chebet,Female,Uasin Gishu,Tech,UI/UX Design,Moringa School,86.9,Completed,Design Systems; Prototyping; User Research; Wireframing,Self-Employed,2025-06-13,Q2 2025,completed
BEN-004953,Zawadi,Owino,Female,Kajiado,Tech,Cloud Computing,Andela,72.0,In Progress,AWS; Azure; Kubernetes; Linux Administration,Employed,2026-07-08,Q3 2026,active
BEN-004957,Wanjiku,Odhiambo,Female,Kisumu,Tech,Cybersecurity,Akirachix,66.9,Completed,Ethical Hacking; Network Security; Risk Assessment,Unemployed,2025-11-20,Q4 2025,completed
BEN-004960,Neema,Gitau,F,Meru,Tech,Cloud Computing,Power Learn Project,79.1,In Progress,AWS; Azure; Linux Administration,Unemployed,2026-05-09,Q2 2026,active
BEN-004965,Purity,Nduta,Female,Nairobi,Tech,Cybersecurity,Gebeya,100.0,Dropped,Ethical Hacking; Network Security; Risk Assessment,Unemployed,2025-03-05,Q1 2025,dropped_out
BEN-004970,Nasieku,Mutua,Female,Kisii,Tech,UI/UX Design,eMobilis,76.7,In Progress,Design Systems; Prototyping; User Research; Wireframing,Unemployed,2026-05-15,Q2 2026,active
BEN-004976,Beatrice,Mohamed,Female,Bungoma,Tech,Digital Marketing,Power Learn Project,77.7,In Progress,Content Strategy; Google Ads,Self-Employed,2026-06-01,Q2 2026,active
BEN-004978,Joy,Baya,Female,Muranga,Tech,Data Science,Akirachix,76.9,In Progress,Data Visualization; Pandas,Self-Employed,2026-06-14,Q2 2026,active
BEN-004986,Odhiambo,Maina,Male,Meru,Tech,Digital Marketing,Gebeya,58.9,Dropped,Analytics; Google Ads; Social Media Marketing,Unemployed,2025-07-19,Q3 2025,dropped_out
BEN-004988,Cherono,Kamau,Female,Kilifi County,Tech,Data Science,Andela,68.2,Completed,Data Visualization; Machine Learning; Pandas; Python,Employed,2025-02-26,Q1 2025,completed
BEN-004995,Victor,Otieno,Male,Kisii,Tech,Cloud Computing,Akirachix,85.6,Completed,Azure; Kubernetes; Linux Administration,Employed,2026-04-04,Q2 2026,completed
BEN-005000,Diana,Rotich,Female,Nairobi,Tech,AI & Machine Learning,Gebeya,94.4,Completed,Computer Vision; Python; TensorFlow,Internship,2025-12-08,Q4 2025,completed
BEN-005003,Joy,Chebet,Female,Uasin Gishu,Tech,Mobile App Development,Power Learn Project,73.8,Completed,Firebase; Flutter; Swift,Unemployed,2025-10-03,Q4 2025,completed
BEN-005015,Chebet,Korir,Female,Nakuru,Tech,Data Science,Akirachix,76.4,Completed,Machine Learning; Pandas; Python; SQL,Employed,2025-07-06,Q3 2025,completed
BEN-005036,Nasieku,Mutiso,Female,Nairobi,Tech,AI & Machine Learning,eMobilis,93.6,Completed,Model Deployment; NLP; Python; TensorFlow,Self-Employed,2025-09-25,Q3 2025,completed
BEN-005041,Esther,Baya,Female,mombasa,Tech,Data Science,Moringa School,84.6,In Progress,Data Visualization; Machine Learning; Pandas; Python,Unemployed,2026-08-23,Q3 2026,active
BEN-005048,Faith,Maina,Female,Nyeri County,Tech,Mobile App Development,Gebeya,100.0,In Progress,Firebase; Flutter; React Native; Swift,Self-Employed,2026-05-02,Q2 2026,active
BEN-005054,Halima,Ngugi,Female,Nairobi,Tech,Cybersecurity,Andela,93.8,In Progress,Ethical Hacking; Network Security,Unemployed,2026-08-07,Q3 2026,active
BEN-005060,Gathoni,Owino,Female,Nairobi,Tech,Cloud Computing,Power Learn Project,69.9,In Progress,AWS; Azure; Docker; Kubernetes,Employed,2026-04-22,Q2 2026,active
BEN-005062,Mumbi,Owino,Female,muranga,Tech,Digital Marketing,Gebeya,84.3,In Progress,Analytics; Content Strategy; Google Ads; Social Media Marketing,Unemployed,2026-09-30,Q3 2026,active
BEN-005069,Vincent,Ochieng,Male,Nairobi,Tech,Cloud Computing,Moringa School,100.0,Completed,AWS; Azure; Docker; Linux Administration,Employed,2026-04-04,Q2 2026,completed
BEN-005071,Victor,Korir,Male,Nairobi,Tech,Cloud Computing,Moringa School,66.5,Completed,Azure; Kubernetes,Self-Employed,2025-06-16,Q2 2025,completed
BEN-005074,Grace,Matano,Female,Kilifi,Tech,Data Science,eMobilis,81.5,In Progress,Pandas; SQL; Statistics,Self-Employed,2026-08-21,Q3 2026,active
BEN-005078,Faith,Chebet,Female,Kakamega,Tech,AI & Machine Learning,eMobilis,50.3,In Progress,Model Deployment; NLP; Python; TensorFlow,Employed,2026-02-16,Q1 2026,active
BEN-005079,Caroline,Abdi,Female,Nairobi,Tech,Data Science,Akirachix,94.0,In Progress,Data Visualization; Machine Learning; SQL; Statistics,Unemployed,2026-06-30,Q2 2026,active
BEN-005083,Nicholas,Mwakio,Male,Kakamega,Tech,Data Science,eMobilis,86.6,DROPPED,Data Visualization; Pandas; SQL; Statistics,Self-Employed,2025-12-25,Q4 2025,dropped_out
BEN-005084,Gathoni,Chebet,Female,Kisumu,Tech,Cloud Computing,Power Learn Project,67.9,In Progress,AWS; Azure; Kubernetes; Linux Administration,Unemployed,2026-01-01,Q1 2026,active
BEN-005086,Patrick,Bett,Male,Kiambu County,Tech,Cloud Computing,Moringa School,98.3,In Progress,Docker; Kubernetes,Employed,2026-09-15,Q3 2026,active
BEN-005092,Mohamed,Omondi,M,kisumu,Tech,Data Science,Andela,60.4,Completed,Pandas; Statistics,Internship,2025-10-29,Q4 2025,completed
BEN-005096,Diana,Abdi,f,Kisii,Tech,Cloud Computing,Akirachix,88.9,In Progress,AWS; Kubernetes; Linux Administration,Self-Employed,2026-07-02,Q3 2026,active
BEN-005099,Grace,Bett,Female,Nairobi,Tech,Cloud Computing,Akirachix,86.9,Completed,AWS; Azure; Docker,Self-Employed,2025-05-27,Q2 2025,completed
BEN-005103,Kagure,Njenga,Female,Mombasa,Tech,Cloud Computing,Gebeya,68.2,Completed,AWS; Docker; Kubernetes; Linux Administration,Self-Employed,2025-07-07,Q3 2025,completed
BEN-005118,Onyango,Kariuki,Male,Nairobi,Tech,Cloud Computing,Gebeya,88.2,In Progress,Azure; Kubernetes; Linux Administration,Unemployed,2026-09-30,Q3 2026,active
BEN-005119,Daniel,Kiptoo,Male,Nairobi,Tech,Cloud Computing,Gebeya,91.0,complete,AWS; Azure; Docker; Linux Administration,Unemployed,2025-02-21,Q1 2025,completed
BEN-005122,Nkatha,Ochieng,Female,Uasin Gishu,Tech,Digital Marketing,Power Learn Project,89.3,In Progress,SEO; Social Media Marketing,Employed,2026-09-27,Q3 2026,active
BEN-005125,Mutua,Cheruiyot,Male,Kajiado,Tech,Digital Marketing,eMobilis,92.4,Completed,Analytics; Content Strategy; SEO; Social Media Marketing,Unemployed,2026-03-15,Q1 2026,completed
BEN-005127,Neema,Muthoni,Female,Mombasa,Tech,UI/UX Design,Andela,91.0,In Progress,Figma; User Research; Wireframing,Employed,2026-08-19,Q3 2026,active
BEN-005130,Kendi,Baya,Female,Kisii,Tech,Cybersecurity,Moringa School,79.8,In Progress,Incident Response; Network Security; Risk Assessment,Unemployed,2026-08-21,Q3 2026,active
BEN-005136,Nicholas,Mwangi,Male,Nairobi,Tech,Web Development,Akirachix,79.9,Completed,Git; Node.js,Unemployed,2025-11-18,Q4 2025,completed
BEN-005144,Wanjiru,Mwangi,Female,Muranga,Tech,Mobile App Development,Andela,76.8,Completed,Flutter; Kotlin,Employed,2026-03-30,Q1 2026,completed
BEN-005145,Zawadi,Wafula,Female,Mombasa,Tech,Web Development,Power Learn Project,89.8,In Progress,HTML/CSS; Node.js; React,Self-Employed,2026-07-12,Q3 2026,active
BEN-005149,James,Koech,Male,Kakamega,Tech,Data Science,Power Learn Project,78.0,Completed,Data Visualization; Pandas; Python,Employed,2025-07-08,Q3 2025,completed
BEN-005151,Akinyi,Nduta,Female,Kilifi,Tech,Mobile App Development,Akirachix,68.7,In Progress,Flutter; Kotlin; React Native; Swift,Unemployed,2026-09-21,Q3 2026,active
BEN-005153,Simon,Njenga,Male,Uasin Gishu,Tech,UI/UX Design,Gebeya,80.7,Dropped,Figma; User Research,Employed,2025-12-06,Q4 2025,dropped_out
BEN-005155,Halima,Nyambane,Female,Kiambu,Tech,AI & Machine Learning,Andela,91.7,In Progress,Computer Vision; NLP; Python; TensorFlow,Employed,2026-09-14,Q3 2026,active
BEN-005156,Joy,Kariuki,Female,Uasin Gishu,Tech,UI/UX Design,eMobilis,97.5,In Progress,Design Systems; Figma; User Research,Unemployed,2026-08-17,Q3 2026,active
BEN-005157,Anyango,Maina,Female,Nairobi,Tech,Mobile App Development,Gebeya,82.4,Completed,Flutter; Swift,Employed,2025-11-27,Q4 2025,completed
BEN-005161,Anyango,Juma,Female,Kisumu,Tech,Cybersecurity,Andela,77.2,In Progress,Ethical Hacking; Incident Response; Network Security; Risk Assessment,Unemployed,2026-07-01,Q3 2026,active
BEN-005175,Brian,Baya,Male,Kilifi,Tech,UI/UX Design,Akirachix,79.1,In Progress,Design Systems; Figma; User Research,Unemployed,2026-07-28,Q3 2026,active
BEN-005178,Brenda,Charo,Female,Mombasa,Tech,Mobile App Development,Moringa School,84.3,In Progress,Firebase; Kotlin; React Native; Swift,Unemployed,2026-09-10,Q3 2026,active
BEN-005181,Mercy,Mbogo,Female,Muranga,Tech,Digital Marketing,Andela,84.2,In Progress,Content Strategy; Google Ads; Social Media Marketing,Self-Employed,2026-05-14,Q2 2026,active
BEN-005186,Joy,Owino,Female,Kiambu,Tech,Data Science,Power Learn Project,65.5,Completed,Data Visualization; Python; SQL; Statistics,Employed,2025-06-18,Q2 2025,completed
BEN-005188,Victor,Nyambane,Male,Mombasa,Tech,Cloud Computing,eMobilis,83.6,In Progress,Docker; Linux Administration,Unemployed,2026-07-26,Q3 2026,active
BEN-005192,Nasieku,Baya,Female,Kakamega,Tech,Cloud Computing,eMobilis,57.8,In Progress,AWS; Docker; Kubernetes,Unemployed,2026-08-30,Q3 2026,active
BEN-005193,Wanjiku,Hassan,Female,Machakos,Tech,Web Development,Akirachix,71.5,In Progress,HTML/CSS; JavaScript; Node.js,Employed,2026-04-10,Q2 2026,active
BEN-005195,Mercy,Njoroge,Female,Meru,Tech,Cloud Computing,Power Learn Project,83.2,In Progress,Docker; Linux Administration,Self-Employed,2026-04-11,Q2 2026,active
BEN-005198,Joseph,Mutua,Male,Uasin Gishu,Tech,Cybersecurity,Gebeya,90.2,Completed,Ethical Hacking; Risk Assessment,Employed,2025-03-20,Q1 2025,completed
BEN-005204,Amina,Juma,Female,Nyeri,Tech,Cybersecurity,Power Learn Project,79.9,complete,Ethical Hacking; Incident Response; Network Security,Unemployed,2025-09-30,Q3 2025,completed
BEN-005207,Wanjiru,Kariuki,Female,Meru,Tech,Digital Marketing,Moringa School,75.6,Dropped,Analytics; Content Strategy; SEO; Social Media Marketing,Unemployed,2026-01-23,Q1 2026,dropped_out
BEN-005209,Isaac,Matano,Male,Kilifi,Tech,Digital Marketing,Akirachix,57.1,Completed,Analytics; Content Strategy; SEO; Social Media Marketing,Employed,2025-10-26,Q4 2025,completed
BEN-005211,Nyambura,Otieno,Female,Bungoma,Tech,Cloud Computing,Moringa School,67.5,Completed,AWS; Kubernetes,Self-Employed,2026-03-02,Q1 2026,completed
BEN-005213,Wanjiku,Bett,Female,Bungoma,Tech,Cloud Computing,Andela,86.5,In Progress,AWS; Azure; Docker; Kubernetes,Self-Employed,2026-01-06,Q1 2026,active
BEN-005214,Francis,Nyambane,Male,Nyeri,Tech,UI/UX Design,Akirachix,82.5,In Progress,Design Systems; Figma; Prototyping; Wireframing,Employed,2026-05-05,Q2 2026,active
BEN-005218,Boniface,Juma,Male,Kisumu,Tech,Cybersecurity,Moringa School,73.2,In Progress,Ethical Hacking; Risk Assessment,Unemployed,2026-09-03,Q3 2026,active
BEN-005224,Cheruiyot,Gitau,Male,Machakos,Tech,Mobile App Development,Akirachix,70.7,Dropped,Firebase; Kotlin; React Native,Self-Employed,2025-06-10,Q2 2025,dropped_out
BEN-005227,Beatrice,Hassan,Female,Nairobi,Tech,UI/UX Design,Akirachix,80.8,In Progress,Design Systems; Prototyping; User Research; Wireframing,Unemployed,2026-05-21,Q2 2026,active
BEN-005228,Samuel,Mwangi,Male,Kiambu,Tech,Cloud Computing,Gebeya,78.9,Completed,AWS; Azure; Docker; Linux Administration,Internship,2026-03-14,Q1 2026,completed
BEN-005229,Kipchoge,Mutua,Male,Kajiado,Tech,Data Science,Power Learn Project,64.3,COMPLETED,Python; Statistics,Employed,2025-06-08,Q2 2025,completed
BEN-005237,Cynthia,Mutiso,Female,Machakos,Tech,Cybersecurity,Moringa School,79.2,Dropped,Ethical Hacking; Incident Response; Network Security,Employed,2026-03-14,Q1 2026,dropped_out
BEN-005243,Amina,Wafula,Female,Muranga,Tech,Data Science,eMobilis,91.7,In Progress,Pandas; Python; SQL; Statistics,Self-Employed,2026-04-02,Q2 2026,active
BEN-005248,Mohamed,Juma,male,Uasin Gishu,Tech,Cloud Computing,Gebeya,87.4,Completed,AWS; Azure; Kubernetes; Linux Administration,Self-Employed,2025-10-20,Q4 2025,completed
BEN-005250,Diana,Katana,Female,Nairobi,Tech,Data Science,Moringa School,86.3,Completed,Data Visualization; Pandas; SQL; Statistics,Self-Employed,2025-06-03,Q2 2025,completed
BEN-005252,Cynthia,Ngugi,Female,Nairobi,Tech,UI/UX Design,Moringa School,76.8,In Progress,Design Systems; Figma; User Research; Wireframing,Unemployed,2026-06-23,Q2 2026,active
BEN-005254,Sharon,Bett,Female,Nyeri,Tech,Data Science,Akirachix,80.3,Completed,Data Visualization; Python,Self-Employed,2026-06-22,Q2 2026,completed
BEN-005255,Diana,Juma,Female,Uasin Gishu,Tech,Digital Marketing,Akirachix,94.5,Completed,Analytics; Google Ads; SEO,Employed,2026-01-08,Q1 2026,completed
BEN-005260,Samuel,Musyoka,Male,Nairobi,Tech,Data Science,Power Learn Project,89.8,Dropped,Data Visualization; Machine Learning; SQL; Statistics,Employed,2025-04-04,Q2 2025,dropped_out
BEN-005266,Vincent,Njoroge,Male,Nairobi,Tech,UI/UX Design,Gebeya,85.2,In Progress,Figma; User Research; Wireframing,Unemployed,2026-01-12,Q1 2026,active
BEN-005268,Achieng,Kimani,Female,Kisumu,Tech,Web Development,eMobilis,67.4,Completed,Git; HTML/CSS; JavaScript; React,Unemployed,2026-02-15,Q1 2026,completed
BEN-005276,Omondi,Baya,Male,Mombasa,Tech,AI & Machine Learning,Moringa School,89.0,DROPPED,Computer Vision; Python,Employed,2025-09-03,Q3 2025,dropped_out
BEN-005277,Omondi,Gitau,Male,Muranga,Tech,AI & Machine Learning,Power Learn Project,95.8,In Progress,Computer Vision; NLP; Python; TensorFlow,Self-Employed,2026-09-01,Q3 2026,active
BEN-005283,Chebet,Mutua,Female,Uasin Gishu,Tech,Mobile App Development,Power Learn Project,79.9,In Progress,Firebase; Flutter; Swift,Self-Employed,2026-07-08,Q3 2026,active
BEN-005288,Kendi,Kariuki,Female,Machakos,Tech,Data Science,Gebeya,89.4,Completed,Data Visualization; Python,Unemployed,2026-03-22,Q1 2026,completed
BEN-005290,Rotich,Wanjiku,Male,MURANGA,Tech,Web Development,Power Learn Project,69.6,Completed,Git; HTML/CSS; JavaScript; REST APIs,Unemployed,2026-04-10,Q2 2026,completed
BEN-005291,Gathoni,Wanjiku,Female,Nairobi,Tech,Digital Marketing,Gebeya,100.0,Completed,Content Strategy; Social Media Marketing,Employed,2025-12-27,Q4 2025,completed
BEN-005303,Mutua,Wanjiku,Male,Uasin Gishu,Tech,Cybersecurity,Gebeya,86.7,In Progress,Incident Response; Network Security; Risk Assessment,Self-Employed,2026-06-29,Q2 2026,active
BEN-005306,Joy,Njenga,Female,Kiambu,Tech,UI/UX Design,Moringa School,100.0,Completed,Design Systems; Prototyping,Unemployed,2026-05-05,Q2 2026,completed
BEN-005310,Faith,Nyambane,Female,Nairobi,Tech,Cloud Computing,Akirachix,79.5,COMPLETED,Azure; Docker,Unemployed,2025-09-22,Q3 2025,completed
BEN-005316,Cheruiyot,Charo,Male,Kiambu,Tech,Data Science,Moringa School,68.3,In Progress,Data Visualization; Machine Learning; SQL; Statistics,Unemployed,2026-07-17,Q3 2026,active
BEN-005323,Naisula,Njenga,Female,Nairobi,Tech,Cybersecurity,Moringa School,86.0,Completed,Ethical Hacking; Incident Response; Network Security; Risk Assessment,Unemployed,2025-11-05,Q4 2025,completed
BEN-005324,Wanjiru,Ngugi,Female,Kisumu,Tech,Cybersecurity,Gebeya,63.0,Completed,Ethical Hacking; Incident Response; Network Security; Risk Assessment,Employed,2025-12-12,Q4 2025,completed
BEN-005329,Kipchoge,Gitau,Male,Kisumu,Tech,Mobile App Development,eMobilis,70.3,In Progress,Firebase; Flutter; React Native,Self-Employed,2026-02-13,Q1 2026,active
BEN-005343,Emily,Otieno,Female,Kisii,Tech,Data Science,eMobilis,64.7,Completed,Machine Learning; Python,Self-Employed,2025-06-30,Q2 2025,completed
BEN-005350,Baraka,Odhiambo,Male,Kisumu,Tech,AI & Machine Learning,Akirachix,63.3,Completed,NLP; Python,Unemployed,2025-11-14,Q4 2025,completed
BEN-005365,Kiptoo,Nduta,Male,Meru,Tech,Digital Marketing,Akirachix,73.7,In Progress,Google Ads; SEO; Social Media Marketing,Employed,2026-03-02,Q1 2026,active
BEN-005370,Wangari,Maina,Female,Kiambu,Tech,Digital Marketing,eMobilis,66.8,In Progress,Analytics; SEO,Unemployed,2026-03-23,Q1 2026,active
BEN-005376,Dennis,Otieno,Male,Machakos,Tech,Cloud Computing,Moringa School,96.1,Completed,AWS; Azure; Docker; Linux Administration,Employed,2026-03-17,Q1 2026,completed
BEN-005382,Kevin,Owino,m,Uasin Gishu,Tech,Cybersecurity,Moringa School,93.3,complete,Ethical Hacking; Network Security; Risk Assessment,Employed,2026-01-06,Q1 2026,completed
BEN-005385,John,Barasa,MALE,Muranga,Tech,Cybersecurity,Gebeya,86.3,In Progress,Ethical Hacking; Incident Response; Risk Assessment,Unemployed,2026-05-12,Q2 2026,active
BEN-005391,Kevin,Juma,Male,Kisumu County,Tech,Web Development,Moringa School,66.6,Completed,JavaScript; Node.js; REST APIs; React,Self-Employed,2025-11-15,Q4 2025,completed
BEN-005392,Baraka,Musyoka,Male,Nairobi,Tech,Mobile App Development,Power Learn Project,100.0,In Progress,Firebase; Kotlin; React Native; Swift,Unemployed,2026-09-08,Q3 2026,active
BEN-005395,Peter,Cheruiyot,Male,Kisumu,Tech,UI/UX Design,Power Learn Project,82.6,Completed,Design Systems; Wireframing,Unemployed,2025-01-05,Q1 2025,completed
BEN-005401,Mutua,Odhiambo,Male,Muranga,Tech,Digital Marketing,Gebeya,63.9,In Progress,Content Strategy; SEO,Unemployed,2026-01-04,Q1 2026,active
BEN-005411,Musyoka,Nduta,Male,Uasin Gishu,Tech,UI/UX Design,Andela,80.3,Completed,Design Systems; Figma; Prototyping; User Research,Employed,2025-02-15,Q1 2025,completed
BEN-005413,Chebet,Baya,Female,Nakuru,Tech,Web Development,eMobilis,61.6,Completed,Git; REST APIs; React,Employed,2025-01-13,Q1 2025,completed
BEN-005426,Anyango,Charo,Female,Kajiado,Tech,Mobile App Development,Moringa School,68.6,Completed,Firebase; Flutter,Self-Employed,2025-11-14,Q4 2025,completed
BEN-005429,Faith,Wekesa,Female,Nairobi,Tech,Mobile App Development,eMobilis,88.1,COMPLETED,Firebase; Flutter; React Native; Swift,Employed,2025-11-17,Q4 2025,completed
BEN-005444,Chepkoech,Kuria,Female,MERU,Tech,AI & Machine Learning,Gebeya,84.6,Completed,Computer Vision; TensorFlow,Employed,2026-01-18,Q1 2026,completed
BEN-005456,Kagure,Kuria,Female,Nairobi,Tech,Cybersecurity,Power Learn Project,83.2,Dropped,Ethical Hacking; Incident Response; Risk Assessment,Employed,2025-06-01,Q2 2025,dropped_out
BEN-005465,Wanjiru,Baya,Female,Kiambu,Tech,AI & Machine Learning,Andela,83.3,In Progress,Computer Vision; NLP,Employed,2026-01-08,Q1 2026,active
BEN-005466,Nkatha,Odhiambo,f,Bungoma,Tech,Mobile App Development,Gebeya,74.2,In Progress,Firebase; Kotlin,Unemployed,2026-09-12,Q3 2026,active
BEN-005468,Anthony,Mutiso,Male,Nakuru,Tech,Cloud Computing,Andela,91.6,Dropped,Azure; Kubernetes; Linux Administration,Unemployed,2026-04-16,Q2 2026,dropped_out
BEN-005470,Chebet,Njenga,Female,Kiambu,Tech,AI & Machine Learning,eMobilis,75.2,In Progress,Computer Vision; NLP; Python; TensorFlow,Unemployed,2026-04-22,Q2 2026,active
BEN-005471,Naisula,Mutua,Female,Uasin Gishu,Tech,Cloud Computing,Gebeya,77.2,In Progress,AWS; Azure; Docker,Self-Employed,2026-09-05,Q3 2026,active
BEN-005472,Cynthia,Charo,Female,Nyeri,Tech,UI/UX Design,eMobilis,90.3,Completed,Design Systems; Figma; User Research; Wireframing,Self-Employed,2026-02-26,Q1 2026,completed
BEN-005483,Diana,Odhiambo,Female,Muranga,Tech,Data Science,Power Learn Project,83.0,In Progress,Pandas; SQL,Unemployed,2026-08-27,Q3 2026,active
BEN-005518,Nasieku,Matano,Female,bungoma,Tech,Digital Marketing,Andela,74.8,In Progress,Google Ads; SEO; Social Media Marketing,Unemployed,2026-07-13,Q3 2026,active
BEN-005523,Wekesa,Baya,Male,Nakuru,Tech,Web Development,Gebeya,71.6,Completed,Node.js; React,Unemployed,2026-03-15,Q1 2026,completed
BEN-005529,Kipchoge,Njenga,Male,Nairobi,Tech,Mobile App Development,Gebeya,81.8,Completed,Firebase; Kotlin; Swift,Employed,2026-01-21,Q1 2026,completed
BEN-005533,Diana,Hassan,Female,Kisumu,Tech,AI & Machine Learning,Gebeya,79.9,In Progress,Computer Vision; Model Deployment; Python; TensorFlow,Unemployed,2026-07-12,Q3 2026,active
BEN-005535,Musyoka,Kiptoo,Male,Nairobi,Tech,Web Development,Power Learn Project,94.2,In Progress,Git; HTML/CSS; Node.js; REST APIs,Self-Employed,2026-04-19,Q2 2026,active
BEN-005537,Chepkoech,Mutiso,Female,Nairobi,Tech,Digital Marketing,Moringa School,76.1,Completed,Analytics; Google Ads; SEO,Unemployed,2026-04-22,Q2 2026,completed
BEN-005540,Vincent,Ochieng,Male,Machakos,Tech,Cloud Computing,Gebeya,62.4,Completed,AWS; Azure; Kubernetes; Linux Administration,Self-Employed,2026-03-09,Q1 2026,completed
BEN-005544,Patrick,Kilonzo,Male,Mombasa,Tech,Cloud Computing,eMobilis,62.5,In Progress,Azure; Kubernetes,Unemployed,2026-09-17,Q3 2026,active
BEN-005553,Jerop,Abdi,Female,Mombasa,Tech,AI & Machine Learning,Gebeya,85.2,In Progress,Computer Vision; Model Deployment; Python; TensorFlow,Unemployed,2026-07-04,Q3 2026,active
BEN-005559,Isaac,Otieno,Male,Uasin Gishu County,Tech,Cloud Computing,Power Learn Project,82.3,Completed,AWS; Azure; Kubernetes; Linux Administration,Unemployed,2025-08-09,Q3 2025,completed
BEN-005560,Mumbi,Omondi,Female,Nyeri,Tech,Data Science,Power Learn Project,69.3,complete,Data Visualization; Pandas; Python; Statistics,Self-Employed,2025-09-18,Q3 2025,completed
BEN-005561,Beatrice,Wekesa,Female,Kajiado,Tech,Digital Marketing,Moringa School,81.7,Dropped,Content Strategy; SEO; Social Media Marketing,Employed,2026-01-05,Q1 2026,dropped_out
BEN-005567,Korir,Wanjiku,Male,Bungoma,Tech,Digital Marketing,Gebeya,54.5,Completed,Analytics; Content Strategy,Employed,2026-01-08,Q1 2026,completed
BEN-005580,Peter,Kiptoo,Male,Uasin Gishu,Tech,Web Development,Gebeya,97.1,In Progress,JavaScript; Node.js,Self-Employed,2026-08-20,Q3 2026,active
BEN-005589,Gathoni,Wanjiku,Female,Kajiado,Tech,Web Development,eMobilis,90.7,Completed,Git; Node.js; React,Self-Employed,2025-03-09,Q1 2025,completed
BEN-005594,Baraka,Juma,Male,Nairobi,Tech,Cybersecurity,eMobilis,80.8,In Progress,Ethical Hacking; Incident Response; Network Security,Unemployed,2026-01-06,Q1 2026,active
BEN-005598,Grace,Odhiambo,FEMALE,Kajiado,Tech,Data Science,Power Learn Project,91.5,In Progress,Pandas; SQL,Employed,2026-08-22,Q3 2026,active
BEN-005600,Onyango,Muthoni,Male,Kisumu,Tech,Cybersecurity,Akirachix,83.1,Completed,Ethical Hacking; Incident Response; Network Security,Unemployed,2026-06-28,Q2 2026,completed
BEN-005605,Purity,Otieno,female,Nairobi,Tech,Data Science,Andela,89.9,Completed,Data Visualization; Python; Statistics,Internship,2025-01-01,Q1 2025,completed
BEN-005609,Ali,Mwakio,Male,Uasin Gishu,Tech,UI/UX Design,Akirachix,79.8,complete,Figma; Prototyping,Unemployed,2025-10-18,Q4 2025,completed
BEN-005611,Kipchoge,Kariuki,Male,Kakamega,Tech,Cybersecurity,Andela,91.2,Completed,Ethical Hacking; Incident Response; Network Security; Risk Assessment,Internship,2025-09-30,Q3 2025,completed
BEN-005622,Grace,Mutua,Female,Nairobi,Tech,Cloud Computing,Andela,99.4,In Progress,AWS; Azure,Unemployed,2026-08-11,Q3 2026,active
BEN-005623,Beatrice,Wafula,Female,Kakamega,Tech,Data Science,Akirachix,60.4,Completed,Data Visualization; Pandas,Employed,2025-07-10,Q3 2025,completed
BEN-005628,Francis,Ngugi,Male,Mombasa,Tech,Cloud Computing,Gebeya,76.6,Completed,Docker; Kubernetes; Linux Administration,Employed,2026-01-05,Q1 2026,completed
BEN-005635,Omondi,Mwangi,Male,MERU,Tech,AI & Machine Learning,Gebeya,81.8,Dropped,Computer Vision; Model Deployment; Python; TensorFlow,Unemployed,2025-02-25,Q1 2025,dropped_out
BEN-005643,Nkatha,Hassan,Female,Nyeri,Tech,Cloud Computing,Moringa School,91.4,Completed,Docker; Linux Administration,Employed,2025-08-14,Q3 2025,completed
BEN-005650,Mutua,Nduta,Male,Machakos,Tech,Cloud Computing,eMobilis,82.3,Completed,Docker; Kubernetes,Employed,2025-06-10,Q2 2025,completed
BEN-005653,Kevin,Kiptoo,Male,Nairobi,Tech,UI/UX Design,Gebeya,87.7,Completed,Design Systems; User Research,Employed,2025-12-06,Q4 2025,completed
BEN-005659,Wanjiru,Achieng,Female,Kiambu,Tech,Data Science,Akirachix,92.3,Dropped,Machine Learning; Python; Statistics,Employed,2026-01-04,Q1 2026,dropped_out
BEN-005663,Kendi,Kimani,Female,nairobi,Tech,Mobile App Development,Andela,75.2,Completed,Firebase; Flutter; Kotlin; Swift,Unemployed,2025-04-24,Q2 2025,completed
BEN-005680,Victor,Musyoka,Male,Mombasa,Tech,Mobile App Development,Gebeya,93.5,In Progress,Flutter; Kotlin; React Native; Swift,Employed,2026-08-13,Q3 2026,active
BEN-005681,Esther,Ochieng,Female,Meru,Tech,AI & Machine Learning,Akirachix,94.3,Completed,Computer Vision; Model Deployment; NLP; Python,Employed,2025-10-21,Q4 2025,completed
BEN-005685,Diana,Mwakio,Female,Kakamega,Tech,Cybersecurity,eMobilis,66.1,DROPPED,Ethical Hacking; Incident Response,Self-Employed,2025-01-02,Q1 2025,dropped_out
BEN-005690,Rotich,Kilonzo,Male,nakuru,Tech,Cybersecurity,Akirachix,74.2,In Progress,Ethical Hacking; Incident Response; Network Security,Unemployed,2026-07-25,Q3 2026,active
BEN-005698,Purity,Kariuki,Female,Kajiado,Tech,Data Science,Akirachix,91.1,In Progress,Data Visualization; Statistics,Unemployed,2026-08-01,Q3 2026,active
BEN-005702,Kagure,Mutiso,Female,Nyeri,Tech,UI/UX Design,Moringa School,81.1,In Progress,Figma; User Research; Wireframing,Self-Employed,2026-04-08,Q2 2026,active
BEN-005705,Emmanuel,Koech,male,Nyeri,Tech,Digital Marketing,Gebeya,78.0,Dropped,Analytics; Google Ads; SEO; Social Media Marketing,Self-Employed,2026-05-23,Q2 2026,dropped_out
BEN-005708,Grace,Juma,Female,Nairobi,Tech,Data Science,Akirachix,100.0,In Progress,Machine Learning; SQL,Unemployed,2026-08-10,Q3 2026,active
BEN-005711,Neema,Kamau,Female,Bungoma,Tech,AI & Machine Learning,eMobilis,89.4,In Progress,Computer Vision; NLP; Python; TensorFlow,Unemployed,2026-09-29,Q3 2026,active
BEN-005728,Kilonzo,Wafula,Male,Nairobi,Tech,Web Development,Akirachix,88.1,Completed,Git; HTML/CSS; React,Self-Employed,2025-10-06,Q4 2025,completed
BEN-005731,Grace,Hassan,Female,Nakuru,Tech,Web Development,Moringa School,76.7,In Progress,JavaScript; REST APIs; React,Unemployed,2026-02-18,Q1 2026,active
BEN-005733,Wangari,Ngugi,Female,Muranga,Tech,Web Development,Gebeya,86.2,In Progress,Git; JavaScript; REST APIs; React,Unemployed,2026-08-20,Q3 2026,active
BEN-005734,Brian,Chebet,Male,Bungoma,Tech,Mobile App Development,Power Learn Project,66.5,Completed,Flutter; Kotlin; Swift,Internship,2026-05-09,Q2 2026,completed
BEN-005736,Anyango,Chebet,F,MACHAKOS,Tech,Mobile App Development,Gebeya,74.9,Dropped,Firebase; Kotlin; React Native; Swift,Employed,2026-01-01,Q1 2026,dropped_out
BEN-005737,Faith,Wafula,FEMALE,Mombasa,Tech,Digital Marketing,Power Learn Project,80.7,Completed,Analytics; Google Ads; SEO,Employed,2025-12-07,Q4 2025,completed
BEN-005747,Kipchoge,Otieno,Male,Kiambu,Tech,UI/UX Design,Andela,100.0,In Progress,Design Systems; Figma; Prototyping,Unemployed,2026-05-05,Q2 2026,active
BEN-005753,Awuor,Wafula,Female,Uasin Gishu,Tech,Mobile App Development,Power Learn Project,81.2,Completed,Flutter; React Native,Employed,2025-03-09,Q1 2025,completed
BEN-005757,Vincent,Ngugi,m,Bungoma,Tech,Digital Marketing,Akirachix,98.6,Completed,Content Strategy; SEO; Social Media Marketing,Employed,2025-08-13,Q3 2025,completed
BEN-005758,Barasa,Mbogo,Male,Bungoma,Tech,Mobile App Development,eMobilis,71.2,Completed,Flutter; Kotlin; React Native; Swift,Unemployed,2026-01-02,Q1 2026,completed
BEN-005761,Brenda,Ochieng,Female,Kiambu,Tech,AI & Machine Learning,Power Learn Project,100.0,Dropped,Computer Vision; Model Deployment; NLP,Employed,2025-06-27,Q2 2025,dropped_out
BEN-005764,Cynthia,Mwangi,Female,Kiambu,Tech,Cybersecurity,eMobilis,78.6,Completed,Ethical Hacking; Network Security; Risk Assessment,Employed,2026-02-01,Q1 2026,completed
BEN-005765,Collins,Katana,Male,Meru,Tech,UI/UX Design,Akirachix,95.1,In Progress,Design Systems; Prototyping; User Research; Wireframing,Unemployed,2026-05-18,Q2 2026,active
BEN-005769,Kagure,Owino,Female,Kisii,Tech,Cloud Computing,Power Learn Project,73.5,In Progress,AWS; Azure; Docker; Linux Administration,Self-Employed,2026-07-04,Q3 2026,active
BEN-005774,Emily,Wekesa,Female,nairobi,Tech,Data Science,Moringa School,85.6,Completed,Data Visualization; Machine Learning; Python; Statistics,Internship,2025-11-18,Q4 2025,completed
BEN-005791,Amina,Mohamed,Female,Uasin Gishu,Tech,Cloud Computing,Moringa School,70.0,Completed,AWS; Kubernetes; Linux Administration,Employed,2026-04-12,Q2 2026,completed
BEN-005794,Faith,Rotich,Female,machakos,Tech,UI/UX Design,Moringa School,93.8,In Progress,Design Systems; Prototyping; User Research,Unemployed,2026-08-24,Q3 2026,active
BEN-005804,Joy,Onyango,Female,Nakuru,Tech,Web Development,Akirachix,86.0,In Progress,Git; Node.js,Unemployed,2026-09-18,Q3 2026,active
BEN-005805,Anyango,Kimani,Female,Nairobi,Tech,Cloud Computing,Power Learn Project,88.9,Completed,AWS; Azure; Docker,Unemployed,2025-12-19,Q4 2025,completed
BEN-005810,Vincent,Kilonzo,Male,Nairobi,Tech,Web Development,Akirachix,97.1,Completed,Git; JavaScript,Internship,2026-04-14,Q2 2026,completed
BEN-005811,David,Korir,M,Kakamega,Tech,Web Development,eMobilis,62.9,Completed,HTML/CSS; JavaScript; React,Employed,2026-03-25,Q1 2026,completed
BEN-005818,Stephen,Maina,Male,Nairobi,Tech,Cybersecurity,Gebeya,70.2,In Progress,Ethical Hacking; Incident Response; Network Security; Risk Assessment,Unemployed,2026-07-26,Q3 2026,active
BEN-005821,Patrick,Kiptoo,Male,Nairobi,Tech,Cybersecurity,Gebeya,100.0,In Progress,Ethical Hacking; Network Security; Risk Assessment,Unemployed,2026-09-07,Q3 2026,active
BEN-005829,Purity,Matano,Female,Kisumu,Tech,Web Development,Gebeya,76.5,Dropped,Git; HTML/CSS; Node.js,Unemployed,2025-04-25,Q2 2025,dropped_out
BEN-005831,Chepkoech,Rotich,Female,Meru,Tech,Cloud Computing,Andela,76.2,Completed,AWS; Docker; Kubernetes,Unemployed,2025-05-12,Q2 2025,completed
BEN-005837,Brian,Mutua,Male,Nairobi,Tech,Data Science,Gebeya,82.2,Completed,Data Visualization; Machine Learning,Employed,2026-04-16,Q2 2026,completed
BEN-005846,Cynthia,Katana,Female,Meru,Tech,Data Science,Power Learn Project,91.8,Completed,Machine Learning; Pandas; SQL; Statistics,Employed,2025-11-02,Q4 2025,completed
BEN-005860,Jerop,Onyango,Female,MURANGA,Tech,Data Science,Power Learn Project,83.5,Completed,Machine Learning; Python; SQL; Statistics,Self-Employed,2025-04-17,Q2 2025,completed
BEN-005863,Mutua,Wafula,Male,Muranga,Tech,Data Science,Akirachix,97.6,COMPLETED,Machine Learning; Python; Statistics,Unemployed,2025-07-28,Q3 2025,completed
BEN-005870,Gathoni,Nyambane,Female,Nyeri,Tech,Digital Marketing,Gebeya,96.0,Completed,Analytics; Google Ads; SEO,Employed,2025-11-14,Q4 2025,completed
BEN-005875,Boniface,Kiptoo,Male,Nairobi,Tech,Digital Marketing,Power Learn Project,84.4,In Progress,Analytics; Content Strategy; Google Ads; SEO,Self-Employed,2026-04-15,Q2 2026,active
BEN-005881,Mercy,Nyambane,Female,Nairobi,Tech,Cloud Computing,Power Learn Project,100.0,In Progress,AWS; Azure,Self-Employed,2026-09-26,Q3 2026,active
BEN-005890,Halima,Cheruiyot,FEMALE,Kisumu,Tech,Cybersecurity,Power Learn Project,70.7,Dropped,Ethical Hacking; Network Security; Risk Assessment,Unemployed,2025-07-24,Q3 2025,dropped_out
BEN-005892,Ali,Wekesa,Male,meru,Tech,Cloud Computing,Gebeya,69.3,In Progress,AWS; Azure; Docker; Linux Administration,Unemployed,2026-08-27,Q3 2026,active
BEN-005894,Kilonzo,Muthoni,Male,kiambu,Tech,Mobile App Development,Gebeya,84.6,Completed,Kotlin; React Native,Employed,2025-11-06,Q4 2025,completed
BEN-005899,Zawadi,Muthoni,Female,Machakos,Tech,Web Development,Andela,74.1,Completed,Git; REST APIs,Unemployed,2025-08-03,Q3 2025,completed
BEN-005905,Emmanuel,Kilonzo,Male,Machakos,Tech,Cloud Computing,Akirachix,94.3,Dropped,Azure; Docker; Kubernetes; Linux Administration,Unemployed,2026-03-16,Q1 2026,dropped_out
BEN-005908,Nasieku,Kuria,Female,Kakamega,Tech,Mobile App Development,eMobilis,75.8,Completed,Firebase; React Native,Employed,2025-07-29,Q3 2025,completed
BEN-005909,Grace,Korir,Female,Kiambu,Tech,Cybersecurity,Power Learn Project,74.3,In Progress,Incident Response; Network Security,Unemployed,2026-08-20,Q3 2026,active
BEN-005912,Kendi,Kiptoo,Female,Muranga,Tech,Cybersecurity,Power Learn Project,83.5,Completed,Network Security; Risk Assessment,Self-Employed,2026-02-04,Q1 2026,completed
BEN-005913,Emily,Mbogo,Female,Nairobi,Tech,Digital Marketing,Andela,67.8,Completed,Analytics; Content Strategy; SEO; Social Media Marketing,Unemployed,2025-08-03,Q3 2025,completed
BEN-005918,Mutua,Nduta,Male,Nyeri,Tech,AI & Machine Learning,Gebeya,100.0,In Progress,Computer Vision; Model Deployment; NLP; Python,Unemployed,2026-08-28,Q3 2026,active
BEN-005922,Caroline,Mutiso,Female,Machakos,Tech,Digital Marketing,Akirachix,76.5,In Progress,Analytics; Content Strategy; Google Ads; SEO,Self-Employed,2026-05-29,Q2 2026,active
BEN-005933,Isaac,Onyango,Male,Nairobi,Tech,UI/UX Design,Gebeya,92.7,In Progress,Design Systems; Figma; Prototyping; User Research,Unemployed,2026-08-31,Q3 2026,active
BEN-005938,Abdi,Otieno,Male,Mombasa,Tech,UI/UX Design,Akirachix,78.3,Completed,Design Systems; User Research; Wireframing,Employed,2025-11-19,Q4 2025,completed
BEN-005942,Peter,Maina,Male,Kakamega,Tech,UI/UX Design,Power Learn Project,87.2,Completed,Design Systems; Figma; Prototyping; Wireframing,Employed,2025-09-15,Q3 2025,completed
BEN-005952,Mutua,Achieng,Male,Meru,Tech,UI/UX Design,Akirachix,74.7,In Progress,Figma; Wireframing,Unemployed,2026-01-13,Q1 2026,active
BEN-005963,Diana,Cheruiyot,Female,Meru,Tech,Web Development,Gebeya,82.1,Completed,Git; Node.js; REST APIs,Self-Employed,2025-11-18,Q4 2025,completed
BEN-005965,Samuel,Onyango,Male,Kajiado,Tech,AI & Machine Learning,Moringa School,74.8,Completed,Computer Vision; Model Deployment; Python; TensorFlow,Unemployed,2026-02-24,Q1 2026,completed
BEN-005968,Gathoni,Achieng,Female,Nairobi,Tech,UI/UX Design,eMobilis,76.7,In Progress,Prototyping; User Research; Wireframing,Unemployed,2026-06-07,Q2 2026,active
BEN-005970,Mutua,Ngugi,Male,Mombasa,Tech,Mobile App Development,Gebeya,71.5,Completed,Flutter; Kotlin; Swift,Employed,2025-08-06,Q3 2025,completed
BEN-005974,Ali,Onyango,Male,Nairobi,Tech,Cloud Computing,Akirachix,95.8,In Progress,AWS; Docker; Linux Administration,Unemployed,2026-05-21,Q2 2026,active
BEN-005976,Gathoni,Cheruiyot,Female,Nakuru,Tech,Web Development,Power Learn Project,71.5,In Progress,HTML/CSS; REST APIs; React,Employed,2026-04-25,Q2 2026,active
BEN-005978,Chepkoech,Nduta,Female,Nakuru,Tech,AI & Machine Learning,Moringa School,83.9,Completed,Model Deployment; NLP,Employed,2025-09-12,Q3 2025,completed
BEN-005981,Caroline,Kiptoo,Female,Bungoma,Tech,Data Science,Akirachix,72.1,In Progress,Data Visualization; Machine Learning; SQL; Statistics,Unemployed,2026-08-13,Q3 2026,active
BEN-005985,Kilonzo,Katana,Male,Kiambu,Tech,Data Science,Gebeya,85.0,In Progress,Machine Learning; Pandas; Python; SQL,Unemployed,2026-07-16,Q3 2026,active
BEN-005988,Chepkoech,Maina,Female,Kiambu,Tech,Mobile App Development,eMobilis,89.6,Completed,Flutter; Kotlin; Swift,Employed,2025-05-02,Q2 2025,completed
BEN-005997,Emmanuel,Kimani,Male,Kisumu,Tech,Mobile App Development,Akirachix,80.8,Dropped,Firebase; Kotlin,Employed,2025-12-17,Q4 2025,dropped_out
BEN-005999,Cherono,Charo,Female,Nairobi,Tech,Mobile App Development,Gebeya,84.4,In Progress,Firebase; React Native,Unemployed,2026-06-27,Q2 2026,active
BEN-006006,Grace,Gitau,f,Nairobi,Tech,AI & Machine Learning,Andela,98.2,In Progress,Computer Vision; Model Deployment; TensorFlow,Employed,2026-06-16,Q2 2026,active
BEN-006019,Stephen,Nduta,M,Kisumu,Tech,Cybersecurity,Andela,73.8,In Progress,Ethical Hacking; Incident Response; Risk Assessment,Self-Employed,2026-01-31,Q1 2026,active
BEN-006020,Amina,Wekesa,Female,Kilifi,Tech,Data Science,Power Learn Project,90.5,Completed,Pandas; SQL; Statistics,Employed,2025-11-29,Q4 2025,completed
BEN-006026,Joy,Kuria,Female,Kajiado,Tech,Web Development,Andela,79.4,In Progress,Node.js; REST APIs,Unemployed,2026-09-03,Q3 2026,active
BEN-006032,Isaac,Baya,Male,Nairobi,Tech,AI & Machine Learning,Moringa School,94.0,In Progress,NLP; Python,Self-Employed,2026-05-01,Q2 2026,active
BEN-006034,Faith,Katana,Female,Bungoma,Tech,Digital Marketing,Andela,87.2,Completed,Analytics; Google Ads; SEO,Self-Employed,2025-07-30,Q3 2025,completed
BEN-006036,Esther,Koech,Female,Nakuru,Tech,AI & Machine Learning,Power Learn Project,85.8,Dropped,Computer Vision; NLP; TensorFlow,Unemployed,2025-07-22,Q3 2025,dropped_out
BEN-006044,Wanjiku,Rotich,Female,Machakos,Tech,Digital Marketing,eMobilis,71.8,Dropped,Content Strategy; Google Ads; SEO,Unemployed,2025-10-11,Q4 2025,dropped_out
BEN-006051,Chepkoech,Juma,Female,Kiambu,Tech,Mobile App Development,eMobilis,87.7,Completed,Firebase; Flutter; React Native,Employed,2026-01-01,Q1 2026,completed
BEN-006054,Wekesa,Nduta,Male,Kakamega,Tech,Web Development,Akirachix,82.0,In Progress,HTML/CSS; Node.js; REST APIs; React,Unemployed,2026-04-29,Q2 2026,active
BEN-006057,Wanjiku,Njenga,Female,Nairobi,Tech,Data Science,Power Learn Project,82.5,COMPLETED,Data Visualization; Python,Employed,2025-12-25,Q4 2025,completed
BEN-006058,Diana,Otieno,Female,Machakos,Tech,Web Development,Akirachix,92.0,In Progress,Git; HTML/CSS; JavaScript; React,Unemployed,2026-02-18,Q1 2026,active
BEN-006071,Beatrice,Otieno,Female,Machakos,Tech,Digital Marketing,eMobilis,77.9,Completed,Analytics; Content Strategy; Google Ads; SEO,Self-Employed,2026-04-07,Q2 2026,completed
BEN-006076,Achieng,Maina,Female,Kisii,Tech,Cloud Computing,Andela,80.5,Completed,AWS; Azure; Kubernetes; Linux Administration,Employed,2025-09-17,Q3 2025,completed
BEN-006079,Wangari,Mwangi,F,Kisumu,Tech,Cybersecurity,Power Learn Project,67.1,Completed,Ethical Hacking; Incident Response; Network Security,Unemployed,2025-11-20,Q4 2025,completed
BEN-006083,Rotich,Achieng,Male,Kisumu,Tech,Cloud Computing,Moringa School,65.7,Completed,AWS; Azure; Docker; Linux Administration,Employed,2025-11-06,Q4 2025,completed
BEN-006085,Kevin,Njoroge,Male,Meru,Tech,Cybersecurity,Power Learn Project,76.4,In Progress,Ethical Hacking; Incident Response; Network Security; Risk Assessment,Unemployed,2026-06-03,Q2 2026,active
BEN-006089,Ali,Baya,Male,Nyeri,Tech,UI/UX Design,Power Learn Project,79.7,Completed,Figma; User Research; Wireframing,Unemployed,2025-04-06,Q2 2025,completed
BEN-006090,Nasieku,Otieno,Female,Meru,Tech,UI/UX Design,Power Learn Project,68.5,Completed,Design Systems; Figma; Prototyping; Wireframing,Employed,2025-10-26,Q4 2025,completed
BEN-006097,David,Ochieng,Male,Meru,Tech,UI/UX Design,eMobilis,73.1,Completed,Design Systems; Figma; User Research; Wireframing,Unemployed,2026-05-28,Q2 2026,completed
BEN-006101,Mutua,Kuria,m,Kiambu,Tech,AI & Machine Learning,Akirachix,62.6,In Progress,Computer Vision; NLP; Python; TensorFlow,Employed,2026-04-10,Q2 2026,active
BEN-006103,Chepkoech,Cheruiyot,Female,Machakos,Tech,Cloud Computing,Moringa School,65.8,In Progress,AWS; Linux Administration,Unemployed,2026-06-29,Q2 2026,active
BEN-006111,Francis,Gitau,Male,Uasin Gishu,Tech,Web Development,Power Learn Project,89.0,Completed,JavaScript; React,Employed,2026-05-25,Q2 2026,completed
BEN-006112,Awuor,Muthoni,Female,Nyeri,Tech,Web Development,Moringa School,93.5,Completed,HTML/CSS; Node.js; React,Employed,2026-04-14,Q2 2026,completed
BEN-006115,Simon,Nduta,Male,Mombasa,Tech,Digital Marketing,Moringa School,99.6,In Progress,SEO; Social Media Marketing,Unemployed,2026-01-14,Q1 2026,active
BEN-006130,Kipchoge,Gitau,Male,Bungoma,Tech,Cloud Computing,Andela,82.5,Completed,Azure; Docker; Kubernetes; Linux Administration,Self-Employed,2025-12-10,Q4 2025,completed
BEN-006139,Halima,Omondi,Female,Mombasa,Tech,AI & Machine Learning,eMobilis,98.6,In Progress,NLP; Python,Self-Employed,2026-04-14,Q2 2026,active
BEN-006148,Kelvin,Muthoni,Male,Nakuru,Tech,AI & Machine Learning,Andela,95.2,Dropped,Computer Vision; Model Deployment; NLP,Self-Employed,2026-03-30,Q1 2026,dropped_out
BEN-006150,Timothy,Kuria,Male,Kiambu,Tech,AI & Machine Learning,Moringa School,88.8,Completed,Computer Vision; NLP; Python; TensorFlow,Internship,2025-11-16,Q4 2025,completed
BEN-006159,Mutua,Muthoni,Male,Nairobi,Tech,Data Science,Andela,99.4,Completed,Machine Learning; Pandas; Python; Statistics,Employed,2025-10-10,Q4 2025,completed
BEN-006161,Chebet,Odhiambo,Female,Meru,Tech,Cloud Computing,Akirachix,70.7,In Progress,Azure; Linux Administration,Unemployed,2026-04-23,Q2 2026,active
BEN-006165,Nicholas,Cheruiyot,Male,Kiambu,Tech,Digital Marketing,Akirachix,86.2,In Progress,Analytics; Content Strategy; SEO; Social Media Marketing,Unemployed,2026-09-07,Q3 2026,active
BEN-006166,Cheruiyot,Otieno,Male,Kisii,Tech,Digital Marketing,eMobilis,67.6,In Progress,Analytics; Content Strategy; Google Ads,Self-Employed,2026-05-12,Q2 2026,active
BEN-006169,James,Nyambane,Male,Nakuru,Tech,UI/UX Design,Power Learn Project,88.7,Completed,Design Systems; Figma; User Research,Unemployed,2025-04-20,Q2 2025,completed
BEN-006170,Otieno,Cheruiyot,Male,Mombasa,Tech,Mobile App Development,Moringa School,100.0,COMPLETED,Flutter; React Native,Employed,2026-05-26,Q2 2026,completed
BEN-006186,Omondi,Rotich,Male,Uasin Gishu,Tech,Cloud Computing,Power Learn Project,73.6,In Progress,AWS; Linux Administration,Unemployed,2026-05-06,Q2 2026,active
BEN-006188,Nasieku,Cheruiyot,Female,Kisii,Tech,Cloud Computing,Andela,93.5,Completed,AWS; Azure,Self-Employed,2025-08-28,Q3 2025,completed
BEN-006209,Cherono,Mutua,Female,Meru,Tech,Digital Marketing,eMobilis,80.0,In Progress,Analytics; Content Strategy; Social Media Marketing,Unemployed,2026-08-08,Q3 2026,active
BEN-006213,Wanjiru,Musyoka,f,Kiambu,Tech,Cloud Computing,Power Learn Project,99.5,Completed,AWS; Azure; Kubernetes; Linux Administration,Employed,2025-10-01,Q4 2025,completed
BEN-006219,Faith,Mutiso,Female,Nyeri,Tech,Digital Marketing,Gebeya,85.8,Completed,Analytics; Content Strategy; Social Media Marketing,Employed,2026-02-26,Q1 2026,completed
BEN-006227,Neema,Ochieng,Female,Mombasa,Tech,Data Science,eMobilis,89.3,Completed,Machine Learning; Statistics,Internship,2026-01-01,Q1 2026,completed
BEN-006230,Amina,Bett,Female,Uasin Gishu,Tech,Mobile App Development,eMobilis,87.3,In Progress,Firebase; Flutter; Kotlin; React Native,Unemployed,2026-08-13,Q3 2026,active
BEN-006236,Anyango,Mohamed,Female,Kiambu,Tech,Mobile App Development,Power Learn Project,88.7,Completed,Flutter; React Native; Swift,Employed,2025-10-01,Q4 2025,completed
BEN-006240,John,Rotich,Male,Bungoma,Tech,Mobile App Development,Power Learn Project,72.5,Completed,Firebase; Flutter; Kotlin; Swift,Employed,2025-04-15,Q2 2025,completed
BEN-006242,David,Mwakio,Male,Kiambu,Tech,Cybersecurity,Akirachix,82.2,Completed,Ethical Hacking; Incident Response; Network Security,Employed,2026-03-23,Q1 2026,completed
BEN-006243,Collins,Mbogo,Male,Kiambu,Tech,UI/UX Design,Moringa School,100.0,Completed,Figma; User Research; Wireframing,Unemployed,2025-11-02,Q4 2025,completed
BEN-006246,Purity,Musyoka,Female,Kilifi,Tech,Digital Marketing,Andela,87.6,In Progress,Analytics; Content Strategy; SEO,Employed,2026-08-17,Q3 2026,active
BEN-006254,Nasieku,Achieng,Female,Nairobi,Tech,Data Science,eMobilis,100.0,Dropped,Data Visualization; Machine Learning; Pandas; Statistics,Employed,2025-06-11,Q2 2025,dropped_out
BEN-006255,Akinyi,Abdi,Female,Nyeri,Tech,Web Development,Andela,78.8,Completed,Git; REST APIs,Employed,2025-08-12,Q3 2025,completed
BEN-006260,Esther,Juma,Female,Nairobi,Tech,AI & Machine Learning,eMobilis,85.9,In Progress,Computer Vision; Python; TensorFlow,Employed,2026-07-07,Q3 2026,active
BEN-006261,Joy,Koech,Female,Nakuru County,Tech,Data Science,Power Learn Project,86.6,In Progress,Machine Learning; Pandas; Statistics,Self-Employed,2026-08-20,Q3 2026,active
BEN-006263,Kilonzo,Mbogo,Male,Kilifi,Tech,Web Development,Gebeya,79.9,In Progress,Git; REST APIs; React,Unemployed,2026-01-16,Q1 2026,active
BEN-006266,Peter,Kiptoo,Male,Kilifi,Tech,AI & Machine Learning,Akirachix,82.2,Completed,Computer Vision; Model Deployment; NLP; TensorFlow,Internship,2025-12-12,Q4 2025,completed
BEN-006271,Faith,Korir,Female,Muranga,Tech,Digital Marketing,Power Learn Project,92.5,In Progress,Analytics; Content Strategy,Unemployed,2026-05-13,Q2 2026,active
BEN-006276,Mohamed,Wafula,Male,Mombasa,Tech,UI/UX Design,Moringa School,58.6,Completed,Design Systems; Prototyping; User Research; Wireframing,Employed,2025-07-05,Q3 2025,completed
BEN-006292,Cheruiyot,Wanjiku,Male,Nyeri County,Tech,UI/UX Design,Moringa School,83.0,Completed,Prototyping; User Research,Employed,2025-06-19,Q2 2025,completed
BEN-006311,Njeri,Juma,Female,Bungoma,Tech,Digital Marketing,Moringa School,74.1,Dropped,Content Strategy; SEO; Social Media Marketing,Self-Employed,2025-11-27,Q4 2025,dropped_out
BEN-006320,Dennis,Ngugi,Male,Uasin Gishu,Tech,Digital Marketing,Power Learn Project,85.0,Dropped,Google Ads; SEO,Self-Employed,2026-05-28,Q2 2026,dropped_out
BEN-006336,Boniface,Hassan,M,KISII,Tech,Web Development,Moringa School,90.7,In Progress,HTML/CSS; JavaScript; REST APIs; React,Employed,2026-09-08,Q3 2026,active
BEN-006337,Kamau,Ngugi,Male,Nairobi,Tech,Cloud Computing,Akirachix,76.8,Completed,Azure; Docker; Kubernetes,Unemployed,2026-02-14,Q1 2026,completed
BEN-006346,Peter,Owino,male,Mombasa,Tech,Data Science,Gebeya,80.6,In Progress,Machine Learning; SQL; Statistics,Unemployed,2026-03-12,Q1 2026,active
BEN-006353,Wangari,Kariuki,FEMALE,Mombasa,Tech,Digital Marketing,eMobilis,76.7,In Progress,Google Ads; SEO,Self-Employed,2026-04-16,Q2 2026,active
BEN-006356,Isaac,Musyoka,Male,Kiambu,Tech,UI/UX Design,eMobilis,98.4,Dropped,Design Systems; Figma; Prototyping,Unemployed,2026-05-06,Q2 2026,dropped_out
BEN-006357,Diana,Mwakio,Female,Kiambu,Tech,Mobile App Development,Moringa School,83.4,In Progress,Firebase; Kotlin; React Native; Swift,Self-Employed,2026-03-01,Q1 2026,active
BEN-006362,John,Omondi,Male,Mombasa County,Tech,UI/UX Design,eMobilis,96.0,DROPPED,Design Systems; User Research; Wireframing,Employed,2025-12-24,Q4 2025,dropped_out
BEN-006369,Isaac,Musyoka,Male,Nairobi County,Tech,UI/UX Design,Akirachix,91.1,Completed,Design Systems; Prototyping; User Research; Wireframing,Internship,2025-06-09,Q2 2025,completed
BEN-006371,Nyambura,Otieno,Female,Kakamega,Tech,Web Development,Power Learn Project,76.1,Completed,HTML/CSS; JavaScript; React,Internship,2026-03-01,Q1 2026,completed
BEN-006375,Purity,Wekesa,Female,Meru,Tech,Cybersecurity,Andela,65.7,In Progress,Incident Response; Network Security; Risk Assessment,Unemployed,2026-02-25,Q1 2026,active
BEN-006379,Nasieku,Wekesa,Female,Kiambu,Tech,AI & Machine Learning,Akirachix,100.0,In Progress,Computer Vision; Model Deployment; NLP; Python,Unemployed,2026-06-29,Q2 2026,active
BEN-006382,Kelvin,Mutua,Male,Nakuru,Tech,Web Development,Gebeya,88.8,In Progress,REST APIs; React,Self-Employed,2026-09-06,Q3 2026,active
BEN-006386,Mutua,Rotich,Male,Nairobi,Tech,UI/UX Design,eMobilis,93.0,Completed,Design Systems; User Research,Self-Employed,2025-06-30,Q2 2025,completed
BEN-006387,Odhiambo,Baya,Male,Nairobi,Tech,UI/UX Design,Moringa School,100.0,Completed,Design Systems; Figma; User Research,Internship,2025-10-05,Q4 2025,completed
BEN-006399,Grace,Kimani,Female,Meru,Tech,Cloud Computing,Gebeya,89.3,In Progress,Azure; Kubernetes,Employed,2026-08-30,Q3 2026,active
BEN-006401,James,Korir,Male,Bungoma,Tech,UI/UX Design,Andela,73.6,Dropped,Design Systems; Prototyping,Unemployed,2025-09-12,Q3 2025,dropped_out
BEN-006408,Patrick,Njoroge,Male,Uasin Gishu County,Tech,Cybersecurity,Andela,98.1,Completed,Ethical Hacking; Incident Response; Network Security,Unemployed,2025-04-24,Q2 2025,completed
BEN-006415,Gathoni,Kamau,Female,Nairobi,Tech,UI/UX Design,Gebeya,85.8,Completed,Design Systems; Figma; Prototyping; User Research,Self-Employed,2026-02-24,Q1 2026,completed
BEN-006426,Juma,Barasa,Male,Kisumu,Tech,Data Science,Moringa School,75.5,Completed,Pandas; Python; SQL,Employed,2025-11-10,Q4 2025,completed
BEN-006428,Rotich,Abdi,Male,Kiambu,Tech,Mobile App Development,Andela,76.0,complete,Firebase; Flutter; Swift,Employed,2026-04-17,Q2 2026,completed
BEN-006430,Victor,Charo,Male,Kiambu,Tech,Mobile App Development,Andela,100.0,Completed,Firebase; Kotlin,Employed,2025-09-08,Q3 2025,completed
BEN-006433,Anyango,Maina,Female,Kiambu,Tech,Digital Marketing,Gebeya,80.9,Completed,Content Strategy; Google Ads; SEO; Social Media Marketing,Employed,2026-05-28,Q2 2026,completed
BEN-006434,Amina,Juma,Female,Kiambu,Tech,Mobile App Development,Gebeya,67.8,DROPPED,Flutter; React Native,Unemployed,2025-10-02,Q4 2025,dropped_out
BEN-006436,Naisula,Kariuki,Female,Kisumu,Tech,AI & Machine Learning,Moringa School,86.1,Completed,Computer Vision; Model Deployment; NLP; TensorFlow,Employed,2025-12-23,Q4 2025,completed
BEN-006439,Boniface,Kiptoo,Male,Bungoma,Tech,Cybersecurity,eMobilis,83.2,complete,Ethical Hacking; Incident Response; Network Security; Risk Assessment,Internship,2025-10-08,Q4 2025,completed
BEN-006440,Wanjiru,Rotich,FEMALE,Nairobi,Tech,Digital Marketing,Power Learn Project,84.9,Completed,Content Strategy; SEO; Social Media Marketing,Employed,2025-10-23,Q4 2025,completed
BEN-006447,Emily,Mwangi,Female,Kilifi,Tech,Digital Marketing,Power Learn Project,68.3,Dropped,Analytics; SEO,Unemployed,2025-11-24,Q4 2025,dropped_out
BEN-006469,Mutua,Kilonzo,Male,Meru,Tech,AI & Machine Learning,eMobilis,94.2,Completed,Model Deployment; Python,Self-Employed,2025-04-12,Q2 2025,completed
BEN-006472,Kamau,Nduta,Male,kajiado,Tech,Web Development,Gebeya,93.6,In Progress,Git; HTML/CSS; JavaScript; React,Unemployed,2026-08-26,Q3 2026,active
BEN-006475,Sharon,Barasa,Female,Kiambu,Tech,Mobile App Development,eMobilis,79.7,In Progress,Flutter; Kotlin; Swift,Self-Employed,2026-07-23,Q3 2026,active
BEN-006479,Awuor,Njoroge,Female,Kakamega,Tech,AI & Machine Learning,Gebeya,68.8,In Progress,Model Deployment; NLP; Python,Employed,2026-08-05,Q3 2026,active
BEN-006481,Akinyi,Koech,Female,Kiambu,Tech,Data Science,Andela,94.1,In Progress,Data Visualization; Machine Learning; Python,Unemployed,2026-06-28,Q2 2026,active
BEN-006487,Patrick,Hassan,Male,Nairobi,Tech,Cloud Computing,Akirachix,95.9,Completed,AWS; Kubernetes; Linux Administration,Unemployed,2025-04-29,Q2 2025,completed
BEN-006493,Naisula,Hassan,F,uasin gishu,Tech,UI/UX Design,eMobilis,82.3,Dropped,Design Systems; Figma; User Research; Wireframing,Unemployed,2025-10-30,Q4 2025,dropped_out
BEN-006497,Emily,Njoroge,Female,Bungoma,Tech,Cloud Computing,Andela,83.1,Completed,AWS; Azure; Kubernetes,Employed,2025-03-10,Q1 2025,completed
BEN-006510,Njeri,Mwangi,Female,Machakos,Tech,Digital Marketing,Andela,70.9,Completed,Content Strategy; Social Media Marketing,Internship,2026-02-19,Q1 2026,completed
BEN-006511,Sharon,Kilonzo,Female,Kisii,Tech,Web Development,Akirachix,77.3,In Progress,Git; HTML/CSS; JavaScript,Self-Employed,2026-07-24,Q3 2026,active
BEN-006521,Joy,Kariuki,Female,Nakuru,Tech,Digital Marketing,Gebeya,98.9,In Progress,Analytics; Google Ads; SEO; Social Media Marketing,Unemployed,2026-07-17,Q3 2026,active
BEN-006537,Naisula,Gitau,Female,Uasin Gishu,Tech,Digital Marketing,Akirachix,93.0,In Progress,Analytics; Content Strategy; Google Ads,Self-Employed,2026-09-09,Q3 2026,active
BEN-006550,Awuor,Charo,female,Nairobi,Tech,Cloud Computing,Andela,88.3,Completed,AWS; Docker; Linux Administration,Self-Employed,2026-01-03,Q1 2026,completed
BEN-006551,Gathoni,Wanjiku,Female,Nakuru,Tech,Digital Marketing,Gebeya,77.6,In Progress,Analytics; Google Ads; SEO; Social Media Marketing,Self-Employed,2026-05-26,Q2 2026,active
BEN-006552,Simon,Kilonzo,Male,Machakos,Tech,Mobile App Development,Moringa School,91.0,Completed,Kotlin; Swift,Employed,2026-04-03,Q2 2026,completed
BEN-006554,Nyambura,Ochieng,Female,Kakamega,Tech,Mobile App Development,Akirachix,71.7,In Progress,Firebase; Flutter,Unemployed,2026-08-17,Q3 2026,active
BEN-006557,Wanjiku,Mutiso,Female,NAIROBI,Tech,Mobile App Development,Power Learn Project,80.4,In Progress,React Native; Swift,Unemployed,2026-08-16,Q3 2026,active
BEN-006560,Vincent,Kamau,Male,Kajiado,Tech,Data Science,Andela,96.5,In Progress,Machine Learning; Python; SQL; Statistics,Unemployed,2026-02-11,Q1 2026,active
BEN-006565,Kilonzo,Achieng,Male,Nairobi,Tech,Cybersecurity,Power Learn Project,71.5,In Progress,Ethical Hacking; Incident Response; Network Security; Risk Assessment,Unemployed,2026-04-27,Q2 2026,active
BEN-006569,Gathoni,Mohamed,Female,Kisumu,Tech,Web Development,Akirachix,86.5,Dropped,Git; HTML/CSS,Self-Employed,2025-11-16,Q4 2025,dropped_out
BEN-006578,Abdi,Mutua,Male,Nakuru,Tech,Cloud Computing,Power Learn Project,71.4,In Progress,AWS; Azure; Docker; Linux Administration,Unemployed,2026-05-22,Q2 2026,active
BEN-006585,Mumbi,Matano,Female,Meru,Tech,Data Science,Akirachix,69.0,Completed,Machine Learning; Pandas,Employed,2025-09-21,Q3 2025,completed
BEN-006587,Amina,Cheruiyot,Female,Nairobi,Tech,Web Development,Power Learn Project,89.1,Completed,Git; Node.js,Unemployed,2026-02-11,Q1 2026,completed
BEN-006590,Halima,Mwangi,Female,Nakuru,Tech,AI & Machine Learning,Power Learn Project,71.8,In Progress,Computer Vision; Model Deployment; Python,Self-Employed,2026-07-31,Q3 2026,active
BEN-006595,Wanjiku,Mohamed,Female,Bungoma,Tech,Cybersecurity,eMobilis,84.9,Dropped,Network Security; Risk Assessment,Unemployed,2025-10-23,Q4 2025,dropped_out
BEN-006598,Juma,Kuria,Male,Mombasa,Tech,Web Development,Moringa School,80.4,In Progress,Git; React,Unemployed,2026-01-24,Q1 2026,active
BEN-006601,Grace,Korir,Female,Nyeri,Tech,Cloud Computing,Gebeya,66.3,In Progress,AWS; Azure; Linux Administration,Self-Employed,2026-05-17,Q2 2026,active
BEN-006608,Nyambura,Onyango,Female,Nyeri,Tech,Data Science,Moringa School,83.1,Dropped,Pandas; Python; SQL; Statistics,Unemployed,2025-09-04,Q3 2025,dropped_out
BEN-006611,Purity,Kimani,Female,Nairobi,Tech,Mobile App Development,Akirachix,92.7,Completed,Firebase; Kotlin; React Native,Employed,2025-12-26,Q4 2025,completed
BEN-006626,Chebet,Maina,Female,Nairobi,Tech,Cloud Computing,Power Learn Project,81.2,Completed,Azure; Kubernetes,Employed,2025-08-26,Q3 2025,completed
BEN-006628,Faith,Gitau,Female,Kisii,Tech,Data Science,Moringa School,67.9,Completed,Data Visualization; Machine Learning; SQL,Unemployed,2026-06-08,Q2 2026,completed
BEN-006634,Diana,Owino,Female,Nairobi,Tech,Digital Marketing,Akirachix,100.0,Completed,Analytics; Google Ads; SEO; Social Media Marketing,Self-Employed,2025-10-03,Q4 2025,completed
BEN-006638,Faith,Kiptoo,Female,Nakuru,Tech,Web Development,Gebeya,92.8,Dropped,HTML/CSS; REST APIs,Unemployed,2025-12-20,Q4 2025,dropped_out
BEN-006641,Chepkoech,Matano,Female,Bungoma,Tech,Digital Marketing,Akirachix,72.7,Completed,Analytics; Content Strategy; Google Ads; SEO,Employed,2025-06-14,Q2 2025,completed
BEN-006649,Njeri,Kilonzo,Female,Bungoma,Tech,Mobile App Development,Gebeya,44.1,Completed,Flutter; Kotlin,Employed,2025-05-25,Q2 2025,completed
BEN-006655,Wekesa,Kimani,Male,Kiambu,Tech,AI & Machine Learning,Moringa School,92.8,In Progress,Computer Vision; Model Deployment; Python; TensorFlow,Self-Employed,2026-06-14,Q2 2026,active
BEN-006659,Kilonzo,Cheruiyot,Male,Kajiado,Tech,Data Science,Akirachix,83.7,Completed,Pandas; Python; SQL; Statistics,Employed,2025-12-25,Q4 2025,completed
BEN-006663,Naisula,Omondi,Female,Nairobi,Tech,Cloud Computing,Akirachix,75.6,Completed,AWS; Azure; Kubernetes; Linux Administration,Employed,2025-04-23,Q2 2025,completed
BEN-006671,Peter,Onyango,Male,Nyeri,Tech,Cloud Computing,eMobilis,96.9,In Progress,AWS; Azure; Docker,Unemployed,2026-09-02,Q3 2026,active
BEN-006674,Emily,Mwakio,Female,Nairobi,Tech,Cloud Computing,Power Learn Project,80.4,In Progress,Azure; Docker; Linux Administration,Unemployed,2026-07-19,Q3 2026,active
BEN-006679,Joseph,Mwakio,Male,Kajiado,Tech,UI/UX Design,Akirachix,95.7,Dropped,Design Systems; Figma; Prototyping; Wireframing,Unemployed,2025-07-06,Q3 2025,dropped_out
BEN-006681,Nyambura,Musyoka,Female,Uasin Gishu,Tech,Web Development,Gebeya,85.5,Completed,Git; React,Employed,2025-07-21,Q3 2025,completed
BEN-006682,Mumbi,Baya,Female,Nairobi,Tech,UI/UX Design,Andela,100.0,Completed,Design Systems; Figma; Prototyping; Wireframing,Unemployed,2025-08-29,Q3 2025,completed
BEN-006690,Amina,Koech,Female,Kilifi,Tech,AI & Machine Learning,Moringa School,61.5,In Progress,Computer Vision; Model Deployment; TensorFlow,Self-Employed,2026-01-29,Q1 2026,active
BEN-006696,Wanjiku,Muthoni,female,Nairobi,Tech,UI/UX Design,Power Learn Project,91.9,In Progress,Figma; Prototyping; User Research; Wireframing,Self-Employed,2026-07-14,Q3 2026,active
BEN-006698,Samuel,Wanjiku,M,Muranga,Tech,AI & Machine Learning,Andela,76.0,Completed,Computer Vision; Model Deployment; Python; TensorFlow,Employed,2026-06-18,Q2 2026,completed
BEN-006700,Chepkoech,Barasa,Female,Kakamega,Tech,Mobile App Development,eMobilis,81.7,In Progress,Firebase; Kotlin; React Native; Swift,Self-Employed,2026-02-22,Q1 2026,active
BEN-006708,Naisula,Barasa,Female,Mombasa,Tech,Cybersecurity,eMobilis,83.2,Completed,Incident Response; Network Security,Unemployed,2025-12-09,Q4 2025,completed
BEN-006717,Chebet,Koech,Female,Nakuru,Tech,UI/UX Design,eMobilis,79.2,Completed,Design Systems; Figma; Prototyping; Wireframing,Employed,2025-10-12,Q4 2025,completed
BEN-006722,John,Musyoka,Male,Mombasa,Tech,Web Development,Moringa School,66.4,Completed,HTML/CSS; JavaScript; REST APIs,Self-Employed,2025-06-20,Q2 2025,completed
BEN-006726,Samuel,Ngugi,Male,Machakos,Tech,Web Development,eMobilis,86.2,In Progress,HTML/CSS; Node.js; REST APIs,Unemployed,2026-09-01,Q3 2026,active
BEN-006735,Gathoni,Bett,Female,Meru,Tech,Web Development,Power Learn Project,85.3,In Progress,Git; JavaScript; Node.js; React,Self-Employed,2026-04-16,Q2 2026,active
BEN-006737,Dennis,Matano,Male,Bungoma,Tech,Web Development,Gebeya,88.4,In Progress,Git; HTML/CSS; Node.js; React,Unemployed,2026-03-13,Q1 2026,active
BEN-006741,Juma,Njoroge,Male,Nairobi,Tech,Cloud Computing,Andela,94.0,In Progress,Docker; Kubernetes; Linux Administration,Unemployed,2026-09-12,Q3 2026,active
BEN-006750,Diana,Mbogo,FEMALE,Kisumu,Tech,Data Science,Andela,71.3,In Progress,Machine Learning; SQL,Self-Employed,2026-07-31,Q3 2026,active
BEN-006759,Awuor,Nduta,Female,Meru,Tech,Cybersecurity,Power Learn Project,85.0,Completed,Ethical Hacking; Incident Response; Risk Assessment,Employed,2026-02-12,Q1 2026,completed
BEN-006760,Stephen,Hassan,Male,Machakos,Tech,AI & Machine Learning,Gebeya,77.8,In Progress,Computer Vision; Model Deployment; NLP; TensorFlow,Unemployed,2026-06-03,Q2 2026,active
BEN-006769,Akinyi,Mwangi,Female,Bungoma County,Tech,UI/UX Design,Gebeya,52.7,Dropped,Design Systems; Figma; Prototyping,Self-Employed,2025-11-23,Q4 2025,dropped_out
BEN-006773,Akinyi,Bett,Female,Nairobi,Tech,AI & Machine Learning,Gebeya,78.6,Completed,Computer Vision; Model Deployment,Employed,2026-03-11,Q1 2026,completed
BEN-006776,Kilonzo,Muthoni,Male,Kisumu,Tech,Digital Marketing,eMobilis,72.0,Completed,Analytics; Social Media Marketing,Employed,2025-11-13,Q4 2025,completed
BEN-006781,Nkatha,Kilonzo,female,Nairobi,Tech,Mobile App Development,Power Learn Project,96.8,Completed,Kotlin; React Native; Swift,Self-Employed,2025-07-12,Q3 2025,completed
BEN-006782,Korir,Charo,Male,Nairobi,Tech,Cloud Computing,Andela,78.3,Completed,AWS; Azure; Docker; Kubernetes,Employed,2026-04-08,Q2 2026,completed
BEN-006783,Dennis,Matano,Male,UASIN_GISHU,Tech,Data Science,Gebeya,93.5,Completed,Machine Learning; Pandas; Python,Unemployed,2025-11-09,Q4 2025,completed
BEN-006788,Gathoni,Wanjiku,Female,Bungoma,Tech,Mobile App Development,Andela,75.6,In Progress,Firebase; React Native; Swift,Employed,2026-05-20,Q2 2026,active
BEN-006798,Zawadi,Musyoka,Female,Nyeri,Tech,Cybersecurity,Moringa School,73.3,In Progress,Network Security; Risk Assessment,Unemployed,2026-06-15,Q2 2026,active
BEN-006803,Samuel,Kariuki,Male,Bungoma,Tech,UI/UX Design,Gebeya,90.4,In Progress,Design Systems; Figma; User Research,Self-Employed,2026-05-01,Q2 2026,active
BEN-006808,Joy,Abdi,Female,Nyeri,Tech,Mobile App Development,Gebeya,76.3,Dropped,Flutter; React Native; Swift,Unemployed,2025-08-02,Q3 2025,dropped_out
BEN-006816,Vincent,Wekesa,Male,Bungoma,Tech,Data Science,Moringa School,79.7,In Progress,Pandas; SQL,Self-Employed,2026-05-11,Q2 2026,active
BEN-006822,Chebet,Musyoka,Female,Kakamega,Tech,Mobile App Development,Gebeya,66.9,In Progress,React Native; Swift,Self-Employed,2026-05-05,Q2 2026,active
BEN-006826,Chepkoech,Achieng,f,Uasin Gishu County,Tech,Data Science,Power Learn Project,76.6,Completed,Data Visualization; Python; SQL; Statistics,Self-Employed,2025-11-14,Q4 2025,completed
BEN-006829,Korir,Kuria,Male,Meru,Tech,UI/UX Design,Akirachix,78.2,Completed,Design Systems; Figma; Prototyping; Wireframing,Unemployed,2025-11-12,Q4 2025,completed
BEN-006832,Mercy,Kimani,Female,Uasin Gishu,Tech,Web Development,Andela,72.3,In Progress,Git; HTML/CSS; JavaScript; REST APIs,Self-Employed,2026-08-05,Q3 2026,active
BEN-006835,Halima,Ngugi,Female,Nakuru,Tech,Web Development,Gebeya,75.4,In Progress,Git; REST APIs; React,Self-Employed,2026-06-13,Q2 2026,active
BEN-006844,Juma,Matano,Male,Mombasa,Tech,Cloud Computing,eMobilis,84.5,Completed,AWS; Docker; Kubernetes; Linux Administration,Employed,2025-10-22,Q4 2025,completed
BEN-006848,Anthony,Kimani,Male,Kiambu,Tech,AI & Machine Learning,Andela,91.2,In Progress,Computer Vision; Model Deployment; Python,Unemployed,2026-08-13,Q3 2026,active
BEN-006850,Emmanuel,Kuria,Male,Kiambu,Tech,Data Science,Andela,95.8,In Progress,Data Visualization; Machine Learning; SQL; Statistics,Employed,2026-08-21,Q3 2026,active
BEN-006855,Amina,Abdi,Female,Uasin Gishu,Tech,Mobile App Development,Power Learn Project,93.0,In Progress,React Native; Swift,Unemployed,2026-04-19,Q2 2026,active
BEN-006857,Nasieku,Chebet,Female,Meru,Tech,Web Development,Power Learn Project,75.8,Dropped,HTML/CSS; JavaScript; REST APIs; React,Self-Employed,2025-12-18,Q4 2025,dropped_out
BEN-006860,Barasa,Mutua,Male,Kisumu,Tech,Mobile App Development,Gebeya,67.6,In Progress,Firebase; Flutter; Kotlin; Swift,Employed,2026-09-23,Q3 2026,active
BEN-006864,Naisula,Ochieng,Female,Machakos,Tech,Mobile App Development,Gebeya,90.7,Completed,Firebase; Flutter; Kotlin; Swift,Self-Employed,2025-06-25,Q2 2025,completed
BEN-006865,Mumbi,Nduta,Female,Machakos,Tech,UI/UX Design,Moringa School,82.4,In Progress,Design Systems; Figma; Prototyping; Wireframing,Unemployed,2026-02-06,Q1 2026,active
BEN-006868,Awuor,Mwangi,Female,kajiado,Tech,Cloud Computing,Akirachix,67.5,In Progress,Azure; Docker; Linux Administration,Self-Employed,2026-08-01,Q3 2026,active
BEN-006871,Wanjiru,Musyoka,Female,Nakuru,Tech,Cybersecurity,Akirachix,92.3,Completed,Ethical Hacking; Incident Response; Network Security; Risk Assessment,Employed,2025-08-01,Q3 2025,completed
BEN-006873,Juma,Baya,m,nakuru,Tech,Cloud Computing,Andela,86.2,Completed,Docker; Kubernetes; Linux Administration,Self-Employed,2025-08-24,Q3 2025,completed
BEN-006874,Akinyi,Bett,Female,nairobi,Tech,Data Science,Gebeya,87.1,In Progress,Data Visualization; Pandas; SQL,Employed,2026-02-10,Q1 2026,active
BEN-006875,Wekesa,Matano,male,NAIROBI,Tech,UI/UX Design,Moringa School,87.9,Dropped,Design Systems; Prototyping; User Research,Self-Employed,2025-09-21,Q3 2025,dropped_out
BEN-006877,Wekesa,Charo,male,Mombasa,Tech,Data Science,Power Learn Project,76.1,Dropped,SQL; Statistics,Unemployed,2025-05-18,Q2 2025,dropped_out
BEN-006878,Cheruiyot,Njenga,Male,Kisii,Tech,Digital Marketing,Akirachix,68.3,Dropped,Analytics; Content Strategy; SEO; Social Media Marketing,Unemployed,2025-11-09,Q4 2025,dropped_out
BEN-006887,Isaac,Muthoni,Male,Nairobi,Tech,Digital Marketing,Moringa School,76.2,Completed,Analytics; Google Ads; SEO,Self-Employed,2025-06-24,Q2 2025,completed
BEN-006888,Timothy,Wanjiku,Male,Kakamega,Tech,Digital Marketing,Moringa School,83.9,In Progress,Analytics; Google Ads; SEO; Social Media Marketing,Unemployed,2026-04-28,Q2 2026,active
BEN-006889,Samuel,Achieng,Male,Kisumu,Tech,Web Development,Andela,81.3,Completed,Git; HTML/CSS,Employed,2025-06-30,Q2 2025,completed
BEN-006897,John,Owino,Male,Nakuru,Tech,Mobile App Development,Moringa School,80.9,Completed,Kotlin; React Native,Employed,2025-04-05,Q2 2025,completed
BEN-006898,Neema,Maina,Female,Kisumu,Tech,UI/UX Design,Gebeya,86.4,Completed,Figma; Prototyping,Employed,2025-11-08,Q4 2025,completed
BEN-006900,Jerop,Juma,Female,Nairobi,Tech,Data Science,Gebeya,86.1,In Progress,Pandas; Python; SQL; Statistics,Employed,2026-02-03,Q1 2026,active
BEN-006903,Mutua,Omondi,Male,Kisii,Tech,Cloud Computing,eMobilis,79.9,Completed,Azure; Docker,Unemployed,2025-11-25,Q4 2025,completed
BEN-006908,Akinyi,Mutua,Female,Kajiado,Tech,Web Development,eMobilis,70.0,In Progress,Git; HTML/CSS; Node.js,Unemployed,2026-08-25,Q3 2026,active
BEN-006912,Kevin,Juma,M,Machakos,Tech,Digital Marketing,Andela,80.9,In Progress,Analytics; SEO,Employed,2026-03-06,Q1 2026,active
BEN-006914,Naisula,Omondi,Female,Kakamega,Tech,Cybersecurity,Andela,82.1,Dropped,Incident Response; Risk Assessment,Self-Employed,2026-01-07,Q1 2026,dropped_out
BEN-006918,John,Matano,Male,Kilifi,Tech,Mobile App Development,Akirachix,83.1,Completed,Firebase; React Native; Swift,Unemployed,2025-03-13,Q1 2025,completed
BEN-006919,Cherono,Barasa,Female,Mombasa,Tech,Cloud Computing,Andela,76.9,Dropped,AWS; Docker; Linux Administration,Self-Employed,2025-06-15,Q2 2025,dropped_out
BEN-006921,Njeri,Juma,Female,Kiambu,Tech,Web Development,Akirachix,84.6,Dropped,JavaScript; REST APIs,Self-Employed,2025-12-09,Q4 2025,dropped_out
BEN-006929,Juma,Wafula,Male,NAIROBI,Tech,Cybersecurity,Akirachix,96.9,In Progress,Ethical Hacking; Incident Response; Network Security; Risk Assessment,Unemployed,2026-02-15,Q1 2026,active
BEN-006930,Akinyi,Owino,FEMALE,Nairobi,Tech,Web Development,Akirachix,100.0,In Progress,HTML/CSS; REST APIs; React,Self-Employed,2026-08-31,Q3 2026,active
BEN-006934,Chepkoech,Matano,Female,Nairobi,Tech,Cybersecurity,Power Learn Project,100.0,Completed,Incident Response; Network Security; Risk Assessment,Unemployed,2025-08-27,Q3 2025,completed
BEN-006936,Ali,Njoroge,MALE,Nairobi,Tech,Mobile App Development,Moringa School,100.0,In Progress,Flutter; React Native; Swift,Employed,2026-07-20,Q3 2026,active
BEN-006940,Kelvin,Abdi,Male,Kiambu,Tech,Cloud Computing,Andela,100.0,In Progress,AWS; Kubernetes,Employed,2026-06-02,Q2 2026,active
BEN-006943,Juma,Hassan,Male,kajiado,Tech,Mobile App Development,Gebeya,71.4,Completed,Firebase; Flutter; Swift,Unemployed,2025-08-12,Q3 2025,completed
BEN-006962,Purity,Kilonzo,Female,Nairobi,Tech,Digital Marketing,Akirachix,75.5,In Progress,Analytics; Social Media Marketing,Self-Employed,2026-06-09,Q2 2026,active
BEN-006978,Otieno,Katana,Male,Kisumu,Tech,Mobile App Development,Moringa School,64.4,Completed,Firebase; Flutter; Swift,Unemployed,2025-04-23,Q2 2025,completed
BEN-006982,Samuel,Maina,Male,Uasin Gishu,Tech,Data Science,Akirachix,65.7,Completed,Data Visualization; Pandas,Internship,2025-11-25,Q4 2025,completed
BEN-006986,Halima,Owino,FEMALE,Nairobi County,Tech,AI & Machine Learning,Moringa School,96.2,Dropped,NLP; TensorFlow,Unemployed,2025-04-28,Q2 2025,dropped_out
BEN-006994,Esther,Ochieng,Female,Nakuru,Tech,UI/UX Design,Akirachix,91.5,complete,Design Systems; Figma; Prototyping,Employed,2026-03-20,Q1 2026,completed
BEN-007002,Anthony,Muthoni,Male,KAJIADO,Tech,Cybersecurity,Power Learn Project,100.0,In Progress,Ethical Hacking; Incident Response,Unemployed,2026-07-06,Q3 2026,active
BEN-007009,Nyambura,Odhiambo,Female,Meru,Tech,Mobile App Development,Andela,96.6,Completed,Flutter; Kotlin,Self-Employed,2025-12-16,Q4 2025,completed
BEN-007014,Mohamed,Mwangi,Male,Nairobi,Tech,Web Development,Andela,83.4,In Progress,Git; HTML/CSS; JavaScript,Unemployed,2026-07-16,Q3 2026,active
BEN-007023,Nicholas,Ochieng,Male,Muranga,Tech,Cybersecurity,Akirachix,99.1,Completed,Ethical Hacking; Incident Response; Network Security; Risk Assessment,Employed,2026-02-10,Q1 2026,completed
BEN-007024,Samuel,Kamau,m,Nairobi,Tech,Data Science,eMobilis,100.0,Completed,Data Visualization; Pandas; SQL,Employed,2025-05-29,Q2 2025,completed
BEN-007032,Otieno,Achieng,Male,Meru,Tech,Digital Marketing,Gebeya,81.2,Completed,Analytics; SEO; Social Media Marketing,Unemployed,2025-08-23,Q3 2025,completed
BEN-007046,Neema,Kuria,f,Meru,Tech,Mobile App Development,Akirachix,69.6,In Progress,Firebase; Flutter; React Native; Swift,Self-Employed,2026-08-01,Q3 2026,active
BEN-007051,Rotich,Mwangi,Male,Nairobi,Tech,Cybersecurity,Akirachix,87.5,In Progress,Ethical Hacking; Risk Assessment,Unemployed,2026-08-31,Q3 2026,active
BEN-007054,Jerop,Baya,Female,Kajiado,Tech,Digital Marketing,Andela,84.0,In Progress,Analytics; Social Media Marketing,Unemployed,2026-01-11,Q1 2026,active
BEN-007055,Juma,Wanjiku,Male,Kilifi,Tech,Data Science,Gebeya,83.8,Dropped,Machine Learning; Pandas; Python; Statistics,Self-Employed,2026-05-11,Q2 2026,dropped_out
BEN-007056,Omondi,Muthoni,Male,Nakuru,Tech,Cybersecurity,Gebeya,85.7,In Progress,Incident Response; Network Security,Unemployed,2026-04-30,Q2 2026,active
BEN-007058,Awuor,Kiptoo,Female,Kajiado,Tech,Cloud Computing,Akirachix,92.2,Completed,AWS; Azure; Docker; Linux Administration,Self-Employed,2026-02-04,Q1 2026,completed
BEN-007061,Cherono,Juma,Female,Kiambu County,Tech,Cloud Computing,Gebeya,92.3,In Progress,Azure; Docker; Kubernetes; Linux Administration,Unemployed,2026-09-07,Q3 2026,active
BEN-007071,Collins,Kimani,MALE,Kakamega,Tech,UI/UX Design,Gebeya,70.7,In Progress,Design Systems; Figma; User Research,Unemployed,2026-05-25,Q2 2026,active
BEN-007074,Beatrice,Njenga,Female,Nakuru,Tech,Digital Marketing,Akirachix,84.6,Completed,Analytics; Google Ads,Employed,2025-09-30,Q3 2025,completed
BEN-007084,Joy,Kuria,Female,Kisumu,Tech,Digital Marketing,Gebeya,78.3,Completed,Content Strategy; SEO,Self-Employed,2025-03-23,Q1 2025,completed
BEN-007094,Akinyi,Juma,Female,Kisumu,Tech,Cybersecurity,Gebeya,82.2,complete,Ethical Hacking; Incident Response; Risk Assessment,Employed,2025-08-12,Q3 2025,completed
BEN-007101,Gathoni,Mwakio,Female,Muranga,Tech,UI/UX Design,Gebeya,78.9,In Progress,Figma; Prototyping; User Research; Wireframing,Unemployed,2026-07-20,Q3 2026,active
BEN-007108,Wanjiru,Mbogo,Female,Kajiado,Tech,Cloud Computing,Andela,86.7,Completed,AWS; Docker; Kubernetes; Linux Administration,Unemployed,2025-11-23,Q4 2025,completed
BEN-007121,Stephen,Ngugi,Male,Nairobi,Tech,Data Science,Power Learn Project,94.3,In Progress,Machine Learning; Pandas; Python; SQL,Employed,2026-02-21,Q1 2026,active
BEN-007129,Dennis,Musyoka,Male,Kiambu,Tech,Web Development,Gebeya,98.0,In Progress,Git; HTML/CSS; JavaScript; React,Employed,2026-08-22,Q3 2026,active
BEN-007147,Nyambura,Otieno,Female,Muranga,Tech,UI/UX Design,Andela,64.6,Completed,Design Systems; Figma; Prototyping; User Research,Employed,2025-05-25,Q2 2025,completed
BEN-007154,Onyango,Otieno,Male,Nakuru County,Tech,Cybersecurity,Gebeya,80.2,Dropped,Incident Response; Risk Assessment,Employed,2025-12-27,Q4 2025,dropped_out
BEN-007170,Jerop,Charo,FEMALE,Uasin Gishu,Tech,Data Science,Akirachix,87.1,In Progress,Data Visualization; Pandas; SQL; Statistics,Unemployed,2026-09-15,Q3 2026,active
BEN-007173,Purity,Mutiso,Female,Nakuru,Tech,Cybersecurity,eMobilis,85.5,In Progress,Ethical Hacking; Incident Response; Network Security; Risk Assessment,Unemployed,2026-04-23,Q2 2026,active
BEN-007177,Neema,Ngugi,Female,Machakos,Tech,UI/UX Design,Power Learn Project,99.7,In Progress,Design Systems; Prototyping; User Research; Wireframing,Self-Employed,2026-07-04,Q3 2026,active
BEN-007185,Wangari,Gitau,Female,meru,Tech,Cloud Computing,eMobilis,87.5,In Progress,Azure; Linux Administration,Unemployed,2026-09-23,Q3 2026,active
BEN-007186,Omondi,Mohamed,Male,Bungoma,Tech,Cloud Computing,eMobilis,79.0,Completed,AWS; Azure; Kubernetes; Linux Administration,Self-Employed,2026-05-16,Q2 2026,completed
BEN-007189,Isaac,Kariuki,Male,Kajiado,Tech,Cloud Computing,eMobilis,86.9,complete,Docker; Linux Administration,Self-Employed,2025-07-05,Q3 2025,completed
BEN-007193,Kendi,Kariuki,Female,Kakamega,Tech,UI/UX Design,Akirachix,79.9,Completed,Design Systems; User Research; Wireframing,Self-Employed,2026-05-01,Q2 2026,completed
BEN-007202,Nasieku,Achieng,Female,Meru,Tech,UI/UX Design,Power Learn Project,87.1,Completed,Design Systems; Figma; User Research; Wireframing,Unemployed,2025-12-02,Q4 2025,completed
BEN-007204,Francis,Cheruiyot,Male,Nakuru,Tech,Web Development,Moringa School,94.4,In Progress,HTML/CSS; JavaScript,Unemployed,2026-03-23,Q1 2026,active
BEN-007205,Omondi,Odhiambo,Male,Nakuru,Tech,Digital Marketing,Akirachix,73.7,In Progress,Analytics; Content Strategy; Google Ads; Social Media Marketing,Self-Employed,2026-06-07,Q2 2026,active
BEN-007207,Caroline,Korir,Female,Kilifi,Tech,AI & Machine Learning,Andela,89.5,Completed,Model Deployment; NLP; Python; TensorFlow,Self-Employed,2025-09-24,Q3 2025,completed
BEN-007218,Daniel,Cheruiyot,Male,Meru,Tech,UI/UX Design,Akirachix,89.4,Completed,Figma; Prototyping; User Research,Internship,2025-10-13,Q4 2025,completed
BEN-007220,Dennis,Njenga,Male,Kakamega,Tech,Web Development,eMobilis,80.4,Dropped,Node.js; REST APIs; React,Unemployed,2025-11-13,Q4 2025,dropped_out
BEN-007224,Faith,Omondi,Female,Nairobi,Tech,Cybersecurity,Akirachix,77.5,Completed,Ethical Hacking; Incident Response; Network Security,Employed,2025-03-06,Q1 2025,completed
BEN-007228,Kevin,Mutua,Male,Kiambu,Tech,Digital Marketing,Andela,100.0,Completed,Content Strategy; Google Ads,Self-Employed,2025-04-15,Q2 2025,completed
BEN-007234,Gathoni,Mbogo,Female,Nyeri,Tech,Web Development,Andela,83.8,complete,HTML/CSS; React,Employed,2025-09-17,Q3 2025,completed
BEN-007246,John,Njoroge,Male,Nakuru,Tech,Cloud Computing,Gebeya,85.7,Dropped,Azure; Kubernetes; Linux Administration,Unemployed,2025-08-07,Q3 2025,dropped_out
BEN-007247,Amina,Koech,Female,Uasin Gishu,Tech,Cloud Computing,Power Learn Project,99.3,complete,AWS; Azure; Kubernetes; Linux Administration,Employed,2026-03-15,Q1 2026,completed
BEN-007248,James,Ngugi,Male,Kisumu,Tech,Cloud Computing,Andela,71.6,Completed,Azure; Docker; Kubernetes,Unemployed,2025-12-01,Q4 2025,completed
BEN-007250,Emily,Wekesa,Female,Nairobi,Tech,Cybersecurity,Andela,69.8,Completed,Ethical Hacking; Network Security,Unemployed,2025-07-05,Q3 2025,completed
BEN-007252,Mumbi,Baya,Female,Machakos County,Tech,Cloud Computing,Power Learn Project,78.0,complete,AWS; Azure; Kubernetes; Linux Administration,Unemployed,2025-04-23,Q2 2025,completed
BEN-007253,Anthony,Mutua,Male,Bungoma,Tech,Cloud Computing,Andela,76.0,Completed,Azure; Docker; Linux Administration,Internship,2026-01-19,Q1 2026,completed
BEN-007257,Neema,Chebet,f,muranga,Tech,Mobile App Development,Power Learn Project,99.9,Completed,Firebase; Kotlin; React Native; Swift,Self-Employed,2026-04-28,Q2 2026,completed
BEN-007262,Brenda,Kimani,Female,Nairobi,Tech,Mobile App Development,eMobilis,86.7,In Progress,Kotlin; Swift,Unemployed,2026-07-07,Q3 2026,active
BEN-007263,Victor,Mohamed,Male,Kisumu,Tech,AI & Machine Learning,Gebeya,61.1,In Progress,Model Deployment; NLP; Python; TensorFlow,Unemployed,2026-06-05,Q2 2026,active
BEN-007275,Kelvin,Maina,Male,nairobi,Tech,Digital Marketing,Gebeya,95.4,Completed,Analytics; Google Ads; Social Media Marketing,Employed,2025-10-23,Q4 2025,completed
BEN-007279,Grace,Chebet,FEMALE,nairobi,Tech,UI/UX Design,Andela,100.0,Completed,Design Systems; Figma; Prototyping; User Research,Self-Employed,2025-12-23,Q4 2025,completed
BEN-007280,Mumbi,Kuria,Female,Mombasa,Tech,Digital Marketing,Moringa School,91.5,Completed,Google Ads; SEO,Unemployed,2025-12-15,Q4 2025,completed
BEN-007299,Mercy,Owino,Female,Kisumu,Tech,Data Science,Andela,52.5,In Progress,Data Visualization; Machine Learning; Python; Statistics,Unemployed,2026-05-05,Q2 2026,active
BEN-007300,Ali,Baya,Male,Nyeri,Tech,UI/UX Design,Moringa School,83.2,Dropped,Figma; Prototyping; Wireframing,Self-Employed,2025-07-23,Q3 2025,dropped_out
BEN-007302,Nicholas,Njenga,Male,Kisumu,Tech,Cloud Computing,Moringa School,70.1,Completed,AWS; Docker; Linux Administration,Employed,2026-06-30,Q2 2026,completed
BEN-007305,Grace,Korir,Female,Mombasa,Tech,Web Development,Andela,92.0,Completed,Git; JavaScript; REST APIs; React,Unemployed,2025-09-28,Q3 2025,completed
BEN-007306,Boniface,Musyoka,Male,Machakos,Tech,Digital Marketing,Akirachix,92.5,In Progress,Analytics; Content Strategy; Google Ads; SEO,Self-Employed,2026-05-14,Q2 2026,active
BEN-007307,Atieno,Odhiambo,Female,Nyeri,Tech,Data Science,Power Learn Project,89.4,In Progress,Data Visualization; Pandas; SQL; Statistics,Unemployed,2026-09-04,Q3 2026,active
BEN-007312,Brian,Mwakio,Male,Meru,Tech,AI & Machine Learning,Gebeya,73.4,In Progress,Model Deployment; NLP,Employed,2026-09-01,Q3 2026,active
BEN-007318,Brenda,Maina,Female,NAIROBI,Tech,Cybersecurity,Akirachix,73.3,In Progress,Ethical Hacking; Incident Response; Network Security; Risk Assessment,Self-Employed,2026-04-02,Q2 2026,active
BEN-007320,Rotich,Katana,Male,Nyeri,Tech,Cybersecurity,Moringa School,85.0,COMPLETED,Ethical Hacking; Incident Response; Network Security,Internship,2025-08-10,Q3 2025,completed
BEN-007337,Zawadi,Wanjiku,Female,Muranga,Tech,Mobile App Development,Andela,67.2,Completed,Firebase; Flutter; React Native,Employed,2026-05-24,Q2 2026,completed
BEN-007343,Gathoni,Rotich,Female,Kiambu,Tech,Cybersecurity,Gebeya,76.4,In Progress,Ethical Hacking; Incident Response; Network Security,Employed,2026-07-26,Q3 2026,active
BEN-007345,Amina,Baya,Female,Nakuru,Tech,Web Development,Moringa School,100.0,Completed,HTML/CSS; Node.js; REST APIs,Employed,2025-09-29,Q3 2025,completed
BEN-007353,Joy,Korir,F,meru,Tech,Cybersecurity,Moringa School,86.1,Dropped,Incident Response; Network Security; Risk Assessment,Unemployed,2025-04-13,Q2 2025,dropped_out
BEN-007357,Nkatha,Njoroge,Female,Nairobi,Tech,Digital Marketing,Moringa School,80.8,In Progress,Analytics; Google Ads,Self-Employed,2026-01-24,Q1 2026,active
BEN-007364,David,Mutua,Male,kajiado,Tech,Web Development,eMobilis,87.2,Completed,HTML/CSS; REST APIs,Employed,2025-06-27,Q2 2025,completed
BEN-007368,Simon,Mbogo,Male,Kakamega,Tech,Data Science,Moringa School,56.6,In Progress,SQL; Statistics,Self-Employed,2026-07-15,Q3 2026,active
BEN-007369,Chebet,Onyango,Female,Nakuru,Tech,Digital Marketing,eMobilis,76.0,In Progress,Analytics; Content Strategy; Google Ads; Social Media Marketing,Employed,2026-09-16,Q3 2026,active
BEN-007376,Jerop,Ochieng,Female,Kilifi,Tech,AI & Machine Learning,Power Learn Project,62.9,In Progress,Computer Vision; Model Deployment; TensorFlow,Self-Employed,2026-01-10,Q1 2026,active
BEN-007382,Naisula,Odhiambo,Female,Nakuru,Tech,Mobile App Development,Andela,81.0,COMPLETED,Firebase; Flutter; React Native,Employed,2026-06-21,Q2 2026,completed
BEN-007384,Anyango,Hassan,Female,nairobi,Tech,Web Development,Andela,98.5,Completed,Git; REST APIs; React,Employed,2026-02-09,Q1 2026,completed
BEN-007386,Brenda,Katana,Female,Machakos,Tech,AI & Machine Learning,Power Learn Project,73.9,DROPPED,Computer Vision; Model Deployment; Python; TensorFlow,Employed,2025-08-28,Q3 2025,dropped_out
BEN-007392,Peter,Otieno,Male,Meru,Tech,Web Development,eMobilis,75.7,In Progress,JavaScript; Node.js; REST APIs,Employed,2026-06-18,Q2 2026,active
BEN-007397,Kamau,Muthoni,Male,Machakos,Tech,AI & Machine Learning,eMobilis,82.3,In Progress,Model Deployment; Python,Self-Employed,2026-07-16,Q3 2026,active
BEN-007404,Caroline,Kimani,Female,Mombasa,Tech,Web Development,Akirachix,87.6,complete,Git; HTML/CSS; Node.js; REST APIs,Self-Employed,2025-05-31,Q2 2025,completed
BEN-007410,Mumbi,Omondi,Female,Kiambu,Tech,Mobile App Development,Moringa School,73.5,Completed,Firebase; Flutter; Swift,Unemployed,2025-06-13,Q2 2025,completed
BEN-007413,Neema,Achieng,Female,Bungoma,Tech,Mobile App Development,Power Learn Project,78.8,Completed,Flutter; Kotlin; Swift,Self-Employed,2025-08-22,Q3 2025,completed
BEN-007437,Purity,Charo,Female,Kisumu,Tech,Cybersecurity,eMobilis,78.9,Completed,Ethical Hacking; Incident Response; Network Security; Risk Assessment,Employed,2025-03-03,Q1 2025,completed
BEN-007442,Nasieku,Ngugi,Female,Kisumu,Tech,Web Development,Gebeya,81.0,In Progress,Git; HTML/CSS; JavaScript; Node.js,Self-Employed,2026-07-03,Q3 2026,active
BEN-007443,Onyango,Musyoka,Male,Nakuru,Tech,UI/UX Design,eMobilis,78.0,complete,Prototyping; User Research,Employed,2025-10-01,Q4 2025,completed
BEN-007447,Grace,Musyoka,Female,KISII,Tech,Web Development,eMobilis,76.0,In Progress,Git; HTML/CSS,Self-Employed,2026-08-25,Q3 2026,active
BEN-007448,Kendi,Muthoni,Female,Nairobi,Tech,Cybersecurity,Gebeya,91.7,In Progress,Ethical Hacking; Network Security; Risk Assessment,Unemployed,2026-09-05,Q3 2026,active
BEN-007461,Daniel,Mutua,Male,Kisii,Tech,Cybersecurity,Gebeya,86.4,Completed,Ethical Hacking; Incident Response; Network Security; Risk Assessment,Unemployed,2025-10-18,Q4 2025,completed
BEN-007467,Otieno,Wanjiku,Male,Kajiado,Tech,UI/UX Design,Andela,91.4,In Progress,Design Systems; Prototyping; User Research,Employed,2026-08-14,Q3 2026,active
BEN-007469,Juma,Gitau,Male,Nairobi,Tech,AI & Machine Learning,Andela,64.2,In Progress,Computer Vision; Model Deployment; TensorFlow,Unemployed,2026-06-19,Q2 2026,active
BEN-007473,Caroline,Ochieng,Female,Machakos,Tech,Mobile App Development,Moringa School,75.0,Completed,Firebase; Flutter; Swift,Internship,2025-09-05,Q3 2025,completed
BEN-007483,Nkatha,Kariuki,Female,Kilifi,Tech,Mobile App Development,Andela,70.6,In Progress,Firebase; Flutter; Swift,Unemployed,2026-04-14,Q2 2026,active
BEN-007491,Omondi,Chebet,Male,Nairobi,Tech,Digital Marketing,Akirachix,77.9,Completed,Google Ads; Social Media Marketing,Internship,2025-08-16,Q3 2025,completed
BEN-007496,Brian,Wafula,Male,Mombasa,Tech,Cybersecurity,eMobilis,74.7,Completed,Ethical Hacking; Risk Assessment,Employed,2025-08-19,Q3 2025,completed
BEN-007497,Kilonzo,Otieno,Male,Nairobi,Tech,Cloud Computing,Gebeya,95.3,Completed,AWS; Docker,Unemployed,2025-09-25,Q3 2025,completed
BEN-007504,Wanjiru,Nyambane,Female,Uasin Gishu,Tech,UI/UX Design,Akirachix,74.6,In Progress,Design Systems; Prototyping,Employed,2026-08-31,Q3 2026,active
BEN-007512,Cherono,Onyango,Female,kajiado,Tech,AI & Machine Learning,Gebeya,85.0,Dropped,Model Deployment; NLP; TensorFlow,Employed,2026-03-28,Q1 2026,dropped_out
BEN-007516,Beatrice,Odhiambo,Female,Nairobi,Tech,Web Development,eMobilis,76.1,Completed,Git; HTML/CSS; JavaScript,Employed,2026-04-07,Q2 2026,completed
BEN-007517,Cheruiyot,Rotich,Male,Kajiado,Tech,Data Science,Andela,90.2,In Progress,Data Visualization; SQL,Unemployed,2026-08-21,Q3 2026,active
BEN-007518,Emmanuel,Mwakio,male,Kisumu,Tech,AI & Machine Learning,Moringa School,61.6,Completed,Computer Vision; Model Deployment; NLP; Python,Employed,2026-04-09,Q2 2026,completed
BEN-007519,Gathoni,Omondi,Female,Nairobi,Tech,UI/UX Design,eMobilis,77.8,In Progress,Prototyping; User Research; Wireframing,Unemployed,2026-08-27,Q3 2026,active
BEN-007525,Samuel,Cheruiyot,Male,Nakuru,Tech,Cloud Computing,Andela,96.8,Completed,Docker; Linux Administration,Self-Employed,2026-01-11,Q1 2026,completed
BEN-007526,Anthony,Kamau,Male,kisii,Tech,Cybersecurity,eMobilis,75.2,In Progress,Incident Response; Network Security; Risk Assessment,Unemployed,2026-04-25,Q2 2026,active
BEN-007529,Otieno,Maina,Male,Nakuru,Tech,UI/UX Design,Akirachix,84.9,DROPPED,Prototyping; User Research,Unemployed,2025-02-12,Q1 2025,dropped_out
BEN-007530,Kevin,Korir,Male,Kiambu,Tech,Mobile App Development,Power Learn Project,91.7,In Progress,Firebase; React Native,Unemployed,2026-06-09,Q2 2026,active
BEN-007532,Mohamed,Mwangi,Male,Kiambu,Tech,Web Development,eMobilis,89.8,Dropped,Git; HTML/CSS; JavaScript; Node.js,Unemployed,2025-07-28,Q3 2025,dropped_out
BEN-007533,Stephen,Omondi,Male,Uasin Gishu,Tech,UI/UX Design,Andela,85.7,dropped out,Figma; Prototyping; User Research,Employed,2025-07-02,Q3 2025,dropped_out
BEN-007535,Atieno,Kuria,Female,kiambu,Tech,Web Development,Gebeya,61.1,In Progress,Git; HTML/CSS; REST APIs; React,Self-Employed,2026-03-14,Q1 2026,active
BEN-007542,Chepkoech,Charo,Female,Muranga,Tech,AI & Machine Learning,Akirachix,83.4,COMPLETED,Model Deployment; NLP,Unemployed,2025-06-06,Q2 2025,completed
BEN-007549,Grace,Musyoka,Female,Nairobi,Tech,AI & Machine Learning,Gebeya,85.4,Completed,Model Deployment; NLP; TensorFlow,Internship,2025-05-03,Q2 2025,completed
BEN-007558,Faith,Kilonzo,Female,Nairobi,Tech,Digital Marketing,eMobilis,93.5,In Progress,Analytics; Content Strategy; Google Ads,Employed,2026-05-17,Q2 2026,active
BEN-007561,John,Achieng,Male,KISII,Tech,AI & Machine Learning,Andela,87.4,Dropped,NLP; TensorFlow,Unemployed,2026-03-25,Q1 2026,dropped_out
BEN-007563,Otieno,Onyango,Male,Kiambu,Tech,Mobile App Development,Moringa School,77.0,Completed,Firebase; Flutter; Kotlin,Employed,2026-03-19,Q1 2026,completed
BEN-007567,Atieno,Wekesa,Female,kiambu,Tech,Cloud Computing,Power Learn Project,74.2,Completed,Docker; Linux Administration,Unemployed,2025-12-02,Q4 2025,completed
BEN-007573,Sharon,Nyambane,Female,Uasin Gishu,Tech,Digital Marketing,Akirachix,95.9,Completed,Analytics; Content Strategy; Google Ads; SEO,Self-Employed,2026-02-01,Q1 2026,completed
BEN-007580,Collins,Mutiso,Male,Nairobi,Tech,Digital Marketing,Andela,90.4,complete,Analytics; Google Ads; SEO,Self-Employed,2025-11-29,Q4 2025,completed
BEN-007596,Faith,Mohamed,female,Nairobi,Tech,Data Science,eMobilis,100.0,Dropped,Machine Learning; Pandas; Python; Statistics,Unemployed,2025-11-12,Q4 2025,dropped_out
BEN-007598,Amina,Kimani,Female,KIAMBU,Tech,Cloud Computing,Moringa School,71.1,Completed,AWS; Kubernetes; Linux Administration,Internship,2025-08-01,Q3 2025,completed
BEN-007606,Wekesa,Nduta,Male,Kiambu,Tech,UI/UX Design,eMobilis,83.0,In Progress,Design Systems; Figma; User Research; Wireframing,Unemployed,2026-09-04,Q3 2026,active
BEN-007610,Naisula,Matano,Female,Kakamega,Tech,Mobile App Development,Moringa School,84.6,Completed,Flutter; Kotlin,Unemployed,2026-02-15,Q1 2026,completed
BEN-007614,Simon,Muthoni,Male,Machakos,Tech,AI & Machine Learning,Moringa School,72.2,Completed,Computer Vision; Python,Self-Employed,2025-04-23,Q2 2025,completed
BEN-007615,Esther,Cheruiyot,Female,Nairobi,Tech,Cloud Computing,eMobilis,65.4,COMPLETED,Kubernetes; Linux Administration,Self-Employed,2025-11-24,Q4 2025,completed
BEN-007620,Wanjiku,Mwangi,Female,Nakuru,Tech,AI & Machine Learning,Gebeya,77.3,Completed,Model Deployment; NLP; TensorFlow,Employed,2025-04-11,Q2 2025,completed
BEN-007621,Omondi,Kuria,Male,Nairobi,Tech,UI/UX Design,Power Learn Project,89.0,Completed,Design Systems; Prototyping,Employed,2026-03-01,Q1 2026,completed
BEN-007631,Wekesa,Mbogo,Male,NAKURU,Tech,AI & Machine Learning,Andela,94.9,Completed,Computer Vision; NLP; TensorFlow,Unemployed,2026-06-16,Q2 2026,completed
BEN-007641,Diana,Baya,Female,Meru,Tech,Cybersecurity,Power Learn Project,80.1,In Progress,Ethical Hacking; Incident Response; Network Security; Risk Assessment,Unemployed,2026-05-20,Q2 2026,active
BEN-007644,Purity,Bett,Female,Kisii,Tech,Digital Marketing,Gebeya,81.0,In Progress,Google Ads; SEO; Social Media Marketing,Unemployed,2026-05-15,Q2 2026,active
BEN-007657,Nkatha,Mutua,Female,Kajiado,Tech,Mobile App Development,eMobilis,97.8,In Progress,Firebase; Flutter; Kotlin; React Native,Self-Employed,2026-03-08,Q1 2026,active
BEN-007659,Jerop,Odhiambo,Female,Nairobi,Tech,Cloud Computing,Moringa School,100.0,complete,Azure; Docker; Kubernetes; Linux Administration,Unemployed,2026-04-21,Q2 2026,completed
BEN-007670,Mercy,Kuria,Female,Kajiado,Tech,Web Development,Moringa School,71.4,In Progress,JavaScript; Node.js; REST APIs,Unemployed,2026-07-12,Q3 2026,active
BEN-007683,Brian,Maina,Male,Mombasa,Tech,AI & Machine Learning,Akirachix,77.8,Completed,Computer Vision; Model Deployment; Python; TensorFlow,Employed,2025-08-23,Q3 2025,completed
BEN-007686,Kelvin,Charo,Male,Kisumu,Tech,Cloud Computing,Gebeya,89.0,Completed,AWS; Azure; Docker; Linux Administration,Employed,2025-11-24,Q4 2025,completed
BEN-007688,Nkatha,Kamau,Female,Kajiado,Tech,UI/UX Design,eMobilis,76.0,In Progress,Figma; Prototyping; User Research,Unemployed,2026-09-27,Q3 2026,active
BEN-007693,Samuel,Mohamed,Male,Machakos,Tech,Mobile App Development,Power Learn Project,84.8,In Progress,Firebase; Kotlin; React Native; Swift,Unemployed,2026-07-11,Q3 2026,active
BEN-007695,Kagure,Maina,Female,Nairobi County,Tech,Web Development,Power Learn Project,93.6,In Progress,Node.js; React,Unemployed,2026-08-01,Q3 2026,active
BEN-007699,Kipchoge,Maina,Male,Kiambu,Tech,Mobile App Development,Power Learn Project,94.4,In Progress,Kotlin; React Native,Unemployed,2026-06-02,Q2 2026,active
BEN-007710,Mumbi,Matano,Female,Kisumu,Tech,Cloud Computing,eMobilis,63.1,Dropped,AWS; Azure; Kubernetes; Linux Administration,Unemployed,2025-10-13,Q4 2025,dropped_out
BEN-007714,Faith,Onyango,Female,Kisii,Tech,UI/UX Design,Akirachix,69.9,In Progress,Figma; User Research,Unemployed,2026-09-07,Q3 2026,active
BEN-007719,Purity,Mohamed,Female,Mombasa,Tech,UI/UX Design,Power Learn Project,87.7,Dropped,Design Systems; Figma; User Research; Wireframing,Unemployed,2025-12-12,Q4 2025,dropped_out
BEN-007728,Cherono,Mutiso,Female,Kakamega,Tech,UI/UX Design,Power Learn Project,83.9,In Progress,Design Systems; Prototyping; User Research; Wireframing,Unemployed,2026-04-29,Q2 2026,active
BEN-007729,Isaac,Njoroge,Male,Nairobi,Tech,AI & Machine Learning,Akirachix,64.1,In Progress,Model Deployment; Python,Unemployed,2026-03-18,Q1 2026,active
BEN-007730,Peter,Kariuki,Male,Nairobi,Tech,Cloud Computing,Andela,92.2,Completed,AWS; Azure; Docker; Kubernetes,Employed,2026-06-07,Q2 2026,completed
BEN-007731,Jerop,Mwangi,Female,Kajiado,Tech,Web Development,Akirachix,98.4,Dropped,JavaScript; Node.js,Unemployed,2025-09-22,Q3 2025,dropped_out
BEN-007737,Grace,Muthoni,Female,Nairobi,Tech,Web Development,Andela,100.0,In Progress,Git; JavaScript; REST APIs,Self-Employed,2026-07-31,Q3 2026,active
BEN-007746,Jerop,Charo,Female,Bungoma,Tech,AI & Machine Learning,Andela,70.8,Completed,Model Deployment; Python,Self-Employed,2025-07-09,Q3 2025,completed
BEN-007749,Mutua,Mutua,Male,Machakos,Tech,Cybersecurity,Moringa School,88.5,In Progress,Ethical Hacking; Network Security; Risk Assessment,Employed,2026-04-25,Q2 2026,active
BEN-007750,Musyoka,Kilonzo,Male,Mombasa,Tech,Cloud Computing,Power Learn Project,84.5,dropped out,AWS; Linux Administration,Self-Employed,2026-04-09,Q2 2026,dropped_out
BEN-007763,Rotich,Mwangi,Male,Nakuru,Tech,AI & Machine Learning,Andela,66.8,Completed,Model Deployment; Python; TensorFlow,Employed,2026-06-21,Q2 2026,completed
BEN-007764,Timothy,Koech,Male,Kiambu,Tech,Digital Marketing,Moringa School,80.5,In Progress,Google Ads; SEO,Employed,2026-09-09,Q3 2026,active
BEN-007765,Abdi,Kuria,Male,Nakuru,Tech,Cloud Computing,Akirachix,90.4,Completed,Azure; Docker; Kubernetes; Linux Administration,Internship,2025-10-10,Q4 2025,completed
BEN-007771,Awuor,Kimani,Female,Nakuru,Tech,UI/UX Design,Gebeya,72.9,Completed,Figma; Prototyping; User Research; Wireframing,Employed,2025-02-18,Q1 2025,completed
BEN-007786,Sharon,Owino,Female,Meru,Tech,Web Development,Power Learn Project,91.1,In Progress,JavaScript; Node.js,Unemployed,2026-04-22,Q2 2026,active
BEN-007787,Achieng,Koech,Female,Bungoma,Tech,UI/UX Design,Moringa School,97.5,Completed,Design Systems; Prototyping; User Research; Wireframing,Unemployed,2025-09-22,Q3 2025,completed
BEN-007793,Kamau,Omondi,Male,Nakuru County,Tech,Data Science,Gebeya,85.1,In Progress,Machine Learning; Pandas; SQL; Statistics,Unemployed,2026-04-06,Q2 2026,active
BEN-007802,Faith,Nduta,Female,Kiambu,Tech,Cybersecurity,Gebeya,89.3,Dropped,Ethical Hacking; Incident Response; Network Security,Self-Employed,2025-04-17,Q2 2025,dropped_out
BEN-007809,Stephen,Muthoni,Male,Kiambu,Tech,Mobile App Development,Akirachix,100.0,In Progress,Flutter; Kotlin; Swift,Unemployed,2026-09-05,Q3 2026,active
BEN-007811,Akinyi,Onyango,Female,Bungoma,Tech,Mobile App Development,Moringa School,83.8,In Progress,Flutter; React Native; Swift,Self-Employed,2026-07-26,Q3 2026,active
BEN-007813,Baraka,Odhiambo,Male,Nairobi,Tech,Mobile App Development,Andela,96.4,In Progress,Firebase; Flutter,Unemployed,2026-06-04,Q2 2026,active
BEN-007815,Sharon,Omondi,Female,Kiambu,Tech,UI/UX Design,Gebeya,80.8,In Progress,Figma; Prototyping; User Research; Wireframing,Unemployed,2026-02-13,Q1 2026,active
BEN-007820,Simon,Cheruiyot,Male,Nairobi,Tech,UI/UX Design,Power Learn Project,65.3,In Progress,Figma; Prototyping; Wireframing,Unemployed,2026-08-31,Q3 2026,active
BEN-007821,Emily,Ochieng,Female,Bungoma,Tech,Digital Marketing,Akirachix,92.1,Completed,Content Strategy; SEO; Social Media Marketing,Unemployed,2026-01-06,Q1 2026,completed
BEN-007822,Emily,Matano,Female,Meru,Tech,Cybersecurity,Power Learn Project,78.6,In Progress,Ethical Hacking; Incident Response; Network Security; Risk Assessment,Unemployed,2026-04-21,Q2 2026,active
BEN-007829,Juma,Odhiambo,Male,Kisumu,Tech,Data Science,Gebeya,61.7,In Progress,Machine Learning; Pandas,Unemployed,2026-09-27,Q3 2026,active
BEN-007834,Wangari,Njoroge,Female,Machakos,Tech,Mobile App Development,Andela,85.0,In Progress,Flutter; Kotlin; React Native; Swift,Unemployed,2026-09-08,Q3 2026,active
BEN-007837,Achieng,Onyango,Female,Machakos,Tech,Cybersecurity,Akirachix,83.3,Completed,Ethical Hacking; Network Security,Unemployed,2025-12-05,Q4 2025,completed
BEN-007838,Brenda,Otieno,female,Kisumu,Tech,Cybersecurity,Power Learn Project,81.1,In Progress,Ethical Hacking; Incident Response; Network Security; Risk Assessment,Self-Employed,2026-09-15,Q3 2026,active
BEN-007844,Purity,Mohamed,Female,Kiambu,Tech,AI & Machine Learning,Akirachix,90.7,Completed,NLP; Python; TensorFlow,Self-Employed,2025-04-16,Q2 2025,completed
BEN-007854,Kendi,Musyoka,Female,Nairobi,Tech,Web Development,Moringa School,79.7,In Progress,HTML/CSS; JavaScript; Node.js; REST APIs,Self-Employed,2026-06-17,Q2 2026,active
BEN-007857,Wanjiru,Chebet,Female,Nakuru,Tech,Digital Marketing,Andela,86.9,Dropped,Content Strategy; Google Ads; SEO; Social Media Marketing,Employed,2026-01-24,Q1 2026,dropped_out
BEN-007866,David,Odhiambo,Male,Kiambu,Tech,Data Science,Andela,85.4,Dropped,SQL; Statistics,Unemployed,2025-07-04,Q3 2025,dropped_out
BEN-007871,Boniface,Abdi,Male,Kiambu,Tech,Web Development,eMobilis,81.7,Completed,JavaScript; Node.js,Self-Employed,2026-01-12,Q1 2026,completed
BEN-007873,Samuel,Wekesa,Male,Nairobi,Tech,Cloud Computing,Power Learn Project,84.9,DROPPED,Azure; Docker; Kubernetes; Linux Administration,Self-Employed,2025-05-14,Q2 2025,dropped_out
BEN-007876,Gathoni,Koech,Female,Machakos,Tech,UI/UX Design,Akirachix,66.7,In Progress,Figma; User Research; Wireframing,Unemployed,2026-06-29,Q2 2026,active
BEN-007883,Nkatha,Njoroge,Female,Mombasa,Tech,Mobile App Development,eMobilis,100.0,Completed,Kotlin; React Native; Swift,Unemployed,2026-02-20,Q1 2026,completed
BEN-007888,Daniel,Owino,Male,Kiambu,Tech,AI & Machine Learning,Gebeya,80.2,Completed,Model Deployment; NLP; Python; TensorFlow,Employed,2025-10-21,Q4 2025,completed
BEN-007889,Amina,Nduta,Female,Kajiado,Tech,Web Development,Gebeya,84.9,In Progress,Git; REST APIs,Unemployed,2026-02-23,Q1 2026,active
BEN-007893,Chepkoech,Mwangi,Female,Kakamega,Tech,AI & Machine Learning,Gebeya,73.6,In Progress,Model Deployment; NLP; TensorFlow,Self-Employed,2026-07-20,Q3 2026,active
BEN-007897,Chebet,Wanjiku,female,NYERI,Tech,Data Science,Power Learn Project,100.0,In Progress,Data Visualization; Machine Learning; Python; SQL,Unemployed,2026-06-11,Q2 2026,active
BEN-007899,Barasa,Koech,Male,Uasin Gishu,Tech,Cloud Computing,Gebeya,86.6,Completed,AWS; Azure; Docker; Kubernetes,Self-Employed,2025-10-29,Q4 2025,completed
BEN-007905,Collins,Kariuki,Male,Kisii,Tech,Cloud Computing,Gebeya,98.0,In Progress,Azure; Docker; Kubernetes; Linux Administration,Employed,2026-07-06,Q3 2026,active
BEN-007907,Nicholas,Wanjiku,Male,Machakos,Tech,Cybersecurity,Andela,83.6,Completed,Ethical Hacking; Incident Response; Network Security; Risk Assessment,Self-Employed,2026-03-07,Q1 2026,completed
BEN-007908,Awuor,Kimani,Female,Machakos,Tech,Data Science,Akirachix,77.8,In Progress,Pandas; SQL; Statistics,Employed,2026-05-05,Q2 2026,active
BEN-007910,Odhiambo,Matano,Male,Muranga,Tech,Cybersecurity,Power Learn Project,86.5,In Progress,Ethical Hacking; Incident Response,Employed,2026-02-16,Q1 2026,active
BEN-007912,Brian,Kuria,Male,Mombasa,Tech,Data Science,Andela,74.8,In Progress,Data Visualization; Machine Learning; Pandas; SQL,Unemployed,2026-05-18,Q2 2026,active
BEN-007913,Juma,Korir,Male,kajiado,Tech,Mobile App Development,Moringa School,85.3,In Progress,Kotlin; React Native,Unemployed,2026-07-13,Q3 2026,active
BEN-007919,Kagure,Ochieng,Female,Kakamega,Tech,Cybersecurity,Moringa School,71.7,In Progress,Ethical Hacking; Network Security,Self-Employed,2026-07-12,Q3 2026,active
BEN-007921,Onyango,Juma,Male,Kisumu,Tech,Data Science,Gebeya,74.9,In Progress,Data Visualization; Machine Learning; Pandas; Statistics,Self-Employed,2026-08-17,Q3 2026,active
BEN-007926,Nasieku,Wekesa,Female,Nakuru,Tech,Web Development,Andela,88.1,In Progress,HTML/CSS; JavaScript; React,Unemployed,2026-04-29,Q2 2026,active
BEN-007927,Mumbi,Nyambane,Female,Nairobi,Tech,AI & Machine Learning,eMobilis,74.2,In Progress,Model Deployment; NLP; Python; TensorFlow,Employed,2026-08-03,Q3 2026,active
BEN-007928,Diana,Otieno,Female,Nakuru,Tech,Data Science,Power Learn Project,78.9,Completed,Machine Learning; Pandas; Python; SQL,Self-Employed,2026-01-11,Q1 2026,completed
BEN-007931,Beatrice,Nduta,Female,Mombasa,Tech,Cybersecurity,Andela,78.1,In Progress,Incident Response; Network Security,Unemployed,2026-09-11,Q3 2026,active
BEN-007933,Joseph,Nduta,Male,Mombasa County,Tech,Data Science,Akirachix,91.8,Completed,Data Visualization; Machine Learning; Python; SQL,Employed,2025-06-12,Q2 2025,completed
BEN-007935,Amina,Mwangi,Female,Uasin Gishu,Tech,UI/UX Design,Moringa School,90.0,In Progress,Figma; Prototyping; User Research; Wireframing,Employed,2026-04-20,Q2 2026,active
BEN-007950,Brian,Kilonzo,Male,Nairobi,Tech,AI & Machine Learning,Moringa School,71.9,Completed,Computer Vision; Model Deployment; NLP; Python,Self-Employed,2025-03-04,Q1 2025,completed
BEN-007960,Amina,Matano,Female,Machakos,Tech,Mobile App Development,Akirachix,89.1,In Progress,Firebase; Flutter; Kotlin; React Native,Unemployed,2026-04-29,Q2 2026,active
BEN-007962,Chepkoech,Juma,Female,Nairobi,Tech,UI/UX Design,Moringa School,86.7,In Progress,Prototyping; Wireframing,Unemployed,2026-09-18,Q3 2026,active
BEN-007963,Cheruiyot,Nyambane,Male,Meru,Tech,Data Science,Power Learn Project,78.1,Completed,SQL; Statistics,Unemployed,2025-04-16,Q2 2025,completed
BEN-007964,Kagure,Gitau,Female,Nakuru,Tech,Digital Marketing,Gebeya,84.1,Completed,Analytics; Google Ads; SEO; Social Media Marketing,Employed,2026-01-17,Q1 2026,completed
BEN-007972,Anyango,Wekesa,Female,Kiambu,Tech,Data Science,Power Learn Project,99.7,Completed,Machine Learning; Pandas; Python,Employed,2025-06-20,Q2 2025,completed
BEN-007979,Anyango,Cheruiyot,Female,Machakos,Tech,Web Development,Akirachix,89.7,Completed,Git; REST APIs; React,Unemployed,2026-05-05,Q2 2026,completed
BEN-007987,Korir,Owino,Male,Kakamega,Tech,Cloud Computing,Gebeya,87.4,In Progress,AWS; Azure; Kubernetes; Linux Administration,Employed,2026-07-29,Q3 2026,active
BEN-007990,Njeri,Omondi,Female,Nairobi,Tech,AI & Machine Learning,Akirachix,75.3,Completed,Computer Vision; Model Deployment; Python; TensorFlow,Unemployed,2025-06-17,Q2 2025,completed
BEN-007991,Kevin,Ngugi,MALE,Kilifi,Tech,Data Science,Moringa School,55.9,Completed,Pandas; SQL,Self-Employed,2025-05-24,Q2 2025,completed
BEN-007997,Stephen,Koech,Male,Kajiado,Tech,Digital Marketing,Power Learn Project,76.3,In Progress,Google Ads; Social Media Marketing,Unemployed,2026-02-27,Q1 2026,active
BEN-007999,Samuel,Cheruiyot,Male,Nakuru,Tech,UI/UX Design,Moringa School,76.3,In Progress,Design Systems; Prototyping,Unemployed,2026-09-14,Q3 2026,active
BEN-008001,Omondi,Korir,Male,Mombasa,Tech,UI/UX Design,Power Learn Project,65.8,Dropped,Design Systems; Figma; Wireframing,Unemployed,2025-07-07,Q3 2025,dropped_out
BEN-008003,Baraka,Chebet,Male,Kisumu,Tech,Cybersecurity,Andela,76.1,Completed,Network Security; Risk Assessment,Employed,2026-01-13,Q1 2026,completed
BEN-008010,Akinyi,Ochieng,Female,Nakuru,Tech,Data Science,Andela,78.2,In Progress,Data Visualization; Machine Learning; Python; Statistics,Unemployed,2026-05-12,Q2 2026,active
BEN-008011,Joy,Kiptoo,Female,Kiambu,Tech,UI/UX Design,Akirachix,90.6,Completed,Design Systems; Figma; Prototyping; Wireframing,Employed,2025-04-26,Q2 2025,completed
BEN-008012,Cherono,Wafula,Female,Kisii,Tech,UI/UX Design,Moringa School,79.3,In Progress,Design Systems; Figma; Wireframing,Self-Employed,2026-06-15,Q2 2026,active
BEN-008015,Francis,Wafula,Male,Kakamega,Tech,Cybersecurity,Akirachix,73.6,Completed,Network Security; Risk Assessment,Employed,2025-12-23,Q4 2025,completed
BEN-008026,Kelvin,Ochieng,Male,Nairobi,Tech,Cloud Computing,Gebeya,68.6,Completed,AWS; Azure; Docker; Kubernetes,Unemployed,2026-02-07,Q1 2026,completed
BEN-008035,Mercy,Korir,Female,Mombasa,Tech,UI/UX Design,Andela,70.3,Completed,User Research; Wireframing,Employed,2025-10-29,Q4 2025,completed
BEN-008037,Samuel,Musyoka,Male,Muranga,Tech,Digital Marketing,Moringa School,70.8,In Progress,Google Ads; SEO,Unemployed,2026-08-27,Q3 2026,active
BEN-008048,Emmanuel,Koech,Male,Nairobi,Tech,AI & Machine Learning,Moringa School,100.0,Completed,Computer Vision; Model Deployment,Internship,2026-03-13,Q1 2026,completed
BEN-008050,Atieno,Achieng,Female,Nairobi,Tech,Web Development,Andela,74.6,In Progress,HTML/CSS; REST APIs,Self-Employed,2026-07-12,Q3 2026,active
BEN-008052,Sharon,Baya,Female,Nakuru,Tech,Web Development,Moringa School,100.0,Completed,Git; HTML/CSS; JavaScript; Node.js,Employed,2026-01-27,Q1 2026,completed
BEN-008060,Anyango,Njenga,Female,Uasin Gishu,Tech,UI/UX Design,Andela,78.7,Dropped,Figma; Prototyping; User Research; Wireframing,Unemployed,2025-12-19,Q4 2025,dropped_out
BEN-008072,Nasieku,Mwakio,Female,Nairobi,Tech,UI/UX Design,Moringa School,86.1,Completed,Design Systems; Figma; Prototyping; Wireframing,Employed,2025-06-28,Q2 2025,completed
BEN-008079,Ali,Mwakio,Male,Nairobi,Tech,UI/UX Design,Power Learn Project,74.2,Completed,Design Systems; Figma,Employed,2025-11-13,Q4 2025,completed
BEN-008096,Nyambura,Cheruiyot,Female,Nakuru,Tech,Data Science,Gebeya,85.4,Completed,Machine Learning; SQL; Statistics,Self-Employed,2026-03-07,Q1 2026,completed
BEN-008099,Victor,Cheruiyot,Male,Meru,Tech,Data Science,Moringa School,88.1,complete,Machine Learning; Python,Self-Employed,2026-03-26,Q1 2026,completed
BEN-008103,Faith,Charo,Female,Mombasa,Tech,Cybersecurity,Andela,100.0,Completed,Ethical Hacking; Network Security; Risk Assessment,Employed,2025-06-19,Q2 2025,completed
BEN-008106,Collins,Korir,m,Machakos,Tech,Cybersecurity,Moringa School,73.8,In Progress,Ethical Hacking; Network Security; Risk Assessment,Unemployed,2026-07-22,Q3 2026,active
BEN-008111,Mutua,Gitau,Male,Kiambu,Tech,Cybersecurity,Power Learn Project,79.6,Completed,Network Security; Risk Assessment,Unemployed,2025-11-15,Q4 2025,completed
BEN-008116,Kelvin,Ngugi,Male,Kiambu,Tech,Cybersecurity,Andela,95.4,Dropped,Ethical Hacking; Incident Response; Network Security; Risk Assessment,Employed,2026-03-17,Q1 2026,dropped_out
BEN-008122,Wanjiku,Cheruiyot,Female,Kiambu,Tech,Web Development,Akirachix,76.7,Completed,HTML/CSS; Node.js,Employed,2026-02-12,Q1 2026,completed
BEN-008126,David,Abdi,Male,Nairobi,Tech,Web Development,Akirachix,79.2,Completed,Git; HTML/CSS; Node.js; REST APIs,Employed,2026-03-07,Q1 2026,completed
BEN-008127,Wangari,Chebet,Female,Nyeri,Tech,UI/UX Design,Moringa School,92.1,Completed,Design Systems; Prototyping; Wireframing,Internship,2025-02-27,Q1 2025,completed
BEN-008129,Caroline,Abdi,female,Kiambu,Tech,Mobile App Development,Andela,84.5,In Progress,Firebase; Kotlin; Swift,Employed,2026-04-27,Q2 2026,active
BEN-008135,Mohamed,Onyango,Male,Muranga,Tech,Cloud Computing,Akirachix,76.1,In Progress,AWS; Azure; Kubernetes; Linux Administration,Self-Employed,2026-09-23,Q3 2026,active
BEN-008137,Kilonzo,Maina,Male,Nakuru,Tech,Web Development,Gebeya,96.3,In Progress,Git; HTML/CSS; Node.js; REST APIs,Unemployed,2026-05-06,Q2 2026,active
BEN-008145,Vincent,Owino,Male,Meru,Tech,Cybersecurity,Power Learn Project,70.4,Completed,Incident Response; Network Security,Employed,2025-09-16,Q3 2025,completed
BEN-008150,Achieng,Onyango,Female,KISUMU,Tech,Web Development,Gebeya,78.9,In Progress,JavaScript; Node.js,Self-Employed,2026-08-31,Q3 2026,active
BEN-008155,Barasa,Ochieng,Male,Muranga,Tech,Digital Marketing,eMobilis,75.1,In Progress,Analytics; Content Strategy; Google Ads,Unemployed,2026-06-01,Q2 2026,active
BEN-008157,Atieno,Otieno,Female,Kakamega,Tech,Cloud Computing,Gebeya,100.0,In Progress,Docker; Kubernetes,Self-Employed,2026-08-06,Q3 2026,active
BEN-008163,Timothy,Kuria,Male,Kisumu,Tech,Web Development,Gebeya,73.3,In Progress,JavaScript; Node.js,Unemployed,2026-07-05,Q3 2026,active
BEN-008170,Stephen,Abdi,MALE,Nairobi,Tech,Data Science,eMobilis,85.5,In Progress,Python; SQL,Unemployed,2026-06-21,Q2 2026,active
BEN-008176,Diana,Kamau,F,Machakos,Tech,Web Development,Power Learn Project,76.3,In Progress,Git; JavaScript; React,Unemployed,2026-04-28,Q2 2026,active
BEN-008181,Vincent,Kiptoo,Male,Kisumu,Tech,UI/UX Design,Power Learn Project,74.2,In Progress,Design Systems; Prototyping; User Research; Wireframing,Self-Employed,2026-01-29,Q1 2026,active
BEN-008183,Mercy,Kariuki,Female,machakos,Tech,UI/UX Design,Gebeya,80.6,Completed,Design Systems; User Research; Wireframing,Employed,2025-07-31,Q3 2025,completed
BEN-008189,Faith,Barasa,Female,Bungoma County,Tech,AI & Machine Learning,Akirachix,78.2,Dropped,Model Deployment; NLP; TensorFlow,Unemployed,2025-10-16,Q4 2025,dropped_out
BEN-008197,Brenda,Maina,Female,Kiambu,Tech,UI/UX Design,Moringa School,68.9,In Progress,Design Systems; Figma; User Research; Wireframing,Unemployed,2026-07-26,Q3 2026,active
BEN-008203,Kevin,Kiptoo,Male,Kakamega,Tech,Mobile App Development,Andela,57.2,Dropped,Firebase; Kotlin; React Native,Unemployed,2025-12-28,Q4 2025,dropped_out
BEN-008206,Diana,Wekesa,Female,Kiambu,Tech,Data Science,Gebeya,89.6,In Progress,Data Visualization; Machine Learning; Python,Unemployed,2026-05-08,Q2 2026,active
BEN-008217,Chebet,Juma,Female,Nairobi,Tech,UI/UX Design,Akirachix,80.4,In Progress,Figma; Prototyping; User Research,Employed,2026-08-16,Q3 2026,active
BEN-008218,Patrick,Abdi,Male,Kiambu,Tech,Digital Marketing,Andela,71.9,In Progress,Google Ads; Social Media Marketing,Employed,2026-05-01,Q2 2026,active
BEN-008225,Beatrice,Odhiambo,Female,Kisumu,Tech,Web Development,Gebeya,56.4,Dropped,JavaScript; REST APIs,Unemployed,2025-12-03,Q4 2025,dropped_out
BEN-008230,Nyambura,Maina,Female,Uasin Gishu,Tech,Data Science,Andela,85.9,Completed,Pandas; SQL,Self-Employed,2025-10-13,Q4 2025,completed
BEN-008233,Rotich,Kuria,Male,Nairobi,Tech,UI/UX Design,Gebeya,74.7,Completed,Design Systems; Wireframing,Internship,2025-07-29,Q3 2025,completed
BEN-008242,John,Rotich,Male,KAKAMEGA,Tech,UI/UX Design,Moringa School,86.0,Dropped,Design Systems; Figma; User Research,Self-Employed,2025-07-01,Q3 2025,dropped_out
BEN-008247,Boniface,Kiptoo,Male,Kiambu,Tech,UI/UX Design,Moringa School,100.0,Completed,Design Systems; User Research; Wireframing,Unemployed,2026-06-01,Q2 2026,completed
BEN-008251,Nasieku,Baya,Female,Nakuru,Tech,Mobile App Development,Gebeya,76.1,COMPLETED,Firebase; Flutter,Unemployed,2025-11-24,Q4 2025,completed
BEN-008252,Korir,Otieno,MALE,Kisumu,Tech,Mobile App Development,Andela,87.1,Completed,Firebase; Kotlin; React Native,Self-Employed,2026-01-30,Q1 2026,completed
BEN-008267,Wanjiku,Nyambane,Female,Kajiado,Tech,Cybersecurity,Moringa School,87.1,DROPPED,Ethical Hacking; Incident Response; Network Security; Risk Assessment,Unemployed,2026-06-23,Q2 2026,dropped_out
BEN-008268,Jerop,Matano,Female,Nairobi,Tech,Digital Marketing,Andela,100.0,complete,Content Strategy; Google Ads,Self-Employed,2025-12-13,Q4 2025,completed
BEN-008276,Korir,Kuria,Male,Kilifi,Tech,Data Science,Power Learn Project,69.3,Completed,Data Visualization; Machine Learning; Python; Statistics,Unemployed,2026-03-29,Q1 2026,completed
BEN-008279,Kamau,Onyango,Male,machakos,Tech,Mobile App Development,Moringa School,59.6,Completed,Firebase; Flutter; Kotlin; React Native,Unemployed,2025-07-07,Q3 2025,completed
BEN-008285,Beatrice,Mutiso,Female,Machakos,Tech,Web Development,Akirachix,83.8,COMPLETED,Git; JavaScript; React,Employed,2025-11-11,Q4 2025,completed
BEN-008289,Nasieku,Mutiso,Female,Nairobi,Tech,Cloud Computing,Andela,84.8,Completed,Docker; Kubernetes,Employed,2025-04-01,Q2 2025,completed
BEN-008290,Peter,Owino,Male,Kiambu,Tech,Cybersecurity,Power Learn Project,68.3,In Progress,Ethical Hacking; Network Security; Risk Assessment,Unemployed,2026-09-06,Q3 2026,active
BEN-008291,Kendi,Mbogo,Female,Machakos,Tech,Digital Marketing,Akirachix,76.3,Completed,Analytics; Content Strategy; Social Media Marketing,Employed,2025-08-20,Q3 2025,completed
BEN-008292,Grace,Wafula,Female,Nairobi,Tech,Web Development,Gebeya,97.9,Completed,Git; HTML/CSS; JavaScript,Internship,2026-01-25,Q1 2026,completed
BEN-008304,Halima,Hassan,Female,Kiambu,Tech,Cybersecurity,Gebeya,84.0,Completed,Incident Response; Network Security,Unemployed,2026-03-19,Q1 2026,completed
BEN-008307,Wanjiku,Kilonzo,Female,Nyeri County,Tech,Web Development,Akirachix,100.0,Completed,HTML/CSS; JavaScript,Internship,2025-08-06,Q3 2025,completed
BEN-008308,Wekesa,Mwangi,Male,Kajiado,Tech,Data Science,Power Learn Project,81.1,In Progress,Machine Learning; SQL; Statistics,Unemployed,2026-05-05,Q2 2026,active
BEN-008311,Simon,Mutua,Male,Machakos,Tech,Web Development,eMobilis,86.7,In Progress,JavaScript; REST APIs,Unemployed,2026-09-27,Q3 2026,active
BEN-008313,Cheruiyot,Chebet,Male,Mombasa,Tech,Web Development,Akirachix,84.0,Completed,HTML/CSS; Node.js; REST APIs,Unemployed,2025-08-16,Q3 2025,completed
BEN-008315,Joseph,Baya,Male,Uasin Gishu,Tech,Data Science,Power Learn Project,71.9,Completed,Data Visualization; SQL; Statistics,Self-Employed,2026-03-18,Q1 2026,completed
BEN-008325,Isaac,Cheruiyot,MALE,MACHAKOS,Tech,Digital Marketing,Moringa School,94.6,Completed,Content Strategy; Google Ads; SEO,Unemployed,2025-01-20,Q1 2025,completed
BEN-008332,Naisula,Mutiso,Female,Kiambu,Tech,Cybersecurity,Moringa School,74.6,In Progress,Network Security; Risk Assessment,Unemployed,2026-05-22,Q2 2026,active
BEN-008340,Njeri,Odhiambo,Female,Kajiado,Tech,Mobile App Development,Gebeya,71.4,In Progress,Firebase; React Native,Employed,2026-06-15,Q2 2026,active
BEN-008362,Diana,Barasa,Female,Mombasa,Tech,Digital Marketing,Akirachix,74.4,Dropped,Analytics; Content Strategy; Google Ads; Social Media Marketing,Unemployed,2025-09-09,Q3 2025,dropped_out
BEN-008364,Gathoni,Muthoni,Female,Kisii,Tech,Mobile App Development,Akirachix,64.2,Completed,Flutter; Kotlin; Swift,Self-Employed,2025-11-23,Q4 2025,completed
BEN-008366,Emmanuel,Muthoni,Male,Nairobi,Tech,Cloud Computing,Moringa School,100.0,COMPLETED,Azure; Kubernetes,Employed,2025-11-14,Q4 2025,completed
BEN-008368,Atieno,Nduta,Female,Mombasa,Tech,Mobile App Development,Power Learn Project,79.0,In Progress,Firebase; Flutter; Swift,Unemployed,2026-07-20,Q3 2026,active
BEN-008371,Kilonzo,Nyambane,Male,Nairobi,Tech,Cloud Computing,eMobilis,100.0,Completed,Azure; Docker; Kubernetes; Linux Administration,Employed,2025-10-30,Q4 2025,completed
BEN-008374,Joy,Kariuki,Female,Kiambu,Tech,Data Science,Akirachix,100.0,In Progress,Machine Learning; SQL; Statistics,Self-Employed,2026-07-14,Q3 2026,active
BEN-008377,Caroline,Katana,F,Nyeri,Tech,AI & Machine Learning,eMobilis,74.0,COMPLETED,NLP; Python; TensorFlow,Employed,2025-11-05,Q4 2025,completed
BEN-008386,Esther,Ochieng,Female,Kiambu,Tech,Cloud Computing,Gebeya,83.0,Completed,AWS; Azure; Kubernetes,Unemployed,2025-09-25,Q3 2025,completed
BEN-008390,Awuor,Chebet,Female,Kiambu,Tech,Cloud Computing,eMobilis,67.2,Dropped,AWS; Docker,Employed,2025-11-27,Q4 2025,dropped_out
BEN-008395,Stephen,Hassan,MALE,Nakuru,Tech,Cybersecurity,Power Learn Project,86.4,Completed,Incident Response; Network Security; Risk Assessment,Employed,2025-08-22,Q3 2025,completed
BEN-008397,Purity,Kariuki,Female,Kisumu,Tech,Cybersecurity,eMobilis,74.1,In Progress,Ethical Hacking; Incident Response; Network Security; Risk Assessment,Self-Employed,2026-06-16,Q2 2026,active
BEN-008399,Brian,Ngugi,Male,Uasin Gishu,Tech,Mobile App Development,Andela,94.9,Completed,Firebase; Kotlin; React Native,Employed,2025-06-26,Q2 2025,completed
BEN-008406,Simon,Maina,Male,Kiambu,Tech,Web Development,Andela,78.0,In Progress,HTML/CSS; JavaScript; Node.js,Self-Employed,2026-08-04,Q3 2026,active
BEN-008407,Kagure,Juma,Female,Kisii,Tech,AI & Machine Learning,Power Learn Project,65.7,Completed,Computer Vision; Model Deployment; NLP; TensorFlow,Internship,2025-04-17,Q2 2025,completed
BEN-008411,Juma,Achieng,Male,Kisii,Tech,Digital Marketing,eMobilis,88.5,Completed,Content Strategy; Google Ads,Self-Employed,2025-10-08,Q4 2025,completed
BEN-008414,Akinyi,Bett,Female,Kiambu,Tech,UI/UX Design,Andela,100.0,Completed,Design Systems; Figma; User Research; Wireframing,Internship,2026-03-06,Q1 2026,completed
BEN-008415,Purity,Ochieng,Female,Mombasa,Tech,UI/UX Design,Moringa School,87.0,Completed,Design Systems; Figma; User Research,Employed,2025-05-19,Q2 2025,completed
BEN-008419,Halima,Otieno,Female,Kakamega,Tech,Cloud Computing,Andela,70.6,In Progress,Docker; Kubernetes; Linux Administration,Employed,2026-07-13,Q3 2026,active
BEN-008420,Onyango,Rotich,Male,Mombasa,Tech,Cloud Computing,Andela,86.0,Completed,Docker; Kubernetes,Unemployed,2026-01-23,Q1 2026,completed
BEN-008433,Otieno,Otieno,Male,Kajiado,Tech,UI/UX Design,Gebeya,66.9,Completed,Design Systems; Figma; User Research; Wireframing,Employed,2026-01-28,Q1 2026,completed
BEN-008434,Mumbi,Kuria,Female,Nairobi,Tech,AI & Machine Learning,Power Learn Project,92.6,In Progress,Computer Vision; Model Deployment; NLP; TensorFlow,Self-Employed,2026-07-10,Q3 2026,active
BEN-008436,Sharon,Njoroge,Female,KAJIADO,Tech,UI/UX Design,Moringa School,79.8,Completed,Prototyping; User Research; Wireframing,Unemployed,2025-03-29,Q1 2025,completed
BEN-008442,Zawadi,Ochieng,Female,Uasin Gishu,Tech,Digital Marketing,Gebeya,88.9,Completed,Analytics; Google Ads; SEO; Social Media Marketing,Employed,2025-07-13,Q3 2025,completed
BEN-008444,Ali,Achieng,Male,Kiambu,Tech,Digital Marketing,Moringa School,86.9,In Progress,SEO; Social Media Marketing,Self-Employed,2026-04-19,Q2 2026,active
BEN-008446,Peter,Matano,Male,Meru,Tech,Cybersecurity,Gebeya,74.5,COMPLETED,Ethical Hacking; Network Security; Risk Assessment,Internship,2026-02-13,Q1 2026,completed
BEN-008454,Ali,Kariuki,Male,Kisumu,Tech,AI & Machine Learning,Power Learn Project,62.7,In Progress,Computer Vision; NLP,Unemployed,2026-09-05,Q3 2026,active
BEN-008456,Sharon,Nduta,Female,Kisumu,Tech,AI & Machine Learning,eMobilis,86.9,Dropped,NLP; Python,Unemployed,2025-11-24,Q4 2025,dropped_out
BEN-008462,Kendi,Njenga,Female,Nyeri,Tech,UI/UX Design,Akirachix,89.6,Completed,Prototyping; User Research; Wireframing,Unemployed,2025-08-09,Q3 2025,completed
BEN-008464,Nicholas,Rotich,Male,Kiambu,Tech,Mobile App Development,Akirachix,93.8,DROPPED,Firebase; Flutter; Swift,Unemployed,2025-12-29,Q4 2025,dropped_out
BEN-008466,Kiptoo,Muthoni,Male,Kajiado,Tech,Data Science,Moringa School,76.0,In Progress,Data Visualization; Python,Unemployed,2026-04-13,Q2 2026,active
BEN-008468,Chepkoech,Kariuki,Female,Nairobi,Tech,Mobile App Development,Moringa School,61.2,Completed,Firebase; Flutter; Kotlin; React Native,Self-Employed,2026-06-20,Q2 2026,completed
BEN-008472,Joy,Rotich,Female,Nairobi,Tech,Digital Marketing,Moringa School,78.6,In Progress,Content Strategy; Google Ads; SEO; Social Media Marketing,Employed,2026-04-30,Q2 2026,active
BEN-008479,Grace,Owino,Female,KIAMBU,Tech,Cybersecurity,Akirachix,45.4,Completed,Ethical Hacking; Network Security,Employed,2026-06-28,Q2 2026,completed
BEN-008480,Daniel,Kuria,Male,Nyeri,Tech,Web Development,Akirachix,76.1,Completed,Git; Node.js; REST APIs,Self-Employed,2025-04-11,Q2 2025,completed
BEN-008491,Nicholas,Mutiso,Male,Mombasa,Tech,Web Development,Andela,91.0,Completed,Git; JavaScript; Node.js; REST APIs,Employed,2025-06-26,Q2 2025,completed
BEN-008496,Sharon,Njoroge,Female,Mombasa,Tech,Data Science,Moringa School,86.4,In Progress,Data Visualization; Python,Employed,2026-07-18,Q3 2026,active
BEN-008498,Onyango,Hassan,Male,Bungoma,Tech,Web Development,Akirachix,69.5,Completed,Git; HTML/CSS,Internship,2026-02-18,Q1 2026,completed
BEN-008500,Kagure,Muthoni,Female,Nyeri,Tech,Web Development,Gebeya,82.3,Completed,REST APIs; React,Self-Employed,2025-10-10,Q4 2025,completed
BEN-008502,Achieng,Ngugi,Female,Kiambu,Tech,Mobile App Development,Power Learn Project,71.5,Completed,Flutter; React Native,Self-Employed,2025-03-22,Q1 2025,completed
BEN-008505,Peter,Chebet,Male,Muranga,Tech,Digital Marketing,Gebeya,99.4,In Progress,Analytics; Google Ads; SEO,Unemployed,2026-06-04,Q2 2026,active
BEN-008515,Boniface,Owino,Male,Bungoma,Tech,Cybersecurity,Gebeya,67.0,Dropped,Ethical Hacking; Incident Response; Network Security,Self-Employed,2025-09-17,Q3 2025,dropped_out
BEN-008518,Faith,Mohamed,Female,Mombasa,Tech,UI/UX Design,Andela,78.9,Completed,User Research; Wireframing,Self-Employed,2026-02-26,Q1 2026,completed
BEN-008523,Omondi,Cheruiyot,Male,Meru,Tech,Digital Marketing,Gebeya,77.7,Completed,Analytics; Google Ads; SEO; Social Media Marketing,Employed,2025-02-23,Q1 2025,completed
BEN-008528,Wanjiku,Wekesa,Female,Muranga,Tech,Digital Marketing,Moringa School,71.5,Completed,Google Ads; SEO; Social Media Marketing,Unemployed,2026-02-09,Q1 2026,completed
BEN-008542,Kevin,Njoroge,male,NAIROBI,Tech,Digital Marketing,eMobilis,83.9,In Progress,Analytics; Google Ads,Self-Employed,2026-02-01,Q1 2026,active
BEN-008543,Cherono,Cheruiyot,Female,Muranga,Tech,Cloud Computing,Gebeya,86.8,Completed,AWS; Linux Administration,Unemployed,2025-09-26,Q3 2025,completed
BEN-008546,Achieng,Muthoni,Female,Mombasa,Tech,Mobile App Development,Moringa School,82.6,COMPLETED,Flutter; Kotlin,Self-Employed,2026-02-14,Q1 2026,completed
BEN-008559,Ali,Njenga,Male,Nyeri,Tech,Mobile App Development,Akirachix,96.9,In Progress,React Native; Swift,Self-Employed,2026-07-27,Q3 2026,active
BEN-008560,Victor,Chebet,Male,Nairobi,Tech,Mobile App Development,Andela,84.8,Completed,Firebase; React Native,Employed,2026-01-26,Q1 2026,completed
BEN-008568,Onyango,Omondi,Male,Kajiado,Tech,Web Development,Akirachix,77.9,In Progress,Git; HTML/CSS; JavaScript; Node.js,Self-Employed,2026-06-22,Q2 2026,active
BEN-008581,Diana,Wekesa,Female,Muranga,Tech,Mobile App Development,Power Learn Project,95.3,In Progress,Firebase; Flutter; Kotlin; React Native,Self-Employed,2026-06-08,Q2 2026,active
BEN-008584,Naisula,Odhiambo,Female,Kiambu,Tech,Mobile App Development,Power Learn Project,84.8,In Progress,Firebase; Flutter; React Native,Self-Employed,2026-08-13,Q3 2026,active
BEN-008592,Amina,Gitau,Female,Mombasa,Tech,Web Development,Moringa School,69.2,Completed,Git; HTML/CSS; Node.js; React,Self-Employed,2026-04-18,Q2 2026,completed
BEN-008594,Amina,Kimani,Female,Uasin Gishu,Tech,Cloud Computing,Andela,97.9,Completed,Azure; Docker; Kubernetes,Employed,2025-05-09,Q2 2025,completed
BEN-008602,Gathoni,Kilonzo,Female,Kajiado,Tech,AI & Machine Learning,Akirachix,92.9,Completed,Model Deployment; NLP; Python; TensorFlow,Unemployed,2025-10-08,Q4 2025,completed
BEN-008604,Rotich,Odhiambo,male,Nakuru,Tech,Cybersecurity,Akirachix,64.0,In Progress,Ethical Hacking; Incident Response; Network Security; Risk Assessment,Unemployed,2026-05-16,Q2 2026,active
BEN-008612,Patrick,Abdi,Male,Nyeri,Tech,Cloud Computing,Andela,78.6,complete,Docker; Kubernetes; Linux Administration,Self-Employed,2025-07-06,Q3 2025,completed
BEN-008613,Odhiambo,Mutua,Male,Nairobi,Tech,AI & Machine Learning,Power Learn Project,91.7,In Progress,Model Deployment; TensorFlow,Employed,2026-08-26,Q3 2026,active
BEN-008620,Juma,Mutua,Male,Nairobi County,Tech,UI/UX Design,Moringa School,78.7,Completed,Figma; Wireframing,Employed,2025-09-05,Q3 2025,completed
BEN-008624,Mumbi,Wafula,Female,Kisii,Tech,Web Development,Andela,99.3,In Progress,Git; HTML/CSS; REST APIs,Self-Employed,2026-02-06,Q1 2026,active
BEN-008642,Nasieku,Mutua,FEMALE,Nairobi,Tech,AI & Machine Learning,eMobilis,97.5,Dropped,Model Deployment; TensorFlow,Employed,2025-07-16,Q3 2025,dropped_out
BEN-008647,Collins,Nduta,Male,Kisumu,Tech,Data Science,Andela,86.6,Completed,Data Visualization; Machine Learning; SQL,Self-Employed,2026-04-15,Q2 2026,completed
BEN-008651,Amina,Mwangi,Female,Meru,Tech,Web Development,Gebeya,72.9,In Progress,Git; JavaScript,Self-Employed,2026-05-04,Q2 2026,active
BEN-008660,Collins,Maina,Male,Kajiado,Tech,Cloud Computing,Power Learn Project,81.4,Dropped,AWS; Docker; Kubernetes; Linux Administration,Self-Employed,2026-05-27,Q2 2026,dropped_out
BEN-008665,Dennis,Ochieng,Male,Nyeri,Tech,Data Science,Akirachix,74.1,In Progress,Data Visualization; Python,Employed,2026-08-16,Q3 2026,active
BEN-008668,Emily,Mohamed,Female,Kajiado,Tech,UI/UX Design,eMobilis,91.1,Dropped,Figma; Prototyping; User Research; Wireframing,Unemployed,2026-03-15,Q1 2026,dropped_out
BEN-008674,Wanjiku,Korir,Female,Machakos,Tech,Web Development,Akirachix,75.4,In Progress,Git; Node.js,Unemployed,2026-03-30,Q1 2026,active
BEN-008675,Otieno,Mutiso,Male,Kilifi,Tech,Data Science,Power Learn Project,85.4,In Progress,Data Visualization; Machine Learning; Python,Unemployed,2026-08-24,Q3 2026,active
BEN-008695,Dennis,Matano,MALE,Kisii,Tech,Web Development,Moringa School,82.3,In Progress,Git; Node.js; REST APIs,Self-Employed,2026-07-31,Q3 2026,active
BEN-008700,Kiptoo,Mbogo,Male,Nairobi,Tech,Cybersecurity,Power Learn Project,91.6,Completed,Ethical Hacking; Incident Response; Network Security; Risk Assessment,Internship,2026-06-19,Q2 2026,completed
BEN-008707,Emily,Wanjiku,Female,Kilifi,Tech,Data Science,Akirachix,68.5,Completed,Machine Learning; Statistics,Unemployed,2025-01-15,Q1 2025,completed
BEN-008713,David,Maina,Male,Nakuru,Tech,UI/UX Design,Akirachix,94.5,Completed,Design Systems; Figma; Prototyping,Unemployed,2026-01-20,Q1 2026,completed
BEN-008715,Timothy,Njoroge,MALE,Kiambu,Tech,Mobile App Development,Power Learn Project,84.6,Completed,Firebase; Kotlin; React Native; Swift,Unemployed,2026-03-16,Q1 2026,completed
BEN-008718,Esther,Baya,Female,Kiambu,Tech,Mobile App Development,eMobilis,74.6,Completed,Firebase; Flutter; React Native; Swift,Employed,2025-05-25,Q2 2025,completed
BEN-008719,Nicholas,Ngugi,Male,Kakamega,Tech,UI/UX Design,Moringa School,78.9,Completed,Design Systems; Figma; Prototyping,Unemployed,2025-01-22,Q1 2025,completed
BEN-008722,Beatrice,Abdi,Female,Kisumu,Tech,Cybersecurity,eMobilis,72.2,Completed,Ethical Hacking; Incident Response; Network Security,Unemployed,2025-04-15,Q2 2025,completed
BEN-008723,Boniface,Kuria,Male,Kiambu,Tech,Data Science,Power Learn Project,95.2,Completed,Pandas; Python,Unemployed,2026-05-04,Q2 2026,completed
BEN-008727,Onyango,Musyoka,Male,Meru,Tech,AI & Machine Learning,Moringa School,88.5,Completed,Computer Vision; Model Deployment; NLP,Unemployed,2025-12-18,Q4 2025,completed
BEN-008730,Joy,Cheruiyot,Female,Machakos,Tech,Mobile App Development,eMobilis,90.1,In Progress,Firebase; Flutter; React Native,Unemployed,2026-08-03,Q3 2026,active
BEN-008732,Kiptoo,Matano,Male,Machakos,Tech,Cybersecurity,eMobilis,80.7,Dropped,Incident Response; Network Security; Risk Assessment,Employed,2025-03-19,Q1 2025,dropped_out
BEN-008733,Cynthia,Kiptoo,Female,Kilifi,Tech,Cybersecurity,Moringa School,78.2,Dropped,Ethical Hacking; Incident Response; Network Security; Risk Assessment,Unemployed,2025-11-30,Q4 2025,dropped_out
BEN-008742,Nasieku,Onyango,Female,Nairobi,Tech,Cloud Computing,Moringa School,86.4,Completed,AWS; Docker,Self-Employed,2025-11-21,Q4 2025,completed
BEN-008749,Brenda,Kamau,Female,Nairobi,Tech,Cloud Computing,Power Learn Project,100.0,Dropped,AWS; Docker; Linux Administration,Unemployed,2025-11-09,Q4 2025,dropped_out
BEN-008750,Purity,Njoroge,Female,Meru,Tech,AI & Machine Learning,eMobilis,67.9,In Progress,Computer Vision; Python; TensorFlow,Unemployed,2026-09-16,Q3 2026,active
BEN-008753,Amina,Charo,F,Kiambu,Tech,Cybersecurity,Andela,78.9,Completed,Ethical Hacking; Incident Response; Risk Assessment,Employed,2025-11-29,Q4 2025,completed
BEN-008756,Isaac,Kuria,Male,Kakamega,Tech,UI/UX Design,Power Learn Project,66.4,In Progress,Design Systems; Figma; Prototyping; User Research,Unemployed,2026-08-31,Q3 2026,active
BEN-008757,Nicholas,Kiptoo,Male,Kiambu,Tech,Mobile App Development,Gebeya,95.3,complete,Kotlin; React Native; Swift,Employed,2025-07-23,Q3 2025,completed
BEN-008768,Korir,Muthoni,MALE,Machakos,Tech,Cybersecurity,Gebeya,77.0,Dropped,Ethical Hacking; Incident Response; Network Security; Risk Assessment,Unemployed,2025-05-20,Q2 2025,dropped_out
BEN-008769,Anyango,Bett,Female,Muranga,Tech,Mobile App Development,eMobilis,80.5,Dropped,React Native; Swift,Employed,2025-10-24,Q4 2025,dropped_out
BEN-008773,Kipchoge,Kariuki,Male,Nairobi,Tech,Digital Marketing,Andela,84.0,In Progress,Analytics; Content Strategy; Social Media Marketing,Self-Employed,2026-04-21,Q2 2026,active
BEN-008777,Kagure,Wekesa,Female,Uasin Gishu,Tech,Cybersecurity,Power Learn Project,77.5,In Progress,Ethical Hacking; Incident Response; Network Security; Risk Assessment,Unemployed,2026-03-12,Q1 2026,active
BEN-008782,Wanjiru,Mutua,Female,Nakuru County,Tech,Data Science,Moringa School,77.9,Completed,Data Visualization; Pandas; SQL; Statistics,Unemployed,2025-11-26,Q4 2025,completed
BEN-008786,Neema,Mbogo,Female,Nyeri,Tech,UI/UX Design,eMobilis,74.8,Completed,Design Systems; Prototyping; User Research; Wireframing,Employed,2025-10-17,Q4 2025,completed
BEN-008787,Mutua,Korir,Male,Nairobi,Tech,Digital Marketing,eMobilis,84.4,In Progress,Analytics; Content Strategy; SEO; Social Media Marketing,Unemployed,2026-05-24,Q2 2026,active
BEN-008798,Diana,Barasa,Female,Kilifi,Tech,Cybersecurity,Andela,82.6,Completed,Ethical Hacking; Incident Response; Network Security; Risk Assessment,Employed,2026-01-03,Q1 2026,completed
BEN-008799,Abdi,Korir,Male,Nyeri,Tech,Digital Marketing,Gebeya,69.9,Completed,Content Strategy; Google Ads,Employed,2025-03-23,Q1 2025,completed
BEN-008810,Halima,Koech,Female,MURANGA,Tech,Mobile App Development,Gebeya,79.0,Completed,Flutter; Swift,Employed,2026-05-31,Q2 2026,completed
BEN-008812,Caroline,Gitau,Female,Kakamega,Tech,Cloud Computing,Gebeya,89.8,In Progress,Docker; Kubernetes; Linux Administration,Unemployed,2026-04-28,Q2 2026,active
BEN-008818,Wekesa,Wekesa,Male,MERU,Tech,Digital Marketing,Power Learn Project,89.7,Completed,Analytics; Content Strategy; Google Ads; Social Media Marketing,Internship,2026-02-24,Q1 2026,completed
BEN-008826,Awuor,Onyango,Female,Bungoma,Tech,Cloud Computing,Gebeya,77.8,In Progress,Azure; Kubernetes,Unemployed,2026-04-28,Q2 2026,active
BEN-008838,Onyango,Kamau,Male,Nakuru,Tech,Web Development,Akirachix,100.0,In Progress,HTML/CSS; REST APIs,Employed,2026-07-19,Q3 2026,active
BEN-008840,Otieno,Nyambane,Male,Nairobi,Tech,Web Development,eMobilis,100.0,Completed,HTML/CSS; React,Internship,2025-08-30,Q3 2025,completed
BEN-008843,Amina,Owino,Female,Kisumu,Tech,AI & Machine Learning,Moringa School,67.6,In Progress,Model Deployment; NLP; Python; TensorFlow,Unemployed,2026-07-04,Q3 2026,active
BEN-008844,Otieno,Omondi,Male,Kisii,Tech,Web Development,Moringa School,68.0,Completed,Git; HTML/CSS; JavaScript; REST APIs,Unemployed,2025-12-01,Q4 2025,completed
BEN-008847,Anthony,Njenga,Male,Kajiado,Tech,Data Science,Power Learn Project,87.3,Completed,Data Visualization; SQL; Statistics,Unemployed,2025-12-05,Q4 2025,completed
BEN-008849,David,Nduta,Male,Meru,Tech,Cloud Computing,Andela,87.2,Completed,AWS; Kubernetes,Self-Employed,2025-09-15,Q3 2025,completed
BEN-008850,Korir,Katana,MALE,Uasin Gishu,Tech,AI & Machine Learning,Gebeya,89.6,In Progress,Computer Vision; Model Deployment,Unemployed,2026-03-23,Q1 2026,active
BEN-008869,Timothy,Njoroge,Male,Nyeri,Tech,Cloud Computing,Power Learn Project,89.4,Completed,AWS; Azure,Internship,2025-09-18,Q3 2025,completed
BEN-008871,Atieno,Muthoni,Female,Machakos,Tech,Digital Marketing,Akirachix,86.0,Completed,Analytics; SEO,Employed,2025-06-28,Q2 2025,completed
BEN-008886,Isaac,Mbogo,Male,Nairobi,Tech,Cybersecurity,Andela,87.1,In Progress,Ethical Hacking; Incident Response; Risk Assessment,Self-Employed,2026-06-12,Q2 2026,active
BEN-008890,Anthony,Njoroge,Male,machakos,Tech,Cloud Computing,Andela,77.8,Completed,AWS; Docker; Kubernetes; Linux Administration,Internship,2025-11-05,Q4 2025,completed
BEN-008897,Amina,Cheruiyot,Female,Nairobi,Tech,Web Development,Andela,82.0,In Progress,HTML/CSS; JavaScript; Node.js; REST APIs,Self-Employed,2026-08-17,Q3 2026,active
BEN-008907,Nasieku,Omondi,FEMALE,Mombasa,Tech,UI/UX Design,Gebeya,88.3,In Progress,Figma; Prototyping,Unemployed,2026-08-05,Q3 2026,active
BEN-008918,Gathoni,Baya,Female,BUNGOMA,Tech,Web Development,Moringa School,82.9,Completed,Git; HTML/CSS,Employed,2025-07-05,Q3 2025,completed
BEN-008923,John,Mbogo,Male,Kilifi County,Tech,UI/UX Design,Moringa School,87.8,In Progress,Prototyping; Wireframing,Unemployed,2026-07-10,Q3 2026,active
BEN-008924,Amina,Bett,Female,Kajiado County,Tech,Cloud Computing,Moringa School,69.0,Completed,Docker; Kubernetes; Linux Administration,Employed,2025-07-23,Q3 2025,completed
BEN-008925,Baraka,Baya,Male,Uasin Gishu,Tech,UI/UX Design,Gebeya,87.9,Completed,Figma; Prototyping,Employed,2025-08-24,Q3 2025,completed
BEN-008930,Peter,Ochieng,Male,Bungoma,Tech,Digital Marketing,Power Learn Project,90.6,In Progress,Analytics; Social Media Marketing,Self-Employed,2026-07-05,Q3 2026,active
BEN-008931,Akinyi,Kamau,Female,Kajiado,Tech,Cybersecurity,Moringa School,69.6,Completed,Ethical Hacking; Incident Response; Network Security; Risk Assessment,Internship,2025-02-21,Q1 2025,completed
BEN-008940,Nyambura,Kariuki,Female,kisii,Tech,UI/UX Design,Andela,81.9,Dropped,Figma; Wireframing,Unemployed,2025-10-15,Q4 2025,dropped_out
BEN-008947,Barasa,Kariuki,Male,Nairobi,Tech,Digital Marketing,eMobilis,95.6,Completed,Analytics; SEO; Social Media Marketing,Self-Employed,2026-01-14,Q1 2026,completed
BEN-008948,Mumbi,Ngugi,Female,Nairobi,Tech,Mobile App Development,Power Learn Project,60.7,In Progress,Firebase; Flutter; React Native; Swift,Self-Employed,2026-04-25,Q2 2026,active
BEN-008952,Nkatha,Wafula,Female,Meru,Tech,Cloud Computing,Andela,58.9,Completed,Azure; Docker; Kubernetes,Internship,2025-06-15,Q2 2025,completed
BEN-008954,Nasieku,Wafula,Female,Meru,Tech,UI/UX Design,Akirachix,83.7,Completed,Figma; Prototyping; User Research,Unemployed,2025-04-09,Q2 2025,completed
BEN-008956,Halima,Baya,Female,Nairobi,Tech,Cybersecurity,eMobilis,80.7,Completed,Incident Response; Network Security,Employed,2025-07-13,Q3 2025,completed
BEN-008957,Kamau,Charo,Male,Kiambu,Tech,Mobile App Development,eMobilis,100.0,In Progress,Firebase; Kotlin; Swift,Unemployed,2026-02-17,Q1 2026,active
BEN-008972,Caroline,Rotich,Female,kisumu,Tech,AI & Machine Learning,Moringa School,67.1,Completed,Computer Vision; Model Deployment,Unemployed,2025-09-01,Q3 2025,completed
BEN-008975,Chepkoech,Mutiso,Female,Bungoma,Tech,Mobile App Development,Power Learn Project,86.3,In Progress,Firebase; Kotlin; React Native,Unemployed,2026-09-14,Q3 2026,active
BEN-008987,Gathoni,Njoroge,Female,mombasa,Tech,Mobile App Development,Akirachix,80.3,Completed,Firebase; Flutter; Swift,Internship,2026-06-02,Q2 2026,completed
BEN-009001,Samuel,Matano,Male,Kiambu,Tech,AI & Machine Learning,eMobilis,87.6,Completed,Computer Vision; Model Deployment; Python; TensorFlow,Unemployed,2025-12-18,Q4 2025,completed
BEN-009005,Francis,Hassan,Male,Kiambu,Tech,Mobile App Development,Andela,99.3,Dropped,Firebase; Flutter; Kotlin; React Native,Unemployed,2025-07-15,Q3 2025,dropped_out
BEN-009006,Atieno,Kimani,Female,Nairobi,Tech,AI & Machine Learning,Andela,78.3,In Progress,Model Deployment; NLP,Unemployed,2026-08-08,Q3 2026,active
BEN-009012,Kagure,Mwangi,Female,Mombasa,Tech,Data Science,Power Learn Project,69.3,Completed,Pandas; Python; SQL; Statistics,Unemployed,2025-01-20,Q1 2025,completed
BEN-009030,Sharon,Mwakio,Female,Bungoma,Tech,Data Science,eMobilis,70.6,In Progress,Data Visualization; SQL; Statistics,Employed,2026-09-01,Q3 2026,active
BEN-009033,Naisula,Baya,Female,Kilifi,Tech,UI/UX Design,Akirachix,71.5,In Progress,Design Systems; Figma; Prototyping; Wireframing,Employed,2026-04-20,Q2 2026,active
BEN-009037,Purity,Mutiso,Female,Nairobi,Tech,Web Development,Moringa School,85.1,In Progress,JavaScript; Node.js; React,Self-Employed,2026-07-26,Q3 2026,active
BEN-009038,Emily,Gitau,Female,Kisumu,Tech,Cybersecurity,Gebeya,82.7,In Progress,Ethical Hacking; Incident Response; Risk Assessment,Unemployed,2026-07-16,Q3 2026,active
BEN-009044,Kevin,Omondi,Male,Muranga,Tech,UI/UX Design,Andela,75.7,In Progress,Design Systems; Prototyping; User Research; Wireframing,Self-Employed,2026-09-03,Q3 2026,active
BEN-009051,Naisula,Rotich,Female,Uasin Gishu,Tech,Cloud Computing,Andela,68.8,Completed,AWS; Azure; Docker; Kubernetes,Employed,2025-08-24,Q3 2025,completed
BEN-009058,Victor,Otieno,Male,Kiambu,Tech,Data Science,Akirachix,100.0,In Progress,Machine Learning; Pandas; Statistics,Self-Employed,2026-09-28,Q3 2026,active
BEN-009063,Vincent,Cheruiyot,Male,Nairobi,Tech,Cloud Computing,Power Learn Project,93.0,In Progress,Azure; Linux Administration,Unemployed,2026-01-20,Q1 2026,active
BEN-009065,Naisula,Cheruiyot,Female,Nairobi,Tech,Digital Marketing,Moringa School,92.0,In Progress,Analytics; Social Media Marketing,Employed,2026-09-03,Q3 2026,active
BEN-009075,Mumbi,Onyango,Female,Meru,Tech,AI & Machine Learning,Gebeya,90.2,In Progress,Computer Vision; Python,Unemployed,2026-08-31,Q3 2026,active
BEN-009083,Wekesa,Koech,Male,Kakamega,Tech,Digital Marketing,Andela,85.7,In Progress,Content Strategy; Google Ads; SEO; Social Media Marketing,Unemployed,2026-07-20,Q3 2026,active
BEN-009085,Halima,Hassan,Female,MOMBASA,Tech,Cloud Computing,Akirachix,69.6,Completed,AWS; Azure; Kubernetes,Internship,2025-06-11,Q2 2025,completed
BEN-009095,Mohamed,Mwangi,Male,Machakos,Tech,Mobile App Development,Gebeya,88.6,In Progress,Firebase; Kotlin; Swift,Unemployed,2026-05-27,Q2 2026,active
BEN-009100,Anyango,Kilonzo,Female,Kisumu,Tech,Digital Marketing,Gebeya,65.6,In Progress,Analytics; Content Strategy; Google Ads; Social Media Marketing,Self-Employed,2026-03-16,Q1 2026,active
BEN-009102,Atieno,Nduta,Female,Muranga,Tech,Cloud Computing,Power Learn Project,82.3,Completed,AWS; Azure; Linux Administration,Unemployed,2025-01-20,Q1 2025,completed
BEN-009103,Gathoni,Odhiambo,Female,Muranga,Tech,UI/UX Design,Power Learn Project,73.8,Completed,Design Systems; Figma; Prototyping; Wireframing,Unemployed,2025-07-31,Q3 2025,completed
BEN-009105,Ali,Owino,Male,Kajiado,Tech,Digital Marketing,Power Learn Project,85.9,In Progress,Content Strategy; Google Ads,Unemployed,2026-04-27,Q2 2026,active
BEN-009106,Emmanuel,Omondi,Male,Nyeri,Tech,Web Development,Moringa School,76.9,Dropped,Git; HTML/CSS; Node.js; React,Self-Employed,2026-02-06,Q1 2026,dropped_out
BEN-009107,Wanjiru,Mwakio,Female,Nairobi,Tech,UI/UX Design,Moringa School,90.8,Completed,Design Systems; Prototyping; User Research; Wireframing,Employed,2025-03-05,Q1 2025,completed
BEN-009110,Beatrice,Kariuki,Female,Kisumu County,Tech,Mobile App Development,Moringa School,62.0,Completed,Firebase; Kotlin; React Native,Self-Employed,2025-04-14,Q2 2025,completed
BEN-009118,Joseph,Onyango,Male,Kiambu,Tech,Cybersecurity,Andela,81.6,Completed,Ethical Hacking; Network Security; Risk Assessment,Unemployed,2025-11-14,Q4 2025,completed
BEN-009122,Faith,Juma,Female,Kisii,Tech,Cloud Computing,Gebeya,73.1,Completed,Azure; Kubernetes,Unemployed,2025-06-20,Q2 2025,completed
BEN-009126,Wangari,Kamau,Female,Kiambu,Tech,Mobile App Development,Akirachix,86.7,Completed,Firebase; Kotlin; React Native; Swift,Employed,2026-02-05,Q1 2026,completed
BEN-009133,Daniel,Owino,Male,Kiambu,Tech,UI/UX Design,eMobilis,75.7,Completed,Figma; Prototyping; Wireframing,Internship,2025-12-24,Q4 2025,completed
BEN-009151,Chebet,Musyoka,Female,Kakamega,Tech,Cloud Computing,Power Learn Project,83.1,Completed,Azure; Kubernetes,Employed,2025-09-08,Q3 2025,completed
BEN-009164,Jerop,Abdi,Female,Mombasa,Tech,Mobile App Development,Gebeya,87.8,In Progress,Firebase; React Native; Swift,Employed,2026-02-14,Q1 2026,active
BEN-009168,Brian,Omondi,Male,Kajiado,Tech,UI/UX Design,Gebeya,86.8,Completed,Prototyping; Wireframing,Self-Employed,2025-05-01,Q2 2025,completed
BEN-009172,Kendi,Mutiso,Female,Machakos,Tech,Web Development,Gebeya,91.5,In Progress,Git; JavaScript; Node.js; REST APIs,Self-Employed,2026-09-08,Q3 2026,active
BEN-009177,Barasa,Ngugi,Male,KISUMU,Tech,UI/UX Design,Gebeya,78.8,In Progress,Prototyping; User Research; Wireframing,Unemployed,2026-06-26,Q2 2026,active
BEN-009181,Diana,Odhiambo,Female,Kiambu,Tech,Cloud Computing,eMobilis,88.3,Completed,AWS; Docker,Employed,2026-02-15,Q1 2026,completed
BEN-009185,Baraka,Gitau,Male,Nairobi,Tech,Data Science,Moringa School,89.3,In Progress,Data Visualization; Machine Learning; Statistics,Unemployed,2026-07-05,Q3 2026,active
BEN-009194,Nicholas,Kariuki,Male,Mombasa,Tech,Cybersecurity,Andela,98.2,Completed,Ethical Hacking; Incident Response; Network Security; Risk Assessment,Employed,2026-03-19,Q1 2026,completed
BEN-009207,Baraka,Kilonzo,Male,Mombasa,Tech,Cloud Computing,Akirachix,89.1,In Progress,AWS; Azure; Docker,Unemployed,2026-05-13,Q2 2026,active
BEN-009210,Akinyi,Baya,Female,Machakos County,Tech,Web Development,eMobilis,90.1,Dropped,Git; JavaScript; REST APIs,Unemployed,2025-10-09,Q4 2025,dropped_out
BEN-009217,Kipchoge,Otieno,Male,Uasin Gishu,Tech,Cybersecurity,Akirachix,86.9,DROPPED,Incident Response; Network Security; Risk Assessment,Self-Employed,2025-09-01,Q3 2025,dropped_out
BEN-009234,Emily,Omondi,Female,Nairobi,Tech,Web Development,Andela,92.5,Completed,Git; REST APIs; React,Unemployed,2025-12-13,Q4 2025,completed
BEN-009236,Isaac,Onyango,Male,Nakuru,Tech,UI/UX Design,Akirachix,88.9,In Progress,Design Systems; Figma,Employed,2026-05-04,Q2 2026,active
BEN-009241,Atieno,Odhiambo,Female,Kiambu,Tech,Cloud Computing,Gebeya,93.9,DROPPED,AWS; Azure; Kubernetes; Linux Administration,Unemployed,2025-11-19,Q4 2025,dropped_out
BEN-009243,Victor,Muthoni,Male,Kisii,Tech,Cybersecurity,Andela,93.9,Dropped,Ethical Hacking; Incident Response; Network Security; Risk Assessment,Employed,2025-02-23,Q1 2025,dropped_out
BEN-009250,Anyango,Ngugi,female,Nairobi,Tech,Data Science,Power Learn Project,82.2,In Progress,Data Visualization; Machine Learning; Python; Statistics,Unemployed,2026-06-18,Q2 2026,active
BEN-009262,Beatrice,Kiptoo,Female,Meru,Tech,Digital Marketing,Andela,71.5,In Progress,Content Strategy; Google Ads; Social Media Marketing,Self-Employed,2026-05-08,Q2 2026,active
BEN-009263,Chepkoech,Kuria,Female,Kiambu,Tech,AI & Machine Learning,eMobilis,95.2,Completed,Model Deployment; NLP,Employed,2025-11-23,Q4 2025,completed
BEN-009264,Nyambura,Katana,Female,Kiambu,Tech,AI & Machine Learning,eMobilis,70.6,Completed,Model Deployment; TensorFlow,Unemployed,2025-10-11,Q4 2025,completed
BEN-009270,Sharon,Njenga,Female,Mombasa,Tech,Digital Marketing,eMobilis,96.4,Completed,Analytics; Content Strategy; Google Ads; Social Media Marketing,Self-Employed,2026-02-06,Q1 2026,completed
BEN-009271,Wekesa,Odhiambo,Male,Nakuru,Tech,AI & Machine Learning,eMobilis,86.6,Completed,Computer Vision; NLP; Python; TensorFlow,Self-Employed,2026-01-22,Q1 2026,completed
BEN-009273,Gathoni,Charo,Female,Kajiado,Tech,Data Science,Andela,80.3,In Progress,Data Visualization; Python; SQL; Statistics,Self-Employed,2026-07-14,Q3 2026,active
BEN-009275,Brian,Mwangi,Male,Nairobi,Tech,Mobile App Development,Andela,95.3,Completed,Flutter; Kotlin; React Native; Swift,Employed,2025-10-27,Q4 2025,completed
BEN-009276,Baraka,Mutua,Male,Kajiado,Tech,Web Development,eMobilis,85.5,Completed,Git; JavaScript; REST APIs; React,Internship,2025-10-16,Q4 2025,completed
BEN-009279,Awuor,Mwakio,Female,Meru,Tech,Mobile App Development,Power Learn Project,78.8,Completed,Firebase; Flutter; Kotlin; Swift,Internship,2025-11-29,Q4 2025,completed
BEN-009286,Boniface,Otieno,Male,Kiambu,Tech,AI & Machine Learning,Moringa School,85.8,Completed,Model Deployment; NLP; Python,Employed,2025-09-02,Q3 2025,completed
BEN-009288,Neema,Omondi,Female,Mombasa,Tech,UI/UX Design,Power Learn Project,81.6,Completed,Figma; User Research; Wireframing,Self-Employed,2025-10-03,Q4 2025,completed
BEN-009293,Wanjiru,Otieno,Female,Kajiado,Tech,Data Science,Power Learn Project,85.8,Dropped,Data Visualization; Machine Learning; SQL; Statistics,Self-Employed,2025-05-18,Q2 2025,dropped_out
BEN-009295,Joseph,Mutiso,Male,Mombasa,Tech,Web Development,Gebeya,84.6,In Progress,Git; Node.js,Employed,2026-07-09,Q3 2026,active
BEN-009298,Baraka,Achieng,Male,Nairobi,Tech,Web Development,Gebeya,75.6,Completed,HTML/CSS; Node.js; REST APIs; React,Internship,2026-04-18,Q2 2026,completed
BEN-009319,Chebet,Korir,Female,Kajiado,Tech,Cloud Computing,Akirachix,60.0,In Progress,Azure; Docker; Kubernetes; Linux Administration,Unemployed,2026-07-10,Q3 2026,active
BEN-009327,Otieno,Maina,Male,Kilifi,Tech,Cybersecurity,Gebeya,77.4,In Progress,Network Security; Risk Assessment,Unemployed,2026-06-30,Q2 2026,active
BEN-009333,Baraka,Barasa,Male,Nakuru,Tech,Data Science,Gebeya,84.7,Completed,Pandas; Python; SQL; Statistics,Unemployed,2025-10-13,Q4 2025,completed
BEN-009334,Dennis,Mohamed,Male,Kakamega County,Tech,Mobile App Development,Power Learn Project,80.8,Dropped,Flutter; Kotlin; React Native; Swift,Unemployed,2025-09-16,Q3 2025,dropped_out
BEN-009341,Daniel,Achieng,Male,Bungoma,Tech,Cloud Computing,Moringa School,84.0,Completed,Docker; Linux Administration,Unemployed,2025-08-16,Q3 2025,completed
BEN-009342,Atieno,Baya,Female,Kiambu,Tech,Cloud Computing,Andela,78.1,COMPLETED,Azure; Docker; Linux Administration,Unemployed,2025-12-10,Q4 2025,completed
BEN-009350,Emily,Koech,Female,Nyeri,Tech,Mobile App Development,Gebeya,71.5,Completed,Kotlin; React Native,Self-Employed,2025-06-14,Q2 2025,completed
BEN-009360,Achieng,Wekesa,Female,Kisumu,Tech,Data Science,Andela,73.2,In Progress,Data Visualization; Python; SQL; Statistics,Self-Employed,2026-02-09,Q1 2026,active
BEN-009362,Awuor,Owino,Female,Nairobi,Tech,Web Development,eMobilis,78.2,In Progress,Git; HTML/CSS; JavaScript; Node.js,Employed,2026-08-08,Q3 2026,active
BEN-009367,Rotich,Ngugi,Male,Kisumu,Tech,Data Science,Moringa School,70.9,In Progress,Data Visualization; Pandas; Python; Statistics,Employed,2026-07-23,Q3 2026,active
BEN-009369,Kelvin,Juma,Male,Kiambu,Tech,UI/UX Design,Moringa School,92.9,Completed,Design Systems; Prototyping,Self-Employed,2025-11-24,Q4 2025,completed
BEN-009374,Wangari,Musyoka,Female,Nakuru,Tech,AI & Machine Learning,Akirachix,88.6,COMPLETED,Computer Vision; Model Deployment; NLP; TensorFlow,Employed,2025-10-18,Q4 2025,completed
BEN-009377,Otieno,Juma,Male,Mombasa,Tech,UI/UX Design,eMobilis,78.0,COMPLETED,Design Systems; Figma; Prototyping; Wireframing,Unemployed,2025-08-02,Q3 2025,completed
BEN-009386,Neema,Ngugi,Female,Kisumu,Tech,AI & Machine Learning,Gebeya,80.8,Completed,Computer Vision; Model Deployment; NLP,Employed,2026-02-02,Q1 2026,completed
BEN-009388,Ali,Musyoka,Male,Nairobi,Tech,AI & Machine Learning,Gebeya,100.0,complete,Python; TensorFlow,Internship,2025-04-29,Q2 2025,completed
BEN-009389,Chebet,Kuria,Female,Machakos,Tech,Cloud Computing,Gebeya,66.3,Completed,AWS; Azure; Docker; Kubernetes,Employed,2025-11-14,Q4 2025,completed
BEN-009393,Esther,Gitau,Female,Nairobi,Tech,Cloud Computing,Moringa School,78.0,In Progress,AWS; Azure; Kubernetes; Linux Administration,Unemployed,2026-02-08,Q1 2026,active
BEN-009394,Juma,Nyambane,Male,Nakuru,Tech,Cybersecurity,Moringa School,92.3,Completed,Ethical Hacking; Incident Response,Employed,2025-11-10,Q4 2025,completed
BEN-009395,Nkatha,Wekesa,Female,Machakos,Tech,Data Science,Moringa School,79.4,Completed,Data Visualization; SQL,Employed,2026-03-12,Q1 2026,completed
BEN-009397,Esther,Otieno,Female,Kiambu,Tech,AI & Machine Learning,Andela,77.2,Completed,Computer Vision; NLP,Self-Employed,2025-06-09,Q2 2025,completed
BEN-009404,Vincent,Mohamed,Male,Nairobi,Tech,Cybersecurity,Andela,100.0,In Progress,Ethical Hacking; Incident Response; Network Security; Risk Assessment,Unemployed,2026-08-20,Q3 2026,active
BEN-009407,Nicholas,Abdi,male,Nairobi,Tech,Mobile App Development,Power Learn Project,98.5,Completed,Flutter; Kotlin; React Native; Swift,Unemployed,2026-03-19,Q1 2026,completed
BEN-009413,Barasa,Cheruiyot,Male,Muranga,Tech,Cloud Computing,eMobilis,97.9,In Progress,AWS; Azure; Docker; Kubernetes,Employed,2026-07-06,Q3 2026,active
BEN-009414,Caroline,Wekesa,Female,Muranga,Tech,Cybersecurity,Power Learn Project,100.0,Dropped,Ethical Hacking; Incident Response; Network Security,Unemployed,2025-04-30,Q2 2025,dropped_out
BEN-009416,Musyoka,Bett,Male,Mombasa,Tech,UI/UX Design,Power Learn Project,95.4,Completed,Figma; User Research; Wireframing,Self-Employed,2025-10-01,Q4 2025,completed
BEN-009421,Kilonzo,Juma,Male,Nyeri,Tech,Web Development,Gebeya,84.1,In Progress,JavaScript; Node.js; REST APIs; React,Employed,2026-02-15,Q1 2026,active
BEN-009424,Cherono,Koech,Female,Mombasa,Tech,Data Science,eMobilis,69.8,In Progress,Pandas; SQL; Statistics,Unemployed,2026-02-03,Q1 2026,active
BEN-009428,Kamau,Charo,Male,Meru,Tech,Data Science,Akirachix,100.0,In Progress,Data Visualization; Machine Learning; SQL; Statistics,Unemployed,2026-08-13,Q3 2026,active
BEN-009430,Kiptoo,Odhiambo,Male,Kiambu,Tech,UI/UX Design,Power Learn Project,82.9,Completed,Design Systems; User Research; Wireframing,Internship,2025-09-09,Q3 2025,completed
BEN-009432,Collins,Musyoka,Male,Mombasa,Tech,AI & Machine Learning,eMobilis,83.2,Completed,Model Deployment; NLP,Employed,2025-04-01,Q2 2025,completed
BEN-009437,Zawadi,Njenga,Female,Nairobi,Tech,UI/UX Design,Power Learn Project,85.5,Completed,Design Systems; Prototyping; User Research; Wireframing,Employed,2026-06-12,Q2 2026,completed
BEN-009445,Wanjiru,Rotich,Female,Nairobi,Tech,Web Development,Andela,100.0,In Progress,JavaScript; REST APIs; React,Unemployed,2026-09-29,Q3 2026,active
BEN-009452,Akinyi,Korir,Female,Machakos,Tech,Digital Marketing,eMobilis,74.9,In Progress,Analytics; Content Strategy; Social Media Marketing,Self-Employed,2026-07-08,Q3 2026,active
BEN-009453,James,Kuria,Male,Machakos,Tech,Cybersecurity,Power Learn Project,97.4,In Progress,Ethical Hacking; Incident Response; Network Security; Risk Assessment,Unemployed,2026-01-05,Q1 2026,active
BEN-009457,Cherono,Ochieng,f,Nakuru,Tech,Cloud Computing,Gebeya,74.5,In Progress,AWS; Kubernetes; Linux Administration,Unemployed,2026-09-30,Q3 2026,active
BEN-009458,Collins,Owino,Male,Mombasa,Tech,Mobile App Development,Power Learn Project,93.3,Completed,Firebase; Kotlin; React Native,Employed,2026-03-11,Q1 2026,completed
BEN-009465,Atieno,Kilonzo,Female,Kilifi,Tech,Web Development,Gebeya,76.8,Completed,Git; HTML/CSS; JavaScript; React,Self-Employed,2026-06-21,Q2 2026,completed
BEN-009471,Kelvin,Baya,Male,Nairobi,Tech,Mobile App Development,eMobilis,100.0,Completed,Firebase; Flutter; Kotlin; Swift,Self-Employed,2026-02-20,Q1 2026,completed
BEN-009472,Kilonzo,Koech,Male,Nakuru,Tech,Cybersecurity,Gebeya,92.5,Dropped,Ethical Hacking; Risk Assessment,Unemployed,2025-01-04,Q1 2025,dropped_out
BEN-009473,John,Mwangi,Male,Bungoma,Tech,AI & Machine Learning,Moringa School,77.1,In Progress,Computer Vision; NLP; Python,Unemployed,2026-04-13,Q2 2026,active
BEN-009475,Musyoka,Kamau,Male,Kajiado,Tech,Web Development,Akirachix,92.9,Completed,JavaScript; REST APIs; React,Employed,2025-09-17,Q3 2025,completed
BEN-009482,Boniface,Nduta,Male,Kajiado,Tech,Cybersecurity,Akirachix,63.1,In Progress,Ethical Hacking; Incident Response; Network Security,Self-Employed,2026-08-18,Q3 2026,active
BEN-009495,Kiptoo,Mwangi,Male,Uasin Gishu,Tech,UI/UX Design,Andela,91.7,Completed,Design Systems; Prototyping; User Research,Unemployed,2025-12-26,Q4 2025,completed
BEN-009496,Ali,Abdi,Male,Kiambu,Tech,Web Development,eMobilis,89.7,In Progress,Git; JavaScript,Unemployed,2026-09-03,Q3 2026,active
BEN-009504,Timothy,Odhiambo,Male,Nakuru,Tech,Mobile App Development,Power Learn Project,87.3,Completed,Firebase; React Native; Swift,Employed,2026-03-17,Q1 2026,completed
BEN-009506,Kelvin,Bett,Male,Mombasa,Tech,Mobile App Development,Gebeya,97.2,In Progress,Firebase; Flutter; Swift,Unemployed,2026-05-15,Q2 2026,active
BEN-009511,Wangari,Wanjiku,Female,Kisumu,Tech,Cloud Computing,Akirachix,83.3,In Progress,AWS; Docker; Linux Administration,Self-Employed,2026-02-13,Q1 2026,active
BEN-009515,Chebet,Gitau,Female,nairobi,Tech,Cloud Computing,Andela,89.7,In Progress,AWS; Docker,Self-Employed,2026-06-21,Q2 2026,active
BEN-009516,Nasieku,Owino,Female,kakamega,Tech,AI & Machine Learning,eMobilis,75.7,In Progress,Computer Vision; Model Deployment; TensorFlow,Unemployed,2026-08-29,Q3 2026,active
BEN-009523,Awuor,Kuria,Female,Kiambu,Tech,Cloud Computing,Moringa School,69.2,In Progress,AWS; Docker; Kubernetes; Linux Administration,Unemployed,2026-09-29,Q3 2026,active
BEN-009524,Nasieku,Wekesa,Female,Meru,Tech,UI/UX Design,Andela,91.4,Completed,Design Systems; Prototyping; Wireframing,Employed,2025-10-27,Q4 2025,completed
BEN-009529,Gathoni,Owino,Female,Kiambu,Tech,Cybersecurity,Moringa School,75.8,Completed,Incident Response; Network Security,Internship,2025-11-18,Q4 2025,completed
BEN-009530,Cherono,Mbogo,Female,Bungoma,Tech,Cybersecurity,eMobilis,78.3,In Progress,Incident Response; Network Security,Unemployed,2026-01-19,Q1 2026,active
BEN-009533,Victor,Hassan,M,Nakuru,Tech,Data Science,Andela,59.3,Completed,Data Visualization; Machine Learning; Pandas; Statistics,Unemployed,2025-01-10,Q1 2025,completed
BEN-009536,Esther,Hassan,Female,Nairobi,Tech,Cybersecurity,Gebeya,100.0,In Progress,Ethical Hacking; Network Security; Risk Assessment,Unemployed,2026-05-22,Q2 2026,active
BEN-009542,David,Kimani,Male,Kisumu,Tech,UI/UX Design,Akirachix,72.3,In Progress,Design Systems; Figma; User Research,Employed,2026-02-07,Q1 2026,active
BEN-009546,Joseph,Kiptoo,Male,Kiambu,Tech,AI & Machine Learning,Power Learn Project,83.1,Completed,Computer Vision; Model Deployment; NLP; TensorFlow,Internship,2025-06-20,Q2 2025,completed
BEN-009550,Patrick,Nduta,Male,Kajiado,Tech,Digital Marketing,Power Learn Project,82.2,Completed,Analytics; SEO,Employed,2025-08-01,Q3 2025,completed
BEN-009557,Atieno,Chebet,Female,Nairobi,Tech,Data Science,Gebeya,82.1,Completed,Data Visualization; Pandas,Employed,2025-04-13,Q2 2025,completed
BEN-009560,Cheruiyot,Mutiso,Male,Mombasa County,Tech,AI & Machine Learning,Gebeya,73.5,Completed,Computer Vision; NLP; Python,Self-Employed,2025-08-03,Q3 2025,completed
BEN-009563,Caroline,Bett,Female,Nairobi,Tech,Cybersecurity,Gebeya,92.1,Completed,Ethical Hacking; Risk Assessment,Self-Employed,2025-09-28,Q3 2025,completed
BEN-009565,Mumbi,Mwakio,Female,Kisumu,Tech,Mobile App Development,Moringa School,86.7,Dropped,Firebase; Flutter; Kotlin; React Native,Unemployed,2025-10-30,Q4 2025,dropped_out
BEN-009576,John,Kilonzo,Male,NAIROBI,Tech,Cybersecurity,eMobilis,79.2,In Progress,Ethical Hacking; Risk Assessment,Unemployed,2026-06-01,Q2 2026,active
BEN-009580,Grace,Mwangi,Female,Kiambu,Tech,AI & Machine Learning,Moringa School,93.6,Dropped,Computer Vision; NLP; Python,Unemployed,2025-12-03,Q4 2025,dropped_out
BEN-009583,Kelvin,Kamau,male,MOMBASA,Tech,UI/UX Design,Andela,74.8,Completed,Figma; Wireframing,Employed,2025-11-26,Q4 2025,completed
BEN-009591,Akinyi,Maina,Female,Nairobi,Tech,AI & Machine Learning,Akirachix,100.0,Completed,Computer Vision; NLP,Employed,2026-01-18,Q1 2026,completed
BEN-009602,Simon,Abdi,Male,Nairobi,Tech,Data Science,Andela,85.6,Dropped,Machine Learning; Pandas,Self-Employed,2025-08-02,Q3 2025,dropped_out
BEN-009609,Kilonzo,Njenga,Male,Kiambu,Tech,Cloud Computing,Akirachix,76.9,Completed,Kubernetes; Linux Administration,Unemployed,2026-02-04,Q1 2026,completed
BEN-009624,Awuor,Kiptoo,Female,Mombasa,Tech,Data Science,Andela,81.0,Completed,Pandas; Python; SQL; Statistics,Self-Employed,2025-11-11,Q4 2025,completed
BEN-009640,Amina,Wekesa,female,Nairobi,Tech,Cloud Computing,Moringa School,79.6,In Progress,Azure; Kubernetes; Linux Administration,Unemployed,2026-03-03,Q1 2026,active
BEN-009641,Faith,Mutua,Female,Muranga,Tech,UI/UX Design,Moringa School,58.7,Dropped,User Research; Wireframing,Employed,2025-10-10,Q4 2025,dropped_out
BEN-009644,Simon,Kiptoo,Male,Mombasa,Tech,AI & Machine Learning,Akirachix,85.9,In Progress,NLP; Python,Self-Employed,2026-07-18,Q3 2026,active
BEN-009650,Anthony,Nyambane,Male,Kisumu County,Tech,Mobile App Development,Moringa School,71.5,In Progress,Firebase; Flutter,Employed,2026-04-27,Q2 2026,active
BEN-009652,Joy,Kilonzo,Female,kilifi,Tech,UI/UX Design,eMobilis,62.2,In Progress,Prototyping; User Research,Self-Employed,2026-08-28,Q3 2026,active
BEN-009663,Francis,Achieng,Male,Kakamega,Tech,Digital Marketing,Moringa School,71.1,Dropped,Content Strategy; Social Media Marketing,Unemployed,2025-04-09,Q2 2025,dropped_out
BEN-009665,Kelvin,Maina,Male,Kakamega,Tech,Data Science,Moringa School,65.9,In Progress,Data Visualization; Python,Self-Employed,2026-07-14,Q3 2026,active
BEN-009674,James,Achieng,Male,nairobi,Tech,Mobile App Development,Gebeya,96.7,In Progress,Firebase; Swift,Self-Employed,2026-05-29,Q2 2026,active
BEN-009675,Isaac,Hassan,Male,Uasin Gishu,Tech,Cloud Computing,Moringa School,82.9,complete,AWS; Azure; Docker,Employed,2025-08-23,Q3 2025,completed
BEN-009683,Otieno,Cheruiyot,Male,Kisii,Tech,Cybersecurity,eMobilis,72.4,In Progress,Ethical Hacking; Incident Response; Risk Assessment,Unemployed,2026-03-05,Q1 2026,active
BEN-009685,Mohamed,Achieng,Male,Bungoma,Tech,Web Development,Gebeya,78.0,Dropped,JavaScript; Node.js; REST APIs; React,Employed,2025-07-16,Q3 2025,dropped_out
BEN-009693,Brian,Otieno,Male,Muranga County,Tech,UI/UX Design,Moringa School,81.1,Completed,Figma; Wireframing,Internship,2025-05-07,Q2 2025,completed
BEN-009694,Kagure,Wafula,Female,Kisumu,Tech,Cybersecurity,Andela,62.5,Dropped,Ethical Hacking; Incident Response; Network Security,Employed,2025-05-22,Q2 2025,dropped_out
BEN-009697,Kiptoo,Wafula,Male,Meru,Tech,Digital Marketing,Moringa School,73.3,Dropped,Content Strategy; Google Ads; Social Media Marketing,Self-Employed,2026-06-12,Q2 2026,dropped_out
BEN-009701,Nicholas,Baya,Male,Nyeri,Tech,UI/UX Design,Akirachix,70.5,In Progress,Figma; Prototyping; User Research; Wireframing,Unemployed,2026-07-04,Q3 2026,active
BEN-009704,Brenda,Nyambane,Female,Meru,Tech,Digital Marketing,eMobilis,83.8,Completed,Google Ads; SEO; Social Media Marketing,Unemployed,2025-12-30,Q4 2025,completed
BEN-009705,Chebet,Hassan,Female,kiambu,Tech,UI/UX Design,Akirachix,87.5,Completed,Figma; Wireframing,Employed,2026-01-30,Q1 2026,completed
BEN-009706,Chebet,Achieng,Female,Kiambu,Tech,Web Development,Moringa School,100.0,Completed,Git; HTML/CSS; React,Self-Employed,2025-08-06,Q3 2025,completed
BEN-009711,Brian,Mutua,Male,Kisumu,Tech,AI & Machine Learning,eMobilis,55.5,COMPLETED,Computer Vision; Model Deployment,Unemployed,2025-11-04,Q4 2025,completed
BEN-009718,Boniface,Gitau,Male,Nakuru,Tech,Cloud Computing,Moringa School,90.7,Completed,AWS; Kubernetes; Linux Administration,Employed,2025-05-09,Q2 2025,completed
BEN-009727,Sharon,Owino,Female,Nyeri,Tech,Data Science,Moringa School,85.3,In Progress,Data Visualization; Pandas; Python; SQL,Unemployed,2026-08-15,Q3 2026,active
BEN-009729,Wangari,Korir,Female,Nairobi,Tech,Digital Marketing,Power Learn Project,74.0,In Progress,Content Strategy; SEO,Employed,2026-04-18,Q2 2026,active
BEN-009734,Chepkoech,Juma,Female,Kiambu,Tech,AI & Machine Learning,Gebeya,76.8,Completed,Computer Vision; Model Deployment; NLP; TensorFlow,Self-Employed,2025-11-02,Q4 2025,completed
BEN-009737,Brian,Kimani,male,Kakamega,Tech,Mobile App Development,Andela,76.0,In Progress,Flutter; Kotlin; React Native; Swift,Employed,2026-07-25,Q3 2026,active
BEN-009747,Kipchoge,Katana,Male,Nakuru,Tech,Digital Marketing,Moringa School,82.5,Completed,Content Strategy; SEO,Unemployed,2025-07-16,Q3 2025,completed
BEN-009752,Timothy,Gitau,Male,Nyeri,Tech,Data Science,eMobilis,77.8,Dropped,Machine Learning; Statistics,Unemployed,2025-03-09,Q1 2025,dropped_out
BEN-009753,Beatrice,Mutua,Female,Nairobi,Tech,UI/UX Design,Moringa School,100.0,In Progress,Figma; Wireframing,Unemployed,2026-08-21,Q3 2026,active
BEN-009757,Juma,Wekesa,Male,Kajiado,Tech,Digital Marketing,Moringa School,70.0,In Progress,SEO; Social Media Marketing,Self-Employed,2026-08-03,Q3 2026,active
BEN-009762,Anyango,Abdi,Female,Kajiado,Tech,Web Development,Power Learn Project,73.9,Completed,Node.js; REST APIs; React,Unemployed,2025-03-28,Q1 2025,completed
BEN-009766,Kendi,Nyambane,Female,Kisumu,Tech,Mobile App Development,Gebeya,73.0,In Progress,Firebase; Flutter; Swift,Unemployed,2026-05-10,Q2 2026,active
BEN-009768,Wangari,Mbogo,Female,Machakos,Tech,Web Development,Andela,93.7,complete,Git; Node.js; REST APIs,Employed,2025-07-14,Q3 2025,completed
BEN-009772,Amina,Ngugi,Female,Kiambu,Tech,Digital Marketing,Akirachix,75.1,In Progress,Analytics; Content Strategy; Google Ads; Social Media Marketing,Unemployed,2026-07-19,Q3 2026,active
BEN-009774,Stephen,Hassan,Male,Nairobi,Tech,Digital Marketing,Andela,100.0,In Progress,Content Strategy; Google Ads,Self-Employed,2026-05-10,Q2 2026,active
BEN-009780,Emmanuel,Barasa,Male,Nairobi,Tech,Data Science,Moringa School,91.3,Completed,Machine Learning; Python; Statistics,Employed,2025-09-25,Q3 2025,completed
BEN-009785,Anyango,Mohamed,f,Kiambu,Tech,Data Science,eMobilis,96.5,In Progress,Machine Learning; Pandas,Employed,2026-08-28,Q3 2026,active
BEN-009793,Halima,Mutua,Female,kisumu,Tech,Cloud Computing,Power Learn Project,84.1,Completed,AWS; Docker; Kubernetes; Linux Administration,Employed,2025-03-31,Q1 2025,completed
BEN-009800,Gathoni,Wafula,Female,Meru,Tech,Digital Marketing,Moringa School,83.1,Completed,Content Strategy; Google Ads; Social Media Marketing,Employed,2025-12-27,Q4 2025,completed
BEN-009814,Halima,Njenga,Female,Machakos,Tech,Data Science,Akirachix,83.4,Completed,Data Visualization; Machine Learning; Python; Statistics,Employed,2025-04-14,Q2 2025,completed
BEN-009820,Zawadi,Kariuki,Female,Kisumu,Tech,Data Science,Moringa School,73.3,In Progress,Data Visualization; Machine Learning,Unemployed,2026-07-18,Q3 2026,active
BEN-009827,Mercy,Gitau,Female,Nakuru,Tech,AI & Machine Learning,Akirachix,89.3,Dropped,NLP; Python,Unemployed,2025-07-22,Q3 2025,dropped_out
BEN-009837,Rotich,Kimani,Male,bungoma,Tech,UI/UX Design,Moringa School,77.8,In Progress,Figma; Prototyping; Wireframing,Unemployed,2026-09-24,Q3 2026,active
BEN-009842,Chebet,Musyoka,Female,kiambu,Tech,Mobile App Development,Gebeya,74.8,In Progress,Firebase; Flutter; React Native; Swift,Employed,2026-09-29,Q3 2026,active
BEN-009843,Kevin,Wafula,Male,Nakuru,Tech,Mobile App Development,Gebeya,82.9,In Progress,Firebase; Flutter; React Native; Swift,Employed,2026-05-24,Q2 2026,active
BEN-009845,Simon,Kuria,Male,Uasin Gishu,Tech,Data Science,Andela,91.4,Completed,SQL; Statistics,Employed,2025-11-09,Q4 2025,completed
BEN-009853,Peter,Omondi,Male,Mombasa,Tech,AI & Machine Learning,Moringa School,69.0,In Progress,Computer Vision; Python; TensorFlow,Unemployed,2026-03-27,Q1 2026,active
BEN-009855,Brenda,Rotich,Female,Kiambu,Tech,UI/UX Design,Akirachix,77.3,In Progress,Design Systems; Prototyping,Unemployed,2026-06-19,Q2 2026,active
BEN-009859,Cheruiyot,Kamau,Male,UASIN_GISHU,Tech,Data Science,Moringa School,73.4,Completed,Pandas; Python; Statistics,Unemployed,2025-07-27,Q3 2025,completed
BEN-009860,Awuor,Mutiso,Female,Meru,Tech,Cloud Computing,Gebeya,88.9,In Progress,AWS; Docker; Kubernetes; Linux Administration,Unemployed,2026-02-08,Q1 2026,active
BEN-009866,James,Achieng,Male,Nairobi,Tech,Data Science,Akirachix,78.9,In Progress,Data Visualization; Python,Unemployed,2026-04-05,Q2 2026,active
BEN-009874,Anthony,Gitau,Male,Kajiado,Tech,Web Development,Gebeya,80.9,Completed,Node.js; React,Employed,2025-08-25,Q3 2025,completed
BEN-009880,Kelvin,Koech,Male,Mombasa,Tech,AI & Machine Learning,Gebeya,89.8,In Progress,Computer Vision; Model Deployment; Python; TensorFlow,Employed,2026-04-29,Q2 2026,active
BEN-009885,Atieno,Kiptoo,Female,Kajiado,Tech,AI & Machine Learning,Moringa School,80.6,In Progress,Computer Vision; TensorFlow,Self-Employed,2026-08-12,Q3 2026,active
BEN-009895,Anyango,Odhiambo,Female,Nyeri,Tech,Mobile App Development,Gebeya,89.6,In Progress,Flutter; React Native; Swift,Unemployed,2026-06-30,Q2 2026,active
BEN-009899,Boniface,Mbogo,Male,Kajiado,Tech,UI/UX Design,Gebeya,61.6,Completed,Design Systems; Figma; Wireframing,Employed,2025-12-11,Q4 2025,completed
BEN-009906,Onyango,Owino,Male,Machakos,Tech,Digital Marketing,Moringa School,65.1,Completed,Analytics; Google Ads; SEO; Social Media Marketing,Employed,2025-03-11,Q1 2025,completed
BEN-009907,Simon,Mutiso,Male,Uasin Gishu,Tech,AI & Machine Learning,Akirachix,84.1,Completed,Computer Vision; Model Deployment; NLP; Python,Internship,2025-06-07,Q2 2025,completed
BEN-009919,Kipchoge,Wanjiku,Male,Nairobi,Tech,Cybersecurity,Moringa School,89.4,Completed,Ethical Hacking; Network Security,Self-Employed,2025-05-16,Q2 2025,completed
BEN-009930,Brenda,Koech,Female,Kiambu,Tech,AI & Machine Learning,Andela,100.0,Completed,Model Deployment; Python; TensorFlow,Internship,2025-11-20,Q4 2025,completed
BEN-009933,Wanjiku,Chebet,Female,Kiambu,Tech,Mobile App Development,Moringa School,70.7,Completed,Firebase; Flutter; Kotlin; Swift,Internship,2026-02-15,Q1 2026,completed
BEN-009938,Emmanuel,Matano,Male,Nairobi,Tech,Data Science,Moringa School,100.0,In Progress,Data Visualization; Pandas,Unemployed,2026-03-10,Q1 2026,active
BEN-009940,Emmanuel,Kiptoo,Male,Meru,Tech,Data Science,Andela,80.1,Completed,Data Visualization; Pandas; Python; Statistics,Employed,2025-10-03,Q4 2025,completed
BEN-009944,Awuor,Nduta,Female,Uasin Gishu,Tech,Mobile App Development,Power Learn Project,63.8,Completed,Firebase; Flutter; React Native; Swift,Self-Employed,2025-10-17,Q4 2025,completed
BEN-009967,Esther,Njenga,Female,Nairobi,Tech,AI & Machine Learning,Andela,93.3,Dropped,Computer Vision; Model Deployment; Python; TensorFlow,Unemployed,2026-06-02,Q2 2026,dropped_out
BEN-009971,Diana,Juma,Female,nairobi,Tech,Cloud Computing,Moringa School,72.6,In Progress,AWS; Azure; Kubernetes; Linux Administration,Self-Employed,2026-05-18,Q2 2026,active
BEN-009988,Kagure,Odhiambo,Female,Nairobi,Tech,Cybersecurity,Andela,95.0,Completed,Ethical Hacking; Incident Response; Network Security; Risk Assessment,Unemployed,2025-02-13,Q1 2025,completed
