beneficiary_id,first_name,last_name,gender,county,program,course,training_center,attendance_rate,completion_status,certification_status,employment_status,enrollment_date,reporting_period,status
BEN-000006,Kiptoo,Kilonzo,Male,Machakos,Vocational,Beauty Therapy,Machakos Institute of Technology,91.0,In Progress,Pending,Unemployed,2025-11-14,Q4 2025,active
BEN-000012,Brian,Mutiso,Male,Nairobi,Vocational,Carpentry,Nairobi TVET,90.7,In Progress,Pending,Employed,2026-09-23,Q3 2026,active
BEN-000024,Jerop,Mwangi,Female,nairobi,Vocational,Tailoring,Nairobi TVET,73.5,In Progress,Pending,Self-Employed,2026-09-04,Q3 2026,active
BEN-000029,Anyango,Bett,Female,Mombasa,Vocational,Electrical Installation,Mombasa Technical Training Institute,85.5,In Progress,Pending,Unemployed,2026-07-25,Q3 2026,active
BEN-000039,Esther,Mutiso,Female,Nairobi,Vocational,Tailoring,Nairobi TVET,77.3,In Progress,Pending,Self-Employed,2026-03-08,Q1 2026,active
BEN-000040,Wanjiku,Charo,Female,Mombasa,Vocational,Tailoring,Mombasa Technical Training Institute,76.5,Completed,Certified,Self-Employed,2026-02-09,Q1 2026,completed
BEN-000044,Juma,Omondi,Male,Nairobi,Vocational,Plumbing,Nairobi TVET,87.2,In Progress,Pending,Unemployed,2026-05-30,Q2 2026,active
BEN-000056,Njeri,Nyambane,Female,Nairobi,Vocational,Hairdressing,Nairobi TVET,87.6,In Progress,Pending,Unemployed,2026-06-19,Q2 2026,active
BEN-000062,Musyoka,Mbogo,Male,Kilifi,Vocational,Tailoring,Kilifi Vocational Training Centre,67.9,In Progress,Pending,Unemployed,2026-01-27,Q1 2026,active
BEN-000070,Nasieku,Mutiso,Female,Kakamega,Vocational,Welding,Kakamega Technical Training Institute,77.6,In Progress,Pending,Unemployed,2026-05-29,Q2 2026,active
BEN-000072,Gathoni,Wanjiku,Female,Uasin Gishu,Vocational,Carpentry,Eldoret Polytechnic,67.6,Dropped,Not Certified,Employed,2026-03-16,Q1 2026,dropped_out
BEN-000092,Gathoni,Nyambane,Female,Kajiado,Vocational,Hairdressing,Meru Technical Training Institute,74.5,In Progress,Pending,Unemployed,2026-08-03,Q3 2026,active
BEN-000097,Nicholas,Wafula,Male,Nairobi,Vocational,Agriculture,Nairobi TVET,79.4,Completed,Certified,Employed,2025-05-29,Q2 2025,completed
BEN-000105,Kelvin,Cheruiyot,Male,Nyeri,Vocational,Agriculture,Nyeri Technical Training Institute,82.1,In Progress,Pending,Employed,2026-05-04,Q2 2026,active
BEN-000119,Timothy,Katana,Male,Nairobi,Vocational,Plumbing,Nairobi TVET,84.2,Completed,Certified,Self-Employed,2026-01-23,Q1 2026,completed
BEN-000157,Amina,Wekesa,Female,Kajiado,Vocational,Agriculture,Nairobi TVET,66.4,In Progress,Pending,Employed,2026-09-26,Q3 2026,active
BEN-000168,Wekesa,Omondi,Male,Nairobi,Vocational,Carpentry,Nairobi TVET,73.2,In Progress,Pending,Self-Employed,2026-08-08,Q3 2026,active
BEN-000174,Esther,Koech,Female,Nakuru,Vocational,Agriculture,Nakuru Vocational Training Centre,83.7,In Progress,Pending,Unemployed,2026-04-06,Q2 2026,active
BEN-000176,Naisula,Mohamed,Female,Nairobi,Vocational,Welding,Nairobi TVET,92.1,Completed,Certified,Self-Employed,2025-04-20,Q2 2025,completed
BEN-000179,Joseph,Gitau,Male,Kakamega County,Vocational,Beauty Therapy,Kakamega Technical Training Institute,67.3,In Progress,Pending,Unemployed,2026-06-08,Q2 2026,active
BEN-000188,Kendi,Onyango,female,Kiambu,Vocational,Tailoring,Thika Technical Training Institute,74.1,Dropped,Not Certified,Unemployed,2025-08-02,Q3 2025,dropped_out
BEN-000201,Mumbi,Mbogo,Female,Nakuru,Vocational,Plumbing,Nakuru Vocational Training Centre,74.6,Completed,Certified,Employed,2025-06-14,Q2 2025,completed
BEN-000203,Wanjiku,Njenga,Female,Kisii,Vocational,Tailoring,Kisii National Polytechnic,53.9,In Progress,Pending,Unemployed,2026-06-14,Q2 2026,active
BEN-000216,Kendi,Mwakio,Female,Kiambu,Vocational,Cooking & Catering,Thika Technical Training Institute,76.8,In Progress,Pending,Unemployed,2026-08-05,Q3 2026,active
BEN-000217,Joseph,Juma,Male,Mombasa,Vocational,Motor Vehicle Mechanics,Mombasa Technical Training Institute,73.6,Dropped,Not Certified,Employed,2025-10-28,Q4 2025,dropped_out
BEN-000229,Kipchoge,Kuria,Male,Nairobi County,Vocational,Motor Vehicle Mechanics,Nairobi TVET,89.8,In Progress,Pending,Unemployed,2025-10-01,Q4 2025,active
BEN-000250,Samuel,Gitau,Male,Kisumu,Vocational,Electrical Installation,Kisumu Technical Training Institute,83.9,Dropped,Not Certified,Employed,2025-04-20,Q2 2025,dropped_out
BEN-000258,Cheruiyot,Mutua,Male,Kajiado,Vocational,Welding,Nairobi TVET,78.1,In Progress,Pending,Employed,2026-04-29,Q2 2026,active
BEN-000262,Kelvin,Koech,Male,Kakamega,Vocational,Electrical Installation,Kakamega Technical Training Institute,71.4,In Progress,Pending,Unemployed,2026-02-04,Q1 2026,active
BEN-000266,Zawadi,Katana,Female,Machakos,Vocational,Carpentry,Machakos Institute of Technology,83.8,In Progress,Pending,Unemployed,2026-06-26,Q2 2026,active
BEN-000273,Atieno,Mutua,Female,Kakamega,Vocational,Hairdressing,Kakamega Technical Training Institute,69.6,Dropped,Not Certified,Unemployed,2025-02-10,Q1 2025,dropped_out
BEN-000280,Abdi,Mutiso,Male,Kilifi,Vocational,Beauty Therapy,Kilifi Vocational Training Centre,76.9,Dropped,Not Certified,Self-Employed,2026-02-27,Q1 2026,dropped_out
BEN-000287,Kamau,Charo,Male,Nairobi,Vocational,Carpentry,Nairobi TVET,67.9,complete,Certified,Employed,2025-09-19,Q3 2025,completed
BEN-000290,Dennis,Juma,Male,Kiambu,Vocational,Tailoring,Thika Technical Training Institute,88.6,In Progress,Pending,Self-Employed,2026-07-14,Q3 2026,active
BEN-000300,Beatrice,Abdi,Female,Mombasa,Vocational,Plumbing,Mombasa Technical Training Institute,92.0,In Progress,Pending,Self-Employed,2026-09-15,Q3 2026,active
BEN-000305,Chebet,Juma,Female,Nairobi,Vocational,Hairdressing,Nairobi TVET,80.5,In Progress,Pending,Unemployed,2026-07-22,Q3 2026,active
BEN-000312,Francis,Mwakio,Male,Nakuru,Vocational,Agriculture,Nakuru Vocational Training Centre,70.4,In Progress,Pending,Employed,2026-08-19,Q3 2026,active
BEN-000315,Cherono,Ngugi,Female,Kiambu,Vocational,Hairdressing,Thika Technical Training Institute,77.6,Completed,Pending,Internship,2025-10-31,Q4 2025,completed
BEN-000316,Samuel,Achieng,Male,Nairobi,Vocational,Agriculture,Nairobi TVET,100.0,In Progress,Pending,Self-Employed,2026-04-05,Q2 2026,active
BEN-000340,Chepkoech,Baya,Female,Meru,Vocational,Carpentry,Meru Technical Training Institute,79.1,In Progress,Pending,Unemployed,2026-05-22,Q2 2026,active
BEN-000342,Zawadi,Ngugi,Female,Kiambu,Vocational,Carpentry,Thika Technical Training Institute,73.3,Completed,Certified,Employed,2026-01-13,Q1 2026,completed
BEN-000345,Wangari,Otieno,Female,Kiambu,Vocational,Cooking & Catering,Thika Technical Training Institute,78.8,Completed,Certified,Self-Employed,2025-09-14,Q3 2025,completed
BEN-000363,Nicholas,Kilonzo,MALE,Nyeri,Vocational,Agriculture,Nyeri Technical Training Institute,76.5,Completed,Certified,Employed,2025-08-23,Q3 2025,completed
BEN-000410,Emmanuel,Hassan,Male,Machakos,Vocational,Motor Vehicle Mechanics,Machakos Institute of Technology,92.1,In Progress,Pending,Employed,2026-07-17,Q3 2026,active
BEN-000419,Kamau,Muthoni,Male,Uasin Gishu,Vocational,Cooking & Catering,Eldoret Polytechnic,88.7,In Progress,Pending,Self-Employed,2026-05-28,Q2 2026,active
BEN-000420,Mumbi,Nduta,Female,Kisumu,Vocational,Hairdressing,Kisumu Technical Training Institute,60.7,In Progress,Pending,Unemployed,2026-02-11,Q1 2026,active
BEN-000423,Wanjiru,Kiptoo,f,Muranga,Vocational,Cooking & Catering,Thika Technical Training Institute,74.5,In Progress,Pending,Unemployed,2026-09-11,Q3 2026,active
BEN-000428,Cherono,Koech,Female,Nairobi,Vocational,Agriculture,Nairobi TVET,78.0,In Progress,Pending,Unemployed,2026-05-15,Q2 2026,active
BEN-000438,Beatrice,Rotich,Female,Kajiado,Vocational,Cooking & Catering,Kakamega Technical Training Institute,92.6,In Progress,Pending,Unemployed,2026-08-11,Q3 2026,active
BEN-000441,Anyango,Mwangi,Female,Nakuru,Vocational,Agriculture,Nakuru Vocational Training Centre,79.8,In Progress,Pending,Unemployed,2026-07-21,Q3 2026,active
BEN-000453,Juma,Nduta,Male,Machakos,Vocational,Plumbing,Machakos Institute of Technology,89.8,In Progress,Pending,Employed,2026-09-18,Q3 2026,active
BEN-000456,Juma,Kiptoo,Male,Nakuru,Vocational,Electrical Installation,Nakuru Vocational Training Centre,77.2,Dropped,Not Certified,Unemployed,2025-05-21,Q2 2025,dropped_out
BEN-000483,Cynthia,Bett,Female,Nakuru,Vocational,Motor Vehicle Mechanics,Nakuru Vocational Training Centre,78.4,Dropped,Not Certified,Unemployed,2025-08-03,Q3 2025,dropped_out
BEN-000491,Vincent,Onyango,Male,Machakos,Vocational,Cooking & Catering,Machakos Institute of Technology,59.7,In Progress,Pending,Unemployed,2026-09-15,Q3 2026,active
BEN-000495,Otieno,Kimani,Male,Nairobi,Vocational,Motor Vehicle Mechanics,Nairobi TVET,93.8,Completed,Certified,Internship,2025-04-02,Q2 2025,completed
BEN-000513,Wanjiru,Mutua,Female,Kakamega,Vocational,Welding,Kakamega Technical Training Institute,86.8,In Progress,Pending,Unemployed,2026-08-08,Q3 2026,active
BEN-000516,Kipchoge,Wekesa,Male,Nyeri,Vocational,Electrical Installation,Nyeri Technical Training Institute,91.7,complete,Certified,Unemployed,2026-01-12,Q1 2026,completed
BEN-000523,Joseph,Achieng,Male,Nyeri,Vocational,Hairdressing,Nyeri Technical Training Institute,77.8,Completed,Certified,Unemployed,2025-10-19,Q4 2025,completed
BEN-000527,Nyambura,Omondi,Female,Nakuru,Vocational,Agriculture,Nakuru Vocational Training Centre,61.0,In Progress,Pending,Self-Employed,2026-07-21,Q3 2026,active
BEN-000530,Kiptoo,Gitau,Male,Kakamega,Vocational,Electrical Installation,Kakamega Technical Training Institute,75.7,Completed,Certified,Internship,2025-08-15,Q3 2025,completed
BEN-000532,Nkatha,Juma,Female,Muranga,Vocational,Electrical Installation,Kakamega Technical Training Institute,70.8,Completed,Certified,Unemployed,2025-06-02,Q2 2025,completed
BEN-000549,Brenda,Kimani,Female,Mombasa,Vocational,Welding,Mombasa Technical Training Institute,81.0,In Progress,Pending,Unemployed,2026-05-08,Q2 2026,active
BEN-000562,Stephen,Omondi,Male,Machakos,Vocational,Carpentry,Machakos Institute of Technology,81.7,Dropped,Not Certified,Unemployed,2025-01-25,Q1 2025,dropped_out
BEN-000567,Kilonzo,Nyambane,Male,MACHAKOS,Vocational,Carpentry,Machakos Institute of Technology,81.9,In Progress,Pending,Unemployed,2026-06-22,Q2 2026,active
BEN-000568,Wekesa,Cheruiyot,Male,Nairobi,Vocational,Beauty Therapy,Nairobi TVET,81.0,Completed,Certified,Internship,2025-02-24,Q1 2025,completed
BEN-000573,Korir,Wafula,Male,Kajiado,Vocational,Motor Vehicle Mechanics,Meru Technical Training Institute,61.6,COMPLETED,Certified,Employed,2025-01-09,Q1 2025,completed
BEN-000582,Caroline,Katana,Female,Nairobi,Vocational,Carpentry,Nairobi TVET,65.7,Dropped,Not Certified,Self-Employed,2025-07-26,Q3 2025,dropped_out
BEN-000587,John,Ochieng,Male,Kisumu,Vocational Program,Welding,Kisumu Technical Training Institute,88.1,In Progress,Pending,Employed,2026-01-21,Q1 2026,active
BEN-000589,Jerop,Nyambane,Female,Kisumu,Vocational,Motor Vehicle Mechanics,Kisumu Technical Training Institute,70.7,Completed,Certified,Unemployed,2025-04-10,Q2 2025,completed
BEN-000590,Akinyi,Wafula,Female,Kiambu,Vocational,Hairdressing,Thika Technical Training Institute,73.1,Completed,Certified,Employed,2025-09-30,Q3 2025,completed
BEN-000591,Amina,Owino,Female,Muranga,Vocational,Electrical Installation,Nyeri Technical Training Institute,73.7,In Progress,Pending,Unemployed,2026-07-13,Q3 2026,active
BEN-000600,Kendi,Mutiso,Female,Bungoma,Vocational,Beauty Therapy,Bungoma Technical Training Institute,89.0,Dropped,Not Certified,Unemployed,2025-12-16,Q4 2025,dropped_out
BEN-000630,Naisula,Wafula,F,Machakos,Vocational,Carpentry,Machakos Institute of Technology,68.6,Completed,Certified,Unemployed,2025-07-17,Q3 2025,completed
BEN-000633,Kiptoo,Chebet,Male,Nakuru,Vocational,Hairdressing,Nakuru Vocational Training Centre,85.6,Completed,Certified,Internship,2025-09-18,Q3 2025,completed
BEN-000643,Odhiambo,Rotich,Male,Nakuru,Vocational,Hairdressing,Nakuru Vocational Training Centre,60.7,In Progress,Pending,Unemployed,2026-07-12,Q3 2026,active
BEN-000644,Zawadi,Wanjiku,Female,Nairobi,Vocational,Hairdressing,Nairobi TVET,76.0,Completed,Certified,Employed,2025-05-20,Q2 2025,completed
BEN-000651,Kilonzo,Mbogo,Male,Kiambu,Vocational,Cooking & Catering,Thika Technical Training Institute,85.5,Completed,Certified,Employed,2025-01-04,Q1 2025,completed
BEN-000655,Kendi,Nyambane,Female,Kajiado,Vocational,Beauty Therapy,Bungoma Technical Training Institute,96.0,In Progress,Pending,Self-Employed,2026-01-08,Q1 2026,active
BEN-000660,Akinyi,Mutua,Female,Meru,Vocational,Electrical Installation,Meru Technical Training Institute,88.9,In Progress,Pending,Unemployed,2026-09-26,Q3 2026,active
BEN-000666,Wekesa,Wekesa,Male,Kiambu,Vocational,Electrical Installation,Thika Technical Training Institute,72.7,In Progress,Pending,Employed,2026-06-20,Q2 2026,active
BEN-000668,Faith,Ngugi,Female,Meru,Vocational,Cooking & Catering,Meru Technical Training Institute,100.0,Completed,Certified,Self-Employed,2025-06-13,Q2 2025,completed
BEN-000674,Diana,Baya,Female,Kiambu,Vocational,Carpentry,Thika Technical Training Institute,82.3,In Progress,Pending,Unemployed,2026-04-18,Q2 2026,active
BEN-000680,James,Odhiambo,Male,Kajiado,Vocational,Hairdressing,Kisii National Polytechnic,89.5,Completed,Certified,Unemployed,2025-05-01,Q2 2025,completed
BEN-000688,Kamau,Hassan,Male,Machakos,Vocational,Plumbing,Machakos Institute of Technology,71.2,Dropped,Not Certified,Unemployed,2025-06-18,Q2 2025,dropped_out
BEN-000691,Beatrice,Rotich,Female,Kakamega County,Vocational,Cooking & Catering,Kakamega Technical Training Institute,53.3,Completed,Certified,Internship,2025-10-13,Q4 2025,completed
BEN-000698,Gathoni,Owino,F,Nairobi,Vocational,Agriculture,Nairobi TVET,96.6,In Progress,Pending,Unemployed,2026-05-24,Q2 2026,active
BEN-000702,Rotich,Maina,Male,Nairobi,Vocational,Plumbing,Nairobi TVET,92.7,In Progress,Pending,Self-Employed,2026-08-10,Q3 2026,active
BEN-000705,Wangari,Gitau,Female,kakamega,Vocational Program,Electrical Installation,Kakamega Technical Training Institute,76.2,In Progress,Pending,Self-Employed,2026-04-06,Q2 2026,active
BEN-000727,Boniface,Rotich,Male,Muranga,Vocational,Tailoring,Nakuru Vocational Training Centre,90.9,In Progress,Pending,Employed,2026-02-08,Q1 2026,active
BEN-000728,Diana,Odhiambo,Female,Nairobi,Vocational,Beauty Therapy,Nairobi TVET,74.7,Completed,Certified,Employed,2025-04-05,Q2 2025,completed
BEN-000731,Mohamed,Chebet,Male,Nairobi,Vocational,Agriculture,Nairobi TVET,82.9,In Progress,Pending,Unemployed,2026-06-29,Q2 2026,active
BEN-000743,David,Chebet,Male,Uasin Gishu,Vocational,Cooking & Catering,Eldoret Polytechnic,76.6,Completed,Certified,Self-Employed,2025-12-07,Q4 2025,completed
BEN-000746,Atieno,Odhiambo,Female,Nyeri,Vocational,Cooking & Catering,Nyeri Technical Training Institute,97.6,Completed,Certified,Unemployed,2025-05-01,Q2 2025,completed
BEN-000748,Kamau,Owino,Male,Nyeri,Vocational,Cooking & Catering,Nyeri Technical Training Institute,86.0,In Progress,Pending,Unemployed,2026-06-15,Q2 2026,active
BEN-000750,Wanjiru,Mutiso,Female,Muranga,Vocational,Motor Vehicle Mechanics,Kisumu Technical Training Institute,100.0,In Progress,Pending,Employed,2025-12-02,Q4 2025,active
BEN-000764,Caroline,Nyambane,Female,Kiambu,Vocational,Hairdressing,Thika Technical Training Institute,93.4,In Progress,Pending,Self-Employed,2026-03-08,Q1 2026,active
BEN-000771,Njeri,Omondi,f,Nairobi,Vocational,Welding,Nairobi TVET,88.6,Dropped,Not Certified,Unemployed,2025-06-16,Q2 2025,dropped_out
BEN-000777,Diana,Kariuki,Female,Mombasa,Vocational,Tailoring,Mombasa Technical Training Institute,82.2,Dropped,Not Certified,Employed,2026-02-07,Q1 2026,dropped_out
BEN-000781,Chebet,Bett,Female,Machakos,Vocational,Agriculture,Machakos Institute of Technology,86.5,Completed,Certified,Employed,2025-06-29,Q2 2025,completed
BEN-000800,Wanjiru,Nduta,Female,Nyeri,Vocational,Hairdressing,Nyeri Technical Training Institute,96.7,Completed,Certified,Unemployed,2025-11-16,Q4 2025,completed
BEN-000807,Achieng,Abdi,Female,Nairobi,Vocational,Welding,Nairobi TVET,69.8,Dropped,Not Certified,Unemployed,2025-05-26,Q2 2025,dropped_out
BEN-000808,Abdi,Mwakio,MALE,Nairobi,Vocational,Carpentry,Nairobi TVET,86.0,Dropped,Not Certified,Unemployed,2025-03-16,Q1 2025,dropped_out
BEN-000821,Kelvin,Kilonzo,Male,Machakos,Vocational,Carpentry,Machakos Institute of Technology,87.4,In Progress,Pending,Self-Employed,2026-04-11,Q2 2026,active
BEN-000822,Mutua,Omondi,Male,Meru,Vocational,Cooking & Catering,Meru Technical Training Institute,74.9,Completed,Certified,Employed,2025-01-23,Q1 2025,completed
BEN-000834,Collins,Nyambane,Male,Bungoma,Vocational,Agriculture,Bungoma Technical Training Institute,67.7,Completed,Certified,Employed,2025-10-17,Q4 2025,completed
BEN-000836,Cherono,Otieno,Female,Machakos,Vocational,Agriculture,Machakos Institute of Technology,72.6,In Progress,Pending,Unemployed,2026-06-25,Q2 2026,active
BEN-000844,Kilonzo,Kilonzo,Male,Meru,Vocational,Welding,Meru Technical Training Institute,77.5,In Progress,Pending,Self-Employed,2026-08-16,Q3 2026,active
BEN-000858,Baraka,Charo,Male,Bungoma,Vocational,Cooking & Catering,Bungoma Technical Training Institute,70.5,Completed,Certified,Employed,2025-12-10,Q4 2025,completed
BEN-000860,Wanjiru,Mutua,Female,Muranga County,Vocational,Cooking & Catering,Mombasa Technical Training Institute,58.7,Completed,Certified,Self-Employed,2025-09-11,Q3 2025,completed
BEN-000896,John,Matano,Male,Nairobi,Vocational,Electrical Installation,Nairobi TVET,89.0,In Progress,Pending,Self-Employed,2026-04-02,Q2 2026,active
BEN-000900,Nyambura,Njenga,Female,Nairobi,Vocational,Plumbing,Nairobi TVET,80.6,In Progress,Pending,Unemployed,2026-05-18,Q2 2026,active
BEN-000917,Akinyi,Kariuki,Female,Mombasa,Vocational,Agriculture,Mombasa Technical Training Institute,90.8,Completed,Pending,Self-Employed,2025-08-06,Q3 2025,completed
BEN-000926,Abdi,Kiptoo,Male,Kisii,Vocational,Motor Vehicle Mechanics,Kisii National Polytechnic,85.6,Dropped,Not Certified,Employed,2026-02-12,Q1 2026,dropped_out
BEN-000927,Nkatha,Owino,Female,Nakuru,Vocational,Beauty Therapy,Nakuru Vocational Training Centre,67.5,Completed,Certified,Self-Employed,2025-06-12,Q2 2025,completed
BEN-000928,Nicholas,Rotich,Male,Nairobi,Vocational,Beauty Therapy,Nairobi TVET,76.1,Completed,Certified,Self-Employed,2025-12-14,Q4 2025,completed
BEN-000929,Kendi,Cheruiyot,Female,Kakamega,Vocational,Beauty Therapy,Kakamega Technical Training Institute,66.9,In Progress,Pending,Unemployed,2026-04-28,Q2 2026,active
BEN-000932,Esther,Cheruiyot,Female,Nairobi,Vocational,Tailoring,Nairobi TVET,85.5,Completed,Certified,Internship,2025-05-24,Q2 2025,completed
BEN-000955,Vincent,Njenga,Male,Kisumu,Vocational,Electrical Installation,Kisumu Technical Training Institute,64.4,In Progress,Pending,Unemployed,2025-12-22,Q4 2025,active
BEN-000965,Naisula,Kariuki,Female,Nakuru,Vocational,Electrical Installation,Nakuru Vocational Training Centre,76.4,Completed,Certified,Employed,2025-06-20,Q2 2025,completed
BEN-000985,Neema,Achieng,Female,Machakos,Vocational,Cooking & Catering,Machakos Institute of Technology,83.8,Completed,Certified,Employed,2025-09-17,Q3 2025,completed
BEN-000987,Baraka,Katana,Male,Kisii,Vocational,Tailoring,Kisii National Polytechnic,79.2,In Progress,Pending,Employed,2026-08-10,Q3 2026,active
BEN-000992,Awuor,Musyoka,female,Nakuru,Vocational,Cooking & Catering,Nakuru Vocational Training Centre,78.5,In Progress,Pending,Employed,2026-06-24,Q2 2026,active
BEN-001000,Brian,Bett,Male,Kisii,Vocational Program,Motor Vehicle Mechanics,Kisii National Polytechnic,62.6,In Progress,Pending,Employed,2026-05-14,Q2 2026,active
BEN-001028,Chebet,Kilonzo,Female,Nairobi,Vocational,Welding,Nairobi TVET,70.2,COMPLETED,Certified,Unemployed,2025-02-21,Q1 2025,completed
BEN-001035,Wangari,Njenga,Female,Nakuru,Vocational,Carpentry,Nakuru Vocational Training Centre,68.6,Completed,Certified,Self-Employed,2025-11-14,Q4 2025,completed
BEN-001040,Korir,Rotich,Male,Nairobi,Vocational,Motor Vehicle Mechanics,Nairobi TVET,100.0,Completed,Certified,Unemployed,2025-12-01,Q4 2025,completed
BEN-001042,Barasa,Mwangi,Male,Nairobi,Vocational,Welding,Nairobi TVET,82.7,In Progress,Pending,Employed,2026-06-28,Q2 2026,active
BEN-001048,Joy,Mbogo,Female,Kisumu,Vocational,Plumbing,Kisumu Technical Training Institute,77.4,In Progress,Pending,Unemployed,2026-05-29,Q2 2026,active
BEN-001057,Wekesa,Nduta,Male,Bungoma,Vocational,Agriculture,Bungoma Technical Training Institute,76.9,Dropped,Not Certified,Unemployed,2025-07-07,Q3 2025,dropped_out
BEN-001058,Sharon,Mutiso,Female,KIAMBU,Vocational,Welding,Thika Technical Training Institute,90.6,In Progress,Pending,Self-Employed,2026-06-30,Q2 2026,active
BEN-001060,Mohamed,Nyambane,Male,Mombasa,Vocational,Electrical Installation,Mombasa Technical Training Institute,100.0,In Progress,Pending,Unemployed,2026-03-01,Q1 2026,active
BEN-001061,Dennis,Kuria,Male,Kajiado,Vocational Program,Electrical Installation,Kisii National Polytechnic,76.1,Completed,Certified,Employed,2025-06-01,Q2 2025,completed
BEN-001069,Anyango,Njoroge,Female,Bungoma,Vocational,Tailoring,Bungoma Technical Training Institute,76.4,In Progress,Pending,Unemployed,2026-03-13,Q1 2026,active
BEN-001074,Joy,Juma,Female,Nairobi,Vocational,Beauty Therapy,Nairobi TVET,85.1,In Progress,Pending,Unemployed,2026-05-19,Q2 2026,active
BEN-001080,Odhiambo,Rotich,Male,Kilifi,Vocational,Beauty Therapy,Kilifi Vocational Training Centre,98.1,Dropped,Not Certified,Unemployed,2025-12-03,Q4 2025,dropped_out
BEN-001082,Samuel,Barasa,Male,Machakos County,Vocational,Carpentry,Machakos Institute of Technology,72.2,Completed,Certified,Employed,2025-06-30,Q2 2025,completed
BEN-001089,Brian,Matano,Male,Nakuru,Vocational,Cooking & Catering,Nakuru Vocational Training Centre,92.3,dropped out,Not Certified,Self-Employed,2025-12-01,Q4 2025,dropped_out
BEN-001093,Purity,Cheruiyot,Female,Kilifi,Vocational,Agriculture,Kilifi Vocational Training Centre,74.2,Dropped,Not Certified,Unemployed,2025-01-12,Q1 2025,dropped_out
BEN-001103,Gathoni,Cheruiyot,Female,Nairobi,Vocational,Agriculture,Nairobi TVET,81.4,In Progress,Pending,Self-Employed,2026-04-23,Q2 2026,active
BEN-001114,Joy,Maina,Female,Bungoma,Vocational,Electrical Installation,Bungoma Technical Training Institute,83.7,In Progress,Pending,Unemployed,2026-01-15,Q1 2026,active
BEN-001116,Mercy,Koech,Female,Kiambu,Vocational,Plumbing,Thika Technical Training Institute,66.4,In Progress,Pending,Employed,2026-03-15,Q1 2026,active
BEN-001121,Abdi,Omondi,Male,mombasa,Vocational,Agriculture,Mombasa Technical Training Institute,65.0,In Progress,Pending,Unemployed,2026-01-21,Q1 2026,active
BEN-001125,Kamau,Chebet,Male,Nairobi,Vocational,Electrical Installation,Nairobi TVET,95.6,Completed,Certified,Employed,2025-08-27,Q3 2025,completed
BEN-001131,Boniface,Abdi,Male,Kisumu,Vocational,Welding,Kisumu Technical Training Institute,70.7,In Progress,Pending,Self-Employed,2026-04-03,Q2 2026,active
BEN-001132,Kendi,Kariuki,Female,Kilifi,Vocational,Beauty Therapy,Kilifi Vocational Training Centre,67.9,Dropped,Not Certified,Unemployed,2025-11-04,Q4 2025,dropped_out
BEN-001154,Musyoka,Baya,Male,Nairobi,Vocational,Beauty Therapy,Nairobi TVET,63.7,Dropped,Not Certified,Employed,2025-03-02,Q1 2025,dropped_out
BEN-001158,Anthony,Abdi,Male,Meru,Vocational,Agriculture,Meru Technical Training Institute,89.5,In Progress,Pending,Unemployed,2026-07-21,Q3 2026,active
BEN-001159,Mumbi,Wanjiku,Female,Uasin Gishu,Vocational,Hairdressing,Eldoret Polytechnic,79.8,Dropped,Not Certified,Unemployed,2025-10-17,Q4 2025,dropped_out
BEN-001180,Boniface,Otieno,Male,Meru,Vocational,Plumbing,Meru Technical Training Institute,68.9,In Progress,Pending,Unemployed,2026-02-02,Q1 2026,active
BEN-001181,Halima,Kimani,Female,Bungoma,Vocational,Welding,Bungoma Technical Training Institute,82.3,Dropped,Not Certified,Employed,2025-07-28,Q3 2025,dropped_out
BEN-001186,Wekesa,Ngugi,Male,Nakuru,Vocational,Plumbing,Nakuru Vocational Training Centre,80.8,Dropped,Not Certified,Self-Employed,2025-07-20,Q3 2025,dropped_out
BEN-001190,Neema,Gitau,female,Kajiado,Vocational,Tailoring,Machakos Institute of Technology,84.8,In Progress,Pending,Employed,2026-08-11,Q3 2026,active
BEN-001192,Joseph,Wekesa,Male,Mombasa,Vocational,Motor Vehicle Mechanics,Mombasa Technical Training Institute,90.2,In Progress,Pending,Unemployed,2026-02-15,Q1 2026,active
BEN-001194,Baraka,Charo,male,Kilifi,Vocational,Beauty Therapy,Kilifi Vocational Training Centre,70.9,complete,Pending,Unemployed,2025-05-30,Q2 2025,completed
BEN-001199,Mohamed,Katana,Male,Meru,Vocational,Tailoring,Meru Technical Training Institute,62.2,In Progress,Pending,Self-Employed,2026-02-08,Q1 2026,active
BEN-001205,Joy,Kamau,Female,Mombasa,Vocational,Agriculture,Mombasa Technical Training Institute,78.7,In Progress,Pending,Self-Employed,2026-08-23,Q3 2026,active
BEN-001209,Baraka,Kilonzo,Male,Kisumu,Vocational,Carpentry,Kisumu Technical Training Institute,62.9,Completed,Pending,Self-Employed,2025-04-21,Q2 2025,completed
BEN-001210,David,Ochieng,Male,Nairobi,Vocational,Plumbing,Nairobi TVET,77.9,In Progress,Pending,Self-Employed,2026-01-21,Q1 2026,active
BEN-001211,Jerop,Kiptoo,Female,Nakuru,Vocational,Electrical Installation,Nakuru Vocational Training Centre,68.0,Dropped,Not Certified,Self-Employed,2026-03-21,Q1 2026,dropped_out
BEN-001215,Timothy,Barasa,Male,Kisumu,Vocational,Plumbing,Kisumu Technical Training Institute,73.0,In Progress,Pending,Unemployed,2026-08-20,Q3 2026,active
BEN-001225,Jerop,Koech,Female,Uasin Gishu,Vocational,Beauty Therapy,Eldoret Polytechnic,67.7,Completed,Certified,Internship,2025-12-28,Q4 2025,completed
BEN-001227,Mercy,Rotich,Female,Nairobi,Vocational,Plumbing,Nairobi TVET,81.2,Completed,Certified,Unemployed,2025-08-19,Q3 2025,completed
BEN-001230,Purity,Wanjiku,Female,Nairobi,Vocational,Tailoring,Nairobi TVET,70.3,Completed,Certified,Self-Employed,2025-11-28,Q4 2025,completed
BEN-001231,Brenda,Omondi,Female,Muranga,Vocational,Cooking & Catering,Nakuru Vocational Training Centre,71.7,Dropped,Not Certified,Self-Employed,2025-10-23,Q4 2025,dropped_out
BEN-001234,Faith,Njoroge,Female,Nairobi,Vocational,Welding,Nairobi TVET,78.8,In Progress,Pending,Self-Employed,2026-03-06,Q1 2026,active
BEN-001237,Diana,Rotich,Female,Bungoma,Vocational,Welding,Bungoma Technical Training Institute,63.2,In Progress,Pending,Employed,2026-06-02,Q2 2026,active
BEN-001240,Samuel,Mutua,Male,Kiambu,Vocational,Cooking & Catering,Thika Technical Training Institute,100.0,In Progress,Pending,Self-Employed,2026-03-01,Q1 2026,active
BEN-001245,Kevin,Abdi,Male,NAKURU,Vocational,Welding,Nakuru Vocational Training Centre,73.2,In Progress,Pending,Self-Employed,2026-02-12,Q1 2026,active
BEN-001254,Collins,Nduta,Male,Kisumu,Vocational,Carpentry,Kisumu Technical Training Institute,62.7,Completed,Certified,Unemployed,2025-04-28,Q2 2025,completed
BEN-001255,Korir,Juma,Male,Kakamega,Vocational,Carpentry,Kakamega Technical Training Institute,87.3,In Progress,Pending,Employed,2026-09-02,Q3 2026,active
BEN-001263,Musyoka,Cheruiyot,Male,Nairobi,Vocational,Plumbing,Nairobi TVET,96.0,Dropped,Not Certified,Unemployed,2025-06-08,Q2 2025,dropped_out
BEN-001265,Onyango,Baya,Male,Nairobi,Vocational,Carpentry,Nairobi TVET,100.0,In Progress,Pending,Employed,2026-09-08,Q3 2026,active
BEN-001266,Musyoka,Omondi,Male,Nairobi,Vocational,Carpentry,Nairobi TVET,93.6,In Progress,Pending,Employed,2026-05-28,Q2 2026,active
BEN-001287,Cherono,Hassan,Female,Bungoma,Vocational,Hairdressing,Bungoma Technical Training Institute,91.6,In Progress,Pending,Unemployed,2025-12-10,Q4 2025,active
BEN-001290,Odhiambo,Muthoni,Male,Nairobi,Vocational,Tailoring,Nairobi TVET,92.3,In Progress,Pending,Unemployed,2026-08-11,Q3 2026,active
BEN-001295,Timothy,Nyambane,Male,Uasin Gishu,Vocational,Hairdressing,Eldoret Polytechnic,76.2,In Progress,Pending,Self-Employed,2026-05-19,Q2 2026,active
BEN-001298,Kilonzo,Achieng,Male,Nakuru,Vocational,Cooking & Catering,Nakuru Vocational Training Centre,81.5,Completed,Pending,Unemployed,2026-01-30,Q1 2026,completed
BEN-001299,Omondi,Kiptoo,Male,Nyeri,Vocational,Welding,Nyeri Technical Training Institute,86.8,Dropped,Not Certified,Employed,2025-06-17,Q2 2025,dropped_out
BEN-001302,Abdi,Katana,male,Machakos,Vocational,Tailoring,Machakos Institute of Technology,90.1,In Progress,Pending,Employed,2026-04-02,Q2 2026,active
BEN-001305,Cheruiyot,Charo,Male,Mombasa,Vocational,Electrical Installation,Mombasa Technical Training Institute,78.2,Completed,Certified,Unemployed,2025-07-29,Q3 2025,completed
BEN-001315,Cherono,Mbogo,Female,Nairobi,Vocational,Motor Vehicle Mechanics,Nairobi TVET,92.8,In Progress,Pending,Unemployed,2026-08-03,Q3 2026,active
BEN-001319,Faith,Mwangi,Female,Nairobi,Vocational,Hairdressing,Nairobi TVET,76.8,Completed,Certified,Employed,2026-02-12,Q1 2026,completed
BEN-001340,Onyango,Odhiambo,Male,Muranga,Vocational,Agriculture,Kilifi Vocational Training Centre,77.8,Dropped,Not Certified,Employed,2026-01-16,Q1 2026,dropped_out
BEN-001345,Emily,Kimani,Female,Kiambu,Vocational,Plumbing,Thika Technical Training Institute,86.3,In Progress,Pending,Unemployed,2026-04-19,Q2 2026,active
BEN-001347,Mercy,Kuria,Female,Bungoma,Vocational,Cooking & Catering,Bungoma Technical Training Institute,62.4,Completed,Certified,Self-Employed,2025-12-19,Q4 2025,completed
BEN-001348,Amina,Bett,Female,Kakamega,Vocational,Plumbing,Kakamega Technical Training Institute,67.5,Dropped,Not Certified,Unemployed,2025-08-03,Q3 2025,dropped_out
BEN-001359,Kilonzo,Mutua,Male,Kisii,Vocational,Hairdressing,Kisii National Polytechnic,38.0,Dropped,Not Certified,Self-Employed,2025-07-16,Q3 2025,dropped_out
BEN-001362,Beatrice,Baya,Female,Mombasa,Vocational,Carpentry,Mombasa Technical Training Institute,79.1,Completed,Certified,Employed,2025-09-17,Q3 2025,completed
BEN-001363,John,Njenga,Male,Mombasa,Vocational,Tailoring,Mombasa Technical Training Institute,66.3,Completed,Certified,Employed,2025-07-24,Q3 2025,completed
BEN-001365,Wekesa,Kimani,Male,Kajiado,Vocational,Beauty Therapy,Thika Technical Training Institute,79.3,In Progress,Pending,Employed,2026-09-17,Q3 2026,active
BEN-001368,Simon,Matano,Male,Nairobi,Vocational,Tailoring,Nairobi TVET,79.7,Completed,Pending,Employed,2026-03-08,Q1 2026,completed
BEN-001372,Kipchoge,Maina,Male,Nairobi,Vocational Program,Motor Vehicle Mechanics,Nairobi TVET,80.8,In Progress,Pending,Self-Employed,2026-08-01,Q3 2026,active
BEN-001383,Cheruiyot,Gitau,Male,Uasin Gishu,Vocational,Beauty Therapy,Eldoret Polytechnic,53.7,Dropped,Not Certified,Self-Employed,2025-09-16,Q3 2025,dropped_out
BEN-001385,Akinyi,Kuria,Female,Nakuru,Vocational,Agriculture,Nakuru Vocational Training Centre,94.5,In Progress,Pending,Unemployed,2026-01-19,Q1 2026,active
BEN-001387,Chepkoech,Odhiambo,Female,muranga,Vocational,Motor Vehicle Mechanics,Eldoret Polytechnic,82.3,In Progress,Pending,Unemployed,2026-03-26,Q1 2026,active
BEN-001389,Rotich,Mwakio,Male,Kiambu,Vocational,Plumbing,Thika Technical Training Institute,95.0,Completed,Certified,Self-Employed,2025-04-09,Q2 2025,completed
BEN-001390,Joseph,Kuria,male,Meru,Vocational,Welding,Meru Technical Training Institute,70.1,Completed,Certified,Employed,2025-10-18,Q4 2025,completed
BEN-001399,Neema,Mutiso,Female,Nairobi,Vocational,Plumbing,Nairobi TVET,82.3,Completed,Certified,Unemployed,2026-03-15,Q1 2026,completed
BEN-001406,Baraka,Baya,Male,Kilifi,Vocational,Electrical Installation,Kilifi Vocational Training Centre,57.5,In Progress,Pending,Unemployed,2026-05-30,Q2 2026,active
BEN-001417,Kelvin,Muthoni,Male,Kiambu,Vocational,Agriculture,Thika Technical Training Institute,77.0,In Progress,Pending,Self-Employed,2026-06-24,Q2 2026,active
BEN-001418,Joy,Odhiambo,FEMALE,Nakuru,Vocational,Carpentry,Nakuru Vocational Training Centre,87.8,Completed,Certified,Unemployed,2025-11-09,Q4 2025,completed
BEN-001426,Kelvin,Kamau,Male,Mombasa County,Vocational,Electrical Installation,Mombasa Technical Training Institute,95.2,Completed,Certified,Employed,2025-03-03,Q1 2025,completed
BEN-001433,Dennis,Gitau,Male,Kajiado,Vocational,Tailoring,Nyeri Technical Training Institute,71.0,Completed,Certified,Employed,2025-03-16,Q1 2025,completed
BEN-001461,Amina,Wekesa,Female,Uasin Gishu,Vocational,Beauty Therapy,Eldoret Polytechnic,93.5,In Progress,Pending,Self-Employed,2026-06-09,Q2 2026,active
BEN-001462,Omondi,Onyango,Male,Meru,Vocational,Carpentry,Meru Technical Training Institute,71.6,In Progress,Pending,Unemployed,2026-05-23,Q2 2026,active
BEN-001473,Nkatha,Njenga,Female,Uasin Gishu,Vocational,Plumbing,Eldoret Polytechnic,94.8,Dropped,Not Certified,Unemployed,2025-08-28,Q3 2025,dropped_out
BEN-001474,Cynthia,Wafula,Female,Nairobi,Vocational,Electrical Installation,Nairobi TVET,86.4,In Progress,Pending,Self-Employed,2026-03-29,Q1 2026,active
BEN-001482,Grace,Chebet,Female,Nairobi,Vocational,Motor Vehicle Mechanics,Nairobi TVET,89.6,Completed,Certified,Employed,2025-09-02,Q3 2025,completed
BEN-001501,Mutua,Maina,Male,Nairobi,Vocational,Motor Vehicle Mechanics,Nairobi TVET,75.3,In Progress,Pending,Self-Employed,2026-04-27,Q2 2026,active
BEN-001503,Mutua,Owino,Male,Kakamega,Vocational,Hairdressing,Kakamega Technical Training Institute,75.5,In Progress,Pending,Unemployed,2025-11-12,Q4 2025,active
BEN-001512,Faith,Juma,Female,Nairobi,Vocational,Plumbing,Nairobi TVET,100.0,Dropped,Not Certified,Employed,2025-06-30,Q2 2025,dropped_out
BEN-001514,Caroline,Wafula,Female,NAKURU,Vocational,Carpentry,Nakuru Vocational Training Centre,80.9,Completed,Pending,Employed,2025-05-16,Q2 2025,completed
BEN-001517,Odhiambo,Matano,Male,Kisumu,Vocational,Motor Vehicle Mechanics,Kisumu Technical Training Institute,53.3,In Progress,Pending,Employed,2025-12-08,Q4 2025,active
BEN-001549,Ali,Muthoni,Male,MURANGA,Vocational,Tailoring,Machakos Institute of Technology,91.7,In Progress,Pending,Employed,2026-09-28,Q3 2026,active
BEN-001552,Patrick,Mohamed,Male,Nairobi,Vocational,Cooking & Catering,Nairobi TVET,86.8,Completed,Pending,Unemployed,2026-03-10,Q1 2026,completed
BEN-001562,John,Odhiambo,Male,Machakos,Vocational,Hairdressing,Machakos Institute of Technology,85.1,In Progress,Pending,Unemployed,2026-01-06,Q1 2026,active
BEN-001564,Isaac,Njenga,Male,Kisii,Vocational,Plumbing,Kisii National Polytechnic,81.3,Completed,Certified,Unemployed,2025-05-24,Q2 2025,completed
BEN-001570,Samuel,Charo,Male,Nyeri,Vocational,Agriculture,Nyeri Technical Training Institute,83.4,In Progress,Pending,Self-Employed,2026-06-25,Q2 2026,active
BEN-001573,David,Kariuki,Male,Kisii,Vocational,Plumbing,Kisii National Polytechnic,78.4,In Progress,Pending,Employed,2026-07-31,Q3 2026,active
BEN-001574,Otieno,Mbogo,M,Kajiado,Vocational,Hairdressing,Thika Technical Training Institute,98.0,In Progress,Pending,Unemployed,2026-03-02,Q1 2026,active
BEN-001578,Chebet,Njoroge,Female,Mombasa,Vocational,Motor Vehicle Mechanics,Mombasa Technical Training Institute,85.8,complete,Pending,Employed,2025-12-04,Q4 2025,completed
BEN-001583,Chebet,Kamau,Female,Kiambu,Vocational,Tailoring,Thika Technical Training Institute,80.3,Dropped,Not Certified,Employed,2026-02-02,Q1 2026,dropped_out
BEN-001588,Musyoka,Hassan,Male,Kiambu,Vocational,Electrical Installation,Thika Technical Training Institute,79.7,In Progress,Pending,Unemployed,2026-05-13,Q2 2026,active
BEN-001593,Victor,Mohamed,Male,Muranga,Vocational,Welding,Kisii National Polytechnic,73.1,Completed,Certified,Employed,2025-12-16,Q4 2025,completed
BEN-001614,Diana,Kilonzo,Female,Kajiado,Vocational,Welding,Machakos Institute of Technology,64.3,Dropped,Not Certified,Self-Employed,2025-10-08,Q4 2025,dropped_out
BEN-001621,Grace,Mutua,Female,meru,Vocational,Carpentry,Meru Technical Training Institute,78.3,In Progress,Pending,Self-Employed,2026-04-01,Q2 2026,active
BEN-001623,Chebet,Wafula,Female,Meru,Vocational,Tailoring,Meru Technical Training Institute,78.3,In Progress,Pending,Self-Employed,2026-05-22,Q2 2026,active
BEN-001625,Halima,Wekesa,Female,Machakos,Vocational,Beauty Therapy,Machakos Institute of Technology,64.8,In Progress,Pending,Unemployed,2026-04-14,Q2 2026,active
BEN-001637,Kendi,Mohamed,Female,Meru,Vocational,Plumbing,Meru Technical Training Institute,77.8,In Progress,Pending,Unemployed,2026-04-28,Q2 2026,active
BEN-001645,Gathoni,Mbogo,F,Uasin Gishu,Vocational,Beauty Therapy,Eldoret Polytechnic,74.4,In Progress,Pending,Unemployed,2026-07-30,Q3 2026,active
BEN-001648,Amina,Mohamed,Female,Nakuru,Vocational,Hairdressing,Nakuru Vocational Training Centre,90.4,In Progress,Pending,Unemployed,2026-08-18,Q3 2026,active
BEN-001649,Njeri,Muthoni,Female,Mombasa,Vocational,Motor Vehicle Mechanics,Mombasa Technical Training Institute,93.5,In Progress,Pending,Unemployed,2026-05-03,Q2 2026,active
BEN-001658,Kagure,Onyango,F,Kilifi,Vocational,Plumbing,Kilifi Vocational Training Centre,79.7,Completed,Certified,Employed,2026-03-16,Q1 2026,completed
BEN-001686,Brenda,Baya,Female,Kilifi,Vocational,Plumbing,Kilifi Vocational Training Centre,73.2,In Progress,Pending,Self-Employed,2026-09-17,Q3 2026,active
BEN-001688,Wangari,Kamau,Female,Machakos,Vocational,Plumbing,Machakos Institute of Technology,61.1,In Progress,Pending,Unemployed,2026-02-27,Q1 2026,active
BEN-001691,Njeri,Muthoni,Female,Meru,Vocational,Agriculture,Meru Technical Training Institute,65.5,In Progress,Pending,Employed,2026-02-07,Q1 2026,active
BEN-001692,Mercy,Nduta,Female,Meru,Vocational,Motor Vehicle Mechanics,Meru Technical Training Institute,80.3,In Progress,Pending,Unemployed,2026-08-13,Q3 2026,active
BEN-001697,Mumbi,Gitau,Female,Kajiado,Vocational,Carpentry,Nairobi TVET,70.0,Completed,Certified,Self-Employed,2025-12-13,Q4 2025,completed
BEN-001698,Wanjiru,Onyango,Female,kisii,Vocational,Welding,Kisii National Polytechnic,74.4,In Progress,Pending,Unemployed,2026-07-20,Q3 2026,active
BEN-001703,Cherono,Achieng,Female,Meru,Vocational,Tailoring,Meru Technical Training Institute,78.1,Completed,Certified,Internship,2026-02-19,Q1 2026,completed
BEN-001706,Omondi,Owino,Male,Kilifi,Vocational,Tailoring,Kilifi Vocational Training Centre,55.0,Dropped,Not Certified,Unemployed,2025-06-11,Q2 2025,dropped_out
BEN-001732,Kiptoo,Njenga,Male,Kiambu,Vocational,Tailoring,Thika Technical Training Institute,88.7,In Progress,Pending,Unemployed,2026-08-07,Q3 2026,active
BEN-001733,Awuor,Owino,Female,Uasin Gishu,Vocational,Cooking & Catering,Eldoret Polytechnic,98.8,Dropped,Not Certified,Self-Employed,2026-02-11,Q1 2026,dropped_out
BEN-001741,Brenda,Kiptoo,Female,Kiambu,Vocational,Motor Vehicle Mechanics,Thika Technical Training Institute,87.3,In Progress,Pending,Unemployed,2026-04-25,Q2 2026,active
BEN-001751,Mutua,Chebet,Male,Kajiado,Vocational,Motor Vehicle Mechanics,Meru Technical Training Institute,69.5,Completed,Certified,Internship,2025-04-11,Q2 2025,completed
BEN-001753,Achieng,Koech,female,Nairobi,Vocational,Tailoring,Nairobi TVET,81.2,In Progress,Pending,Unemployed,2026-08-09,Q3 2026,active
BEN-001756,Onyango,Otieno,Male,Meru,Vocational,Beauty Therapy,Meru Technical Training Institute,69.6,In Progress,Pending,Employed,2026-03-17,Q1 2026,active
BEN-001774,Sharon,Mutiso,Female,Bungoma,Vocational,Agriculture,Bungoma Technical Training Institute,72.6,Dropped,Not Certified,Unemployed,2025-12-14,Q4 2025,dropped_out
BEN-001776,Isaac,Mohamed,Male,Kisumu,Vocational,Electrical Installation,Kisumu Technical Training Institute,76.1,In Progress,Pending,Self-Employed,2026-05-17,Q2 2026,active
BEN-001778,Brian,Mutua,Male,Meru,Vocational,Agriculture,Meru Technical Training Institute,90.5,DROPPED,Not Certified,Employed,2025-06-13,Q2 2025,dropped_out
BEN-001786,Chepkoech,Bett,Female,Mombasa,Vocational,Electrical Installation,Mombasa Technical Training Institute,66.6,In Progress,Pending,Self-Employed,2026-06-03,Q2 2026,active
BEN-001795,Beatrice,Owino,F,Meru,Vocational,Hairdressing,Meru Technical Training Institute,76.1,Completed,Certified,Employed,2025-04-11,Q2 2025,completed
BEN-001801,Halima,Odhiambo,Female,Mombasa,Vocational,Cooking & Catering,Mombasa Technical Training Institute,81.6,In Progress,Pending,Employed,2026-09-27,Q3 2026,active
BEN-001803,Kelvin,Muthoni,Male,Mombasa,Vocational,Agriculture,Mombasa Technical Training Institute,86.7,In Progress,Pending,Self-Employed,2026-05-10,Q2 2026,active
BEN-001806,Wangari,Bett,Female,Kiambu,Vocational,Motor Vehicle Mechanics,Thika Technical Training Institute,98.1,In Progress,Pending,Unemployed,2026-07-24,Q3 2026,active
BEN-001815,Anyango,Wafula,Female,Nairobi,Vocational,Agriculture,Nairobi TVET,89.3,DROPPED,Not Certified,Unemployed,2025-04-10,Q2 2025,dropped_out
BEN-001821,Awuor,Musyoka,Female,Machakos,Vocational,Motor Vehicle Mechanics,Machakos Institute of Technology,51.8,In Progress,Pending,Unemployed,2026-06-27,Q2 2026,active
BEN-001828,Juma,Kilonzo,Male,Machakos,Vocational,Beauty Therapy,Machakos Institute of Technology,67.6,In Progress,Pending,Unemployed,2026-05-28,Q2 2026,active
BEN-001835,Brenda,Mbogo,Female,Nairobi,Vocational,Beauty Therapy,Nairobi TVET,81.1,In Progress,Pending,Employed,2026-04-20,Q2 2026,active
BEN-001837,Isaac,Muthoni,Male,Nairobi,Vocational,Motor Vehicle Mechanics,Nairobi TVET,85.4,In Progress,Pending,Unemployed,2026-09-08,Q3 2026,active
BEN-001850,Timothy,Njenga,MALE,Bungoma,Vocational,Tailoring,Bungoma Technical Training Institute,94.1,In Progress,Pending,Unemployed,2026-04-07,Q2 2026,active
BEN-001855,Cynthia,Omondi,Female,Mombasa,Vocational,Tailoring,Mombasa Technical Training Institute,63.7,In Progress,Pending,Self-Employed,2026-06-30,Q2 2026,active
BEN-001856,Vincent,Chebet,Male,Kajiado,Vocational,Welding,Machakos Institute of Technology,93.0,Dropped,Not Certified,Unemployed,2025-09-26,Q3 2025,dropped_out
BEN-001869,Onyango,Bett,Male,Machakos,Vocational,Agriculture,Machakos Institute of Technology,87.7,In Progress,Pending,Employed,2026-07-23,Q3 2026,active
BEN-001870,Naisula,Ngugi,Female,Meru,Vocational,Plumbing,Meru Technical Training Institute,73.7,In Progress,Pending,Self-Employed,2026-07-15,Q3 2026,active
BEN-001876,Kevin,Cheruiyot,Male,Kakamega,Vocational,Tailoring,Kakamega Technical Training Institute,89.2,In Progress,Pending,Unemployed,2026-01-10,Q1 2026,active
BEN-001881,Mercy,Nyambane,Female,Kajiado,Vocational,Hairdressing,Thika Technical Training Institute,78.8,Completed,Certified,Employed,2025-08-27,Q3 2025,completed
BEN-001883,Sharon,Mbogo,female,Kilifi,Vocational,Tailoring,Kilifi Vocational Training Centre,64.3,Completed,Certified,Unemployed,2025-06-19,Q2 2025,completed
BEN-001912,Kamau,Bett,Male,Kakamega,Vocational,Welding,Kakamega Technical Training Institute,87.2,In Progress,Pending,Employed,2026-02-15,Q1 2026,active
BEN-001918,Akinyi,Koech,Female,Kisumu,Vocational,Beauty Therapy,Kisumu Technical Training Institute,91.4,In Progress,Pending,Self-Employed,2026-03-04,Q1 2026,active
BEN-001919,Halima,Njenga,Female,Uasin Gishu,Vocational,Tailoring,Eldoret Polytechnic,89.7,In Progress,Pending,Self-Employed,2026-08-04,Q3 2026,active
BEN-001929,Musyoka,Kariuki,Male,kakamega,Vocational,Beauty Therapy,Kakamega Technical Training Institute,59.6,In Progress,Pending,Employed,2026-05-11,Q2 2026,active
BEN-001938,Diana,Mutiso,Female,Mombasa,Vocational,Beauty Therapy,Mombasa Technical Training Institute,72.4,In Progress,Pending,Employed,2026-08-02,Q3 2026,active
BEN-001939,Chepkoech,Mbogo,Female,Nairobi,Vocational,Electrical Installation,Nairobi TVET,100.0,complete,Certified,Internship,2025-11-12,Q4 2025,completed
BEN-001940,Barasa,Mwakio,M,kisii,Vocational,Carpentry,Kisii National Polytechnic,70.6,In Progress,Pending,Unemployed,2026-08-22,Q3 2026,active
BEN-001942,Wanjiku,Juma,Female,Nakuru,Vocational,Plumbing,Nakuru Vocational Training Centre,81.8,In Progress,Pending,Employed,2026-01-21,Q1 2026,active
BEN-001959,Brenda,Wafula,f,Kajiado,Vocational,Motor Vehicle Mechanics,Nairobi TVET,89.9,Completed,Certified,Self-Employed,2025-05-05,Q2 2025,completed
BEN-001960,Neema,Mwangi,Female,Kiambu,Vocational,Electrical Installation,Thika Technical Training Institute,67.9,In Progress,Pending,Self-Employed,2026-01-27,Q1 2026,active
BEN-001968,Odhiambo,Omondi,Male,Nairobi,Vocational,Hairdressing,Nairobi TVET,93.7,In Progress,Pending,Unemployed,2026-07-10,Q3 2026,active
BEN-001972,Nasieku,Hassan,Female,Nairobi,Vocational,Electrical Installation,Nairobi TVET,81.2,Completed,Pending,Unemployed,2025-10-08,Q4 2025,completed
BEN-001979,Jerop,Wanjiku,Female,Kisii,Vocational,Plumbing,Kisii National Polytechnic,67.2,In Progress,Pending,Self-Employed,2026-05-08,Q2 2026,active
BEN-001985,Omondi,Muthoni,Male,Kisumu,Vocational,Agriculture,Kisumu Technical Training Institute,64.2,In Progress,Pending,Employed,2025-10-18,Q4 2025,active
BEN-001997,David,Gitau,Male,Nakuru,Vocational,Carpentry,Nakuru Vocational Training Centre,71.1,In Progress,Pending,Self-Employed,2026-05-27,Q2 2026,active
BEN-001998,Cheruiyot,Muthoni,Male,Kiambu,Vocational,Hairdressing,Thika Technical Training Institute,63.7,Completed,Certified,Self-Employed,2025-10-24,Q4 2025,completed
BEN-002001,Brenda,Kariuki,Female,Nairobi,Vocational,Cooking & Catering,Nairobi TVET,73.0,Completed,Certified,Internship,2025-10-22,Q4 2025,completed
BEN-002009,Nkatha,Mwakio,Female,Kiambu,Vocational,Beauty Therapy,Thika Technical Training Institute,83.1,Completed,Certified,Unemployed,2025-08-31,Q3 2025,completed
BEN-002014,Rotich,Wafula,MALE,Nakuru,Vocational,Beauty Therapy,Nakuru Vocational Training Centre,72.1,Completed,Certified,Internship,2025-04-13,Q2 2025,completed
BEN-002027,Nyambura,Ngugi,FEMALE,Mombasa,Vocational,Hairdressing,Mombasa Technical Training Institute,79.0,In Progress,Pending,Unemployed,2026-01-10,Q1 2026,active
BEN-002029,Grace,Matano,Female,Kakamega,Vocational,Hairdressing,Kakamega Technical Training Institute,61.1,In Progress,Pending,Employed,2026-08-11,Q3 2026,active
BEN-002031,Simon,Kimani,M,Nairobi,Vocational Program,Beauty Therapy,Nairobi TVET,76.0,In Progress,Pending,Unemployed,2025-11-23,Q4 2025,active
BEN-002037,Halima,Wafula,Female,Kiambu,Vocational,Beauty Therapy,Thika Technical Training Institute,94.0,In Progress,Pending,Self-Employed,2026-08-01,Q3 2026,active
BEN-002040,Brian,Mohamed,Male,Nairobi,Vocational,Electrical Installation,Nairobi TVET,82.2,In Progress,Pending,Self-Employed,2026-07-28,Q3 2026,active
BEN-002045,Anthony,Otieno,Male,Meru,Vocational,Hairdressing,Meru Technical Training Institute,87.4,Completed,Certified,Unemployed,2025-05-07,Q2 2025,completed
BEN-002046,Naisula,Charo,Female,Kilifi,Vocational,Tailoring,Kilifi Vocational Training Centre,76.1,In Progress,Pending,Unemployed,2026-08-19,Q3 2026,active
BEN-002054,Grace,Korir,Female,Nairobi,Vocational,Welding,Nairobi TVET,65.0,In Progress,Pending,Unemployed,2026-06-29,Q2 2026,active
BEN-002068,Wangari,Maina,Female,Nyeri,Vocational,Electrical Installation,Nyeri Technical Training Institute,90.5,Dropped,Not Certified,Employed,2025-09-19,Q3 2025,dropped_out
BEN-002077,Halima,Kilonzo,Female,Bungoma,Vocational,Motor Vehicle Mechanics,Bungoma Technical Training Institute,83.9,complete,Certified,Self-Employed,2025-07-15,Q3 2025,completed
BEN-002080,Anyango,Mbogo,Female,Bungoma,Vocational,Hairdressing,Bungoma Technical Training Institute,74.1,In Progress,Pending,Unemployed,2026-04-14,Q2 2026,active
BEN-002083,Wanjiru,Kuria,Female,Mombasa,Vocational,Agriculture,Mombasa Technical Training Institute,88.4,In Progress,Pending,Unemployed,2025-11-20,Q4 2025,active
BEN-002087,Nicholas,Hassan,Male,Nairobi,Vocational,Welding,Nairobi TVET,91.1,Completed,Certified,Employed,2025-08-26,Q3 2025,completed
BEN-002095,Esther,Matano,Female,Kisumu,Vocational,Motor Vehicle Mechanics,Kisumu Technical Training Institute,84.3,Dropped,Not Certified,Employed,2025-12-10,Q4 2025,dropped_out
BEN-002110,Onyango,Ochieng,Male,Nairobi,Vocational,Beauty Therapy,Nairobi TVET,83.6,Dropped,Not Certified,Self-Employed,2025-05-04,Q2 2025,dropped_out
BEN-002115,Brenda,Charo,Female,Machakos,Vocational,Cooking & Catering,Machakos Institute of Technology,74.2,Completed,Certified,Unemployed,2025-04-23,Q2 2025,completed
BEN-002121,Halima,Onyango,Female,Nairobi County,Vocational,Cooking & Catering,Nairobi TVET,90.1,In Progress,Pending,Self-Employed,2026-04-01,Q2 2026,active
BEN-002124,Wanjiru,Owino,Female,Nakuru,Vocational,Tailoring,Nakuru Vocational Training Centre,71.4,In Progress,Pending,Self-Employed,2026-05-17,Q2 2026,active
BEN-002129,Patrick,Muthoni,Male,Nairobi,Vocational,Electrical Installation,Nairobi TVET,67.6,In Progress,Pending,Self-Employed,2026-04-23,Q2 2026,active
BEN-002133,Akinyi,Kariuki,Female,Kisumu,Vocational,Beauty Therapy,Kisumu Technical Training Institute,72.9,In Progress,Pending,Employed,2026-07-15,Q3 2026,active
BEN-002136,Otieno,Juma,Male,Bungoma,Vocational,Welding,Bungoma Technical Training Institute,91.6,In Progress,Pending,Unemployed,2026-08-24,Q3 2026,active
BEN-002139,Mumbi,Ochieng,Female,Bungoma,Vocational,Hairdressing,Bungoma Technical Training Institute,74.9,Completed,Certified,Self-Employed,2025-10-31,Q4 2025,completed
BEN-002153,Chebet,Ngugi,Female,Nyeri,Vocational,Plumbing,Nyeri Technical Training Institute,81.7,Completed,Certified,Unemployed,2025-11-25,Q4 2025,completed
BEN-002160,Francis,Bett,Male,Uasin Gishu,Vocational,Hairdressing,Eldoret Polytechnic,79.3,In Progress,Pending,Unemployed,2025-11-27,Q4 2025,active
BEN-002164,Faith,Kilonzo,Female,Nyeri,Vocational,Hairdressing,Nyeri Technical Training Institute,87.2,Completed,Certified,Internship,2025-09-01,Q3 2025,completed
BEN-002175,Amina,Otieno,Female,Kilifi,Vocational,Hairdressing,Kilifi Vocational Training Centre,82.3,In Progress,Pending,Self-Employed,2026-05-29,Q2 2026,active
BEN-002193,Rotich,Kilonzo,Male,Nairobi,Vocational,Carpentry,Nairobi TVET,86.0,COMPLETED,Certified,Internship,2025-09-20,Q3 2025,completed
BEN-002195,Neema,Korir,Female,KAJIADO,Vocational,Electrical Installation,Kakamega Technical Training Institute,80.6,Completed,Certified,Unemployed,2025-01-22,Q1 2025,completed
BEN-002201,Peter,Onyango,Male,uasin gishu,Vocational,Hairdressing,Eldoret Polytechnic,96.7,In Progress,Pending,Unemployed,2026-07-15,Q3 2026,active
BEN-002204,Simon,Rotich,Male,Bungoma,Vocational,Welding,Bungoma Technical Training Institute,79.6,In Progress,Pending,Self-Employed,2026-06-14,Q2 2026,active
BEN-002205,Halima,Matano,Female,Nairobi,Vocational,Motor Vehicle Mechanics,Nairobi TVET,72.4,In Progress,Pending,Unemployed,2026-07-14,Q3 2026,active
BEN-002208,Beatrice,Mwangi,female,Kisumu,Vocational,Plumbing,Kisumu Technical Training Institute,77.3,In Progress,Pending,Employed,2026-08-05,Q3 2026,active
BEN-002211,Gathoni,Rotich,Female,Mombasa,Vocational,Welding,Mombasa Technical Training Institute,85.0,In Progress,Pending,Unemployed,2026-05-12,Q2 2026,active
BEN-002220,Sharon,Maina,Female,Muranga,Vocational,Cooking & Catering,Bungoma Technical Training Institute,68.4,Completed,Certified,Unemployed,2025-08-30,Q3 2025,completed
BEN-002223,Kamau,Baya,Male,Kilifi,Vocational,Carpentry,Kilifi Vocational Training Centre,67.7,In Progress,Pending,Unemployed,2026-04-17,Q2 2026,active
BEN-002236,Wanjiru,Katana,Female,Kajiado,Vocational,Agriculture,Kisumu Technical Training Institute,72.8,In Progress,Pending,Unemployed,2026-08-21,Q3 2026,active
BEN-002237,Mumbi,Gitau,Female,Mombasa,Vocational,Hairdressing,Mombasa Technical Training Institute,89.6,In Progress,Pending,Unemployed,2026-05-03,Q2 2026,active
BEN-002238,Esther,Kuria,Female,Nyeri,Vocational,Electrical Installation,Nyeri Technical Training Institute,89.8,In Progress,Pending,Self-Employed,2026-04-15,Q2 2026,active
BEN-002239,Kendi,Barasa,female,Uasin Gishu,Vocational,Tailoring,Eldoret Polytechnic,86.2,In Progress,Pending,Employed,2026-02-11,Q1 2026,active
BEN-002255,Purity,Owino,Female,Uasin Gishu,Vocational,Electrical Installation,Eldoret Polytechnic,78.0,In Progress,Pending,Employed,2026-05-29,Q2 2026,active
BEN-002261,Kilonzo,Katana,Male,Kisumu,Vocational,Carpentry,Kisumu Technical Training Institute,68.0,Dropped,Not Certified,Self-Employed,2025-05-01,Q2 2025,dropped_out
BEN-002262,Purity,Kiptoo,Female,Nakuru,Vocational,Beauty Therapy,Nakuru Vocational Training Centre,82.1,Dropped,Not Certified,Unemployed,2025-11-10,Q4 2025,dropped_out
BEN-002263,Emmanuel,Nyambane,Male,Bungoma,Vocational,Agriculture,Bungoma Technical Training Institute,69.9,Completed,Pending,Employed,2026-01-02,Q1 2026,completed
BEN-002275,Diana,Kuria,Female,Bungoma,Vocational,Welding,Bungoma Technical Training Institute,81.5,In Progress,Pending,Self-Employed,2026-07-01,Q3 2026,active
BEN-002276,Sharon,Otieno,Female,KIAMBU,Vocational,Motor Vehicle Mechanics,Thika Technical Training Institute,83.1,Completed,Certified,Employed,2025-11-02,Q4 2025,completed
BEN-002291,Ali,Onyango,Male,Kajiado,Vocational,Carpentry,Meru Technical Training Institute,89.5,Completed,Certified,Employed,2025-03-11,Q1 2025,completed
BEN-002314,Cynthia,Rotich,Female,Bungoma,Vocational,Motor Vehicle Mechanics,Bungoma Technical Training Institute,82.3,Completed,Certified,Unemployed,2025-09-27,Q3 2025,completed
BEN-002330,Jerop,Maina,Female,Nairobi,Vocational,Agriculture,Nairobi TVET,83.5,In Progress,Pending,Self-Employed,2026-05-24,Q2 2026,active
BEN-002333,Boniface,Wanjiku,Male,Kiambu,Vocational,Beauty Therapy,Thika Technical Training Institute,91.9,In Progress,Pending,Unemployed,2026-04-11,Q2 2026,active
BEN-002336,Anthony,Korir,Male,Kiambu,Vocational,Cooking & Catering,Thika Technical Training Institute,73.5,In Progress,Pending,Unemployed,2026-07-17,Q3 2026,active
BEN-002338,Chepkoech,Onyango,Female,Nakuru,Vocational,Hairdressing,Nakuru Vocational Training Centre,100.0,Dropped,Not Certified,Unemployed,2025-11-10,Q4 2025,dropped_out
BEN-002339,Achieng,Barasa,Female,Uasin Gishu,Vocational,Motor Vehicle Mechanics,Eldoret Polytechnic,70.2,Dropped,Not Certified,Unemployed,2025-03-17,Q1 2025,dropped_out
BEN-002341,Onyango,Wekesa,Male,Nairobi,Vocational,Hairdressing,Nairobi TVET,89.2,COMPLETED,Certified,Self-Employed,2026-02-01,Q1 2026,completed
BEN-002344,Mumbi,Cheruiyot,Female,Kisumu,Vocational,Carpentry,Kisumu Technical Training Institute,74.3,In Progress,Pending,Unemployed,2026-09-15,Q3 2026,active
BEN-002345,Kipchoge,Mbogo,m,Bungoma,Vocational,Cooking & Catering,Bungoma Technical Training Institute,75.0,In Progress,Pending,Unemployed,2025-12-21,Q4 2025,active
BEN-002347,Akinyi,Njenga,Female,Kiambu,Vocational,Electrical Installation,Thika Technical Training Institute,100.0,Dropped,Not Certified,Employed,2025-07-12,Q3 2025,dropped_out
BEN-002348,Joseph,Kuria,Male,Kisumu,Vocational,Welding,Kisumu Technical Training Institute,71.1,Dropped,Not Certified,Self-Employed,2025-08-05,Q3 2025,dropped_out
BEN-002365,Wanjiku,Kamau,Female,Kakamega,Vocational,Cooking & Catering,Kakamega Technical Training Institute,72.3,In Progress,Pending,Employed,2026-09-07,Q3 2026,active
BEN-002366,Korir,Kuria,Male,Kiambu,Vocational,Cooking & Catering,Thika Technical Training Institute,73.4,Dropped,Not Certified,Employed,2025-01-12,Q1 2025,dropped_out
BEN-002380,Chepkoech,Wafula,Female,Nyeri,Vocational,Tailoring,Nyeri Technical Training Institute,79.8,Completed,Certified,Self-Employed,2025-11-28,Q4 2025,completed
BEN-002386,Njeri,Kariuki,Female,Mombasa,Vocational,Welding,Mombasa Technical Training Institute,79.9,Completed,Certified,Employed,2025-11-08,Q4 2025,completed
BEN-002391,Faith,Kariuki,Female,Nyeri,Vocational,Carpentry,Nyeri Technical Training Institute,69.6,In Progress,Pending,Self-Employed,2026-05-09,Q2 2026,active
BEN-002394,Joseph,Matano,Male,Mombasa,Vocational,Hairdressing,Mombasa Technical Training Institute,67.6,Completed,Pending,Unemployed,2025-05-12,Q2 2025,completed
BEN-002396,Kipchoge,Kiptoo,Male,Kakamega,Vocational,Welding,Kakamega Technical Training Institute,74.0,Completed,Certified,Unemployed,2025-08-04,Q3 2025,completed
BEN-002402,Samuel,Kariuki,Male,Muranga,Vocational,Carpentry,Nyeri Technical Training Institute,80.1,In Progress,Pending,Unemployed,2026-06-03,Q2 2026,active
BEN-002421,Jerop,Maina,Female,MOMBASA,Vocational,Hairdressing,Mombasa Technical Training Institute,70.5,In Progress,Pending,Self-Employed,2026-03-13,Q1 2026,active
BEN-002426,Nyambura,Juma,Female,Kisii,Vocational,Cooking & Catering,Kisii National Polytechnic,74.1,In Progress,Pending,Unemployed,2026-09-08,Q3 2026,active
BEN-002427,Peter,Juma,Male,Nairobi,Vocational,Electrical Installation,Nairobi TVET,83.4,In Progress,Pending,Self-Employed,2026-07-01,Q3 2026,active
BEN-002435,Gathoni,Achieng,Female,Kilifi,Vocational,Motor Vehicle Mechanics,Kilifi Vocational Training Centre,74.6,Completed,Pending,Unemployed,2025-08-22,Q3 2025,completed
BEN-002444,Esther,Kuria,Female,Nakuru,Vocational,Carpentry,Nakuru Vocational Training Centre,88.5,In Progress,Pending,Unemployed,2025-11-17,Q4 2025,active
BEN-002446,Otieno,Chebet,Male,Kajiado,Vocational,Plumbing,Eldoret Polytechnic,95.1,In Progress,Pending,Self-Employed,2026-04-23,Q2 2026,active
BEN-002451,Kipchoge,Mwangi,Male,Kakamega,Vocational,Welding,Kakamega Technical Training Institute,78.7,In Progress,Pending,Unemployed,2026-04-29,Q2 2026,active
BEN-002453,Chebet,Nyambane,Female,Meru,Vocational,Beauty Therapy,Meru Technical Training Institute,91.6,Dropped,Not Certified,Employed,2025-06-07,Q2 2025,dropped_out
BEN-002459,Kiptoo,Musyoka,Male,Nakuru,Vocational,Motor Vehicle Mechanics,Nakuru Vocational Training Centre,73.7,Completed,Certified,Employed,2026-01-30,Q1 2026,completed
BEN-002460,Simon,Chebet,Male,Kisumu,Vocational,Carpentry,Kisumu Technical Training Institute,65.7,In Progress,Pending,Employed,2026-02-02,Q1 2026,active
BEN-002462,Kilonzo,Bett,Male,Muranga,Vocational,Beauty Therapy,Kilifi Vocational Training Centre,78.1,In Progress,Pending,Unemployed,2026-01-14,Q1 2026,active
BEN-002472,Samuel,Matano,Male,Muranga,Vocational,Agriculture,Thika Technical Training Institute,63.0,Completed,Certified,Self-Employed,2025-08-08,Q3 2025,completed
BEN-002474,Gathoni,Mwakio,f,Kisumu,Vocational,Welding,Kisumu Technical Training Institute,70.0,Completed,Certified,Unemployed,2025-07-08,Q3 2025,completed
BEN-002479,Wanjiru,Kuria,Female,Kiambu,Vocational,Motor Vehicle Mechanics,Thika Technical Training Institute,78.4,In Progress,Pending,Unemployed,2026-05-21,Q2 2026,active
BEN-002482,Kamau,Mwangi,Male,Kiambu,Vocational,Tailoring,Thika Technical Training Institute,97.9,In Progress,Pending,Unemployed,2026-06-19,Q2 2026,active
BEN-002484,Njeri,Njoroge,Female,Mombasa,Vocational,Plumbing,Mombasa Technical Training Institute,86.6,In Progress,Pending,Unemployed,2026-01-30,Q1 2026,active
BEN-002491,Odhiambo,Ngugi,Male,Nairobi,Vocational,Cooking & Catering,Nairobi TVET,90.0,Completed,Certified,Employed,2025-06-08,Q2 2025,completed
BEN-002493,Brenda,Kamau,Female,Uasin Gishu,Vocational,Motor Vehicle Mechanics,Eldoret Polytechnic,91.1,In Progress,Pending,Unemployed,2026-04-18,Q2 2026,active
BEN-002496,Korir,Baya,Male,Kiambu,Vocational,Carpentry,Thika Technical Training Institute,89.9,In Progress,Pending,Unemployed,2026-05-03,Q2 2026,active
BEN-002503,John,Chebet,m,Nairobi,Vocational,Welding,Nairobi TVET,73.0,Completed,Certified,Self-Employed,2025-12-28,Q4 2025,completed
BEN-002505,John,Chebet,m,Meru,Vocational,Welding,Meru Technical Training Institute,79.3,Completed,Certified,Self-Employed,2025-09-11,Q3 2025,completed
BEN-002509,Cynthia,Mwangi,Female,Meru,Vocational,Tailoring,Meru Technical Training Institute,91.7,In Progress,Pending,Unemployed,2025-10-24,Q4 2025,active
BEN-002512,Joy,Mwangi,Female,Mombasa,Vocational,Electrical Installation,Mombasa Technical Training Institute,71.7,Completed,Certified,Unemployed,2025-10-31,Q4 2025,completed
BEN-002520,Isaac,Kuria,Male,Meru County,Vocational,Electrical Installation,Meru Technical Training Institute,78.4,In Progress,Pending,Unemployed,2025-11-17,Q4 2025,active
BEN-002528,Patrick,Mutiso,Male,Muranga,Vocational,Motor Vehicle Mechanics,Nakuru Vocational Training Centre,96.8,In Progress,Pending,Unemployed,2026-05-05,Q2 2026,active
BEN-002531,Joseph,Barasa,Male,Nakuru,Vocational,Hairdressing,Nakuru Vocational Training Centre,87.9,Completed,Certified,Employed,2025-08-31,Q3 2025,completed
BEN-002543,Musyoka,Omondi,male,Nairobi,Vocational,Plumbing,Nairobi TVET,98.9,In Progress,Pending,Unemployed,2026-09-15,Q3 2026,active
BEN-002545,Daniel,Charo,M,Nairobi,Vocational,Hairdressing,Nairobi TVET,84.2,Completed,Certified,Self-Employed,2025-10-10,Q4 2025,completed
BEN-002562,Akinyi,Kimani,Female,Nairobi,Vocational,Cooking & Catering,Nairobi TVET,86.3,Completed,Certified,Employed,2025-07-18,Q3 2025,completed
BEN-002563,Anthony,Matano,Male,Kisii,Vocational,Motor Vehicle Mechanics,Kisii National Polytechnic,89.5,In Progress,Pending,Unemployed,2026-07-07,Q3 2026,active
BEN-002567,Emily,Katana,Female,Kajiado,Vocational,Welding,Nakuru Vocational Training Centre,66.7,Completed,Certified,Employed,2025-07-30,Q3 2025,completed
BEN-002573,Naisula,Kariuki,Female,Nairobi,Vocational,Beauty Therapy,Nairobi TVET,88.9,In Progress,Pending,Unemployed,2026-05-11,Q2 2026,active
BEN-002574,Korir,Hassan,Male,Bungoma,Vocational,Plumbing,Bungoma Technical Training Institute,73.9,In Progress,Pending,Unemployed,2026-05-06,Q2 2026,active
BEN-002579,Neema,Ngugi,f,muranga,Vocational,Agriculture,Machakos Institute of Technology,71.1,In Progress,Pending,Unemployed,2026-07-20,Q3 2026,active
BEN-002580,Wekesa,Musyoka,Male,Mombasa,Vocational,Welding,Mombasa Technical Training Institute,71.9,Dropped,Not Certified,Employed,2026-03-12,Q1 2026,dropped_out
BEN-002589,Grace,Mwakio,Female,KIAMBU,Vocational,Tailoring,Thika Technical Training Institute,77.7,dropped out,Not Certified,Employed,2025-11-04,Q4 2025,dropped_out
BEN-002595,Wanjiku,Onyango,Female,Kiambu,Vocational,Electrical Installation,Thika Technical Training Institute,73.2,In Progress,Pending,Self-Employed,2026-03-09,Q1 2026,active
BEN-002600,Kevin,Kiptoo,Male,Kajiado,Vocational,Welding,Mombasa Technical Training Institute,80.5,Completed,Certified,Unemployed,2025-09-25,Q3 2025,completed
BEN-002605,Ali,Njenga,Male,Uasin Gishu,Vocational,Tailoring,Eldoret Polytechnic,87.2,Dropped,Not Certified,Unemployed,2025-12-22,Q4 2025,dropped_out
BEN-002614,Collins,Katana,Male,nairobi,Vocational,Welding,Nairobi TVET,88.4,Completed,Pending,Employed,2025-12-14,Q4 2025,completed
BEN-002620,Faith,Kiptoo,Female,Nairobi,Vocational,Electrical Installation,Nairobi TVET,89.9,In Progress,Pending,Unemployed,2026-07-22,Q3 2026,active
BEN-002626,Kiptoo,Omondi,Male,Nairobi,Vocational,Agriculture,Nairobi TVET,84.4,In Progress,Pending,Unemployed,2026-05-27,Q2 2026,active
BEN-002631,Nkatha,Nduta,Female,Kisumu,Vocational,Electrical Installation,Kisumu Technical Training Institute,81.9,Completed,Certified,Employed,2025-09-10,Q3 2025,completed
BEN-002637,Diana,Onyango,Female,Nairobi,Vocational,Tailoring,Nairobi TVET,83.6,Completed,Certified,Unemployed,2025-08-23,Q3 2025,completed
BEN-002642,Kendi,Chebet,Female,Kakamega,Vocational,Hairdressing,Kakamega Technical Training Institute,67.6,complete,Certified,Self-Employed,2025-02-12,Q1 2025,completed
BEN-002644,Zawadi,Kimani,Female,Bungoma,Vocational,Plumbing,Bungoma Technical Training Institute,59.2,In Progress,Pending,Unemployed,2026-08-01,Q3 2026,active
BEN-002645,Beatrice,Cheruiyot,Female,Kiambu County,Vocational,Carpentry,Thika Technical Training Institute,78.0,Dropped,Not Certified,Unemployed,2026-02-22,Q1 2026,dropped_out
BEN-002658,Grace,Mwakio,Female,Nakuru,Vocational,Hairdressing,Nakuru Vocational Training Centre,82.6,In Progress,Pending,Self-Employed,2026-08-06,Q3 2026,active
BEN-002660,Chepkoech,Hassan,Female,Muranga,Vocational,Hairdressing,Nyeri Technical Training Institute,91.7,In Progress,Pending,Unemployed,2026-06-25,Q2 2026,active
BEN-002663,Cheruiyot,Omondi,Male,Kiambu,Vocational,Motor Vehicle Mechanics,Thika Technical Training Institute,93.4,In Progress,Pending,Self-Employed,2026-06-05,Q2 2026,active
BEN-002665,Barasa,Barasa,Male,Mombasa,Vocational,Electrical Installation,Mombasa Technical Training Institute,80.0,In Progress,Pending,Unemployed,2026-04-14,Q2 2026,active
BEN-002679,Vincent,Wekesa,Male,Nakuru,Vocational,Welding,Nakuru Vocational Training Centre,71.3,In Progress,Pending,Unemployed,2026-04-15,Q2 2026,active
BEN-002686,Barasa,Koech,Male,Meru,Vocational,Beauty Therapy,Meru Technical Training Institute,85.5,In Progress,Pending,Unemployed,2026-02-25,Q1 2026,active
BEN-002688,Juma,Wafula,Male,Nairobi,Vocational,Tailoring,Nairobi TVET,91.5,In Progress,Pending,Employed,2026-04-09,Q2 2026,active
BEN-002691,Patrick,Bett,Male,uasin gishu,Vocational,Carpentry,Eldoret Polytechnic,64.0,Completed,Certified,Internship,2025-08-10,Q3 2025,completed
BEN-002693,Nasieku,Matano,F,Meru,Vocational,Agriculture,Meru Technical Training Institute,86.9,In Progress,Pending,Unemployed,2026-01-16,Q1 2026,active
BEN-002696,Mercy,Bett,Female,Bungoma,Vocational,Agriculture,Bungoma Technical Training Institute,62.2,Completed,Pending,Employed,2026-01-28,Q1 2026,completed
BEN-002717,Akinyi,Owino,Female,Nairobi,Vocational,Plumbing,Nairobi TVET,92.9,Completed,Certified,Employed,2025-07-22,Q3 2025,completed
BEN-002724,Cheruiyot,Maina,Male,Mombasa,Vocational,Beauty Therapy,Mombasa Technical Training Institute,71.0,In Progress,Pending,Unemployed,2026-05-18,Q2 2026,active
BEN-002729,Kendi,Hassan,female,Muranga,Vocational,Plumbing,Kisumu Technical Training Institute,81.4,In Progress,Pending,Self-Employed,2026-01-07,Q1 2026,active
BEN-002737,Atieno,Wekesa,Female,Uasin Gishu,Vocational,Hairdressing,Eldoret Polytechnic,82.7,Completed,Certified,Internship,2026-03-23,Q1 2026,completed
BEN-002751,Wangari,Rotich,Female,Kisumu,Vocational,Motor Vehicle Mechanics,Kisumu Technical Training Institute,75.1,In Progress,Pending,Unemployed,2026-07-05,Q3 2026,active
BEN-002768,David,Wafula,Male,Nairobi,Vocational,Welding,Nairobi TVET,94.0,Completed,Certified,Self-Employed,2025-11-02,Q4 2025,completed
BEN-002799,Wanjiku,Gitau,Female,Muranga,Vocational,Carpentry,Eldoret Polytechnic,81.3,In Progress,Pending,Employed,2026-03-09,Q1 2026,active
BEN-002802,Wanjiku,Kamau,Female,Kiambu,Vocational,Tailoring,Thika Technical Training Institute,86.7,Completed,Certified,Unemployed,2025-12-28,Q4 2025,completed
BEN-002805,Achieng,Korir,FEMALE,Kiambu,Vocational,Welding,Thika Technical Training Institute,92.9,In Progress,Pending,Unemployed,2026-07-12,Q3 2026,active
BEN-002809,Purity,Musyoka,Female,Mombasa,Vocational Program,Plumbing,Mombasa Technical Training Institute,92.6,In Progress,Pending,Unemployed,2026-06-03,Q2 2026,active
BEN-002810,Purity,Njoroge,Female,Nyeri,Vocational,Hairdressing,Nyeri Technical Training Institute,79.0,Completed,Certified,Employed,2025-09-30,Q3 2025,completed
BEN-002813,Abdi,Nyambane,Male,Nyeri,Vocational,Hairdressing,Nyeri Technical Training Institute,81.4,Completed,Certified,Internship,2025-12-05,Q4 2025,completed
BEN-002820,Gathoni,Mutua,FEMALE,Kiambu,Vocational,Electrical Installation,Thika Technical Training Institute,77.4,Completed,Certified,Employed,2025-10-28,Q4 2025,completed
BEN-002823,Mumbi,Njenga,Female,Nairobi,Vocational,Electrical Installation,Nairobi TVET,78.3,In Progress,Pending,Unemployed,2026-07-28,Q3 2026,active
BEN-002832,Joy,Njoroge,Female,Nairobi,Vocational,Hairdressing,Nairobi TVET,92.4,In Progress,Pending,Self-Employed,2026-02-15,Q1 2026,active
BEN-002835,Victor,Koech,Male,Kisumu,Vocational,Agriculture,Kisumu Technical Training Institute,77.2,In Progress,Pending,Employed,2026-06-26,Q2 2026,active
BEN-002844,Nicholas,Achieng,Male,Kiambu,Vocational,Hairdressing,Thika Technical Training Institute,77.9,In Progress,Pending,Unemployed,2026-09-07,Q3 2026,active
BEN-002847,Nasieku,Wafula,Female,Nairobi,Vocational,Welding,Nairobi TVET,99.8,In Progress,Pending,Unemployed,2025-11-19,Q4 2025,active
BEN-002851,Brenda,Chebet,Female,nairobi,Vocational,Tailoring,Nairobi TVET,95.9,In Progress,Pending,Unemployed,2025-12-10,Q4 2025,active
BEN-002852,Kipchoge,Wafula,Male,Kakamega,Vocational,Cooking & Catering,Kakamega Technical Training Institute,77.6,In Progress,Pending,Self-Employed,2025-10-02,Q4 2025,active
BEN-002857,Jerop,Otieno,Female,Kiambu,Vocational,Agriculture,Thika Technical Training Institute,96.6,Completed,Certified,Employed,2025-11-17,Q4 2025,completed
BEN-002862,Nkatha,Omondi,Female,Nakuru,Vocational,Motor Vehicle Mechanics,Nakuru Vocational Training Centre,93.3,In Progress,Pending,Unemployed,2026-02-20,Q1 2026,active
BEN-002870,Dennis,Baya,m,Kisii,Vocational,Cooking & Catering,Kisii National Polytechnic,83.6,Completed,Certified,Employed,2025-07-10,Q3 2025,completed
BEN-002875,Beatrice,Njenga,Female,Mombasa,Vocational,Cooking & Catering,Mombasa Technical Training Institute,86.7,In Progress,Pending,Unemployed,2025-12-19,Q4 2025,active
BEN-002877,Francis,Otieno,Male,Kiambu,Vocational,Carpentry,Thika Technical Training Institute,100.0,In Progress,Pending,Unemployed,2026-07-21,Q3 2026,active
BEN-002878,Dennis,Koech,Male,Kiambu,Vocational,Hairdressing,Thika Technical Training Institute,96.9,In Progress,Pending,Unemployed,2026-07-01,Q3 2026,active
BEN-002886,Odhiambo,Kariuki,Male,Meru,Vocational,Hairdressing,Meru Technical Training Institute,73.3,In Progress,Pending,Employed,2026-08-22,Q3 2026,active
BEN-002893,Amina,Ngugi,Female,Mombasa,Vocational,Hairdressing,Mombasa Technical Training Institute,67.8,In Progress,Pending,Unemployed,2026-08-01,Q3 2026,active
BEN-002902,Grace,Korir,Female,Nairobi,Vocational,Cooking & Catering,Nairobi TVET,83.2,In Progress,Pending,Employed,2026-01-15,Q1 2026,active
BEN-002911,Beatrice,Njoroge,Female,Nairobi,Vocational,Plumbing,Nairobi TVET,65.4,In Progress,Pending,Unemployed,2026-05-26,Q2 2026,active
BEN-002920,Vincent,Kariuki,Male,Nairobi,Vocational,Welding,Nairobi TVET,77.6,In Progress,Pending,Employed,2026-06-11,Q2 2026,active
BEN-002923,Cynthia,Barasa,female,Meru,Vocational,Agriculture,Meru Technical Training Institute,74.3,In Progress,Pending,Employed,2026-03-17,Q1 2026,active
BEN-002927,Jerop,Hassan,Female,Nairobi,Vocational,Welding,Nairobi TVET,90.1,In Progress,Pending,Self-Employed,2026-07-13,Q3 2026,active
BEN-002941,Nasieku,Gitau,F,Nairobi,Vocational,Cooking & Catering,Nairobi TVET,81.4,In Progress,Pending,Employed,2026-08-25,Q3 2026,active
BEN-002942,Peter,Charo,M,Nairobi,Vocational,Hairdressing,Nairobi TVET,87.2,In Progress,Pending,Unemployed,2026-01-15,Q1 2026,active
BEN-002943,Barasa,Mwangi,Male,machakos,Vocational,Electrical Installation,Machakos Institute of Technology,78.6,In Progress,Pending,Unemployed,2026-08-02,Q3 2026,active
BEN-002946,Wanjiku,Cheruiyot,Female,nairobi,Vocational,Agriculture,Nairobi TVET,90.9,In Progress,Pending,Employed,2026-09-04,Q3 2026,active
BEN-002947,Emmanuel,Njoroge,Male,Nyeri,Vocational,Plumbing,Nyeri Technical Training Institute,89.3,In Progress,Pending,Unemployed,2026-08-14,Q3 2026,active
BEN-002950,Purity,Wekesa,Female,Nakuru,Vocational,Electrical Installation,Nakuru Vocational Training Centre,88.0,In Progress,Pending,Self-Employed,2026-07-25,Q3 2026,active
BEN-002951,Nyambura,Mutua,Female,Kiambu,Vocational,Beauty Therapy,Thika Technical Training Institute,90.0,Dropped,Not Certified,Unemployed,2025-05-21,Q2 2025,dropped_out
BEN-002973,Wangari,Koech,Female,Kisii,Vocational,Electrical Installation,Kisii National Polytechnic,78.3,Completed,Pending,Employed,2026-02-20,Q1 2026,completed
BEN-002981,Esther,Mohamed,Female,Kiambu,Vocational,Hairdressing,Thika Technical Training Institute,69.7,In Progress,Pending,Unemployed,2026-01-25,Q1 2026,active
BEN-002989,Purity,Maina,Female,Nairobi,Vocational,Welding,Nairobi TVET,100.0,dropped out,Not Certified,Self-Employed,2025-07-25,Q3 2025,dropped_out
BEN-002996,Nicholas,Wanjiku,Male,Mombasa,Vocational,Agriculture,Mombasa Technical Training Institute,64.3,In Progress,Pending,Self-Employed,2026-08-01,Q3 2026,active
BEN-003000,Nyambura,Nduta,Female,Kiambu,Vocational,Motor Vehicle Mechanics,Thika Technical Training Institute,85.2,In Progress,Pending,Employed,2026-01-12,Q1 2026,active
BEN-003019,Sharon,Otieno,Female,Muranga,Vocational,Cooking & Catering,Nakuru Vocational Training Centre,83.5,COMPLETED,Pending,Employed,2025-06-15,Q2 2025,completed
BEN-003024,Omondi,Gitau,Male,Machakos,Vocational,Welding,Machakos Institute of Technology,72.4,Completed,Certified,Unemployed,2025-05-12,Q2 2025,completed
BEN-003029,Achieng,Wanjiku,female,Kajiado,Vocational,Hairdressing,Machakos Institute of Technology,76.5,In Progress,Pending,Unemployed,2026-08-26,Q3 2026,active
BEN-003042,Akinyi,Hassan,Female,Nakuru,Vocational,Agriculture,Nakuru Vocational Training Centre,85.5,In Progress,Pending,Unemployed,2026-08-20,Q3 2026,active
BEN-003043,Baraka,Musyoka,Male,Muranga,Vocational,Hairdressing,Bungoma Technical Training Institute,77.5,In Progress,Pending,Self-Employed,2026-02-03,Q1 2026,active
BEN-003052,Brenda,Gitau,Female,Kakamega,Vocational,Cooking & Catering,Kakamega Technical Training Institute,66.0,In Progress,Pending,Unemployed,2026-08-15,Q3 2026,active
BEN-003069,Otieno,Charo,Male,Kisumu,Vocational,Hairdressing,Kisumu Technical Training Institute,69.4,In Progress,Pending,Unemployed,2026-07-01,Q3 2026,active
BEN-003070,John,Kiptoo,Male,Muranga,Vocational,Beauty Therapy,Kilifi Vocational Training Centre,84.5,Completed,Certified,Internship,2025-10-14,Q4 2025,completed
BEN-003076,Kipchoge,Rotich,Male,Nairobi,Vocational,Motor Vehicle Mechanics,Nairobi TVET,92.2,In Progress,Pending,Unemployed,2026-05-18,Q2 2026,active
BEN-003077,Kevin,Kimani,Male,Nakuru,Vocational,Motor Vehicle Mechanics,Nakuru Vocational Training Centre,71.8,In Progress,Pending,Self-Employed,2026-06-11,Q2 2026,active
BEN-003093,Stephen,Kilonzo,Male,Meru,Vocational,Welding,Meru Technical Training Institute,84.5,In Progress,Pending,Unemployed,2026-04-23,Q2 2026,active
BEN-003096,Wekesa,Wafula,Male,Kiambu,Vocational,Electrical Installation,Thika Technical Training Institute,90.1,In Progress,Pending,Unemployed,2026-03-01,Q1 2026,active
BEN-003100,Cherono,Baya,Female,Nakuru,Vocational,Plumbing,Nakuru Vocational Training Centre,69.2,In Progress,Pending,Unemployed,2026-06-25,Q2 2026,active
BEN-003115,Isaac,Hassan,Male,Nakuru,Vocational,Hairdressing,Nakuru Vocational Training Centre,84.6,In Progress,Pending,Unemployed,2026-03-16,Q1 2026,active
BEN-003118,Nasieku,Nduta,Female,Kiambu,Vocational,Tailoring,Thika Technical Training Institute,74.1,In Progress,Pending,Self-Employed,2026-06-23,Q2 2026,active
BEN-003125,Joseph,Cheruiyot,Male,bungoma,Vocational,Cooking & Catering,Bungoma Technical Training Institute,79.5,Dropped,Not Certified,Employed,2025-02-18,Q1 2025,dropped_out
BEN-003130,Odhiambo,Chebet,Male,Nairobi,Vocational,Agriculture,Nairobi TVET,100.0,complete,Certified,Unemployed,2025-02-06,Q1 2025,completed
BEN-003135,Naisula,Bett,Female,Kiambu,Vocational,Cooking & Catering,Thika Technical Training Institute,99.3,In Progress,Pending,Employed,2025-10-11,Q4 2025,active
BEN-003142,Cynthia,Hassan,Female,Nairobi,Vocational,Beauty Therapy,Nairobi TVET,96.0,In Progress,Pending,Employed,2026-09-04,Q3 2026,active
BEN-003147,Omondi,Nduta,Male,nairobi,Vocational,Electrical Installation,Nairobi TVET,95.8,In Progress,Pending,Employed,2026-07-23,Q3 2026,active
BEN-003152,Joseph,Cheruiyot,Male,Nyeri,Vocational,Carpentry,Nyeri Technical Training Institute,97.0,In Progress,Pending,Employed,2026-09-01,Q3 2026,active
BEN-003159,Barasa,Onyango,Male,Bungoma,Vocational,Motor Vehicle Mechanics,Bungoma Technical Training Institute,97.3,In Progress,Pending,Employed,2026-04-16,Q2 2026,active
BEN-003163,Atieno,Mutua,Female,Kisumu,Vocational,Tailoring,Kisumu Technical Training Institute,70.6,In Progress,Pending,Unemployed,2026-01-16,Q1 2026,active
BEN-003170,Cherono,Mutua,Female,Nairobi,Vocational,Cooking & Catering,Nairobi TVET,85.0,In Progress,Pending,Employed,2026-09-13,Q3 2026,active
BEN-003178,Purity,Abdi,Female,Kisumu,Vocational,Beauty Therapy,Kisumu Technical Training Institute,80.3,Completed,Pending,Self-Employed,2025-05-21,Q2 2025,completed
BEN-003181,Odhiambo,Kimani,Male,Kakamega,Vocational,Beauty Therapy,Kakamega Technical Training Institute,89.6,In Progress,Pending,Self-Employed,2026-06-12,Q2 2026,active
BEN-003182,Odhiambo,Koech,Male,Nairobi,Vocational,Motor Vehicle Mechanics,Nairobi TVET,61.8,Completed,Certified,Employed,2025-07-04,Q3 2025,completed
BEN-003183,Mutua,Chebet,Male,Kakamega,Vocational,Electrical Installation,Kakamega Technical Training Institute,82.9,In Progress,Pending,Employed,2026-06-08,Q2 2026,active
BEN-003185,Abdi,Mwangi,Male,Nakuru,Vocational,Hairdressing,Nakuru Vocational Training Centre,65.0,In Progress,Pending,Unemployed,2026-04-10,Q2 2026,active
BEN-003186,Patrick,Abdi,Male,Uasin Gishu,Vocational,Agriculture,Eldoret Polytechnic,86.7,Completed,Certified,Employed,2025-07-07,Q3 2025,completed
BEN-003191,David,Odhiambo,Male,Bungoma,Vocational,Tailoring,Bungoma Technical Training Institute,74.1,In Progress,Pending,Self-Employed,2026-05-24,Q2 2026,active
BEN-003194,Grace,Otieno,female,Uasin Gishu,Vocational,Carpentry,Eldoret Polytechnic,87.2,In Progress,Pending,Unemployed,2026-04-12,Q2 2026,active
BEN-003197,John,Bett,Male,Nakuru County,Vocational,Electrical Installation,Nakuru Vocational Training Centre,91.3,In Progress,Pending,Self-Employed,2026-05-07,Q2 2026,active
BEN-003199,Caroline,Nyambane,Female,Nakuru,Vocational,Welding,Nakuru Vocational Training Centre,86.0,Completed,Certified,Unemployed,2025-01-25,Q1 2025,completed
BEN-003201,Brian,Ngugi,Male,Nairobi,Vocational,Motor Vehicle Mechanics,Nairobi TVET,94.9,In Progress,Pending,Unemployed,2026-09-03,Q3 2026,active
BEN-003208,Kipchoge,Matano,Male,Kakamega,Vocational,Beauty Therapy,Kakamega Technical Training Institute,68.4,In Progress,Pending,Unemployed,2026-05-19,Q2 2026,active
BEN-003215,Caroline,Onyango,Female,Mombasa,Vocational,Agriculture,Mombasa Technical Training Institute,61.0,Dropped,Not Certified,Unemployed,2025-06-21,Q2 2025,dropped_out
BEN-003220,Francis,Kilonzo,Male,Kisumu,Vocational,Cooking & Catering,Kisumu Technical Training Institute,81.9,In Progress,Pending,Unemployed,2026-09-11,Q3 2026,active
BEN-003224,Naisula,Hassan,Female,Kisumu,Vocational,Hairdressing,Kisumu Technical Training Institute,68.5,In Progress,Pending,Unemployed,2026-07-04,Q3 2026,active
BEN-003244,Mercy,Onyango,Female,Meru,Vocational,Carpentry,Meru Technical Training Institute,81.2,In Progress,Pending,Unemployed,2025-11-18,Q4 2025,active
BEN-003251,Abdi,Bett,Male,Kilifi,Vocational,Hairdressing,Kilifi Vocational Training Centre,71.4,In Progress,Pending,Employed,2026-01-22,Q1 2026,active
BEN-003258,Wanjiru,Maina,Female,Mombasa,Vocational,Agriculture,Mombasa Technical Training Institute,79.9,Completed,Certified,Self-Employed,2025-07-18,Q3 2025,completed
BEN-003266,Wangari,Mbogo,Female,Kisumu,Vocational,Cooking & Catering,Kisumu Technical Training Institute,72.4,In Progress,Pending,Unemployed,2026-08-31,Q3 2026,active
BEN-003284,Neema,Mbogo,Female,KIAMBU,Vocational,Tailoring,Thika Technical Training Institute,100.0,In Progress,Pending,Unemployed,2025-11-16,Q4 2025,active
BEN-003290,Kipchoge,Kariuki,Male,Nairobi,Vocational,Beauty Therapy,Nairobi TVET,100.0,dropped out,Not Certified,Unemployed,2025-04-07,Q2 2025,dropped_out
BEN-003292,Peter,Musyoka,Male,Nairobi,Vocational,Beauty Therapy,Nairobi TVET,73.3,In Progress,Pending,Unemployed,2026-06-03,Q2 2026,active
BEN-003298,Zawadi,Njenga,Female,Uasin Gishu,Vocational,Agriculture,Eldoret Polytechnic,82.3,In Progress,Pending,Unemployed,2026-07-06,Q3 2026,active
BEN-003303,Akinyi,Juma,Female,Nairobi,Vocational,Carpentry,Nairobi TVET,92.2,In Progress,Pending,Employed,2026-06-14,Q2 2026,active
BEN-003310,Brenda,Gitau,Female,Nyeri,Vocational,Cooking & Catering,Nyeri Technical Training Institute,93.3,In Progress,Pending,Employed,2026-06-27,Q2 2026,active
BEN-003321,Kendi,Mutiso,Female,Nairobi,Vocational,Agriculture,Nairobi TVET,92.3,Completed,Certified,Unemployed,2025-06-29,Q2 2025,completed
BEN-003323,Neema,Ochieng,Female,Meru,Vocational,Hairdressing,Meru Technical Training Institute,84.8,Completed,Certified,Self-Employed,2025-08-20,Q3 2025,completed
BEN-003324,Jerop,Mutua,Female,Kisii,Vocational,Carpentry,Kisii National Polytechnic,89.8,In Progress,Pending,Self-Employed,2026-05-27,Q2 2026,active
BEN-003336,Chepkoech,Wafula,Female,Nairobi,Vocational,Hairdressing,Nairobi TVET,82.0,In Progress,Pending,Unemployed,2026-09-23,Q3 2026,active
BEN-003339,Francis,Cheruiyot,Male,Mombasa,Vocational,Agriculture,Mombasa Technical Training Institute,68.4,Completed,Certified,Employed,2025-08-13,Q3 2025,completed
BEN-003359,Anthony,Nduta,Male,Meru County,Vocational,Agriculture,Meru Technical Training Institute,78.5,Completed,Pending,Unemployed,2025-07-05,Q3 2025,completed
BEN-003361,Sharon,Juma,Female,Kisumu,Vocational,Welding,Kisumu Technical Training Institute,81.2,complete,Certified,Self-Employed,2026-03-10,Q1 2026,completed
BEN-003363,David,Mwangi,Male,Meru,Vocational,Motor Vehicle Mechanics,Meru Technical Training Institute,69.6,In Progress,Pending,Employed,2026-09-19,Q3 2026,active
BEN-003368,Anthony,Abdi,Male,Kilifi,Vocational,Hairdressing,Kilifi Vocational Training Centre,73.8,In Progress,Pending,Self-Employed,2025-10-12,Q4 2025,active
BEN-003369,Wekesa,Kamau,Male,Bungoma,Vocational,Beauty Therapy,Bungoma Technical Training Institute,69.2,Completed,Certified,Employed,2025-04-04,Q2 2025,completed
BEN-003373,Rotich,Koech,Male,Mombasa,Vocational,Motor Vehicle Mechanics,Mombasa Technical Training Institute,88.2,Completed,Certified,Employed,2025-08-25,Q3 2025,completed
BEN-003379,Akinyi,Odhiambo,Female,Nairobi,Vocational,Hairdressing,Nairobi TVET,80.2,Completed,Certified,Self-Employed,2025-08-05,Q3 2025,completed
BEN-003399,Peter,Koech,Male,Kiambu,Vocational,Carpentry,Thika Technical Training Institute,83.5,In Progress,Pending,Self-Employed,2026-08-12,Q3 2026,active
BEN-003401,Kevin,Baya,Male,Kisii,Vocational,Cooking & Catering,Kisii National Polytechnic,79.2,Completed,Certified,Unemployed,2025-06-01,Q2 2025,completed
BEN-003417,David,Nduta,Male,Nakuru,Vocational,Hairdressing,Nakuru Vocational Training Centre,84.3,In Progress,Pending,Unemployed,2026-05-16,Q2 2026,active
BEN-003419,Victor,Baya,Male,Kisumu,Vocational,Hairdressing,Kisumu Technical Training Institute,65.3,Completed,Certified,Internship,2025-01-09,Q1 2025,completed
BEN-003423,Halima,Achieng,Female,Kisumu,Vocational,Motor Vehicle Mechanics,Kisumu Technical Training Institute,66.5,In Progress,Pending,Unemployed,2026-04-20,Q2 2026,active
BEN-003424,Simon,Koech,Male,Uasin Gishu,Vocational,Hairdressing,Eldoret Polytechnic,100.0,In Progress,Pending,Unemployed,2026-08-18,Q3 2026,active
BEN-003428,Kagure,Musyoka,Female,Nairobi,Vocational,Cooking & Catering,Nairobi TVET,73.5,In Progress,Pending,Employed,2025-12-15,Q4 2025,active
BEN-003435,Kamau,Odhiambo,Male,Kakamega,Vocational,Agriculture,Kakamega Technical Training Institute,79.1,In Progress,Pending,Unemployed,2026-08-31,Q3 2026,active
BEN-003444,Juma,Mbogo,Male,Mombasa,Vocational,Beauty Therapy,Mombasa Technical Training Institute,77.4,Dropped,Not Certified,Unemployed,2025-05-12,Q2 2025,dropped_out
BEN-003453,Amina,Nduta,Female,Meru,Vocational,Agriculture,Meru Technical Training Institute,85.5,Dropped,Not Certified,Self-Employed,2025-02-14,Q1 2025,dropped_out
BEN-003455,Diana,Kuria,Female,Nakuru,Vocational,Cooking & Catering,Nakuru Vocational Training Centre,88.0,In Progress,Pending,Self-Employed,2026-06-24,Q2 2026,active
BEN-003458,Mercy,Kimani,Female,Nakuru,Vocational,Carpentry,Nakuru Vocational Training Centre,85.2,In Progress,Pending,Unemployed,2026-06-23,Q2 2026,active
BEN-003462,Kagure,Mohamed,Female,Mombasa,Vocational,Tailoring,Mombasa Technical Training Institute,77.0,In Progress,Pending,Self-Employed,2026-06-29,Q2 2026,active
BEN-003463,John,Juma,Male,kakamega,Vocational,Tailoring,Kakamega Technical Training Institute,81.4,In Progress,Pending,Self-Employed,2026-06-24,Q2 2026,active
BEN-003465,Kilonzo,Koech,Male,Nakuru,Vocational,Welding,Nakuru Vocational Training Centre,62.9,Completed,Certified,Employed,2025-04-16,Q2 2025,completed
BEN-003469,Korir,Kimani,Male,Nakuru,Vocational,Tailoring,Nakuru Vocational Training Centre,91.7,dropped out,Not Certified,Unemployed,2026-02-21,Q1 2026,dropped_out
BEN-003471,Sharon,Kuria,Female,Mombasa,Vocational,Plumbing,Mombasa Technical Training Institute,65.6,In Progress,Pending,Employed,2026-02-23,Q1 2026,active
BEN-003477,Wangari,Kilonzo,Female,Nairobi,Vocational,Beauty Therapy,Nairobi TVET,93.0,Completed,Certified,Employed,2025-03-27,Q1 2025,completed
BEN-003481,Emily,Ochieng,Female,Machakos,Vocational,Welding,Machakos Institute of Technology,61.6,In Progress,Pending,Employed,2026-01-11,Q1 2026,active
BEN-003486,Barasa,Cheruiyot,Male,Machakos,Vocational,Hairdressing,Machakos Institute of Technology,79.0,In Progress,Pending,Unemployed,2026-01-05,Q1 2026,active
BEN-003492,Jerop,Kariuki,Female,Nairobi,Vocational,Electrical Installation,Nairobi TVET,73.6,In Progress,Pending,Unemployed,2026-09-21,Q3 2026,active
BEN-003503,Omondi,Omondi,Male,KISUMU,Vocational,Motor Vehicle Mechanics,Kisumu Technical Training Institute,80.7,Dropped,Not Certified,Employed,2025-01-17,Q1 2025,dropped_out
BEN-003522,Amina,Wanjiku,Female,Uasin Gishu,Vocational,Plumbing,Eldoret Polytechnic,97.8,In Progress,Pending,Unemployed,2026-05-19,Q2 2026,active
BEN-003555,Omondi,Njoroge,Male,Nakuru,Vocational,Beauty Therapy,Nakuru Vocational Training Centre,74.9,In Progress,Pending,Self-Employed,2026-06-25,Q2 2026,active
BEN-003556,Patrick,Omondi,Male,Nakuru,Vocational,Carpentry,Nakuru Vocational Training Centre,82.9,In Progress,Pending,Employed,2026-08-24,Q3 2026,active
BEN-003559,Njeri,Matano,Female,Nairobi,Vocational,Motor Vehicle Mechanics,Nairobi TVET,100.0,In Progress,Pending,Employed,2025-12-10,Q4 2025,active
BEN-003560,Wanjiku,Wafula,Female,Muranga,Vocational,Cooking & Catering,Nairobi TVET,84.6,Completed,Certified,Unemployed,2025-05-20,Q2 2025,completed
BEN-003567,Emmanuel,Barasa,Male,Meru,Vocational,Carpentry,Meru Technical Training Institute,78.7,Completed,Certified,Employed,2026-03-01,Q1 2026,completed
BEN-003568,Chebet,Ochieng,Female,Kisumu,Vocational,Beauty Therapy,Kisumu Technical Training Institute,76.7,In Progress,Pending,Self-Employed,2026-08-16,Q3 2026,active
BEN-003570,Nkatha,Owino,Female,Machakos,Vocational,Electrical Installation,Machakos Institute of Technology,85.7,In Progress,Pending,Employed,2026-06-28,Q2 2026,active
BEN-003593,Rotich,Otieno,Male,Nairobi,Vocational,Carpentry,Nairobi TVET,92.0,Dropped,Not Certified,Unemployed,2026-02-16,Q1 2026,dropped_out
BEN-003596,Mutua,Ngugi,Male,Uasin Gishu,Vocational,Plumbing,Eldoret Polytechnic,81.4,In Progress,Pending,Unemployed,2026-01-16,Q1 2026,active
BEN-003617,Beatrice,Kuria,Female,Nairobi,Vocational,Welding,Nairobi TVET,66.8,In Progress,Pending,Self-Employed,2026-03-22,Q1 2026,active
BEN-003639,Simon,Otieno,Male,Kiambu,Vocational,Hairdressing,Thika Technical Training Institute,86.3,In Progress,Pending,Employed,2025-11-25,Q4 2025,active
BEN-003641,Nasieku,Chebet,FEMALE,Nairobi,Vocational,Hairdressing,Nairobi TVET,90.6,Completed,Certified,Unemployed,2025-01-20,Q1 2025,completed
BEN-003649,Kendi,Nyambane,Female,Uasin Gishu,Vocational,Welding,Eldoret Polytechnic,97.7,Completed,Certified,Employed,2025-03-11,Q1 2025,completed
BEN-003656,Cynthia,Achieng,Female,Kiambu,Vocational,Cooking & Catering,Thika Technical Training Institute,78.7,Completed,Certified,Unemployed,2025-12-01,Q4 2025,completed
BEN-003662,Naisula,Nyambane,Female,Uasin Gishu,Vocational,Tailoring,Eldoret Polytechnic,77.2,In Progress,Pending,Employed,2026-09-11,Q3 2026,active
BEN-003675,Odhiambo,Kuria,Male,Mombasa,Vocational,Carpentry,Mombasa Technical Training Institute,80.6,In Progress,Pending,Unemployed,2026-03-31,Q1 2026,active
BEN-003676,Brian,Ochieng,Male,Nairobi,Vocational,Hairdressing,Nairobi TVET,85.1,In Progress,Pending,Unemployed,2026-08-18,Q3 2026,active
BEN-003689,Joy,Hassan,FEMALE,muranga,Vocational,Beauty Therapy,Kakamega Technical Training Institute,74.9,In Progress,Pending,Employed,2026-06-04,Q2 2026,active
BEN-003716,Atieno,Katana,Female,Kiambu,Vocational,Motor Vehicle Mechanics,Thika Technical Training Institute,80.1,Completed,Certified,Self-Employed,2025-10-28,Q4 2025,completed
BEN-003719,Mercy,Odhiambo,Female,Mombasa,Vocational,Hairdressing,Mombasa Technical Training Institute,80.2,In Progress,Pending,Unemployed,2026-08-07,Q3 2026,active
BEN-003734,Mohamed,Rotich,Male,Meru,Vocational,Agriculture,Meru Technical Training Institute,83.0,In Progress,Pending,Unemployed,2026-06-27,Q2 2026,active
BEN-003739,Achieng,Musyoka,Female,Nairobi,Vocational,Cooking & Catering,Nairobi TVET,87.1,In Progress,Pending,Employed,2026-02-15,Q1 2026,active
BEN-003740,Juma,Kamau,MALE,kisii,Vocational,Hairdressing,Kisii National Polytechnic,74.1,In Progress,Pending,Unemployed,2026-01-22,Q1 2026,active
BEN-003745,Peter,Katana,Male,Kiambu,Vocational,Carpentry,Thika Technical Training Institute,84.5,In Progress,Pending,Employed,2026-01-08,Q1 2026,active
BEN-003748,Njeri,Odhiambo,Female,Meru,Vocational,Welding,Meru Technical Training Institute,58.7,In Progress,Pending,Self-Employed,2025-12-06,Q4 2025,active
BEN-003753,Kilonzo,Barasa,Male,MOMBASA,Vocational,Agriculture,Mombasa Technical Training Institute,77.4,Completed,Certified,Employed,2025-10-21,Q4 2025,completed
BEN-003766,Musyoka,Kuria,Male,Kisumu,Vocational,Tailoring,Kisumu Technical Training Institute,78.9,In Progress,Pending,Self-Employed,2026-07-22,Q3 2026,active
BEN-003777,Kagure,Mohamed,Female,Mombasa,Vocational,Tailoring,Mombasa Technical Training Institute,56.8,Completed,Certified,Self-Employed,2025-07-28,Q3 2025,completed
BEN-003778,Nkatha,Kiptoo,Female,Nakuru,Vocational,Cooking & Catering,Nakuru Vocational Training Centre,100.0,Completed,Certified,Unemployed,2025-09-15,Q3 2025,completed
BEN-003779,Abdi,Ngugi,Male,Kajiado County,Vocational,Hairdressing,Mombasa Technical Training Institute,78.3,In Progress,Pending,Self-Employed,2026-07-05,Q3 2026,active
BEN-003792,Awuor,Achieng,Female,Kakamega,Vocational,Cooking & Catering,Kakamega Technical Training Institute,75.3,In Progress,Pending,Employed,2026-01-16,Q1 2026,active
BEN-003798,Nkatha,Rotich,Female,Kilifi,Vocational,Electrical Installation,Kilifi Vocational Training Centre,81.1,In Progress,Pending,Self-Employed,2026-04-14,Q2 2026,active
BEN-003812,Akinyi,Charo,Female,Kisii,Vocational,Welding,Kisii National Polytechnic,78.6,In Progress,Pending,Self-Employed,2026-03-17,Q1 2026,active
BEN-003814,Stephen,Charo,Male,Kakamega,Vocational,Hairdressing,Kakamega Technical Training Institute,82.3,In Progress,Pending,Unemployed,2026-02-16,Q1 2026,active
BEN-003815,Daniel,Mbogo,Male,meru,Vocational,Tailoring,Meru Technical Training Institute,83.4,In Progress,Pending,Self-Employed,2026-03-10,Q1 2026,active
BEN-003821,Peter,Mbogo,Male,Nakuru,Vocational,Electrical Installation,Nakuru Vocational Training Centre,83.6,Completed,Certified,Self-Employed,2025-07-30,Q3 2025,completed
BEN-003822,Neema,Kimani,Female,Meru,Vocational,Carpentry,Meru Technical Training Institute,77.8,In Progress,Pending,Unemployed,2026-08-24,Q3 2026,active
BEN-003823,Grace,Juma,Female,Uasin Gishu,Vocational,Electrical Installation,Eldoret Polytechnic,76.3,In Progress,Pending,Self-Employed,2026-06-12,Q2 2026,active
BEN-003833,Odhiambo,Gitau,Male,Kiambu,Vocational,Electrical Installation,Thika Technical Training Institute,77.4,Completed,Certified,Self-Employed,2025-08-27,Q3 2025,completed
BEN-003843,Onyango,Muthoni,Male,Muranga,Vocational,Beauty Therapy,Nyeri Technical Training Institute,76.1,In Progress,Pending,Unemployed,2026-04-08,Q2 2026,active
BEN-003848,Boniface,Muthoni,Male,Meru,Vocational,Beauty Therapy,Meru Technical Training Institute,69.3,In Progress,Pending,Unemployed,2026-09-18,Q3 2026,active
BEN-003856,Brenda,Achieng,Female,Uasin Gishu,Vocational,Carpentry,Eldoret Polytechnic,74.9,In Progress,Pending,Self-Employed,2026-04-02,Q2 2026,active
BEN-003865,Atieno,Chebet,f,Nakuru,Vocational,Cooking & Catering,Nakuru Vocational Training Centre,65.4,Completed,Certified,Employed,2025-09-05,Q3 2025,completed
BEN-003866,Kendi,Korir,Female,Nairobi,Vocational,Cooking & Catering,Nairobi TVET,71.5,Completed,Certified,Employed,2025-07-27,Q3 2025,completed
BEN-003869,Faith,Onyango,F,Nakuru,Vocational,Electrical Installation,Nakuru Vocational Training Centre,87.0,Completed,Pending,Employed,2025-09-05,Q3 2025,completed
BEN-003875,Brenda,Gitau,F,Muranga,Vocational,Tailoring,Meru Technical Training Institute,74.3,In Progress,Pending,Unemployed,2026-06-13,Q2 2026,active
BEN-003887,Atieno,Mwangi,Female,Kisumu,Vocational,Tailoring,Kisumu Technical Training Institute,68.6,Dropped,Not Certified,Self-Employed,2025-03-08,Q1 2025,dropped_out
BEN-003892,Brian,Ngugi,Male,Machakos County,Vocational,Electrical Installation,Machakos Institute of Technology,84.2,In Progress,Pending,Employed,2026-01-03,Q1 2026,active
BEN-003894,Achieng,Mwangi,Female,Mombasa County,Vocational,Motor Vehicle Mechanics,Mombasa Technical Training Institute,66.2,Dropped,Not Certified,Unemployed,2025-11-25,Q4 2025,dropped_out
BEN-003896,Akinyi,Mbogo,Female,Bungoma,Vocational,Cooking & Catering,Bungoma Technical Training Institute,74.8,In Progress,Pending,Self-Employed,2026-04-06,Q2 2026,active
BEN-003897,Purity,Nyambane,Female,Kilifi,Vocational,Beauty Therapy,Kilifi Vocational Training Centre,81.7,In Progress,Pending,Employed,2026-06-22,Q2 2026,active
BEN-003903,Timothy,Gitau,Male,Nairobi,Vocational,Electrical Installation,Nairobi TVET,91.9,complete,Certified,Internship,2026-01-11,Q1 2026,completed
BEN-003904,Njeri,Njoroge,Female,Machakos,Vocational,Carpentry,Machakos Institute of Technology,80.6,Completed,Certified,Employed,2025-03-15,Q1 2025,completed
BEN-003908,Gathoni,Rotich,Female,Kisumu,Vocational,Welding,Kisumu Technical Training Institute,76.1,In Progress,Pending,Unemployed,2026-09-02,Q3 2026,active
BEN-003914,Daniel,Korir,Male,Nairobi,Vocational,Carpentry,Nairobi TVET,100.0,In Progress,Pending,Self-Employed,2026-06-15,Q2 2026,active
BEN-003919,Faith,Maina,Female,Nakuru,Vocational,Beauty Therapy,Nakuru Vocational Training Centre,63.4,Completed,Certified,Unemployed,2025-07-05,Q3 2025,completed
BEN-003930,Chebet,Mbogo,Female,Kakamega,Vocational Program,Cooking & Catering,Kakamega Technical Training Institute,81.0,In Progress,Pending,Unemployed,2026-08-09,Q3 2026,active
BEN-003938,Sharon,Njenga,Female,Kajiado,Vocational,Hairdressing,Eldoret Polytechnic,77.4,In Progress,Pending,Self-Employed,2026-03-24,Q1 2026,active
BEN-003943,Simon,Onyango,Male,Kakamega,Vocational,Electrical Installation,Kakamega Technical Training Institute,71.3,In Progress,Pending,Self-Employed,2026-09-28,Q3 2026,active
BEN-003949,Achieng,Musyoka,Female,Nakuru,Vocational,Cooking & Catering,Nakuru Vocational Training Centre,100.0,In Progress,Pending,Self-Employed,2026-06-13,Q2 2026,active
BEN-003970,Barasa,Ochieng,Male,Meru,Vocational,Cooking & Catering,Meru Technical Training Institute,90.6,In Progress,Pending,Unemployed,2026-07-18,Q3 2026,active
BEN-003975,Mumbi,Mbogo,Female,Kilifi,Vocational,Tailoring,Kilifi Vocational Training Centre,73.3,Dropped,Not Certified,Unemployed,2025-12-20,Q4 2025,dropped_out
BEN-003985,James,Rotich,Male,Uasin Gishu,Vocational,Welding,Eldoret Polytechnic,72.5,In Progress,Pending,Unemployed,2025-10-27,Q4 2025,active
BEN-003991,Caroline,Wekesa,Female,Kilifi,Vocational,Beauty Therapy,Kilifi Vocational Training Centre,91.7,In Progress,Pending,Employed,2026-09-23,Q3 2026,active
BEN-003993,Musyoka,Muthoni,Male,Nyeri,Vocational,Cooking & Catering,Nyeri Technical Training Institute,91.0,In Progress,Pending,Unemployed,2026-07-13,Q3 2026,active
BEN-004004,Wanjiku,Otieno,Female,Kakamega,Vocational,Electrical Installation,Kakamega Technical Training Institute,60.7,In Progress,Pending,Unemployed,2026-09-15,Q3 2026,active
BEN-004009,John,Chebet,Male,Kiambu,Vocational,Electrical Installation,Thika Technical Training Institute,96.5,Completed,Certified,Unemployed,2025-02-02,Q1 2025,completed
BEN-004014,Dennis,Nyambane,Male,Kilifi,Vocational,Electrical Installation,Kilifi Vocational Training Centre,77.0,In Progress,Pending,Unemployed,2026-08-24,Q3 2026,active
BEN-004020,Wekesa,Onyango,Male,Nyeri,Vocational,Welding,Nyeri Technical Training Institute,76.4,In Progress,Pending,Unemployed,2026-06-04,Q2 2026,active
BEN-004035,Chepkoech,Mohamed,Female,Mombasa,Vocational,Plumbing,Mombasa Technical Training Institute,84.3,Dropped,Not Certified,Unemployed,2025-08-19,Q3 2025,dropped_out
BEN-004042,Kendi,Owino,Female,Kisumu,Vocational,Motor Vehicle Mechanics,Kisumu Technical Training Institute,67.7,COMPLETED,Certified,Employed,2025-08-07,Q3 2025,completed
BEN-004054,Zawadi,Mutiso,Female,Kiambu,Vocational,Beauty Therapy,Thika Technical Training Institute,78.5,In Progress,Pending,Unemployed,2026-09-06,Q3 2026,active
BEN-004058,Stephen,Maina,Male,Kiambu,Vocational,Agriculture,Thika Technical Training Institute,85.4,In Progress,Pending,Self-Employed,2026-01-01,Q1 2026,active
BEN-004061,Peter,Kuria,Male,Nairobi,Vocational,Tailoring,Nairobi TVET,95.4,In Progress,Pending,Unemployed,2026-01-04,Q1 2026,active
BEN-004068,Kendi,Baya,Female,Mombasa,Vocational,Beauty Therapy,Mombasa Technical Training Institute,92.5,In Progress,Pending,Unemployed,2025-11-23,Q4 2025,active
BEN-004075,Nicholas,Hassan,M,Nairobi,Vocational,Motor Vehicle Mechanics,Nairobi TVET,65.8,Completed,Certified,Employed,2025-07-03,Q3 2025,completed
BEN-004076,Kipchoge,Hassan,Male,Uasin Gishu,Vocational,Electrical Installation,Eldoret Polytechnic,80.9,In Progress,Pending,Unemployed,2026-06-03,Q2 2026,active
BEN-004078,Atieno,Mbogo,F,Nakuru,Vocational,Plumbing,Nakuru Vocational Training Centre,88.2,In Progress,Pending,Unemployed,2026-03-03,Q1 2026,active
BEN-004080,Sharon,Barasa,Female,Nairobi,Vocational,Motor Vehicle Mechanics,Nairobi TVET,72.0,In Progress,Pending,Self-Employed,2026-07-15,Q3 2026,active
BEN-004087,Caroline,Korir,Female,Machakos,Vocational,Electrical Installation,Machakos Institute of Technology,93.2,Dropped,Not Certified,Self-Employed,2025-01-25,Q1 2025,dropped_out
BEN-004089,Achieng,Rotich,Female,Bungoma,Vocational,Electrical Installation,Bungoma Technical Training Institute,63.2,Completed,Certified,Self-Employed,2025-07-06,Q3 2025,completed
BEN-004094,Naisula,Otieno,Female,Nairobi,Vocational,Beauty Therapy,Nairobi TVET,88.5,In Progress,Pending,Unemployed,2026-05-03,Q2 2026,active
BEN-004099,Purity,Wanjiku,Female,Kilifi,Vocational,Electrical Installation,Kilifi Vocational Training Centre,75.9,Dropped,Not Certified,Employed,2025-08-30,Q3 2025,dropped_out
BEN-004101,Ali,Abdi,Male,Kisumu,Vocational,Plumbing,Kisumu Technical Training Institute,73.6,Completed,Certified,Employed,2025-07-06,Q3 2025,completed
BEN-004106,Musyoka,Barasa,Male,Nairobi,Vocational,Agriculture,Nairobi TVET,73.6,In Progress,Pending,Unemployed,2025-10-30,Q4 2025,active
BEN-004111,Musyoka,Musyoka,Male,Nairobi,Vocational,Tailoring,Nairobi TVET,100.0,Completed,Certified,Employed,2025-12-31,Q4 2025,completed
BEN-004112,Boniface,Koech,Male,Nairobi,Vocational,Carpentry,Nairobi TVET,88.4,Completed,Certified,Employed,2025-09-05,Q3 2025,completed
BEN-004124,Emmanuel,Omondi,Male,Kajiado,Vocational,Carpentry,Nairobi TVET,85.1,Dropped,Not Certified,Employed,2025-05-04,Q2 2025,dropped_out
BEN-004126,Isaac,Nyambane,Male,Nairobi,Vocational,Welding,Nairobi TVET,79.6,Completed,Certified,Internship,2025-07-06,Q3 2025,completed
BEN-004141,Diana,Charo,Female,Bungoma,Vocational,Carpentry,Bungoma Technical Training Institute,70.4,In Progress,Pending,Employed,2026-06-02,Q2 2026,active
BEN-004145,David,Kariuki,Male,Bungoma,Vocational,Tailoring,Bungoma Technical Training Institute,57.5,In Progress,Pending,Employed,2026-08-13,Q3 2026,active
BEN-004159,Isaac,Wekesa,Male,Machakos,Vocational,Welding,Machakos Institute of Technology,86.5,Completed,Certified,Employed,2025-04-09,Q2 2025,completed
BEN-004161,Cynthia,Korir,Female,Muranga,Vocational,Cooking & Catering,Nakuru Vocational Training Centre,92.2,Completed,Certified,Employed,2025-07-31,Q3 2025,completed
BEN-004162,Neema,Muthoni,Female,Nairobi,Vocational,Cooking & Catering,Nairobi TVET,100.0,In Progress,Pending,Self-Employed,2026-08-08,Q3 2026,active
BEN-004164,Halima,Cheruiyot,Female,Kiambu,Vocational,Motor Vehicle Mechanics,Thika Technical Training Institute,92.7,In Progress,Pending,Unemployed,2026-02-17,Q1 2026,active
BEN-004172,Timothy,Kiptoo,M,Mombasa,Vocational,Electrical Installation,Mombasa Technical Training Institute,98.0,In Progress,Pending,Unemployed,2026-06-18,Q2 2026,active
BEN-004178,Emmanuel,Nduta,Male,Kakamega,Vocational,Beauty Therapy,Kakamega Technical Training Institute,82.3,In Progress,Pending,Unemployed,2026-01-09,Q1 2026,active
BEN-004181,Collins,Otieno,Male,Nairobi,Vocational,Carpentry,Nairobi TVET,70.9,In Progress,Pending,Unemployed,2026-07-01,Q3 2026,active
BEN-004183,Collins,Nyambane,Male,Nairobi,Vocational,Agriculture,Nairobi TVET,94.2,In Progress,Pending,Unemployed,2026-02-20,Q1 2026,active
BEN-004184,Anthony,Kuria,Male,Meru,Vocational,Electrical Installation,Meru Technical Training Institute,72.3,In Progress,Pending,Unemployed,2025-11-24,Q4 2025,active
BEN-004189,Odhiambo,Njoroge,Male,Kiambu,Vocational,Motor Vehicle Mechanics,Thika Technical Training Institute,100.0,Dropped,Not Certified,Unemployed,2025-05-10,Q2 2025,dropped_out
BEN-004196,Sharon,Wafula,Female,Bungoma County,Vocational,Electrical Installation,Bungoma Technical Training Institute,76.9,In Progress,Pending,Unemployed,2026-05-21,Q2 2026,active
BEN-004198,Mutua,Wafula,Male,Nairobi,Vocational,Agriculture,Nairobi TVET,88.0,Completed,Certified,Unemployed,2025-07-31,Q3 2025,completed
BEN-004213,Grace,Korir,Female,Mombasa,Vocational,Beauty Therapy,Mombasa Technical Training Institute,76.5,In Progress,Pending,Employed,2026-07-24,Q3 2026,active
BEN-004214,Mumbi,Bett,F,Kiambu,Vocational,Carpentry,Thika Technical Training Institute,67.2,In Progress,Pending,Unemployed,2026-05-21,Q2 2026,active
BEN-004225,Wanjiru,Ochieng,Female,uasin gishu,Vocational,Tailoring,Eldoret Polytechnic,90.3,In Progress,Pending,Unemployed,2026-04-28,Q2 2026,active
BEN-004228,Musyoka,Gitau,Male,Meru,Vocational Program,Cooking & Catering,Meru Technical Training Institute,75.3,In Progress,Pending,Unemployed,2026-08-24,Q3 2026,active
BEN-004231,Wanjiru,Mbogo,female,Nakuru,Vocational,Welding,Nakuru Vocational Training Centre,96.2,In Progress,Pending,Self-Employed,2026-08-21,Q3 2026,active
BEN-004240,Cherono,Abdi,Female,Kilifi,Vocational,Welding,Kilifi Vocational Training Centre,79.7,In Progress,Pending,Self-Employed,2025-10-13,Q4 2025,active
BEN-004259,Anyango,Korir,Female,Kisumu,Vocational,Agriculture,Kisumu Technical Training Institute,71.4,Dropped,Not Certified,Self-Employed,2025-12-13,Q4 2025,dropped_out
BEN-004275,Isaac,Charo,Male,Meru,Vocational,Electrical Installation,Meru Technical Training Institute,65.3,Dropped,Not Certified,Self-Employed,2025-12-27,Q4 2025,dropped_out
BEN-004277,Collins,Mutiso,male,Bungoma,Vocational,Plumbing,Bungoma Technical Training Institute,83.6,Dropped,Not Certified,Self-Employed,2025-12-19,Q4 2025,dropped_out
BEN-004283,Achieng,Odhiambo,Female,Nyeri County,Vocational,Electrical Installation,Nyeri Technical Training Institute,86.8,In Progress,Pending,Unemployed,2026-09-09,Q3 2026,active
BEN-004289,Collins,Maina,Male,Nairobi,Vocational,Cooking & Catering,Nairobi TVET,91.0,In Progress,Pending,Unemployed,2026-03-17,Q1 2026,active
BEN-004292,Collins,Mbogo,M,Uasin Gishu,Vocational,Cooking & Catering,Eldoret Polytechnic,81.2,Completed,Certified,Employed,2025-11-19,Q4 2025,completed
BEN-004293,Caroline,Gitau,Female,Uasin Gishu,Vocational,Tailoring,Eldoret Polytechnic,85.7,Completed,Certified,Self-Employed,2026-01-08,Q1 2026,completed
BEN-004296,Anyango,Kimani,Female,Nyeri,Vocational,Hairdressing,Nyeri Technical Training Institute,96.5,In Progress,Pending,Unemployed,2026-06-07,Q2 2026,active
BEN-004308,Atieno,Juma,Female,Uasin Gishu County,Vocational,Carpentry,Eldoret Polytechnic,88.1,Completed,Certified,Self-Employed,2025-11-26,Q4 2025,completed
BEN-004311,Joy,Kiptoo,Female,Muranga,Vocational,Beauty Therapy,Kisii National Polytechnic,86.4,In Progress,Pending,Unemployed,2026-04-02,Q2 2026,active
BEN-004314,Wangari,Korir,Female,MERU,Vocational,Beauty Therapy,Meru Technical Training Institute,91.7,In Progress,Pending,Unemployed,2026-04-07,Q2 2026,active
BEN-004315,Esther,Nyambane,Female,Kisii,Vocational,Hairdressing,Kisii National Polytechnic,72.9,In Progress,Pending,Employed,2026-05-30,Q2 2026,active
BEN-004322,Naisula,Onyango,FEMALE,Nairobi,Vocational,Electrical Installation,Nairobi TVET,83.8,In Progress,Pending,Self-Employed,2026-07-16,Q3 2026,active
BEN-004331,John,Cheruiyot,Male,Nakuru,Vocational,Electrical Installation,Nakuru Vocational Training Centre,96.4,In Progress,Pending,Self-Employed,2026-07-17,Q3 2026,active
BEN-004336,Nicholas,Njoroge,Male,Kilifi,Vocational,Beauty Therapy,Kilifi Vocational Training Centre,65.1,Dropped,Not Certified,Unemployed,2026-02-11,Q1 2026,dropped_out
BEN-004343,Daniel,Njenga,Male,Nairobi,Vocational,Agriculture,Nairobi TVET,90.7,Completed,Certified,Employed,2025-09-05,Q3 2025,completed
BEN-004353,Wangari,Nduta,Female,Kisii,Vocational,Motor Vehicle Mechanics,Kisii National Polytechnic,82.8,In Progress,Pending,Unemployed,2026-09-02,Q3 2026,active
BEN-004360,Joy,Njenga,Female,Machakos,Vocational,Beauty Therapy,Machakos Institute of Technology,88.1,In Progress,Pending,Self-Employed,2025-11-06,Q4 2025,active
BEN-004370,Mohamed,Mbogo,Male,Kakamega,Vocational,Cooking & Catering,Kakamega Technical Training Institute,66.8,Completed,Certified,Unemployed,2025-05-28,Q2 2025,completed
BEN-004372,Naisula,Gitau,Female,Nairobi,Vocational,Agriculture,Nairobi TVET,100.0,In Progress,Pending,Unemployed,2026-06-23,Q2 2026,active
BEN-004392,Simon,Njoroge,Male,MERU,Vocational,Welding,Meru Technical Training Institute,75.5,In Progress,Pending,Employed,2026-07-28,Q3 2026,active
BEN-004398,Kipchoge,Charo,Male,Mombasa,Vocational,Motor Vehicle Mechanics,Mombasa Technical Training Institute,86.2,Completed,Certified,Unemployed,2026-03-09,Q1 2026,completed
BEN-004404,Onyango,Kimani,Male,Nakuru,Vocational,Tailoring,Nakuru Vocational Training Centre,93.0,complete,Certified,Employed,2025-10-26,Q4 2025,completed
BEN-004410,Akinyi,Charo,Female,NAIROBI,Vocational,Motor Vehicle Mechanics,Nairobi TVET,94.3,In Progress,Pending,Unemployed,2026-05-21,Q2 2026,active
BEN-004411,Emmanuel,Mutua,Male,Nakuru,Vocational,Electrical Installation,Nakuru Vocational Training Centre,74.7,In Progress,Pending,Unemployed,2026-01-18,Q1 2026,active
BEN-004416,Brian,Mutua,Male,Nakuru,Vocational,Cooking & Catering,Nakuru Vocational Training Centre,85.9,Completed,Certified,Internship,2026-03-20,Q1 2026,completed
BEN-004418,Joseph,Wafula,Male,Nyeri,Vocational,Hairdressing,Nyeri Technical Training Institute,84.9,COMPLETED,Pending,Employed,2025-05-30,Q2 2025,completed
BEN-004419,Kilonzo,Njenga,Male,Machakos,Vocational,Agriculture,Machakos Institute of Technology,73.3,Completed,Certified,Unemployed,2025-01-25,Q1 2025,completed
BEN-004421,Collins,Bett,Male,Muranga,Vocational,Hairdressing,Kisii National Polytechnic,87.4,In Progress,Pending,Unemployed,2025-12-26,Q4 2025,active
BEN-004424,Gathoni,Katana,Female,Nakuru,Vocational,Motor Vehicle Mechanics,Nakuru Vocational Training Centre,100.0,In Progress,Pending,Unemployed,2026-07-08,Q3 2026,active
BEN-004426,Kilonzo,Charo,Male,KISII,Vocational,Cooking & Catering,Kisii National Polytechnic,83.9,Dropped,Not Certified,Self-Employed,2025-10-15,Q4 2025,dropped_out
BEN-004433,Amina,Onyango,Female,Kiambu,Vocational,Agriculture,Thika Technical Training Institute,87.3,In Progress,Pending,Self-Employed,2026-07-21,Q3 2026,active
BEN-004445,Cynthia,Abdi,Female,Kakamega,Vocational,Beauty Therapy,Kakamega Technical Training Institute,82.9,In Progress,Pending,Unemployed,2026-04-27,Q2 2026,active
BEN-004446,Samuel,Odhiambo,Male,Nairobi,Vocational,Agriculture,Nairobi TVET,75.0,Completed,Certified,Internship,2025-08-02,Q3 2025,completed
BEN-004447,Wanjiku,Muthoni,Female,Kilifi,Vocational,Motor Vehicle Mechanics,Kilifi Vocational Training Centre,72.1,In Progress,Pending,Self-Employed,2026-08-07,Q3 2026,active
BEN-004450,Brian,Wekesa,Male,Kiambu,Vocational,Carpentry,Thika Technical Training Institute,68.6,In Progress,Pending,Self-Employed,2026-07-27,Q3 2026,active
BEN-004454,Mohamed,Mwangi,m,Bungoma,Vocational,Welding,Bungoma Technical Training Institute,73.6,Dropped,Not Certified,Self-Employed,2025-07-13,Q3 2025,dropped_out
BEN-004460,Njeri,Kilonzo,Female,Kajiado,Vocational,Hairdressing,Machakos Institute of Technology,82.0,Completed,Certified,Employed,2025-08-02,Q3 2025,completed
BEN-004461,Isaac,Cheruiyot,Male,Nairobi,Vocational,Tailoring,Nairobi TVET,95.7,Completed,Certified,Employed,2025-07-18,Q3 2025,completed
BEN-004462,Collins,Bett,Male,Machakos,Vocational,Welding,Machakos Institute of Technology,78.8,complete,Certified,Self-Employed,2025-09-19,Q3 2025,completed
BEN-004486,Cheruiyot,Mutiso,Male,Kisumu,Vocational,Tailoring,Kisumu Technical Training Institute,79.6,Completed,Certified,Employed,2025-01-22,Q1 2025,completed
BEN-004497,Caroline,Mbogo,Female,Kiambu,Vocational,Welding,Thika Technical Training Institute,75.8,In Progress,Pending,Unemployed,2026-09-04,Q3 2026,active
BEN-004499,Achieng,Abdi,Female,Nairobi,Vocational,Agriculture,Nairobi TVET,74.2,COMPLETED,Certified,Self-Employed,2025-08-13,Q3 2025,completed
BEN-004503,Baraka,Chebet,Male,machakos,Vocational,Electrical Installation,Machakos Institute of Technology,83.2,In Progress,Pending,Self-Employed,2026-03-06,Q1 2026,active
BEN-004505,Nyambura,Ngugi,Female,mombasa,Vocational,Welding,Mombasa Technical Training Institute,73.4,Completed,Certified,Employed,2025-08-01,Q3 2025,completed
BEN-004506,Mohamed,Wekesa,Male,Kakamega,Vocational,Motor Vehicle Mechanics,Kakamega Technical Training Institute,64.7,In Progress,Pending,Employed,2026-08-27,Q3 2026,active
BEN-004515,Cheruiyot,Otieno,Male,Nairobi,Vocational,Welding,Nairobi TVET,100.0,In Progress,Pending,Unemployed,2025-12-17,Q4 2025,active
BEN-004518,Mumbi,Barasa,Female,Kisumu,Vocational,Hairdressing,Kisumu Technical Training Institute,73.0,In Progress,Pending,Unemployed,2026-02-11,Q1 2026,active
BEN-004523,Ali,Nduta,Male,Machakos,Vocational,Electrical Installation,Machakos Institute of Technology,88.7,In Progress,Pending,Self-Employed,2026-06-27,Q2 2026,active
BEN-004527,Brenda,Mbogo,Female,Kilifi,Vocational,Tailoring,Kilifi Vocational Training Centre,87.3,Completed,Certified,Unemployed,2025-06-19,Q2 2025,completed
BEN-004529,Emily,Mohamed,Female,Meru,Vocational,Plumbing,Meru Technical Training Institute,57.7,Completed,Certified,Self-Employed,2025-12-16,Q4 2025,completed
BEN-004551,Nkatha,Mwakio,Female,Meru,Vocational,Hairdressing,Meru Technical Training Institute,61.3,In Progress,Pending,Unemployed,2026-08-18,Q3 2026,active
BEN-004552,David,Njenga,Male,Bungoma,Vocational,Motor Vehicle Mechanics,Bungoma Technical Training Institute,81.2,Completed,Certified,Employed,2025-04-28,Q2 2025,completed
BEN-004568,Kelvin,Mutua,Male,nyeri,Vocational,Electrical Installation,Nyeri Technical Training Institute,78.5,Completed,Certified,Self-Employed,2025-07-29,Q3 2025,completed
BEN-004569,Grace,Wekesa,Female,Mombasa,Vocational,Tailoring,Mombasa Technical Training Institute,100.0,Completed,Certified,Employed,2025-08-05,Q3 2025,completed
BEN-004572,Joseph,Nyambane,Male,Kajiado,Vocational,Plumbing,Machakos Institute of Technology,87.7,In Progress,Pending,Employed,2026-06-22,Q2 2026,active
BEN-004577,Baraka,Kuria,Male,KAKAMEGA,Vocational,Cooking & Catering,Kakamega Technical Training Institute,66.0,Dropped,Not Certified,Unemployed,2026-01-07,Q1 2026,dropped_out
BEN-004579,Onyango,Matano,Male,Nairobi,Vocational,Carpentry,Nairobi TVET,90.6,In Progress,Pending,Unemployed,2026-04-23,Q2 2026,active
BEN-004580,Neema,Baya,Female,Uasin Gishu,Vocational,Tailoring,Eldoret Polytechnic,64.6,In Progress,Pending,Employed,2026-07-07,Q3 2026,active
BEN-004585,Otieno,Muthoni,Male,Kisumu,Vocational,Cooking & Catering,Kisumu Technical Training Institute,83.7,Completed,Certified,Employed,2025-09-23,Q3 2025,completed
BEN-004596,Jerop,Bett,Female,Meru,Vocational,Beauty Therapy,Meru Technical Training Institute,74.7,Dropped,Not Certified,Unemployed,2025-07-16,Q3 2025,dropped_out
BEN-004599,Collins,Njoroge,Male,Nairobi,Vocational,Hairdressing,Nairobi TVET,83.1,Completed,Certified,Unemployed,2025-02-19,Q1 2025,completed
BEN-004605,Emily,Muthoni,Female,Nairobi,Vocational,Hairdressing,Nairobi TVET,88.9,In Progress,Pending,Self-Employed,2026-06-03,Q2 2026,active
BEN-004609,Cherono,Kuria,Female,Nairobi,Vocational,Welding,Nairobi TVET,86.9,In Progress,Pending,Self-Employed,2025-10-02,Q4 2025,active
BEN-004618,Amina,Mutua,Female,Nakuru,Vocational,Welding,Nakuru Vocational Training Centre,61.3,In Progress,Pending,Unemployed,2026-01-11,Q1 2026,active
BEN-004628,Atieno,Juma,Female,Kisumu,Vocational,Hairdressing,Kisumu Technical Training Institute,76.4,In Progress,Pending,Employed,2026-04-02,Q2 2026,active
BEN-004648,Chebet,Cheruiyot,Female,Kajiado,Vocational,Agriculture,Kisii National Polytechnic,80.4,In Progress,Pending,Unemployed,2025-11-29,Q4 2025,active
BEN-004651,Nkatha,Koech,Female,Muranga County,Vocational,Tailoring,Kakamega Technical Training Institute,67.8,Completed,Certified,Employed,2025-06-27,Q2 2025,completed
BEN-004655,Nasieku,Matano,Female,Kiambu,Vocational,Carpentry,Thika Technical Training Institute,72.6,In Progress,Pending,Employed,2025-10-21,Q4 2025,active
BEN-004662,Dennis,Musyoka,Male,Bungoma County,Vocational,Beauty Therapy,Bungoma Technical Training Institute,69.1,complete,Certified,Self-Employed,2025-04-04,Q2 2025,completed
BEN-004664,Amina,Odhiambo,Female,Nyeri,Vocational,Carpentry,Nyeri Technical Training Institute,100.0,complete,Pending,Unemployed,2026-01-26,Q1 2026,completed
BEN-004666,Daniel,Mutua,male,Nairobi,Vocational,Carpentry,Nairobi TVET,73.5,Completed,Certified,Employed,2026-02-14,Q1 2026,completed
BEN-004669,Chebet,Achieng,Female,Nairobi County,Vocational Program,Electrical Installation,Nairobi TVET,89.7,Dropped,Not Certified,Unemployed,2025-09-23,Q3 2025,dropped_out
BEN-004676,Akinyi,Kariuki,Female,Kakamega,Vocational,Hairdressing,Kakamega Technical Training Institute,74.8,In Progress,Pending,Unemployed,2026-09-12,Q3 2026,active
BEN-004679,Kendi,Musyoka,Female,Kilifi,Vocational,Hairdressing,Kilifi Vocational Training Centre,71.1,Dropped,Not Certified,Unemployed,2025-05-28,Q2 2025,dropped_out
BEN-004681,Gathoni,Kuria,Female,Nyeri,Vocational,Hairdressing,Nyeri Technical Training Institute,79.1,In Progress,Pending,Unemployed,2026-04-23,Q2 2026,active
BEN-004687,Awuor,Cheruiyot,Female,Mombasa,Vocational,Hairdressing,Mombasa Technical Training Institute,87.5,In Progress,Pending,Unemployed,2026-08-04,Q3 2026,active
BEN-004688,Isaac,Muthoni,Male,Kiambu,Vocational,Plumbing,Thika Technical Training Institute,67.7,In Progress,Pending,Employed,2026-01-29,Q1 2026,active
BEN-004706,Akinyi,Abdi,Female,Mombasa,Vocational,Cooking & Catering,Mombasa Technical Training Institute,78.9,In Progress,Pending,Self-Employed,2026-08-23,Q3 2026,active
BEN-004736,Caroline,Korir,Female,Nyeri,Vocational,Welding,Nyeri Technical Training Institute,76.2,In Progress,Pending,Unemployed,2026-06-01,Q2 2026,active
BEN-004743,Grace,Bett,Female,Nyeri,Vocational,Motor Vehicle Mechanics,Nyeri Technical Training Institute,70.0,In Progress,Pending,Self-Employed,2026-09-03,Q3 2026,active
BEN-004746,Zawadi,Mohamed,Female,Uasin Gishu,Vocational,Cooking & Catering,Eldoret Polytechnic,76.8,In Progress,Pending,Self-Employed,2026-03-08,Q1 2026,active
BEN-004749,Emily,Barasa,Female,Uasin Gishu,Vocational,Tailoring,Eldoret Polytechnic,82.1,Completed,Certified,Unemployed,2025-05-18,Q2 2025,completed
BEN-004750,Samuel,Otieno,Male,Uasin Gishu,Vocational,Agriculture,Eldoret Polytechnic,60.8,In Progress,Pending,Self-Employed,2026-04-12,Q2 2026,active
BEN-004761,Amina,Owino,Female,Kiambu,Vocational,Tailoring,Thika Technical Training Institute,59.5,In Progress,Pending,Unemployed,2026-01-13,Q1 2026,active
BEN-004768,Stephen,Onyango,Male,Meru,Vocational,Welding,Meru Technical Training Institute,87.6,In Progress,Pending,Self-Employed,2026-04-05,Q2 2026,active
BEN-004778,Wangari,Wekesa,Female,Kiambu,Vocational,Welding,Thika Technical Training Institute,94.9,In Progress,Pending,Unemployed,2026-07-01,Q3 2026,active
BEN-004779,Nkatha,Cheruiyot,Female,Kakamega,Vocational,Carpentry,Kakamega Technical Training Institute,83.4,In Progress,Pending,Unemployed,2026-03-14,Q1 2026,active
BEN-004785,Anthony,Mohamed,Male,Nairobi,Vocational,Motor Vehicle Mechanics,Nairobi TVET,83.5,Completed,Certified,Internship,2025-09-26,Q3 2025,completed
BEN-004786,Anyango,Wafula,Female,Muranga,Vocational,Cooking & Catering,Eldoret Polytechnic,91.1,In Progress,Pending,Unemployed,2026-01-20,Q1 2026,active
BEN-004787,Grace,Charo,Female,Nairobi,Vocational,Beauty Therapy,Nairobi TVET,100.0,In Progress,Pending,Employed,2026-01-25,Q1 2026,active
BEN-004798,Diana,Achieng,Female,kiambu,Vocational,Motor Vehicle Mechanics,Thika Technical Training Institute,75.7,Completed,Certified,Employed,2025-09-05,Q3 2025,completed
BEN-004799,Onyango,Rotich,Male,Kiambu,Vocational,Welding,Thika Technical Training Institute,100.0,Completed,Certified,Employed,2025-01-21,Q1 2025,completed
BEN-004814,Joy,Ngugi,Female,Nakuru,Vocational,Tailoring,Nakuru Vocational Training Centre,82.4,In Progress,Pending,Unemployed,2026-08-01,Q3 2026,active
BEN-004820,Grace,Korir,Female,Nairobi,Vocational,Motor Vehicle Mechanics,Nairobi TVET,70.1,In Progress,Pending,Self-Employed,2026-06-28,Q2 2026,active
BEN-004822,Brian,Wanjiku,Male,Kajiado,Vocational,Motor Vehicle Mechanics,Machakos Institute of Technology,98.8,In Progress,Pending,Unemployed,2026-05-16,Q2 2026,active
BEN-004827,Emmanuel,Kimani,Male,Kilifi,Vocational,Carpentry,Kilifi Vocational Training Centre,73.1,Completed,Certified,Employed,2025-09-28,Q3 2025,completed
BEN-004838,Chepkoech,Achieng,Female,Kiambu,Vocational,Agriculture,Thika Technical Training Institute,96.8,In Progress,Pending,Self-Employed,2025-10-12,Q4 2025,active
BEN-004843,Wanjiku,Njenga,Female,Nairobi County,Vocational,Hairdressing,Nairobi TVET,80.9,Completed,Certified,Self-Employed,2025-10-09,Q4 2025,completed
BEN-004850,Zawadi,Owino,Female,Mombasa,Vocational,Beauty Therapy,Mombasa Technical Training Institute,65.8,In Progress,Pending,Employed,2026-08-09,Q3 2026,active
BEN-004855,Purity,Wanjiku,Female,Meru,Vocational,Motor Vehicle Mechanics,Meru Technical Training Institute,76.4,In Progress,Pending,Unemployed,2026-03-30,Q1 2026,active
BEN-004858,Boniface,Wafula,Male,Nairobi,Vocational,Welding,Nairobi TVET,77.4,Dropped,Not Certified,Employed,2025-07-06,Q3 2025,dropped_out
BEN-004866,Awuor,Charo,Female,Bungoma,Vocational,Beauty Therapy,Bungoma Technical Training Institute,75.4,Dropped,Not Certified,Unemployed,2025-02-20,Q1 2025,dropped_out
BEN-004867,Omondi,Nyambane,Male,machakos,Vocational,Plumbing,Machakos Institute of Technology,62.8,In Progress,Pending,Unemployed,2026-09-20,Q3 2026,active
BEN-004870,John,Matano,Male,Mombasa,Vocational,Hairdressing,Mombasa Technical Training Institute,80.1,Completed,Certified,Internship,2025-10-26,Q4 2025,completed
BEN-004873,Kagure,Barasa,Female,Machakos,Vocational,Beauty Therapy,Machakos Institute of Technology,75.8,In Progress,Pending,Unemployed,2026-08-09,Q3 2026,active
BEN-004874,Cherono,Wanjiku,Female,Kisumu,Vocational,Electrical Installation,Kisumu Technical Training Institute,82.4,In Progress,Pending,Employed,2026-01-13,Q1 2026,active
BEN-004875,Wangari,Koech,Female,Bungoma,Vocational,Beauty Therapy,Bungoma Technical Training Institute,71.0,Completed,Certified,Employed,2025-09-12,Q3 2025,completed
BEN-004885,Jerop,Koech,Female,Meru,Vocational,Motor Vehicle Mechanics,Meru Technical Training Institute,79.1,In Progress,Pending,Self-Employed,2026-06-19,Q2 2026,active
BEN-004893,Mumbi,Cheruiyot,Female,Mombasa,Vocational,Beauty Therapy,Mombasa Technical Training Institute,86.3,In Progress,Pending,Unemployed,2026-07-12,Q3 2026,active
BEN-004904,Naisula,Mbogo,Female,Machakos,Vocational,Plumbing,Machakos Institute of Technology,81.7,COMPLETED,Certified,Employed,2025-08-31,Q3 2025,completed
BEN-004927,Brian,Kuria,Male,Meru,Vocational,Beauty Therapy,Meru Technical Training Institute,77.6,In Progress,Pending,Unemployed,2026-09-17,Q3 2026,active
BEN-004935,Juma,Chebet,Male,Bungoma,Vocational,Beauty Therapy,Bungoma Technical Training Institute,87.6,In Progress,Pending,Unemployed,2026-06-16,Q2 2026,active
BEN-004937,Neema,Chebet,Female,Uasin Gishu,Vocational,Hairdressing,Eldoret Polytechnic,86.9,In Progress,Pending,Unemployed,2026-09-23,Q3 2026,active
BEN-004941,Abdi,Cheruiyot,Male,Kiambu,Vocational,Hairdressing,Thika Technical Training Institute,80.5,In Progress,Pending,Employed,2026-01-25,Q1 2026,active
BEN-004942,Jerop,Wekesa,Female,Nairobi,Vocational,Cooking & Catering,Nairobi TVET,96.9,In Progress,Pending,Employed,2025-12-16,Q4 2025,active
BEN-004951,Chebet,Bett,Female,Muranga,Vocational,Plumbing,Bungoma Technical Training Institute,92.1,In Progress,Pending,Unemployed,2026-01-03,Q1 2026,active
BEN-004957,Wanjiku,Odhiambo,Female,Kisumu,Vocational,Tailoring,Kisumu Technical Training Institute,64.9,In Progress,Pending,Unemployed,2026-09-20,Q3 2026,active
BEN-004964,Boniface,Owino,Male,Nakuru,Vocational,Agriculture,Nakuru Vocational Training Centre,87.6,In Progress,Pending,Employed,2026-01-05,Q1 2026,active
BEN-004965,Purity,Nduta,Female,Nairobi,Vocational,Motor Vehicle Mechanics,Nairobi TVET,100.0,In Progress,Pending,Employed,2025-10-03,Q4 2025,active
BEN-004970,Nasieku,Mutua,Female,Kisii,Vocational,Hairdressing,Kisii National Polytechnic,94.3,In Progress,Pending,Unemployed,2026-07-21,Q3 2026,active
BEN-004971,Cheruiyot,Nyambane,Male,Meru,Vocational,Hairdressing,Meru Technical Training Institute,80.9,In Progress,Pending,Unemployed,2026-08-25,Q3 2026,active
BEN-004973,Daniel,Juma,Male,Nakuru,Vocational,Carpentry,Nakuru Vocational Training Centre,88.4,In Progress,Pending,Employed,2026-04-03,Q2 2026,active
BEN-004974,Wanjiru,Kamau,Female,Kilifi,Vocational,Carpentry,Kilifi Vocational Training Centre,68.3,Completed,Certified,Self-Employed,2025-07-18,Q3 2025,completed
BEN-004983,Wekesa,Nduta,Male,Muranga,Vocational,Tailoring,Kisii National Polytechnic,77.0,In Progress,Pending,Unemployed,2026-05-31,Q2 2026,active
BEN-005014,Atieno,Cheruiyot,female,Nairobi,Vocational,Beauty Therapy,Nairobi TVET,100.0,Completed,Certified,Unemployed,2025-10-09,Q4 2025,completed
BEN-005021,Onyango,Mwakio,Male,Kakamega,Vocational,Agriculture,Kakamega Technical Training Institute,66.2,Dropped,Not Certified,Employed,2025-06-26,Q2 2025,dropped_out
BEN-005023,Zawadi,Njoroge,Female,Kiambu,Vocational,Beauty Therapy,Thika Technical Training Institute,88.3,Dropped,Not Certified,Employed,2025-07-06,Q3 2025,dropped_out
BEN-005025,Ali,Abdi,Male,Kakamega,Vocational,Hairdressing,Kakamega Technical Training Institute,90.3,Dropped,Not Certified,Self-Employed,2025-04-29,Q2 2025,dropped_out
BEN-005027,Nasieku,Gitau,Female,Kisumu,Vocational,Hairdressing,Kisumu Technical Training Institute,61.6,In Progress,Pending,Unemployed,2026-05-18,Q2 2026,active
BEN-005037,Wangari,Mwakio,Female,Mombasa,Vocational,Hairdressing,Mombasa Technical Training Institute,69.3,Completed,Certified,Employed,2025-10-28,Q4 2025,completed
BEN-005045,Daniel,Omondi,male,Nairobi,Vocational,Beauty Therapy,Nairobi TVET,100.0,In Progress,Pending,Employed,2026-09-06,Q3 2026,active
BEN-005046,Barasa,Hassan,Male,Mombasa,Vocational,Agriculture,Mombasa Technical Training Institute,100.0,In Progress,Pending,Unemployed,2026-07-29,Q3 2026,active
BEN-005051,Emmanuel,Odhiambo,male,Kiambu,Vocational,Welding,Thika Technical Training Institute,92.2,In Progress,Pending,Employed,2026-07-04,Q3 2026,active
BEN-005052,Cynthia,Mbogo,Female,Nakuru,Vocational,Plumbing,Nakuru Vocational Training Centre,80.6,In Progress,Pending,Unemployed,2026-08-07,Q3 2026,active
BEN-005056,Grace,Odhiambo,Female,Kajiado,Vocational,Agriculture,Kisumu Technical Training Institute,73.8,In Progress,Pending,Self-Employed,2025-10-17,Q4 2025,active
BEN-005060,Gathoni,Owino,Female,Nairobi,Vocational,Cooking & Catering,Nairobi TVET,75.7,In Progress,Pending,Unemployed,2026-05-16,Q2 2026,active
BEN-005067,Anyango,Omondi,Female,Kakamega,Vocational,Carpentry,Kakamega Technical Training Institute,76.5,Completed,Pending,Employed,2025-03-29,Q1 2025,completed
BEN-005069,Vincent,Ochieng,Male,Nairobi,Vocational,Hairdressing,Nairobi TVET,81.1,In Progress,Pending,Unemployed,2026-07-27,Q3 2026,active
BEN-005070,Anthony,Abdi,Male,Nairobi,Vocational,Hairdressing,Nairobi TVET,75.8,In Progress,Pending,Self-Employed,2025-12-11,Q4 2025,active
BEN-005091,Cynthia,Omondi,Female,Nairobi,Vocational,Agriculture,Nairobi TVET,88.9,Completed,Certified,Self-Employed,2025-03-27,Q1 2025,completed
BEN-005096,Diana,Abdi,Female,Kisii,Vocational,Tailoring,Kisii National Polytechnic,76.3,In Progress,Pending,Employed,2026-03-26,Q1 2026,active
BEN-005098,Gathoni,Otieno,Female,Kisumu,Vocational,Welding,Kisumu Technical Training Institute,73.1,Completed,Pending,Employed,2026-03-10,Q1 2026,completed
BEN-005102,Korir,Ochieng,Male,Nakuru,Vocational,Agriculture,Nakuru Vocational Training Centre,92.1,In Progress,Pending,Unemployed,2026-01-24,Q1 2026,active
BEN-005105,Wanjiru,Matano,Female,Nairobi,Vocational,Cooking & Catering,Nairobi TVET,88.6,Completed,Certified,Self-Employed,2025-09-09,Q3 2025,completed
BEN-005111,Nasieku,Wanjiku,f,Kilifi,Vocational,Plumbing,Kilifi Vocational Training Centre,64.8,In Progress,Pending,Employed,2026-09-15,Q3 2026,active
BEN-005113,Abdi,Mwangi,Male,Meru,Vocational,Tailoring,Meru Technical Training Institute,73.9,Completed,Certified,Self-Employed,2026-03-03,Q1 2026,completed
BEN-005115,Anyango,Kariuki,Female,Kakamega,Vocational,Agriculture,Kakamega Technical Training Institute,76.7,In Progress,Pending,Self-Employed,2026-08-25,Q3 2026,active
BEN-005119,Daniel,Kiptoo,Male,Nairobi,Vocational,Agriculture,Nairobi TVET,79.1,In Progress,Pending,Unemployed,2026-09-10,Q3 2026,active
BEN-005130,Kendi,Baya,Female,Kisii,Vocational,Electrical Installation,Kisii National Polytechnic,68.4,In Progress,Pending,Unemployed,2026-05-01,Q2 2026,active
BEN-005133,Mumbi,Njoroge,Female,Muranga,Vocational,Electrical Installation,Machakos Institute of Technology,100.0,Completed,Certified,Unemployed,2025-03-23,Q1 2025,completed
BEN-005138,Grace,Koech,FEMALE,Kilifi,Vocational,Tailoring,Kilifi Vocational Training Centre,90.0,In Progress,Pending,Unemployed,2026-08-03,Q3 2026,active
BEN-005139,Boniface,Gitau,Male,Meru,Vocational,Cooking & Catering,Meru Technical Training Institute,86.9,In Progress,Pending,Employed,2026-09-18,Q3 2026,active
BEN-005150,Vincent,Cheruiyot,Male,Kajiado,Vocational,Electrical Installation,Eldoret Polytechnic,74.0,In Progress,Pending,Unemployed,2026-06-22,Q2 2026,active
BEN-005163,Collins,Baya,Male,muranga,Vocational,Beauty Therapy,Kilifi Vocational Training Centre,63.3,Completed,Certified,Unemployed,2025-07-09,Q3 2025,completed
BEN-005167,Emmanuel,Mbogo,Male,Muranga,Vocational,Agriculture,Kilifi Vocational Training Centre,92.9,Completed,Certified,Employed,2025-06-01,Q2 2025,completed
BEN-005181,Mercy,Mbogo,female,Muranga,Vocational,Tailoring,Eldoret Polytechnic,78.3,In Progress,Pending,Employed,2026-07-29,Q3 2026,active
BEN-005219,Atieno,Onyango,Female,Mombasa,Vocational,Motor Vehicle Mechanics,Mombasa Technical Training Institute,83.0,In Progress,Pending,Unemployed,2026-07-20,Q3 2026,active
BEN-005229,Kipchoge,Mutua,Male,Kajiado,Vocational,Agriculture,Nakuru Vocational Training Centre,73.1,Completed,Certified,Unemployed,2025-09-12,Q3 2025,completed
BEN-005239,Faith,Njenga,Female,Kajiado,Vocational,Motor Vehicle Mechanics,Eldoret Polytechnic,86.2,In Progress,Pending,Unemployed,2026-03-12,Q1 2026,active
BEN-005240,Amina,Nyambane,Female,Nakuru,Vocational,Motor Vehicle Mechanics,Nakuru Vocational Training Centre,91.6,Completed,Certified,Self-Employed,2025-06-08,Q2 2025,completed
BEN-005248,Mohamed,Juma,Male,Uasin Gishu,Vocational,Carpentry,Eldoret Polytechnic,81.9,In Progress,Pending,Unemployed,2026-08-13,Q3 2026,active
BEN-005252,Cynthia,Ngugi,Female,Nairobi,Vocational,Carpentry,Nairobi TVET,96.8,In Progress,Pending,Unemployed,2026-07-02,Q3 2026,active
BEN-005258,Diana,Chebet,Female,Kiambu,Vocational,Motor Vehicle Mechanics,Thika Technical Training Institute,81.6,dropped out,Not Certified,Unemployed,2025-08-12,Q3 2025,dropped_out
BEN-005275,Baraka,Nduta,Male,Kilifi,Vocational,Carpentry,Kilifi Vocational Training Centre,69.6,In Progress,Pending,Unemployed,2026-06-05,Q2 2026,active
BEN-005281,Mumbi,Korir,Female,KISUMU,Vocational,Welding,Kisumu Technical Training Institute,78.1,In Progress,Pending,Unemployed,2026-08-06,Q3 2026,active
BEN-005294,Boniface,Odhiambo,Male,Bungoma,Vocational,Beauty Therapy,Bungoma Technical Training Institute,66.0,Dropped,Not Certified,Employed,2026-02-22,Q1 2026,dropped_out
BEN-005295,Stephen,Mohamed,Male,Meru,Vocational,Tailoring,Meru Technical Training Institute,77.4,Completed,Certified,Employed,2025-07-15,Q3 2025,completed
BEN-005303,Mutua,Wanjiku,Male,Uasin Gishu,Vocational,Motor Vehicle Mechanics,Eldoret Polytechnic,84.4,In Progress,Pending,Employed,2026-04-12,Q2 2026,active
BEN-005316,Cheruiyot,Charo,m,Kiambu,Vocational,Tailoring,Thika Technical Training Institute,88.1,In Progress,Pending,Unemployed,2025-10-07,Q4 2025,active
BEN-005326,John,Abdi,Male,Uasin Gishu,Vocational,Welding,Eldoret Polytechnic,92.0,Completed,Certified,Self-Employed,2026-03-31,Q1 2026,completed
BEN-005334,Naisula,Kilonzo,Female,Meru,Vocational,Agriculture,Meru Technical Training Institute,95.0,In Progress,Pending,Unemployed,2026-09-06,Q3 2026,active
BEN-005335,Emmanuel,Juma,M,Nairobi,Vocational,Welding,Nairobi TVET,81.8,In Progress,Pending,Unemployed,2026-04-06,Q2 2026,active
BEN-005346,Chepkoech,Wafula,Female,Nakuru,Vocational,Plumbing,Nakuru Vocational Training Centre,61.4,In Progress,Pending,Unemployed,2026-03-04,Q1 2026,active
BEN-005359,Emmanuel,Maina,Male,Kiambu,Vocational,Hairdressing,Thika Technical Training Institute,81.1,In Progress,Pending,Self-Employed,2026-02-03,Q1 2026,active
BEN-005365,Kiptoo,Nduta,m,Meru,Vocational,Agriculture,Meru Technical Training Institute,72.8,In Progress,Pending,Employed,2026-02-13,Q1 2026,active
BEN-005379,Ali,Onyango,Male,BUNGOMA,Vocational,Tailoring,Bungoma Technical Training Institute,73.1,Completed,Certified,Employed,2025-04-30,Q2 2025,completed
BEN-005386,Neema,Katana,Female,Machakos,Vocational,Cooking & Catering,Machakos Institute of Technology,90.6,In Progress,Pending,Self-Employed,2026-07-22,Q3 2026,active
BEN-005389,Gathoni,Onyango,Female,Nairobi,Vocational,Tailoring,Nairobi TVET,100.0,Completed,Certified,Self-Employed,2025-11-19,Q4 2025,completed
BEN-005392,Baraka,Musyoka,MALE,Nairobi,Vocational,Hairdressing,Nairobi TVET,82.1,Completed,Certified,Unemployed,2025-07-17,Q3 2025,completed
BEN-005408,Gathoni,Kamau,Female,Muranga,Vocational,Carpentry,Kisumu Technical Training Institute,83.2,In Progress,Pending,Self-Employed,2026-06-15,Q2 2026,active
BEN-005411,Musyoka,Nduta,Male,Uasin Gishu,Vocational,Carpentry,Eldoret Polytechnic,79.8,Dropped,Not Certified,Self-Employed,2025-08-29,Q3 2025,dropped_out
BEN-005415,Barasa,Katana,Male,Machakos,Vocational,Tailoring,Machakos Institute of Technology,71.1,Dropped,Not Certified,Employed,2025-11-24,Q4 2025,dropped_out
BEN-005417,David,Juma,Male,Bungoma,Vocational,Welding,Bungoma Technical Training Institute,82.0,In Progress,Pending,Employed,2026-04-22,Q2 2026,active
BEN-005427,Victor,Mutiso,Male,kakamega,Vocational,Tailoring,Kakamega Technical Training Institute,73.7,In Progress,Pending,Unemployed,2026-04-01,Q2 2026,active
BEN-005432,Rotich,Mwangi,Male,Machakos,Vocational,Cooking & Catering,Machakos Institute of Technology,92.0,In Progress,Pending,Unemployed,2026-09-16,Q3 2026,active
BEN-005442,Francis,Odhiambo,Male,Machakos,Vocational,Cooking & Catering,Machakos Institute of Technology,70.5,Completed,Certified,Unemployed,2025-05-14,Q2 2025,completed
BEN-005446,Samuel,Katana,Male,Bungoma,Vocational,Beauty Therapy,Bungoma Technical Training Institute,69.6,Completed,Certified,Self-Employed,2025-08-07,Q3 2025,completed
BEN-005447,Joseph,Gitau,Male,KAKAMEGA,Vocational,Agriculture,Kakamega Technical Training Institute,82.1,In Progress,Pending,Unemployed,2025-10-12,Q4 2025,active
BEN-005448,Kagure,Cheruiyot,Female,Nairobi,Vocational Program,Welding,Nairobi TVET,100.0,In Progress,Pending,Self-Employed,2026-04-01,Q2 2026,active
BEN-005467,Patrick,Njoroge,MALE,kisii,Vocational,Beauty Therapy,Kisii National Polytechnic,83.5,In Progress,Pending,Unemployed,2026-05-17,Q2 2026,active
BEN-005468,Anthony,Mutiso,Male,Nakuru,Vocational,Plumbing,Nakuru Vocational Training Centre,52.1,In Progress,Pending,Employed,2026-03-22,Q1 2026,active
BEN-005475,Dennis,Njoroge,Male,Nairobi,Vocational,Beauty Therapy,Nairobi TVET,75.9,Completed,Pending,Internship,2025-05-16,Q2 2025,completed
BEN-005476,Kagure,Nduta,Female,Muranga,Vocational,Carpentry,Mombasa Technical Training Institute,70.8,Completed,Pending,Unemployed,2025-05-23,Q2 2025,completed
BEN-005483,Diana,Odhiambo,Female,Muranga,Vocational,Agriculture,Nakuru Vocational Training Centre,62.3,Completed,Certified,Employed,2026-03-30,Q1 2026,completed
BEN-005497,Cynthia,Nyambane,Female,Nairobi,Vocational,Cooking & Catering,Nairobi TVET,78.7,Completed,Certified,Internship,2025-08-24,Q3 2025,completed
BEN-005502,Sharon,Katana,Female,KAKAMEGA,Vocational,Beauty Therapy,Kakamega Technical Training Institute,77.9,Completed,Certified,Unemployed,2025-10-12,Q4 2025,completed
BEN-005506,Cherono,Mohamed,Female,Mombasa,Vocational,Hairdressing,Mombasa Technical Training Institute,80.8,In Progress,Pending,Employed,2026-06-02,Q2 2026,active
BEN-005510,Jerop,Korir,Female,Bungoma County,Vocational,Tailoring,Bungoma Technical Training Institute,75.4,In Progress,Pending,Employed,2026-05-06,Q2 2026,active
BEN-005525,Purity,Omondi,Female,Muranga,Vocational,Electrical Installation,Nakuru Vocational Training Centre,64.0,In Progress,Pending,Unemployed,2026-06-03,Q2 2026,active
BEN-005527,Brenda,Chebet,Female,Kiambu,Vocational,Motor Vehicle Mechanics,Thika Technical Training Institute,92.5,In Progress,Pending,Employed,2026-04-22,Q2 2026,active
BEN-005529,Kipchoge,Njenga,Male,Nairobi,Vocational,Plumbing,Nairobi TVET,89.7,In Progress,Pending,Employed,2026-07-13,Q3 2026,active
BEN-005531,Odhiambo,Charo,Male,Kajiado,Vocational,Hairdressing,Machakos Institute of Technology,68.3,Completed,Certified,Employed,2025-01-13,Q1 2025,completed
BEN-005545,Stephen,Koech,Male,kajiado,Vocational,Plumbing,Eldoret Polytechnic,100.0,In Progress,Pending,Employed,2026-08-06,Q3 2026,active
BEN-005549,Caroline,Mutua,Female,Muranga,Vocational,Hairdressing,Bungoma Technical Training Institute,80.7,In Progress,Pending,Self-Employed,2026-09-07,Q3 2026,active
BEN-005553,Jerop,Abdi,Female,MOMBASA,Vocational,Welding,Mombasa Technical Training Institute,87.8,Completed,Certified,Self-Employed,2025-08-12,Q3 2025,completed
BEN-005555,Barasa,Abdi,Male,Kiambu,Vocational,Carpentry,Thika Technical Training Institute,84.6,Dropped,Not Certified,Self-Employed,2026-02-21,Q1 2026,dropped_out
BEN-005573,Gathoni,Kuria,Female,Machakos,Vocational,Motor Vehicle Mechanics,Machakos Institute of Technology,92.4,Completed,Certified,Self-Employed,2025-05-28,Q2 2025,completed
BEN-005574,Esther,Wafula,Female,Nairobi,Vocational,Plumbing,Nairobi TVET,78.0,In Progress,Pending,Employed,2026-04-05,Q2 2026,active
BEN-005592,Francis,Muthoni,Male,Kisumu,Vocational,Agriculture,Kisumu Technical Training Institute,59.9,In Progress,Pending,Unemployed,2026-06-05,Q2 2026,active
BEN-005593,Nkatha,Rotich,female,Bungoma,Vocational,Tailoring,Bungoma Technical Training Institute,77.9,Completed,Pending,Unemployed,2025-06-26,Q2 2025,completed
BEN-005604,Boniface,Mohamed,Male,kilifi,Vocational,Hairdressing,Kilifi Vocational Training Centre,72.1,In Progress,Pending,Self-Employed,2025-10-01,Q4 2025,active
BEN-005617,Neema,Njenga,Female,Nairobi,Vocational Program,Cooking & Catering,Nairobi TVET,86.7,Completed,Certified,Employed,2025-05-12,Q2 2025,completed
BEN-005626,Joy,Chebet,Female,Nyeri,Vocational,Agriculture,Nyeri Technical Training Institute,79.5,Completed,Certified,Unemployed,2025-08-08,Q3 2025,completed
BEN-005629,Ali,Njoroge,Male,Uasin Gishu,Vocational,Motor Vehicle Mechanics,Eldoret Polytechnic,75.6,complete,Certified,Internship,2025-06-20,Q2 2025,completed
BEN-005638,Cheruiyot,Mwakio,Male,Nairobi,Vocational,Motor Vehicle Mechanics,Nairobi TVET,77.8,In Progress,Pending,Employed,2026-06-22,Q2 2026,active
BEN-005648,Ali,Owino,Male,Kiambu,Vocational,Plumbing,Thika Technical Training Institute,91.3,Completed,Certified,Self-Employed,2025-08-25,Q3 2025,completed
BEN-005653,Kevin,Kiptoo,Male,Nairobi,Vocational,Beauty Therapy,Nairobi TVET,76.3,In Progress,Pending,Unemployed,2026-09-13,Q3 2026,active
BEN-005659,Wanjiru,Achieng,Female,Kiambu,Vocational,Welding,Thika Technical Training Institute,86.4,In Progress,Pending,Employed,2026-02-14,Q1 2026,active
BEN-005669,Purity,Gitau,Female,Kiambu,Vocational,Hairdressing,Thika Technical Training Institute,73.4,Completed,Certified,Employed,2025-11-14,Q4 2025,completed
BEN-005670,Samuel,Kiptoo,Male,Meru,Vocational,Tailoring,Meru Technical Training Institute,74.3,Dropped,Not Certified,Unemployed,2025-08-21,Q3 2025,dropped_out
BEN-005673,Diana,Charo,Female,NAIROBI,Vocational,Hairdressing,Nairobi TVET,100.0,Completed,Certified,Unemployed,2025-01-26,Q1 2025,completed
BEN-005677,Chepkoech,Mbogo,Female,Nairobi,Vocational,Beauty Therapy,Nairobi TVET,88.3,Completed,Certified,Employed,2025-08-28,Q3 2025,completed
BEN-005687,Peter,Odhiambo,Male,NAIROBI,Vocational,Carpentry,Nairobi TVET,98.6,Completed,Pending,Self-Employed,2025-08-06,Q3 2025,completed
BEN-005691,Zawadi,Ngugi,Female,Kilifi,Vocational,Beauty Therapy,Kilifi Vocational Training Centre,77.8,In Progress,Pending,Unemployed,2026-07-11,Q3 2026,active
BEN-005696,Juma,Kuria,Male,Nairobi County,Vocational,Cooking & Catering,Nairobi TVET,72.7,In Progress,Pending,Unemployed,2026-09-29,Q3 2026,active
BEN-005700,Emmanuel,Juma,Male,Kajiado,Vocational,Cooking & Catering,Kisii National Polytechnic,60.4,In Progress,Pending,Unemployed,2026-02-19,Q1 2026,active
BEN-005702,Kagure,Mutiso,Female,Nyeri,Vocational,Welding,Nyeri Technical Training Institute,100.0,In Progress,Pending,Employed,2026-08-28,Q3 2026,active
BEN-005705,Emmanuel,Koech,m,Nyeri,Vocational,Carpentry,Nyeri Technical Training Institute,84.6,Completed,Certified,Unemployed,2025-12-27,Q4 2025,completed
BEN-005710,Victor,Hassan,Male,Nairobi,Vocational,Motor Vehicle Mechanics,Nairobi TVET,100.0,In Progress,Pending,Self-Employed,2026-05-20,Q2 2026,active
BEN-005719,Wekesa,Kiptoo,Male,Muranga,Vocational,Electrical Installation,Thika Technical Training Institute,89.9,In Progress,Pending,Unemployed,2026-05-04,Q2 2026,active
BEN-005725,Jerop,Wafula,Female,Nyeri,Vocational,Agriculture,Nyeri Technical Training Institute,84.6,In Progress,Pending,Self-Employed,2025-10-26,Q4 2025,active
BEN-005732,Brenda,Omondi,Female,Muranga,Vocational,Carpentry,Kisii National Polytechnic,79.4,Dropped,Not Certified,Unemployed,2025-06-23,Q2 2025,dropped_out
BEN-005734,Brian,Chebet,Male,Bungoma,Vocational,Welding,Bungoma Technical Training Institute,92.6,In Progress,Pending,Employed,2026-01-02,Q1 2026,active
BEN-005745,Chebet,Odhiambo,Female,MACHAKOS,Vocational,Cooking & Catering,Machakos Institute of Technology,68.5,In Progress,Pending,Self-Employed,2026-09-19,Q3 2026,active
BEN-005746,David,Abdi,Male,Machakos,Vocational,Carpentry,Machakos Institute of Technology,77.8,In Progress,Pending,Unemployed,2026-08-20,Q3 2026,active
BEN-005755,Chepkoech,Nyambane,Female,Kilifi County,Vocational,Agriculture,Kilifi Vocational Training Centre,89.3,DROPPED,Not Certified,Unemployed,2026-03-09,Q1 2026,dropped_out
BEN-005772,Anyango,Onyango,Female,Muranga County,Vocational,Plumbing,Kilifi Vocational Training Centre,76.1,In Progress,Pending,Unemployed,2026-06-14,Q2 2026,active
BEN-005775,Rotich,Charo,Male,Kisumu,Vocational,Carpentry,Kisumu Technical Training Institute,71.7,In Progress,Pending,Unemployed,2025-10-11,Q4 2025,active
BEN-005781,Emily,Njenga,Female,Kisii,Vocational,Agriculture,Kisii National Polytechnic,82.1,In Progress,Pending,Unemployed,2026-06-21,Q2 2026,active
BEN-005801,Daniel,Kariuki,Male,Kisumu,Vocational,Cooking & Catering,Kisumu Technical Training Institute,70.7,In Progress,Pending,Self-Employed,2026-08-05,Q3 2026,active
BEN-005826,Francis,Matano,m,Nairobi,Vocational,Motor Vehicle Mechanics,Nairobi TVET,73.2,In Progress,Pending,Unemployed,2026-04-15,Q2 2026,active
BEN-005834,Gathoni,Kilonzo,Female,Kilifi,Vocational,Agriculture,Kilifi Vocational Training Centre,81.8,Completed,Certified,Employed,2025-08-05,Q3 2025,completed
BEN-005836,Stephen,Kiptoo,Male,KIAMBU,Vocational,Plumbing,Thika Technical Training Institute,74.1,In Progress,Pending,Self-Employed,2026-05-06,Q2 2026,active
BEN-005840,Joseph,Baya,m,Kisumu,Vocational,Motor Vehicle Mechanics,Kisumu Technical Training Institute,80.2,In Progress,Pending,Self-Employed,2026-05-21,Q2 2026,active
BEN-005846,Cynthia,Katana,Female,Meru,Vocational,Welding,Meru Technical Training Institute,86.0,In Progress,Pending,Self-Employed,2026-07-23,Q3 2026,active
BEN-005861,Cynthia,Gitau,Female,KAJIADO,Vocational,Carpentry,Kilifi Vocational Training Centre,97.4,In Progress,Pending,Unemployed,2026-03-15,Q1 2026,active
BEN-005866,Zawadi,Wafula,Female,Nakuru,Vocational,Plumbing,Nakuru Vocational Training Centre,84.1,complete,Certified,Self-Employed,2025-11-07,Q4 2025,completed
BEN-005872,Esther,Gitau,Female,Nairobi,Vocational,Motor Vehicle Mechanics,Nairobi TVET,90.5,In Progress,Pending,Self-Employed,2026-05-13,Q2 2026,active
BEN-005877,John,Wafula,Male,Machakos,Vocational,Plumbing,Machakos Institute of Technology,86.2,In Progress,Pending,Unemployed,2025-12-02,Q4 2025,active
BEN-005883,Amina,Kamau,Female,Meru,Vocational,Plumbing,Meru Technical Training Institute,79.1,In Progress,Pending,Unemployed,2025-12-16,Q4 2025,active
BEN-005893,Beatrice,Hassan,Female,Kajiado,Vocational,Hairdressing,Bungoma Technical Training Institute,77.9,Completed,Certified,Employed,2025-06-16,Q2 2025,completed
BEN-005897,Mercy,Mohamed,Female,Nakuru,Vocational,Cooking & Catering,Nakuru Vocational Training Centre,80.8,Completed,Certified,Employed,2025-09-06,Q3 2025,completed
BEN-005924,Faith,Otieno,Female,Kiambu,Vocational,Cooking & Catering,Thika Technical Training Institute,77.4,COMPLETED,Certified,Self-Employed,2025-09-28,Q3 2025,completed
BEN-005925,Esther,Wanjiku,Female,Nyeri,Vocational,Agriculture,Nyeri Technical Training Institute,76.6,Completed,Certified,Self-Employed,2025-04-05,Q2 2025,completed
BEN-005928,Omondi,Matano,Male,Mombasa,Vocational,Hairdressing,Mombasa Technical Training Institute,76.1,In Progress,Pending,Employed,2026-01-15,Q1 2026,active
BEN-005931,Cynthia,Njenga,Female,Kilifi,Vocational,Tailoring,Kilifi Vocational Training Centre,83.0,In Progress,Pending,Self-Employed,2026-06-04,Q2 2026,active
BEN-005941,Wanjiku,Hassan,Female,Kajiado,Vocational,Plumbing,Kilifi Vocational Training Centre,93.3,In Progress,Pending,Self-Employed,2026-04-15,Q2 2026,active
BEN-005943,Otieno,Omondi,male,Nairobi,Vocational,Plumbing,Nairobi TVET,90.3,Dropped,Not Certified,Employed,2026-02-13,Q1 2026,dropped_out
BEN-005957,Kipchoge,Ochieng,Male,Nyeri,Vocational,Cooking & Catering,Nyeri Technical Training Institute,80.0,In Progress,Pending,Unemployed,2026-07-04,Q3 2026,active
BEN-005970,Mutua,Ngugi,Male,Mombasa,Vocational,Hairdressing,Mombasa Technical Training Institute,96.2,Dropped,Not Certified,Self-Employed,2025-01-12,Q1 2025,dropped_out
BEN-005986,Wanjiru,Kamau,Female,Uasin Gishu,Vocational Program,Welding,Eldoret Polytechnic,73.4,In Progress,Pending,Unemployed,2026-07-01,Q3 2026,active
BEN-005988,Chepkoech,Maina,Female,Kiambu,Vocational,Motor Vehicle Mechanics,Thika Technical Training Institute,85.8,In Progress,Pending,Unemployed,2026-06-23,Q2 2026,active
BEN-005991,Ali,Kariuki,Male,Kilifi County,Vocational,Cooking & Catering,Kilifi Vocational Training Centre,70.5,complete,Pending,Unemployed,2025-09-23,Q3 2025,completed
BEN-005994,Nyambura,Mutiso,Female,Nairobi,Vocational,Tailoring,Nairobi TVET,100.0,Completed,Pending,Employed,2025-08-18,Q3 2025,completed
BEN-005997,Emmanuel,Kimani,Male,Kisumu,Vocational,Welding,Kisumu Technical Training Institute,75.5,In Progress,Pending,Self-Employed,2026-01-22,Q1 2026,active
BEN-006001,Halima,Nduta,Female,Nairobi,Vocational,Beauty Therapy,Nairobi TVET,98.2,Dropped,Not Certified,Self-Employed,2025-10-17,Q4 2025,dropped_out
BEN-006007,Akinyi,Muthoni,Female,Machakos County,Vocational,Plumbing,Machakos Institute of Technology,75.5,Completed,Certified,Employed,2025-09-14,Q3 2025,completed
BEN-006011,Emmanuel,Mohamed,Male,Nairobi,Vocational Program,Electrical Installation,Nairobi TVET,100.0,Completed,Certified,Self-Employed,2025-11-30,Q4 2025,completed
BEN-006017,Chebet,Maina,Female,Bungoma,Vocational,Welding,Bungoma Technical Training Institute,64.3,Completed,Certified,Employed,2026-03-31,Q1 2026,completed
BEN-006028,Naisula,Wafula,F,Nakuru,Vocational,Cooking & Catering,Nakuru Vocational Training Centre,78.8,In Progress,Pending,Self-Employed,2026-07-07,Q3 2026,active
BEN-006033,Faith,Abdi,Female,Nairobi,Vocational,Plumbing,Nairobi TVET,74.1,In Progress,Pending,Unemployed,2026-07-01,Q3 2026,active
BEN-006037,Nkatha,Ngugi,female,Mombasa,Vocational,Hairdressing,Mombasa Technical Training Institute,85.3,Completed,Certified,Unemployed,2025-04-16,Q2 2025,completed
BEN-006041,Joseph,Charo,Male,Nairobi,Vocational Program,Beauty Therapy,Nairobi TVET,83.5,In Progress,Pending,Unemployed,2026-06-12,Q2 2026,active
BEN-006042,Grace,Matano,Female,BUNGOMA,Vocational,Beauty Therapy,Bungoma Technical Training Institute,90.0,In Progress,Pending,Employed,2025-11-09,Q4 2025,active
BEN-006043,Mercy,Kimani,Female,Kiambu,Vocational,Tailoring,Thika Technical Training Institute,77.5,In Progress,Pending,Unemployed,2026-08-31,Q3 2026,active
BEN-006052,Emily,Nyambane,Female,Meru,Vocational,Agriculture,Meru Technical Training Institute,77.7,complete,Certified,Internship,2025-08-29,Q3 2025,completed
BEN-006055,Wangari,Wanjiku,Female,Nakuru,Vocational,Electrical Installation,Nakuru Vocational Training Centre,86.7,In Progress,Pending,Unemployed,2026-01-05,Q1 2026,active
BEN-006069,Kagure,Mohamed,Female,Machakos,Vocational,Cooking & Catering,Machakos Institute of Technology,59.4,In Progress,Pending,Employed,2026-08-23,Q3 2026,active
BEN-006071,Beatrice,Otieno,Female,Machakos County,Vocational,Agriculture,Machakos Institute of Technology,75.3,Dropped,Not Certified,Employed,2025-01-22,Q1 2025,dropped_out
BEN-006073,Chebet,Maina,Female,Nairobi County,Vocational,Cooking & Catering,Nairobi TVET,77.1,In Progress,Pending,Unemployed,2026-08-22,Q3 2026,active
BEN-006078,Kiptoo,Musyoka,Male,kisumu,Vocational,Cooking & Catering,Kisumu Technical Training Institute,80.1,Completed,Pending,Unemployed,2025-01-08,Q1 2025,completed
BEN-006080,Nyambura,Rotich,Female,Mombasa,Vocational,Electrical Installation,Mombasa Technical Training Institute,91.0,In Progress,Pending,Self-Employed,2026-04-02,Q2 2026,active
BEN-006083,Rotich,Achieng,Male,Kisumu,Vocational,Hairdressing,Kisumu Technical Training Institute,69.5,In Progress,Pending,Employed,2026-06-21,Q2 2026,active
BEN-006097,David,Ochieng,Male,Meru,Vocational,Motor Vehicle Mechanics,Meru Technical Training Institute,88.4,Completed,Certified,Employed,2025-11-29,Q4 2025,completed
BEN-006106,Baraka,Korir,Male,Kakamega,Vocational,Cooking & Catering,Kakamega Technical Training Institute,76.7,Completed,Certified,Self-Employed,2025-09-07,Q3 2025,completed
BEN-006116,Naisula,Abdi,Female,Nakuru,Vocational,Motor Vehicle Mechanics,Nakuru Vocational Training Centre,79.9,In Progress,Pending,Self-Employed,2026-03-13,Q1 2026,active
BEN-006122,Jerop,Rotich,Female,Kajiado,Vocational,Carpentry,Nairobi TVET,81.3,In Progress,Pending,Self-Employed,2026-04-24,Q2 2026,active
BEN-006127,Otieno,Achieng,Male,Kilifi,Vocational,Motor Vehicle Mechanics,Kilifi Vocational Training Centre,79.8,Dropped,Not Certified,Employed,2025-09-02,Q3 2025,dropped_out
BEN-006128,Anyango,Chebet,Female,Nakuru,Vocational,Beauty Therapy,Nakuru Vocational Training Centre,95.2,Completed,Certified,Self-Employed,2025-03-18,Q1 2025,completed
BEN-006134,Mercy,Bett,Female,Kilifi,Vocational,Hairdressing,Kilifi Vocational Training Centre,83.4,Completed,Certified,Internship,2025-05-05,Q2 2025,completed
BEN-006140,Grace,Nduta,Female,Nairobi,Vocational,Welding,Nairobi TVET,95.7,Completed,Certified,Unemployed,2025-04-02,Q2 2025,completed
BEN-006149,Rotich,Korir,Male,Machakos,Vocational,Agriculture,Machakos Institute of Technology,73.0,Dropped,Not Certified,Unemployed,2025-07-06,Q3 2025,dropped_out
BEN-006151,Amina,Wafula,Female,Kakamega,Vocational,Agriculture,Kakamega Technical Training Institute,78.6,In Progress,Pending,Self-Employed,2026-06-06,Q2 2026,active
BEN-006152,Diana,Juma,Female,Muranga,Vocational,Beauty Therapy,Mombasa Technical Training Institute,92.7,COMPLETED,Certified,Unemployed,2025-08-01,Q3 2025,completed
BEN-006156,Purity,Odhiambo,Female,kiambu,Vocational,Cooking & Catering,Thika Technical Training Institute,66.6,Dropped,Not Certified,Employed,2025-06-22,Q2 2025,dropped_out
BEN-006158,Joy,Onyango,female,bungoma,Vocational,Motor Vehicle Mechanics,Bungoma Technical Training Institute,70.7,In Progress,Pending,Self-Employed,2026-09-17,Q3 2026,active
BEN-006162,Patrick,Ochieng,Male,Kajiado,Vocational,Welding,Nyeri Technical Training Institute,79.4,In Progress,Pending,Self-Employed,2026-04-06,Q2 2026,active
BEN-006171,Mumbi,Koech,Female,Machakos,Vocational,Tailoring,Machakos Institute of Technology,85.9,In Progress,Pending,Self-Employed,2026-01-09,Q1 2026,active
BEN-006184,Kagure,Hassan,Female,Kisii,Vocational,Hairdressing,Kisii National Polytechnic,98.3,Dropped,Not Certified,Self-Employed,2025-09-10,Q3 2025,dropped_out
BEN-006195,Mumbi,Mwakio,Female,Kiambu,Vocational,Beauty Therapy,Thika Technical Training Institute,90.6,In Progress,Pending,Unemployed,2026-05-28,Q2 2026,active
BEN-006196,Emily,Kariuki,Female,Kisii,Vocational,Motor Vehicle Mechanics,Kisii National Polytechnic,91.7,In Progress,Pending,Self-Employed,2026-08-19,Q3 2026,active
BEN-006199,Mercy,Wekesa,Female,Machakos,Vocational,Electrical Installation,Machakos Institute of Technology,73.4,Completed,Certified,Employed,2025-12-17,Q4 2025,completed
BEN-006229,Kipchoge,Mutua,Male,Nairobi,Vocational,Cooking & Catering,Nairobi TVET,99.4,In Progress,Pending,Employed,2026-01-03,Q1 2026,active
BEN-006234,Caroline,Rotich,Female,Nairobi,Vocational,Agriculture,Nairobi TVET,92.0,Completed,Certified,Employed,2025-08-27,Q3 2025,completed
BEN-006239,Brenda,Mwangi,Female,MERU,Vocational,Hairdressing,Meru Technical Training Institute,81.8,In Progress,Pending,Unemployed,2026-06-23,Q2 2026,active
BEN-006243,Collins,Mbogo,Male,Kiambu,Vocational,Hairdressing,Thika Technical Training Institute,86.6,Dropped,Not Certified,Unemployed,2025-02-19,Q1 2025,dropped_out
BEN-006244,Zawadi,Nduta,Female,Kakamega,Vocational,Tailoring,Kakamega Technical Training Institute,58.0,In Progress,Pending,Unemployed,2025-11-07,Q4 2025,active
BEN-006252,Emmanuel,Kuria,Male,Nairobi,Vocational,Tailoring,Nairobi TVET,86.8,Completed,Certified,Employed,2025-06-06,Q2 2025,completed
BEN-006265,Korir,Kiptoo,Male,Kisii,Vocational,Hairdressing,Kisii National Polytechnic,78.8,Completed,Certified,Employed,2025-05-25,Q2 2025,completed
BEN-006266,Peter,Kiptoo,Male,Kilifi,Vocational,Motor Vehicle Mechanics,Kilifi Vocational Training Centre,65.0,In Progress,Pending,Unemployed,2026-06-29,Q2 2026,active
BEN-006269,Odhiambo,Rotich,Male,Kiambu,Vocational,Agriculture,Thika Technical Training Institute,70.9,Completed,Certified,Employed,2025-05-07,Q2 2025,completed
BEN-006272,Achieng,Maina,Female,Kajiado,Vocational,Welding,Eldoret Polytechnic,69.0,In Progress,Pending,Unemployed,2026-07-10,Q3 2026,active
BEN-006285,Cherono,Odhiambo,Female,Nairobi,Vocational,Carpentry,Nairobi TVET,96.0,In Progress,Pending,Unemployed,2026-09-07,Q3 2026,active
BEN-006291,Jerop,Wanjiku,Female,Kakamega,Vocational,Welding,Kakamega Technical Training Institute,79.1,In Progress,Pending,Employed,2026-07-04,Q3 2026,active
BEN-006295,Brenda,Charo,Female,Nairobi,Vocational,Hairdressing,Nairobi TVET,83.9,In Progress,Pending,Unemployed,2026-05-29,Q2 2026,active
BEN-006299,Odhiambo,Mwangi,Male,Nakuru,Vocational,Tailoring,Nakuru Vocational Training Centre,70.1,Dropped,Not Certified,Unemployed,2025-06-16,Q2 2025,dropped_out
BEN-006303,Korir,Kimani,Male,Nakuru,Vocational,Carpentry,Nakuru Vocational Training Centre,75.6,In Progress,Pending,Self-Employed,2026-01-17,Q1 2026,active
BEN-006313,Mutua,Kiptoo,Male,Machakos,Vocational,Agriculture,Machakos Institute of Technology,74.8,In Progress,Pending,Unemployed,2026-07-03,Q3 2026,active
BEN-006322,Chepkoech,Baya,Female,Kajiado,Vocational,Electrical Installation,Nairobi TVET,91.5,Completed,Certified,Employed,2025-10-23,Q4 2025,completed
BEN-006326,Collins,Cheruiyot,male,Nairobi,Vocational,Plumbing,Nairobi TVET,92.8,Completed,Certified,Internship,2025-05-08,Q2 2025,completed
BEN-006334,Simon,Maina,Male,Machakos,Vocational,Hairdressing,Machakos Institute of Technology,94.1,Completed,Certified,Employed,2025-09-16,Q3 2025,completed
BEN-006345,Isaac,Rotich,Male,Mombasa,Vocational,Tailoring,Mombasa Technical Training Institute,81.9,Dropped,Not Certified,Employed,2025-12-08,Q4 2025,dropped_out
BEN-006356,Isaac,Musyoka,Male,Kiambu,Vocational,Motor Vehicle Mechanics,Thika Technical Training Institute,88.3,Dropped,Not Certified,Unemployed,2025-05-28,Q2 2025,dropped_out
BEN-006357,Diana,Mwakio,Female,Kiambu,Vocational,Plumbing,Thika Technical Training Institute,80.4,In Progress,Pending,Unemployed,2026-04-20,Q2 2026,active
BEN-006367,Mohamed,Owino,Male,Uasin Gishu,Vocational,Agriculture,Eldoret Polytechnic,61.4,Dropped,Not Certified,Unemployed,2025-02-16,Q1 2025,dropped_out
BEN-006373,Nkatha,Kariuki,Female,Kiambu,Vocational,Beauty Therapy,Thika Technical Training Institute,85.1,Completed,Certified,Unemployed,2026-03-22,Q1 2026,completed
BEN-006374,Kilonzo,Odhiambo,Male,Uasin Gishu,Vocational,Welding,Eldoret Polytechnic,68.0,In Progress,Pending,Unemployed,2026-05-11,Q2 2026,active
BEN-006386,Mutua,Rotich,Male,Nairobi,Vocational,Cooking & Catering,Nairobi TVET,80.4,Dropped,Not Certified,Unemployed,2025-08-08,Q3 2025,dropped_out
BEN-006388,Zawadi,Baya,Female,Nyeri,Vocational,Hairdressing,Nyeri Technical Training Institute,70.2,In Progress,Pending,Unemployed,2026-06-27,Q2 2026,active
BEN-006394,Mutua,Korir,Male,Uasin Gishu,Vocational,Plumbing,Eldoret Polytechnic,81.1,Completed,Certified,Employed,2025-01-17,Q1 2025,completed
BEN-006395,Juma,Mbogo,Male,Nairobi,Vocational,Plumbing,Nairobi TVET,100.0,In Progress,Pending,Unemployed,2026-08-07,Q3 2026,active
BEN-006396,Collins,Hassan,Male,Nairobi,Vocational,Welding,Nairobi TVET,90.9,Completed,Certified,Self-Employed,2025-03-30,Q1 2025,completed
BEN-006409,Collins,Barasa,Male,Kilifi,Vocational,Motor Vehicle Mechanics,Kilifi Vocational Training Centre,78.4,In Progress,Pending,Unemployed,2025-11-07,Q4 2025,active
BEN-006410,Patrick,Maina,Male,Kisumu,Vocational,Carpentry,Kisumu Technical Training Institute,74.3,Completed,Certified,Unemployed,2025-12-13,Q4 2025,completed
BEN-006414,Wanjiru,Wekesa,Female,Nakuru,Vocational,Plumbing,Nakuru Vocational Training Centre,82.1,In Progress,Pending,Unemployed,2026-08-14,Q3 2026,active
BEN-006423,Neema,Maina,Female,Kiambu,Vocational,Motor Vehicle Mechanics,Thika Technical Training Institute,100.0,In Progress,Pending,Unemployed,2026-08-30,Q3 2026,active
BEN-006424,Kiptoo,Chebet,Male,Uasin Gishu,Vocational,Welding,Eldoret Polytechnic,86.4,Completed,Certified,Unemployed,2025-11-01,Q4 2025,completed
BEN-006442,Nyambura,Charo,Female,Nairobi,Vocational,Beauty Therapy,Nairobi TVET,86.0,Completed,Certified,Self-Employed,2026-02-14,Q1 2026,completed
BEN-006450,Abdi,Muthoni,Male,Kiambu,Vocational,Hairdressing,Thika Technical Training Institute,78.0,In Progress,Pending,Unemployed,2026-05-24,Q2 2026,active
BEN-006455,Joy,Nduta,Female,Kilifi,Vocational,Agriculture,Kilifi Vocational Training Centre,65.6,Dropped,Not Certified,Unemployed,2025-12-28,Q4 2025,dropped_out
BEN-006458,Vincent,Katana,Male,NAIROBI,Vocational,Electrical Installation,Nairobi TVET,98.4,Completed,Certified,Employed,2025-10-09,Q4 2025,completed
BEN-006469,Mutua,Kilonzo,Male,MERU,Vocational,Motor Vehicle Mechanics,Meru Technical Training Institute,87.6,Completed,Certified,Employed,2025-12-27,Q4 2025,completed
BEN-006470,Mutua,Nyambane,Male,Nairobi County,Vocational,Beauty Therapy,Nairobi TVET,76.5,In Progress,Pending,Unemployed,2026-08-26,Q3 2026,active
BEN-006475,Sharon,Barasa,Female,Kiambu,Vocational,Motor Vehicle Mechanics,Thika Technical Training Institute,64.1,In Progress,Pending,Unemployed,2026-07-07,Q3 2026,active
BEN-006478,Nyambura,Koech,Female,Nyeri,Vocational,Cooking & Catering,Nyeri Technical Training Institute,61.6,Completed,Certified,Employed,2026-03-21,Q1 2026,completed
BEN-006487,Patrick,Hassan,Male,Nairobi,Vocational,Cooking & Catering,Nairobi TVET,75.5,Completed,Certified,Self-Employed,2025-07-31,Q3 2025,completed
BEN-006510,Njeri,Mwangi,Female,Machakos County,Vocational,Agriculture,Machakos Institute of Technology,92.9,Completed,Pending,Unemployed,2025-08-11,Q3 2025,completed
BEN-006511,Sharon,Kilonzo,Female,Kisii,Vocational,Tailoring,Kisii National Polytechnic,85.4,In Progress,Pending,Self-Employed,2026-06-10,Q2 2026,active
BEN-006513,Chepkoech,Mutiso,Female,Nyeri,Vocational,Motor Vehicle Mechanics,Nyeri Technical Training Institute,96.5,Dropped,Not Certified,Self-Employed,2025-08-22,Q3 2025,dropped_out
BEN-006519,Esther,Cheruiyot,FEMALE,Uasin Gishu,Vocational,Plumbing,Eldoret Polytechnic,64.9,complete,Certified,Unemployed,2025-10-17,Q4 2025,completed
BEN-006528,Samuel,Kimani,Male,Kajiado,Vocational,Plumbing,Thika Technical Training Institute,71.3,Completed,Certified,Employed,2026-01-15,Q1 2026,completed
BEN-006535,Njeri,Mwakio,Female,Kiambu,Vocational,Agriculture,Thika Technical Training Institute,80.6,Dropped,Not Certified,Unemployed,2026-01-06,Q1 2026,dropped_out
BEN-006537,Naisula,Gitau,Female,Uasin Gishu,Vocational,Cooking & Catering,Eldoret Polytechnic,90.3,In Progress,Pending,Self-Employed,2026-07-10,Q3 2026,active
BEN-006545,Nkatha,Mutiso,Female,Mombasa,Vocational,Beauty Therapy,Mombasa Technical Training Institute,74.4,Dropped,Not Certified,Employed,2025-12-28,Q4 2025,dropped_out
BEN-006548,Akinyi,Wekesa,Female,Nyeri,Vocational,Hairdressing,Nyeri Technical Training Institute,95.1,In Progress,Pending,Unemployed,2026-08-09,Q3 2026,active
BEN-006552,Simon,Kilonzo,Male,Machakos,Vocational,Welding,Machakos Institute of Technology,100.0,In Progress,Pending,Unemployed,2026-06-08,Q2 2026,active
BEN-006572,Collins,Musyoka,Male,Mombasa,Vocational,Carpentry,Mombasa Technical Training Institute,78.6,Dropped,Not Certified,Unemployed,2025-09-24,Q3 2025,dropped_out
BEN-006576,John,Wafula,Male,Kiambu,Vocational,Welding,Thika Technical Training Institute,99.0,In Progress,Pending,Employed,2026-07-10,Q3 2026,active
BEN-006577,Onyango,Korir,Male,Muranga,Vocational,Tailoring,Thika Technical Training Institute,72.0,In Progress,Pending,Self-Employed,2026-07-13,Q3 2026,active
BEN-006582,Joy,Kimani,Female,Nairobi,Vocational,Cooking & Catering,Nairobi TVET,100.0,Completed,Pending,Unemployed,2025-09-07,Q3 2025,completed
BEN-006587,Amina,Cheruiyot,Female,Nairobi,Vocational,Plumbing,Nairobi TVET,85.4,Completed,Certified,Self-Employed,2025-10-17,Q4 2025,completed
BEN-006591,Kagure,Odhiambo,Female,Nairobi County,Vocational,Electrical Installation,Nairobi TVET,97.4,In Progress,Pending,Unemployed,2026-08-13,Q3 2026,active
BEN-006593,Purity,Mutiso,Female,Meru,Vocational,Tailoring,Meru Technical Training Institute,88.7,Completed,Certified,Employed,2025-04-05,Q2 2025,completed
BEN-006603,Anthony,Hassan,Male,Kakamega,Vocational,Beauty Therapy,Kakamega Technical Training Institute,63.2,In Progress,Pending,Self-Employed,2025-11-30,Q4 2025,active
BEN-006604,Wangari,Njenga,Female,Meru,Vocational,Hairdressing,Meru Technical Training Institute,77.2,Completed,Certified,Unemployed,2026-01-22,Q1 2026,completed
BEN-006607,Sharon,Barasa,Female,Uasin Gishu,Vocational,Motor Vehicle Mechanics,Eldoret Polytechnic,89.5,Completed,Certified,Unemployed,2025-09-20,Q3 2025,completed
BEN-006612,Vincent,Baya,M,Nyeri,Vocational,Carpentry,Nyeri Technical Training Institute,84.2,Dropped,Not Certified,Employed,2025-08-15,Q3 2025,dropped_out
BEN-006617,Joseph,Matano,Male,Uasin Gishu County,Vocational,Agriculture,Eldoret Polytechnic,82.9,Completed,Pending,Employed,2025-06-20,Q2 2025,completed
BEN-006620,Simon,Korir,Male,Kisumu,Vocational,Motor Vehicle Mechanics,Kisumu Technical Training Institute,80.1,Dropped,Not Certified,Unemployed,2025-08-13,Q3 2025,dropped_out
BEN-006634,Diana,Owino,Female,Nairobi,Vocational,Hairdressing,Nairobi TVET,98.8,Completed,Certified,Employed,2025-10-30,Q4 2025,completed
BEN-006636,Kelvin,Ngugi,Male,Kiambu,Vocational,Welding,Thika Technical Training Institute,80.1,Completed,Certified,Employed,2025-11-12,Q4 2025,completed
BEN-006638,Faith,Kiptoo,Female,Nakuru,Vocational,Beauty Therapy,Nakuru Vocational Training Centre,100.0,In Progress,Pending,Unemployed,2026-02-05,Q1 2026,active
BEN-006642,Faith,Mwakio,Female,Nyeri,Vocational,Motor Vehicle Mechanics,Nyeri Technical Training Institute,62.7,In Progress,Pending,Unemployed,2026-05-27,Q2 2026,active
BEN-006643,Otieno,Omondi,Male,Kajiado,Vocational,Carpentry,Nakuru Vocational Training Centre,87.6,Completed,Certified,Unemployed,2025-09-13,Q3 2025,completed
BEN-006664,Faith,Achieng,Female,Meru,Vocational,Motor Vehicle Mechanics,Meru Technical Training Institute,80.5,In Progress,Pending,Employed,2026-03-17,Q1 2026,active
BEN-006668,Baraka,Onyango,MALE,Kisii,Vocational Program,Beauty Therapy,Kisii National Polytechnic,56.0,Dropped,Not Certified,Unemployed,2025-04-06,Q2 2025,dropped_out
BEN-006675,Mercy,Otieno,Female,Kisumu,Vocational,Carpentry,Kisumu Technical Training Institute,71.3,In Progress,Pending,Unemployed,2026-06-22,Q2 2026,active
BEN-006687,Chepkoech,Juma,Female,Mombasa,Vocational,Hairdressing,Mombasa Technical Training Institute,82.7,In Progress,Pending,Unemployed,2026-03-22,Q1 2026,active
BEN-006691,Timothy,Njenga,Male,Kakamega,Vocational,Motor Vehicle Mechanics,Kakamega Technical Training Institute,76.0,Dropped,Not Certified,Unemployed,2025-04-17,Q2 2025,dropped_out
BEN-006699,Jerop,Kilonzo,Female,Kisii,Vocational,Welding,Kisii National Polytechnic,77.4,Dropped,Not Certified,Unemployed,2025-12-14,Q4 2025,dropped_out
BEN-006702,Otieno,Maina,Male,Nakuru,Vocational,Hairdressing,Nakuru Vocational Training Centre,70.8,COMPLETED,Certified,Employed,2025-08-07,Q3 2025,completed
BEN-006705,Purity,Rotich,Female,Nairobi,Vocational,Carpentry,Nairobi TVET,85.7,In Progress,Pending,Unemployed,2026-09-23,Q3 2026,active
BEN-006715,Achieng,Kamau,Female,Nairobi,Vocational,Plumbing,Nairobi TVET,100.0,Completed,Certified,Employed,2025-09-18,Q3 2025,completed
BEN-006724,Zawadi,Kimani,Female,MERU,Vocational,Beauty Therapy,Meru Technical Training Institute,69.5,In Progress,Pending,Self-Employed,2026-05-29,Q2 2026,active
BEN-006726,Samuel,Ngugi,Male,MACHAKOS,Vocational,Beauty Therapy,Machakos Institute of Technology,92.8,In Progress,Pending,Employed,2026-07-26,Q3 2026,active
BEN-006735,Gathoni,Bett,Female,Meru,Vocational,Cooking & Catering,Meru Technical Training Institute,87.8,Completed,Certified,Self-Employed,2025-11-06,Q4 2025,completed
BEN-006746,Achieng,Gitau,Female,Mombasa,Vocational,Hairdressing,Mombasa Technical Training Institute,87.8,Completed,Certified,Employed,2026-02-01,Q1 2026,completed
BEN-006753,Isaac,Barasa,Male,Nairobi,Vocational,Welding,Nairobi TVET,75.6,In Progress,Pending,Unemployed,2026-09-10,Q3 2026,active
BEN-006757,Faith,Kamau,Female,Kakamega,Vocational,Carpentry,Kakamega Technical Training Institute,73.0,In Progress,Pending,Unemployed,2026-07-22,Q3 2026,active
BEN-006761,Achieng,Nduta,Female,Mombasa,Vocational,Beauty Therapy,Mombasa Technical Training Institute,81.8,In Progress,Pending,Self-Employed,2026-09-28,Q3 2026,active
BEN-006762,Wanjiku,Kariuki,Female,Nairobi,Vocational,Welding,Nairobi TVET,86.1,Completed,Certified,Self-Employed,2025-06-07,Q2 2025,completed
BEN-006767,Njeri,Omondi,Female,Nakuru,Vocational,Hairdressing,Nakuru Vocational Training Centre,94.7,Completed,Certified,Self-Employed,2025-08-30,Q3 2025,completed
BEN-006771,Nkatha,Koech,Female,Kisii,Vocational,Electrical Installation,Kisii National Polytechnic,87.7,Completed,Certified,Employed,2026-02-23,Q1 2026,completed
BEN-006783,Dennis,Matano,Male,Uasin Gishu,Vocational,Motor Vehicle Mechanics,Eldoret Polytechnic,68.5,complete,Certified,Unemployed,2025-03-20,Q1 2025,completed
BEN-006786,Dennis,Rotich,Male,Machakos,Vocational,Welding,Machakos Institute of Technology,50.9,In Progress,Pending,Employed,2026-04-16,Q2 2026,active
BEN-006795,Kilonzo,Kimani,Male,Kakamega,Vocational,Cooking & Catering,Kakamega Technical Training Institute,68.1,Dropped,Not Certified,Unemployed,2025-06-16,Q2 2025,dropped_out
BEN-006802,Nyambura,Kilonzo,Female,mombasa,Vocational,Motor Vehicle Mechanics,Mombasa Technical Training Institute,92.9,Dropped,Not Certified,Unemployed,2025-05-07,Q2 2025,dropped_out
BEN-006804,Boniface,Omondi,Male,Kisumu,Vocational,Agriculture,Kisumu Technical Training Institute,70.8,In Progress,Pending,Employed,2026-07-03,Q3 2026,active
BEN-006809,Victor,Mutiso,Male,Nyeri,Vocational,Motor Vehicle Mechanics,Nyeri Technical Training Institute,78.1,Dropped,Not Certified,Unemployed,2025-11-07,Q4 2025,dropped_out
BEN-006813,Mohamed,Achieng,Male,Kakamega,Vocational,Welding,Kakamega Technical Training Institute,66.1,Completed,Certified,Unemployed,2025-08-18,Q3 2025,completed
BEN-006821,Atieno,Mwakio,Female,Nakuru,Vocational,Electrical Installation,Nakuru Vocational Training Centre,83.7,In Progress,Pending,Unemployed,2026-04-05,Q2 2026,active
BEN-006826,Chepkoech,Achieng,Female,Uasin Gishu,Vocational,Agriculture,Eldoret Polytechnic,73.6,In Progress,Pending,Employed,2026-07-11,Q3 2026,active
BEN-006829,Korir,Kuria,MALE,MERU,Vocational,Agriculture,Meru Technical Training Institute,60.7,Completed,Pending,Self-Employed,2025-09-09,Q3 2025,completed
BEN-006845,Naisula,Mbogo,Female,Kajiado,Vocational,Electrical Installation,Mombasa Technical Training Institute,71.7,Completed,Certified,Employed,2026-02-05,Q1 2026,completed
BEN-006847,Cynthia,Nduta,Female,Nakuru,Vocational,Hairdressing,Nakuru Vocational Training Centre,76.1,Completed,Certified,Self-Employed,2025-06-26,Q2 2025,completed
BEN-006849,Zawadi,Wafula,Female,Meru,Vocational,Plumbing,Meru Technical Training Institute,83.5,In Progress,Pending,Unemployed,2026-09-30,Q3 2026,active
BEN-006851,Jerop,Mutiso,Female,Kiambu,Vocational,Cooking & Catering,Thika Technical Training Institute,89.9,In Progress,Pending,Employed,2026-07-01,Q3 2026,active
BEN-006853,Dennis,Mwangi,Male,Nairobi,Vocational,Tailoring,Nairobi TVET,97.9,Completed,Pending,Employed,2025-11-15,Q4 2025,completed
BEN-006866,Cheruiyot,Njenga,Male,Muranga,Vocational,Welding,Mombasa Technical Training Institute,82.4,Completed,Pending,Unemployed,2025-10-20,Q4 2025,completed
BEN-006870,Anthony,Wekesa,Male,Nairobi,Vocational,Welding,Nairobi TVET,87.7,In Progress,Pending,Unemployed,2026-04-04,Q2 2026,active
BEN-006871,Wanjiru,Musyoka,Female,Nakuru,Vocational,Electrical Installation,Nakuru Vocational Training Centre,67.7,In Progress,Pending,Unemployed,2026-06-15,Q2 2026,active
BEN-006884,Beatrice,Kimani,Female,Kajiado,Vocational,Welding,Nyeri Technical Training Institute,68.1,In Progress,Pending,Unemployed,2026-05-17,Q2 2026,active
BEN-006885,Isaac,Mutua,Male,Nairobi,Vocational,Cooking & Catering,Nairobi TVET,87.3,Dropped,Not Certified,Employed,2025-09-19,Q3 2025,dropped_out
BEN-006887,Isaac,Muthoni,Male,Nairobi,Vocational,Carpentry,Nairobi TVET,90.1,Completed,Certified,Employed,2025-10-30,Q4 2025,completed
BEN-006895,Sharon,Mwakio,Female,Meru,Vocational,Electrical Installation,Meru Technical Training Institute,64.5,In Progress,Pending,Unemployed,2026-08-06,Q3 2026,active
BEN-006902,Stephen,Katana,Male,Nairobi,Vocational,Cooking & Catering,Nairobi TVET,90.7,Dropped,Not Certified,Unemployed,2025-10-20,Q4 2025,dropped_out
BEN-006904,Neema,Otieno,Female,Nairobi,Vocational,Motor Vehicle Mechanics,Nairobi TVET,87.4,In Progress,Pending,Unemployed,2026-04-13,Q2 2026,active
BEN-006921,Njeri,Juma,Female,Kiambu,Vocational,Cooking & Catering,Thika Technical Training Institute,97.5,In Progress,Pending,Unemployed,2026-04-18,Q2 2026,active
BEN-006960,Achieng,Odhiambo,Female,Kilifi,Vocational,Cooking & Catering,Kilifi Vocational Training Centre,67.1,Completed,Certified,Self-Employed,2026-01-07,Q1 2026,completed
BEN-006985,Nasieku,Korir,Female,Kilifi,Vocational,Hairdressing,Kilifi Vocational Training Centre,63.7,COMPLETED,Certified,Internship,2025-08-26,Q3 2025,completed
BEN-006987,Cherono,Nyambane,Female,Kiambu,Vocational,Agriculture,Thika Technical Training Institute,66.5,In Progress,Pending,Self-Employed,2026-09-04,Q3 2026,active
BEN-006989,Baraka,Kimani,Male,Kiambu,Vocational,Hairdressing,Thika Technical Training Institute,75.9,In Progress,Pending,Employed,2026-03-26,Q1 2026,active
BEN-006990,Brian,Nyambane,Male,Mombasa,Vocational,Tailoring,Mombasa Technical Training Institute,83.1,Completed,Certified,Employed,2025-05-23,Q2 2025,completed
BEN-006991,Emily,Nyambane,Female,Bungoma,Vocational,Plumbing,Bungoma Technical Training Institute,77.6,Completed,Certified,Self-Employed,2025-05-31,Q2 2025,completed
BEN-006995,Kamau,Otieno,Male,Nairobi,Vocational,Welding,Nairobi TVET,100.0,Completed,Certified,Self-Employed,2025-10-20,Q4 2025,completed
BEN-007005,Kendi,Kilonzo,Female,Nairobi,Vocational,Carpentry,Nairobi TVET,79.1,In Progress,Pending,Self-Employed,2026-09-02,Q3 2026,active
BEN-007018,Kendi,Kilonzo,Female,Nyeri,Vocational,Carpentry,Nyeri Technical Training Institute,81.8,In Progress,Pending,Unemployed,2026-07-02,Q3 2026,active
BEN-007023,Nicholas,Ochieng,Male,Muranga County,Vocational,Cooking & Catering,Kakamega Technical Training Institute,76.1,Completed,Certified,Self-Employed,2025-05-22,Q2 2025,completed
BEN-007034,Juma,Achieng,male,Nairobi,Vocational,Welding,Nairobi TVET,93.5,In Progress,Pending,Unemployed,2025-10-15,Q4 2025,active
BEN-007038,Akinyi,Mbogo,Female,Muranga,Vocational,Cooking & Catering,Kakamega Technical Training Institute,92.7,In Progress,Pending,Self-Employed,2026-07-21,Q3 2026,active
BEN-007047,Caroline,Chebet,Female,Nairobi,Vocational,Agriculture,Nairobi TVET,92.4,Completed,Certified,Employed,2025-03-24,Q1 2025,completed
BEN-007048,Korir,Matano,Male,Meru,Vocational,Carpentry,Meru Technical Training Institute,64.0,In Progress,Pending,Self-Employed,2026-04-01,Q2 2026,active
BEN-007059,Amina,Chebet,Female,Kisii,Vocational,Tailoring,Kisii National Polytechnic,63.4,In Progress,Pending,Unemployed,2026-02-28,Q1 2026,active
BEN-007065,Jerop,Baya,Female,Kajiado,Vocational,Welding,Kakamega Technical Training Institute,77.8,In Progress,Pending,Self-Employed,2026-02-09,Q1 2026,active
BEN-007072,Rotich,Bett,Male,Machakos,Vocational,Welding,Machakos Institute of Technology,76.1,In Progress,Pending,Self-Employed,2025-10-29,Q4 2025,active
BEN-007078,Nkatha,Hassan,Female,Kilifi,Vocational,Carpentry,Kilifi Vocational Training Centre,61.1,In Progress,Pending,Unemployed,2026-07-05,Q3 2026,active
BEN-007080,Brenda,Kimani,Female,Nairobi,Vocational,Tailoring,Nairobi TVET,91.8,In Progress,Pending,Unemployed,2026-04-09,Q2 2026,active
BEN-007082,Kipchoge,Kiptoo,m,Muranga,Vocational,Hairdressing,Nyeri Technical Training Institute,71.5,Completed,Certified,Employed,2025-09-11,Q3 2025,completed
BEN-007087,Kamau,Kimani,Male,Nakuru,Vocational,Electrical Installation,Nakuru Vocational Training Centre,89.2,In Progress,Pending,Unemployed,2026-09-03,Q3 2026,active
BEN-007089,Achieng,Mutiso,Female,Kisumu,Vocational,Cooking & Catering,Kisumu Technical Training Institute,84.6,In Progress,Pending,Employed,2026-04-30,Q2 2026,active
BEN-007108,Wanjiru,Mbogo,Female,Kajiado,Vocational,Plumbing,Eldoret Polytechnic,81.2,In Progress,Pending,Self-Employed,2026-09-18,Q3 2026,active
BEN-007114,Chepkoech,Owino,F,Machakos,Vocational,Electrical Installation,Machakos Institute of Technology,80.3,Completed,Certified,Unemployed,2025-04-26,Q2 2025,completed
BEN-007116,Awuor,Hassan,Female,Kilifi,Vocational,Motor Vehicle Mechanics,Kilifi Vocational Training Centre,84.0,In Progress,Pending,Unemployed,2026-06-03,Q2 2026,active
BEN-007156,Otieno,Omondi,m,Kajiado,Vocational,Motor Vehicle Mechanics,Eldoret Polytechnic,88.1,complete,Pending,Self-Employed,2026-03-31,Q1 2026,completed
BEN-007163,Wanjiku,Kariuki,Female,Nakuru,Vocational,Agriculture,Nakuru Vocational Training Centre,80.3,Dropped,Not Certified,Self-Employed,2025-08-29,Q3 2025,dropped_out
BEN-007170,Jerop,Charo,Female,Uasin Gishu,Vocational,Welding,Eldoret Polytechnic,85.0,In Progress,Pending,Unemployed,2026-09-08,Q3 2026,active
BEN-007172,Wanjiru,Omondi,Female,Kakamega,Vocational,Beauty Therapy,Kakamega Technical Training Institute,79.9,In Progress,Pending,Unemployed,2026-02-27,Q1 2026,active
BEN-007175,Emily,Mutua,Female,Nairobi,Vocational,Agriculture,Nairobi TVET,84.0,Completed,Certified,Self-Employed,2025-05-03,Q2 2025,completed
BEN-007192,Kipchoge,Kuria,Male,Mombasa,Vocational,Beauty Therapy,Mombasa Technical Training Institute,95.0,In Progress,Pending,Self-Employed,2025-10-01,Q4 2025,active
BEN-007196,Samuel,Mutiso,Male,Nakuru,Vocational,Carpentry,Nakuru Vocational Training Centre,93.5,Completed,Certified,Unemployed,2025-08-24,Q3 2025,completed
BEN-007200,Mutua,Achieng,Male,Bungoma,Vocational,Agriculture,Bungoma Technical Training Institute,86.1,Dropped,Not Certified,Self-Employed,2026-02-02,Q1 2026,dropped_out
BEN-007201,Purity,Barasa,Female,Nakuru,Vocational,Motor Vehicle Mechanics,Nakuru Vocational Training Centre,93.6,In Progress,Pending,Unemployed,2026-02-11,Q1 2026,active
BEN-007222,Atieno,Ochieng,Female,Nairobi,Vocational,Cooking & Catering,Nairobi TVET,75.9,Dropped,Not Certified,Employed,2025-09-21,Q3 2025,dropped_out
BEN-007237,Sharon,Matano,f,Kiambu,Vocational,Tailoring,Thika Technical Training Institute,71.0,In Progress,Pending,Unemployed,2026-03-20,Q1 2026,active
BEN-007239,Wangari,Owino,Female,Kilifi,Vocational,Electrical Installation,Kilifi Vocational Training Centre,60.0,In Progress,Pending,Self-Employed,2026-09-12,Q3 2026,active
BEN-007242,Njeri,Kilonzo,Female,Uasin Gishu,Vocational,Agriculture,Eldoret Polytechnic,78.0,Completed,Certified,Unemployed,2025-12-06,Q4 2025,completed
BEN-007248,James,Ngugi,Male,Kisumu,Vocational,Cooking & Catering,Kisumu Technical Training Institute,74.4,Completed,Certified,Self-Employed,2025-05-24,Q2 2025,completed
BEN-007260,Mumbi,Bett,Female,Nairobi,Vocational,Electrical Installation,Nairobi TVET,78.0,Dropped,Not Certified,Unemployed,2026-03-06,Q1 2026,dropped_out
BEN-007262,Brenda,Kimani,Female,Nairobi,Vocational,Hairdressing,Nairobi TVET,78.9,In Progress,Pending,Self-Employed,2026-09-08,Q3 2026,active
BEN-007270,Neema,Wafula,female,Muranga,Vocational,Welding,Mombasa Technical Training Institute,76.2,In Progress,Pending,Unemployed,2026-08-30,Q3 2026,active
BEN-007273,Wekesa,Koech,Male,Nairobi,Vocational,Welding,Nairobi TVET,100.0,Completed,Certified,Employed,2025-11-01,Q4 2025,completed
BEN-007277,Wanjiru,Kariuki,Female,Nairobi,Vocational,Hairdressing,Nairobi TVET,79.2,In Progress,Pending,Employed,2026-05-17,Q2 2026,active
BEN-007288,Njeri,Kimani,F,Kajiado,Vocational,Plumbing,Eldoret Polytechnic,77.1,In Progress,Pending,Unemployed,2026-01-04,Q1 2026,active
BEN-007308,Vincent,Gitau,Male,Nyeri,Vocational,Tailoring,Nyeri Technical Training Institute,82.7,Completed,Pending,Unemployed,2025-06-08,Q2 2025,completed
BEN-007315,Joy,Ochieng,Female,Kakamega,Vocational,Cooking & Catering,Kakamega Technical Training Institute,82.8,In Progress,Pending,Unemployed,2026-04-21,Q2 2026,active
BEN-007319,Nyambura,Nduta,Female,Uasin Gishu,Vocational,Agriculture,Eldoret Polytechnic,81.1,Dropped,Not Certified,Unemployed,2025-10-13,Q4 2025,dropped_out
BEN-007323,Patrick,Owino,Male,Nairobi,Vocational,Plumbing,Nairobi TVET,81.3,In Progress,Pending,Self-Employed,2026-01-09,Q1 2026,active
BEN-007332,Kilonzo,Mwangi,Male,NAIROBI,Vocational,Motor Vehicle Mechanics,Nairobi TVET,77.2,In Progress,Pending,Self-Employed,2026-04-10,Q2 2026,active
BEN-007335,Nyambura,Njoroge,Female,Nairobi,Vocational,Hairdressing,Nairobi TVET,85.8,Completed,Certified,Employed,2026-02-04,Q1 2026,completed
BEN-007340,Barasa,Hassan,Male,nairobi,Vocational,Hairdressing,Nairobi TVET,89.5,In Progress,Pending,Unemployed,2025-12-25,Q4 2025,active
BEN-007352,David,Korir,Male,Muranga,Vocational,Motor Vehicle Mechanics,Mombasa Technical Training Institute,81.2,Completed,Certified,Employed,2025-05-13,Q2 2025,completed
BEN-007355,Esther,Katana,Female,Nyeri,Vocational,Carpentry,Nyeri Technical Training Institute,70.6,Completed,Pending,Employed,2025-06-17,Q2 2025,completed
BEN-007357,Nkatha,Njoroge,Female,Nairobi,Vocational,Tailoring,Nairobi TVET,85.6,In Progress,Pending,Unemployed,2026-07-14,Q3 2026,active
BEN-007365,Simon,Kariuki,Male,Kiambu,Vocational,Cooking & Catering,Thika Technical Training Institute,89.7,In Progress,Pending,Unemployed,2026-02-09,Q1 2026,active
BEN-007368,Simon,Mbogo,Male,Kakamega,Vocational,Motor Vehicle Mechanics,Kakamega Technical Training Institute,73.1,Completed,Certified,Unemployed,2025-06-08,Q2 2025,completed
BEN-007380,Akinyi,Omondi,Female,Machakos,Vocational,Tailoring,Machakos Institute of Technology,95.9,In Progress,Pending,Unemployed,2026-07-26,Q3 2026,active
BEN-007382,Naisula,Odhiambo,Female,Nakuru,Vocational,Carpentry,Nakuru Vocational Training Centre,81.7,In Progress,Pending,Self-Employed,2026-07-16,Q3 2026,active
BEN-007384,Anyango,Hassan,Female,Nairobi,Vocational,Carpentry,Nairobi TVET,94.1,Completed,Certified,Employed,2025-06-10,Q2 2025,completed
BEN-007403,Nyambura,Mohamed,Female,Nairobi,Vocational,Agriculture,Nairobi TVET,68.5,In Progress,Pending,Unemployed,2026-03-18,Q1 2026,active
BEN-007423,Brenda,Kariuki,Female,Kajiado,Vocational,Welding,Kilifi Vocational Training Centre,80.2,Dropped,Not Certified,Self-Employed,2025-08-15,Q3 2025,dropped_out
BEN-007427,Simon,Chebet,Male,Nairobi,Vocational,Carpentry,Nairobi TVET,86.1,In Progress,Pending,Unemployed,2026-05-31,Q2 2026,active
BEN-007433,Timothy,Njenga,Male,KISUMU,Vocational,Carpentry,Kisumu Technical Training Institute,67.3,In Progress,Pending,Employed,2026-03-21,Q1 2026,active
BEN-007439,Cynthia,Wafula,Female,Nakuru,Vocational,Electrical Installation,Nakuru Vocational Training Centre,86.2,Completed,Certified,Employed,2025-11-13,Q4 2025,completed
BEN-007441,Boniface,Hassan,Male,Kiambu,Vocational,Carpentry,Thika Technical Training Institute,84.8,Completed,Pending,Self-Employed,2025-05-22,Q2 2025,completed
BEN-007449,Kamau,Mwangi,Male,Nairobi,Vocational,Agriculture,Nairobi TVET,89.1,In Progress,Pending,Employed,2026-07-12,Q3 2026,active
BEN-007456,Musyoka,Koech,Male,Kajiado,Vocational,Welding,Nairobi TVET,72.9,In Progress,Pending,Unemployed,2026-08-18,Q3 2026,active
BEN-007460,Cherono,Achieng,Female,Kilifi,Vocational,Cooking & Catering,Kilifi Vocational Training Centre,72.6,Completed,Pending,Internship,2025-04-29,Q2 2025,completed
BEN-007465,Emily,Baya,Female,Uasin Gishu,Vocational,Cooking & Catering,Eldoret Polytechnic,93.9,Dropped,Not Certified,Self-Employed,2025-07-29,Q3 2025,dropped_out
BEN-007479,Chebet,Chebet,Female,nakuru,Vocational,Electrical Installation,Nakuru Vocational Training Centre,87.7,In Progress,Pending,Employed,2026-01-25,Q1 2026,active
BEN-007481,Francis,Otieno,Male,Nakuru County,Vocational,Carpentry,Nakuru Vocational Training Centre,76.9,Completed,Certified,Employed,2025-04-29,Q2 2025,completed
BEN-007487,Caroline,Ngugi,Female,Nakuru,Vocational,Electrical Installation,Nakuru Vocational Training Centre,62.6,In Progress,Pending,Self-Employed,2026-06-14,Q2 2026,active
BEN-007495,Grace,Wanjiku,Female,Machakos,Vocational,Plumbing,Machakos Institute of Technology,74.0,In Progress,Pending,Self-Employed,2025-11-08,Q4 2025,active
BEN-007509,Nyambura,Hassan,Female,Bungoma,Vocational,Cooking & Catering,Bungoma Technical Training Institute,85.0,Dropped,Not Certified,Employed,2025-08-09,Q3 2025,dropped_out
BEN-007510,Kilonzo,Musyoka,Male,Nairobi,Vocational,Plumbing,Nairobi TVET,96.6,Completed,Certified,Internship,2025-11-10,Q4 2025,completed
BEN-007516,Beatrice,Odhiambo,Female,Nairobi,Vocational,Agriculture,Nairobi TVET,58.5,In Progress,Pending,Unemployed,2026-04-11,Q2 2026,active
BEN-007525,Samuel,Cheruiyot,Male,Nakuru,Vocational,Motor Vehicle Mechanics,Nakuru Vocational Training Centre,82.1,Completed,Pending,Self-Employed,2025-03-12,Q1 2025,completed
BEN-007535,Atieno,Kuria,Female,Kiambu,Vocational,Welding,Thika Technical Training Institute,92.8,Completed,Certified,Employed,2025-07-21,Q3 2025,completed
BEN-007539,Kilonzo,Kimani,Male,Kakamega,Vocational,Tailoring,Kakamega Technical Training Institute,71.3,Completed,Certified,Unemployed,2025-05-13,Q2 2025,completed
BEN-007540,Chebet,Njoroge,Female,Nairobi,Vocational,Tailoring,Nairobi TVET,81.3,COMPLETED,Certified,Unemployed,2025-06-15,Q2 2025,completed
BEN-007542,Chepkoech,Charo,Female,Muranga,Vocational,Cooking & Catering,Kakamega Technical Training Institute,73.5,In Progress,Pending,Employed,2026-04-12,Q2 2026,active
BEN-007554,Anthony,Nyambane,Male,Mombasa,Vocational,Electrical Installation,Mombasa Technical Training Institute,79.1,complete,Pending,Unemployed,2025-05-19,Q2 2025,completed
BEN-007560,Diana,Mutua,Female,Nairobi,Vocational,Motor Vehicle Mechanics,Nairobi TVET,100.0,In Progress,Pending,Self-Employed,2026-06-22,Q2 2026,active
BEN-007571,Wekesa,Nyambane,Male,Kajiado,Vocational,Tailoring,Nakuru Vocational Training Centre,70.3,In Progress,Pending,Unemployed,2026-07-02,Q3 2026,active
BEN-007576,Sharon,Achieng,Female,NAIROBI,Vocational,Motor Vehicle Mechanics,Nairobi TVET,80.3,Dropped,Not Certified,Unemployed,2026-02-18,Q1 2026,dropped_out
BEN-007586,Gathoni,Musyoka,Female,Nairobi,Vocational Program,Agriculture,Nairobi TVET,94.8,In Progress,Pending,Unemployed,2026-04-26,Q2 2026,active
BEN-007592,Onyango,Onyango,Male,Mombasa,Vocational,Tailoring,Mombasa Technical Training Institute,73.4,In Progress,Pending,Unemployed,2026-09-01,Q3 2026,active
BEN-007593,Mohamed,Mbogo,M,Kajiado,Vocational,Motor Vehicle Mechanics,Kisumu Technical Training Institute,83.3,In Progress,Pending,Self-Employed,2026-06-15,Q2 2026,active
BEN-007600,Patrick,Kilonzo,Male,Bungoma,Vocational,Motor Vehicle Mechanics,Bungoma Technical Training Institute,84.4,In Progress,Pending,Unemployed,2026-06-07,Q2 2026,active
BEN-007601,Abdi,Wafula,Male,Nairobi,Vocational,Plumbing,Nairobi TVET,92.5,In Progress,Pending,Unemployed,2026-04-18,Q2 2026,active
BEN-007619,Achieng,Maina,Female,Muranga,Vocational,Cooking & Catering,Nakuru Vocational Training Centre,71.8,In Progress,Pending,Employed,2026-07-14,Q3 2026,active
BEN-007626,Brenda,Onyango,Female,Nyeri,Vocational,Beauty Therapy,Nyeri Technical Training Institute,94.3,In Progress,Pending,Employed,2026-04-22,Q2 2026,active
BEN-007631,Wekesa,Mbogo,Male,Nakuru,Vocational,Carpentry,Nakuru Vocational Training Centre,76.9,In Progress,Pending,Unemployed,2025-12-06,Q4 2025,active
BEN-007633,Wangari,Bett,Female,Kiambu,Vocational,Hairdressing,Thika Technical Training Institute,100.0,Completed,Certified,Self-Employed,2025-09-16,Q3 2025,completed
BEN-007652,Gathoni,Achieng,Female,Kakamega,Vocational,Agriculture,Kakamega Technical Training Institute,88.3,In Progress,Pending,Self-Employed,2026-05-16,Q2 2026,active
BEN-007655,John,Nyambane,Male,Machakos,Vocational,Cooking & Catering,Machakos Institute of Technology,96.8,In Progress,Pending,Employed,2026-09-04,Q3 2026,active
BEN-007658,Mercy,Odhiambo,Female,Kisumu,Vocational,Agriculture,Kisumu Technical Training Institute,79.9,In Progress,Pending,Self-Employed,2026-04-01,Q2 2026,active
BEN-007661,Mutua,Hassan,Male,kiambu,Vocational,Tailoring,Thika Technical Training Institute,92.3,In Progress,Pending,Self-Employed,2026-09-07,Q3 2026,active
BEN-007673,Beatrice,Chebet,Female,Meru,Vocational,Hairdressing,Meru Technical Training Institute,65.1,Dropped,Not Certified,Self-Employed,2025-11-15,Q4 2025,dropped_out
BEN-007685,Diana,Wekesa,Female,Nairobi,Vocational,Welding,Nairobi TVET,100.0,Completed,Certified,Employed,2025-08-30,Q3 2025,completed
BEN-007687,Purity,Owino,Female,Kakamega,Vocational,Tailoring,Kakamega Technical Training Institute,75.7,Dropped,Not Certified,Employed,2025-11-04,Q4 2025,dropped_out
BEN-007705,David,Juma,Male,Kisumu,Vocational,Plumbing,Kisumu Technical Training Institute,85.1,In Progress,Pending,Self-Employed,2026-06-02,Q2 2026,active
BEN-007717,Awuor,Otieno,Female,Kakamega,Vocational,Carpentry,Kakamega Technical Training Institute,74.6,In Progress,Pending,Employed,2026-08-29,Q3 2026,active
BEN-007722,Wangari,Juma,Female,Kakamega,Vocational,Carpentry,Kakamega Technical Training Institute,73.7,In Progress,Pending,Employed,2026-03-20,Q1 2026,active
BEN-007729,Isaac,Njoroge,Male,Nairobi,Vocational,Beauty Therapy,Nairobi TVET,84.7,Dropped,Not Certified,Unemployed,2025-05-18,Q2 2025,dropped_out
BEN-007740,Wangari,Korir,Female,Bungoma,Vocational,Motor Vehicle Mechanics,Bungoma Technical Training Institute,78.2,In Progress,Pending,Unemployed,2026-04-02,Q2 2026,active
BEN-007745,Wekesa,Ochieng,Male,Mombasa,Vocational,Carpentry,Mombasa Technical Training Institute,89.2,Completed,Certified,Self-Employed,2025-06-23,Q2 2025,completed
BEN-007748,Faith,Cheruiyot,Female,Nairobi,Vocational,Electrical Installation,Nairobi TVET,95.8,In Progress,Pending,Self-Employed,2025-10-01,Q4 2025,active
BEN-007784,Nasieku,Kariuki,Female,Nairobi,Vocational,Welding,Nairobi TVET,86.3,Dropped,Not Certified,Unemployed,2025-09-10,Q3 2025,dropped_out
BEN-007785,Akinyi,Juma,Female,Bungoma,Vocational,Carpentry,Bungoma Technical Training Institute,76.2,In Progress,Pending,Employed,2026-08-29,Q3 2026,active
BEN-007786,Sharon,Owino,Female,Meru,Vocational,Agriculture,Meru Technical Training Institute,80.2,In Progress,Pending,Unemployed,2026-03-15,Q1 2026,active
BEN-007795,Awuor,Njenga,Female,Kiambu,Vocational,Plumbing,Thika Technical Training Institute,78.2,Completed,Certified,Employed,2025-04-14,Q2 2025,completed
BEN-007809,Stephen,Muthoni,Male,Kiambu,Vocational,Motor Vehicle Mechanics,Thika Technical Training Institute,88.6,Completed,Certified,Internship,2025-06-19,Q2 2025,completed
BEN-007827,Daniel,Wekesa,Male,Kajiado,Vocational,Tailoring,Thika Technical Training Institute,60.4,In Progress,Pending,Self-Employed,2026-09-19,Q3 2026,active
BEN-007828,Gathoni,Bett,Female,Nairobi,Vocational,Agriculture,Nairobi TVET,79.2,In Progress,Pending,Self-Employed,2026-04-08,Q2 2026,active
BEN-007850,Caroline,Kamau,Female,KISUMU,Vocational,Tailoring,Kisumu Technical Training Institute,78.2,complete,Certified,Employed,2025-09-09,Q3 2025,completed
BEN-007852,Njeri,Wanjiku,Female,Machakos,Vocational,Hairdressing,Machakos Institute of Technology,83.5,In Progress,Pending,Unemployed,2026-03-10,Q1 2026,active
BEN-007855,Abdi,Mwakio,Male,muranga,Vocational,Tailoring,Nairobi TVET,89.9,Completed,Certified,Unemployed,2025-08-26,Q3 2025,completed
BEN-007859,Jerop,Barasa,Female,Kakamega,Vocational,Beauty Therapy,Kakamega Technical Training Institute,81.7,COMPLETED,Certified,Unemployed,2025-04-07,Q2 2025,completed
BEN-007868,Nasieku,Wafula,Female,Kiambu,Vocational,Welding,Thika Technical Training Institute,69.9,In Progress,Pending,Self-Employed,2026-09-11,Q3 2026,active
BEN-007872,Samuel,Kilonzo,Male,Kakamega,Vocational,Agriculture,Kakamega Technical Training Institute,80.7,Dropped,Not Certified,Employed,2025-09-12,Q3 2025,dropped_out
BEN-007876,Gathoni,Koech,Female,Machakos,Vocational,Beauty Therapy,Machakos Institute of Technology,91.3,Completed,Certified,Employed,2025-12-14,Q4 2025,completed
BEN-007878,Naisula,Nduta,Female,Meru,Vocational,Hairdressing,Meru Technical Training Institute,59.5,Completed,Certified,Internship,2025-09-08,Q3 2025,completed
BEN-007887,Chepkoech,Katana,Female,Nairobi,Vocational,Carpentry,Nairobi TVET,73.7,Completed,Certified,Unemployed,2025-08-10,Q3 2025,completed
BEN-007913,Juma,Korir,M,kajiado,Vocational,Plumbing,Machakos Institute of Technology,100.0,Dropped,Not Certified,Unemployed,2025-09-26,Q3 2025,dropped_out
BEN-007918,Achieng,Muthoni,Female,Machakos,Vocational,Hairdressing,Machakos Institute of Technology,67.9,Completed,Certified,Self-Employed,2025-03-04,Q1 2025,completed
BEN-007919,Kagure,Ochieng,Female,Kakamega,Vocational,Beauty Therapy,Kakamega Technical Training Institute,74.0,In Progress,Pending,Self-Employed,2026-07-30,Q3 2026,active
BEN-007922,Ali,Muthoni,m,Kajiado,Vocational,Electrical Installation,Meru Technical Training Institute,57.4,In Progress,Pending,Unemployed,2026-09-18,Q3 2026,active
BEN-007925,Mumbi,Ochieng,Female,NYERI,Vocational,Agriculture,Nyeri Technical Training Institute,95.7,In Progress,Pending,Self-Employed,2026-09-12,Q3 2026,active
BEN-007943,Victor,Mutua,Male,Kajiado,Vocational,Cooking & Catering,Kisumu Technical Training Institute,67.5,Completed,Certified,Unemployed,2025-08-30,Q3 2025,completed
BEN-007949,Onyango,Kamau,Male,Kakamega,Vocational,Agriculture,Kakamega Technical Training Institute,69.4,In Progress,Pending,Unemployed,2026-09-23,Q3 2026,active
BEN-007963,Cheruiyot,Nyambane,Male,Meru,Vocational,Cooking & Catering,Meru Technical Training Institute,78.9,In Progress,Pending,Unemployed,2026-08-10,Q3 2026,active
BEN-007970,Rotich,Onyango,Male,Kiambu,Vocational,Cooking & Catering,Thika Technical Training Institute,94.8,In Progress,Pending,Unemployed,2026-09-07,Q3 2026,active
BEN-007996,Nkatha,Ochieng,Female,KAJIADO,Vocational,Hairdressing,Nakuru Vocational Training Centre,80.8,In Progress,Pending,Unemployed,2026-08-22,Q3 2026,active
BEN-008003,Baraka,Chebet,Male,Kisumu,Vocational,Welding,Kisumu Technical Training Institute,71.0,In Progress,Pending,Self-Employed,2026-05-27,Q2 2026,active
BEN-008004,Grace,Wafula,Female,Nairobi,Vocational,Hairdressing,Nairobi TVET,74.2,Completed,Certified,Internship,2025-09-02,Q3 2025,completed
BEN-008007,Patrick,Kiptoo,Male,Uasin Gishu,Vocational,Agriculture,Eldoret Polytechnic,81.6,In Progress,Pending,Employed,2026-09-05,Q3 2026,active
BEN-008015,Francis,Wafula,Male,Kakamega,Vocational,Motor Vehicle Mechanics,Kakamega Technical Training Institute,93.6,Completed,Certified,Unemployed,2025-03-12,Q1 2025,completed
BEN-008017,Mercy,Musyoka,Female,Mombasa County,Vocational,Welding,Mombasa Technical Training Institute,85.9,Completed,Certified,Employed,2025-11-24,Q4 2025,completed
BEN-008018,Neema,Otieno,Female,Kisumu,Vocational,Hairdressing,Kisumu Technical Training Institute,65.1,In Progress,Pending,Unemployed,2026-08-26,Q3 2026,active
BEN-008024,Esther,Koech,Female,Kilifi,Vocational,Beauty Therapy,Kilifi Vocational Training Centre,68.9,In Progress,Pending,Unemployed,2025-10-08,Q4 2025,active
BEN-008025,Diana,Mwakio,Female,Machakos,Vocational,Tailoring,Machakos Institute of Technology,84.1,In Progress,Pending,Employed,2026-01-07,Q1 2026,active
BEN-008029,Kagure,Kuria,Female,Kisumu,Vocational,Tailoring,Kisumu Technical Training Institute,62.9,In Progress,Pending,Unemployed,2026-05-30,Q2 2026,active
BEN-008043,Odhiambo,Chebet,Male,Meru,Vocational,Agriculture,Meru Technical Training Institute,41.5,Dropped,Not Certified,Self-Employed,2025-12-31,Q4 2025,dropped_out
BEN-008051,Kendi,Bett,F,Machakos,Vocational,Plumbing,Machakos Institute of Technology,73.1,Dropped,Not Certified,Unemployed,2025-08-30,Q3 2025,dropped_out
BEN-008053,Francis,Muthoni,Male,Nairobi,Vocational,Motor Vehicle Mechanics,Nairobi TVET,60.2,In Progress,Pending,Unemployed,2026-01-19,Q1 2026,active
BEN-008065,Baraka,Rotich,Male,Nairobi,Vocational,Agriculture,Nairobi TVET,90.8,In Progress,Pending,Unemployed,2026-06-08,Q2 2026,active
BEN-008072,Nasieku,Mwakio,Female,Nairobi,Vocational,Plumbing,Nairobi TVET,82.7,Completed,Pending,Self-Employed,2025-07-08,Q3 2025,completed
BEN-008089,Purity,Wanjiku,Female,Kajiado,Vocational,Carpentry,Kisumu Technical Training Institute,70.1,Completed,Certified,Self-Employed,2025-02-27,Q1 2025,completed
BEN-008100,Victor,Cheruiyot,Male,Nairobi,Vocational,Plumbing,Nairobi TVET,90.9,In Progress,Pending,Self-Employed,2026-04-12,Q2 2026,active
BEN-008104,Kelvin,Wanjiku,Male,Uasin Gishu,Vocational,Electrical Installation,Eldoret Polytechnic,85.5,Dropped,Not Certified,Employed,2026-02-16,Q1 2026,dropped_out
BEN-008105,Wanjiku,Njoroge,Female,Nakuru,Vocational,Cooking & Catering,Nakuru Vocational Training Centre,77.8,Completed,Certified,Employed,2025-04-22,Q2 2025,completed
BEN-008106,Collins,Korir,Male,Machakos,Vocational,Welding,Machakos Institute of Technology,70.1,Completed,Pending,Employed,2025-02-12,Q1 2025,completed
BEN-008113,Nicholas,Kimani,Male,Mombasa,Vocational,Welding,Mombasa Technical Training Institute,96.0,In Progress,Pending,Unemployed,2026-01-05,Q1 2026,active
BEN-008117,Neema,Mohamed,Female,Nairobi,Vocational,Motor Vehicle Mechanics,Nairobi TVET,76.3,In Progress,Pending,Employed,2026-07-27,Q3 2026,active
BEN-008125,Kagure,Kariuki,Female,Kilifi,Vocational,Electrical Installation,Kilifi Vocational Training Centre,72.6,Completed,Certified,Unemployed,2025-12-10,Q4 2025,completed
BEN-008126,David,Abdi,Male,Nairobi,Vocational,Cooking & Catering,Nairobi TVET,78.7,Completed,Certified,Employed,2025-07-08,Q3 2025,completed
BEN-008131,Purity,Mwakio,f,Nairobi,Vocational,Electrical Installation,Nairobi TVET,86.1,In Progress,Pending,Employed,2026-05-11,Q2 2026,active
BEN-008136,Chepkoech,Kuria,Female,Uasin Gishu,Vocational,Plumbing,Eldoret Polytechnic,69.6,In Progress,Pending,Employed,2026-09-15,Q3 2026,active
BEN-008139,Esther,Otieno,Female,Kakamega County,Vocational,Plumbing,Kakamega Technical Training Institute,75.9,Dropped,Not Certified,Unemployed,2025-04-05,Q2 2025,dropped_out
BEN-008141,Emily,Muthoni,Female,Nakuru,Vocational,Beauty Therapy,Nakuru Vocational Training Centre,89.8,In Progress,Pending,Unemployed,2026-09-29,Q3 2026,active
BEN-008142,Cynthia,Owino,Female,Kiambu,Vocational Program,Beauty Therapy,Thika Technical Training Institute,82.7,In Progress,Pending,Unemployed,2026-01-18,Q1 2026,active
BEN-008145,Vincent,Owino,Male,Meru,Vocational,Electrical Installation,Meru Technical Training Institute,88.5,In Progress,Pending,Unemployed,2026-05-06,Q2 2026,active
BEN-008156,Onyango,Rotich,Male,Kiambu,Vocational,Agriculture,Thika Technical Training Institute,82.9,In Progress,Pending,Unemployed,2026-08-05,Q3 2026,active
BEN-008158,Wangari,Koech,Female,Kajiado,Vocational,Hairdressing,Mombasa Technical Training Institute,88.4,In Progress,Pending,Unemployed,2026-02-19,Q1 2026,active
BEN-008161,Kagure,Kariuki,Female,Kakamega,Vocational,Cooking & Catering,Kakamega Technical Training Institute,78.1,In Progress,Pending,Unemployed,2026-07-17,Q3 2026,active
BEN-008164,Kelvin,Matano,Male,Nairobi,Vocational,Agriculture,Nairobi TVET,74.0,Completed,Certified,Internship,2025-10-10,Q4 2025,completed
BEN-008169,Rotich,Chebet,Male,Nakuru,Vocational,Tailoring,Nakuru Vocational Training Centre,76.1,In Progress,Pending,Unemployed,2026-09-13,Q3 2026,active
BEN-008170,Stephen,Abdi,Male,Nairobi,Vocational,Welding,Nairobi TVET,80.3,In Progress,Pending,Unemployed,2026-05-17,Q2 2026,active
BEN-008175,Victor,Mwakio,Male,Kisii,Vocational,Tailoring,Kisii National Polytechnic,78.1,Completed,Certified,Self-Employed,2025-08-09,Q3 2025,completed
BEN-008180,Francis,Onyango,Male,Meru,Vocational,Cooking & Catering,Meru Technical Training Institute,61.9,In Progress,Pending,Unemployed,2026-05-12,Q2 2026,active
BEN-008185,Purity,Gitau,Female,Bungoma,Vocational,Tailoring,Bungoma Technical Training Institute,80.9,In Progress,Pending,Employed,2025-10-17,Q4 2025,active
BEN-008186,Awuor,Bett,Female,Nakuru,Vocational,Plumbing,Nakuru Vocational Training Centre,72.1,Completed,Certified,Employed,2025-12-03,Q4 2025,completed
BEN-008197,Brenda,Maina,Female,Kiambu,Vocational,Carpentry,Thika Technical Training Institute,79.9,In Progress,Pending,Unemployed,2026-03-05,Q1 2026,active
BEN-008200,Diana,Omondi,Female,Bungoma,Vocational,Motor Vehicle Mechanics,Bungoma Technical Training Institute,68.4,In Progress,Pending,Unemployed,2026-07-14,Q3 2026,active
BEN-008208,Korir,Musyoka,Male,NAIROBI,Vocational,Hairdressing,Nairobi TVET,83.0,In Progress,Pending,Employed,2026-08-18,Q3 2026,active
BEN-008219,Anyango,Njoroge,Female,Meru,Vocational,Welding,Meru Technical Training Institute,87.6,Completed,Certified,Employed,2025-09-02,Q3 2025,completed
BEN-008223,Wekesa,Odhiambo,Male,Muranga,Vocational,Electrical Installation,Kisii National Polytechnic,71.7,In Progress,Pending,Unemployed,2026-05-30,Q2 2026,active
BEN-008235,Kendi,Muthoni,Female,Nyeri,Vocational,Tailoring,Nyeri Technical Training Institute,73.4,DROPPED,Not Certified,Employed,2026-02-12,Q1 2026,dropped_out
BEN-008254,Grace,Njenga,Female,NYERI,Vocational,Electrical Installation,Nyeri Technical Training Institute,97.0,Completed,Pending,Employed,2025-11-13,Q4 2025,completed
BEN-008267,Wanjiku,Nyambane,Female,kajiado,Vocational,Welding,Nakuru Vocational Training Centre,80.8,Completed,Certified,Unemployed,2026-01-09,Q1 2026,completed
BEN-008269,Timothy,Kimani,Male,UASIN_GISHU,Vocational,Beauty Therapy,Eldoret Polytechnic,100.0,Dropped,Not Certified,Unemployed,2025-03-14,Q1 2025,dropped_out
BEN-008280,Daniel,Bett,Male,Nairobi,Vocational,Motor Vehicle Mechanics,Nairobi TVET,77.0,Dropped,Not Certified,Self-Employed,2025-03-14,Q1 2025,dropped_out
BEN-008283,Cynthia,Abdi,Female,nairobi,Vocational,Beauty Therapy,Nairobi TVET,71.8,Completed,Certified,Employed,2025-04-15,Q2 2025,completed
BEN-008288,Kevin,Omondi,Male,Muranga,Vocational,Carpentry,Meru Technical Training Institute,96.3,In Progress,Pending,Self-Employed,2026-03-22,Q1 2026,active
BEN-008293,Kipchoge,Korir,Male,Kisii,Vocational,Motor Vehicle Mechanics,Kisii National Polytechnic,69.6,Dropped,Not Certified,Self-Employed,2025-08-07,Q3 2025,dropped_out
BEN-008304,Halima,Hassan,Female,KIAMBU,Vocational,Cooking & Catering,Thika Technical Training Institute,72.8,In Progress,Pending,Unemployed,2026-09-17,Q3 2026,active
BEN-008307,Wanjiku,Kilonzo,Female,Nyeri,Vocational,Cooking & Catering,Nyeri Technical Training Institute,81.9,Dropped,Not Certified,Employed,2026-01-12,Q1 2026,dropped_out
BEN-008309,Anyango,Koech,Female,Bungoma,Vocational,Plumbing,Bungoma Technical Training Institute,91.6,Dropped,Not Certified,Unemployed,2025-07-07,Q3 2025,dropped_out
BEN-008313,Cheruiyot,Chebet,Male,MOMBASA,Vocational,Electrical Installation,Mombasa Technical Training Institute,74.7,In Progress,Pending,Unemployed,2026-09-26,Q3 2026,active
BEN-008314,Chebet,Juma,Female,uasin gishu,Vocational,Carpentry,Eldoret Polytechnic,99.7,Completed,Certified,Employed,2025-03-05,Q1 2025,completed
BEN-008318,Boniface,Musyoka,Male,Kajiado,Vocational,Motor Vehicle Mechanics,Meru Technical Training Institute,73.9,Completed,Certified,Employed,2025-04-03,Q2 2025,completed
BEN-008338,Rotich,Maina,Male,Kakamega,Vocational,Welding,Kakamega Technical Training Institute,93.5,In Progress,Pending,Unemployed,2026-09-06,Q3 2026,active
BEN-008339,Diana,Achieng,Female,Uasin Gishu,Vocational,Carpentry,Eldoret Polytechnic,67.8,Completed,Certified,Employed,2026-02-23,Q1 2026,completed
BEN-008350,Mutua,Rotich,Male,Nyeri,Vocational,Beauty Therapy,Nyeri Technical Training Institute,95.5,In Progress,Pending,Self-Employed,2026-09-19,Q3 2026,active
BEN-008355,Mercy,Wanjiku,Female,Kajiado,Vocational,Plumbing,Nyeri Technical Training Institute,100.0,In Progress,Pending,Unemployed,2026-01-08,Q1 2026,active
BEN-008356,Sharon,Cheruiyot,Female,Bungoma,Vocational,Motor Vehicle Mechanics,Bungoma Technical Training Institute,71.6,Completed,Certified,Unemployed,2025-12-07,Q4 2025,completed
BEN-008357,Achieng,Nyambane,Female,Nairobi,Vocational,Hairdressing,Nairobi TVET,89.0,In Progress,Pending,Employed,2026-04-24,Q2 2026,active
BEN-008358,Sharon,Wekesa,female,Kisii,Vocational,Beauty Therapy,Kisii National Polytechnic,80.2,In Progress,Pending,Unemployed,2026-09-29,Q3 2026,active
BEN-008361,Emily,Chebet,Female,Kilifi,Vocational,Agriculture,Kilifi Vocational Training Centre,88.9,Completed,Pending,Unemployed,2025-04-06,Q2 2025,completed
BEN-008365,Wangari,Mbogo,Female,Nakuru,Vocational,Tailoring,Nakuru Vocational Training Centre,88.9,In Progress,Pending,Unemployed,2026-04-18,Q2 2026,active
BEN-008374,Joy,Kariuki,female,Kiambu,Vocational,Plumbing,Thika Technical Training Institute,78.5,In Progress,Pending,Unemployed,2026-09-12,Q3 2026,active
BEN-008383,Korir,Njoroge,Male,Muranga,Vocational,Tailoring,Kakamega Technical Training Institute,85.9,In Progress,Pending,Unemployed,2026-09-29,Q3 2026,active
BEN-008393,Akinyi,Wanjiku,Female,Kiambu,Vocational,Beauty Therapy,Thika Technical Training Institute,78.8,In Progress,Pending,Unemployed,2026-07-17,Q3 2026,active
BEN-008405,Purity,Korir,F,Muranga,Vocational,Motor Vehicle Mechanics,Thika Technical Training Institute,81.5,In Progress,Pending,Self-Employed,2026-08-11,Q3 2026,active
BEN-008421,Sharon,Kuria,Female,Kilifi,Vocational,Plumbing,Kilifi Vocational Training Centre,83.1,In Progress,Pending,Unemployed,2026-05-19,Q2 2026,active
BEN-008423,Anyango,Omondi,Female,Kiambu,Vocational,Electrical Installation,Thika Technical Training Institute,91.2,In Progress,Pending,Employed,2025-10-07,Q4 2025,active
BEN-008426,Chebet,Mohamed,Female,Machakos,Vocational,Electrical Installation,Machakos Institute of Technology,87.4,In Progress,Pending,Unemployed,2026-06-21,Q2 2026,active
BEN-008429,Beatrice,Matano,Female,Muranga,Vocational,Plumbing,Nakuru Vocational Training Centre,94.6,Completed,Pending,Employed,2025-07-03,Q3 2025,completed
BEN-008440,Kevin,Baya,Male,Nairobi,Vocational,Tailoring,Nairobi TVET,92.7,Dropped,Not Certified,Unemployed,2025-02-11,Q1 2025,dropped_out
BEN-008444,Ali,Achieng,Male,Kiambu,Vocational,Welding,Thika Technical Training Institute,78.3,In Progress,Pending,Unemployed,2026-09-12,Q3 2026,active
BEN-008446,Peter,Matano,Male,Meru,Vocational,Motor Vehicle Mechanics,Meru Technical Training Institute,87.1,In Progress,Pending,Self-Employed,2026-06-19,Q2 2026,active
BEN-008447,Grace,Kariuki,Female,Kakamega,Vocational,Hairdressing,Kakamega Technical Training Institute,74.8,In Progress,Pending,Employed,2026-03-18,Q1 2026,active
BEN-008469,Omondi,Kamau,Male,Nyeri,Vocational,Electrical Installation,Nyeri Technical Training Institute,100.0,In Progress,Pending,Unemployed,2026-06-14,Q2 2026,active
BEN-008473,Purity,Kiptoo,Female,Nairobi,Vocational,Motor Vehicle Mechanics,Nairobi TVET,77.6,Completed,Certified,Internship,2025-04-29,Q2 2025,completed
BEN-008474,Nasieku,Maina,Female,Kilifi,Vocational,Motor Vehicle Mechanics,Kilifi Vocational Training Centre,70.6,In Progress,Pending,Unemployed,2026-09-29,Q3 2026,active
BEN-008478,Abdi,Wafula,Male,Nairobi,Vocational,Tailoring,Nairobi TVET,80.7,In Progress,Pending,Unemployed,2026-06-10,Q2 2026,active
BEN-008481,Brian,Baya,Male,Kisii,Vocational Program,Hairdressing,Kisii National Polytechnic,87.5,In Progress,Pending,Employed,2026-09-27,Q3 2026,active
BEN-008484,Patrick,Charo,Male,Nairobi,Vocational,Motor Vehicle Mechanics,Nairobi TVET,91.0,In Progress,Pending,Unemployed,2026-03-30,Q1 2026,active
BEN-008490,Esther,Musyoka,Female,Kiambu,Vocational,Cooking & Catering,Thika Technical Training Institute,70.2,In Progress,Pending,Unemployed,2026-06-07,Q2 2026,active
BEN-008502,Achieng,Ngugi,Female,Kiambu,Vocational,Welding,Thika Technical Training Institute,90.3,In Progress,Pending,Unemployed,2026-08-19,Q3 2026,active
BEN-008507,Grace,Mbogo,Female,Muranga,Vocational,Cooking & Catering,Bungoma Technical Training Institute,97.6,In Progress,Pending,Self-Employed,2026-04-17,Q2 2026,active
BEN-008511,Peter,Mbogo,Male,Muranga,Vocational,Tailoring,Kakamega Technical Training Institute,84.0,In Progress,Pending,Unemployed,2026-09-05,Q3 2026,active
BEN-008515,Boniface,Owino,Male,Bungoma,Vocational,Cooking & Catering,Bungoma Technical Training Institute,78.8,In Progress,Pending,Self-Employed,2026-09-06,Q3 2026,active
BEN-008523,Omondi,Cheruiyot,Male,Meru,Vocational,Motor Vehicle Mechanics,Meru Technical Training Institute,83.2,In Progress,Pending,Employed,2025-11-14,Q4 2025,active
BEN-008527,Sharon,Matano,Female,Nairobi,Vocational,Motor Vehicle Mechanics,Nairobi TVET,100.0,Completed,Certified,Employed,2025-04-26,Q2 2025,completed
BEN-008528,Wanjiku,Wekesa,Female,Muranga,Vocational,Hairdressing,Mombasa Technical Training Institute,77.6,Completed,Certified,Internship,2025-09-03,Q3 2025,completed
BEN-008529,Wanjiru,Mwangi,Female,nairobi,Vocational,Cooking & Catering,Nairobi TVET,96.5,Completed,Certified,Internship,2026-03-05,Q1 2026,completed
BEN-008538,Musyoka,Musyoka,Male,Nakuru,Vocational,Agriculture,Nakuru Vocational Training Centre,96.5,Completed,Certified,Internship,2025-10-26,Q4 2025,completed
BEN-008546,Achieng,Muthoni,Female,Mombasa,Vocational,Electrical Installation,Mombasa Technical Training Institute,90.4,In Progress,Pending,Employed,2026-01-01,Q1 2026,active
BEN-008548,Samuel,Wekesa,Male,Kiambu,Vocational,Cooking & Catering,Thika Technical Training Institute,91.9,In Progress,Pending,Unemployed,2026-03-27,Q1 2026,active
BEN-008550,Awuor,Achieng,Female,Machakos,Vocational,Tailoring,Machakos Institute of Technology,83.9,Completed,Pending,Self-Employed,2025-06-13,Q2 2025,completed
BEN-008569,Onyango,Njenga,Male,Nyeri,Vocational,Motor Vehicle Mechanics,Nyeri Technical Training Institute,86.4,Completed,Certified,Employed,2025-06-05,Q2 2025,completed
BEN-008587,Timothy,Ochieng,M,Kakamega,Vocational Program,Agriculture,Kakamega Technical Training Institute,81.1,COMPLETED,Pending,Self-Employed,2025-02-23,Q1 2025,completed
BEN-008595,Jerop,Koech,Female,Machakos,Vocational,Motor Vehicle Mechanics,Machakos Institute of Technology,88.4,Completed,Certified,Unemployed,2025-11-28,Q4 2025,completed
BEN-008598,Joseph,Mohamed,Male,Kiambu,Vocational,Tailoring,Thika Technical Training Institute,80.1,Dropped,Not Certified,Unemployed,2025-01-10,Q1 2025,dropped_out
BEN-008606,John,Katana,Male,Kakamega,Vocational,Welding,Kakamega Technical Training Institute,89.8,Dropped,Not Certified,Unemployed,2025-12-20,Q4 2025,dropped_out
BEN-008611,Jerop,Owino,Female,Mombasa,Vocational,Tailoring,Mombasa Technical Training Institute,87.9,In Progress,Pending,Unemployed,2026-02-04,Q1 2026,active
BEN-008614,Gathoni,Mwangi,Female,Nairobi,Vocational,Welding,Nairobi TVET,78.3,Completed,Certified,Self-Employed,2025-05-01,Q2 2025,completed
BEN-008617,Dennis,Wekesa,Male,Kisumu,Vocational,Motor Vehicle Mechanics,Kisumu Technical Training Institute,84.1,In Progress,Pending,Employed,2026-08-06,Q3 2026,active
BEN-008620,Juma,Mutua,Male,Nairobi,Vocational,Carpentry,Nairobi TVET,100.0,In Progress,Pending,Unemployed,2026-04-26,Q2 2026,active
BEN-008623,Naisula,Musyoka,Female,Machakos,Vocational,Hairdressing,Machakos Institute of Technology,74.7,In Progress,Pending,Unemployed,2026-06-21,Q2 2026,active
BEN-008626,Francis,Katana,Male,UASIN_GISHU,Vocational,Agriculture,Eldoret Polytechnic,84.7,Completed,Pending,Employed,2026-03-03,Q1 2026,completed
BEN-008631,Kagure,Kariuki,Female,Kajiado,Vocational,Cooking & Catering,Kisumu Technical Training Institute,63.3,In Progress,Pending,Unemployed,2026-06-16,Q2 2026,active
BEN-008638,Faith,Mutiso,Female,Muranga,Vocational,Plumbing,Bungoma Technical Training Institute,100.0,dropped out,Not Certified,Self-Employed,2026-02-14,Q1 2026,dropped_out
BEN-008639,Mercy,Mwakio,Female,Kisumu,Vocational,Welding,Kisumu Technical Training Institute,76.0,In Progress,Pending,Unemployed,2025-12-15,Q4 2025,active
BEN-008642,Nasieku,Mutua,Female,Nairobi,Vocational,Carpentry,Nairobi TVET,94.5,Completed,Certified,Unemployed,2025-12-16,Q4 2025,completed
BEN-008653,Sharon,Njenga,Female,Nakuru,Vocational,Electrical Installation,Nakuru Vocational Training Centre,86.7,In Progress,Pending,Unemployed,2026-09-03,Q3 2026,active
BEN-008659,Gathoni,Gitau,Female,Kisii,Vocational,Welding,Kisii National Polytechnic,90.7,Completed,Pending,Internship,2025-02-02,Q1 2025,completed
BEN-008673,Juma,Maina,Male,Nairobi,Vocational,Electrical Installation,Nairobi TVET,100.0,Completed,Certified,Internship,2025-09-06,Q3 2025,completed
BEN-008682,Nkatha,Njoroge,Female,Kiambu,Vocational,Plumbing,Thika Technical Training Institute,83.3,Completed,Certified,Employed,2025-03-08,Q1 2025,completed
BEN-008688,Mumbi,Abdi,Female,Kajiado,Vocational,Motor Vehicle Mechanics,Nairobi TVET,78.6,Dropped,Not Certified,Unemployed,2025-12-17,Q4 2025,dropped_out
BEN-008695,Dennis,Matano,Male,Kisii,Vocational,Hairdressing,Kisii National Polytechnic,78.6,In Progress,Pending,Employed,2026-05-28,Q2 2026,active
BEN-008701,Mercy,Matano,Female,Nakuru,Vocational,Plumbing,Nakuru Vocational Training Centre,80.1,Completed,Certified,Self-Employed,2025-11-20,Q4 2025,completed
BEN-008708,Vincent,Nduta,Male,Nyeri,Vocational,Cooking & Catering,Nyeri Technical Training Institute,89.6,In Progress,Pending,Self-Employed,2026-02-16,Q1 2026,active
BEN-008714,James,Musyoka,Male,Machakos,Vocational,Electrical Installation,Machakos Institute of Technology,71.9,In Progress,Pending,Unemployed,2026-04-25,Q2 2026,active
BEN-008719,Nicholas,Ngugi,Male,Kakamega,Vocational,Carpentry,Kakamega Technical Training Institute,79.6,In Progress,Pending,Employed,2026-04-19,Q2 2026,active
BEN-008738,Kendi,Korir,Female,Nyeri,Vocational,Plumbing,Nyeri Technical Training Institute,61.1,Completed,Pending,Self-Employed,2025-03-30,Q1 2025,completed
BEN-008750,Purity,Njoroge,Female,Meru,Vocational,Cooking & Catering,Meru Technical Training Institute,76.3,In Progress,Pending,Unemployed,2026-07-24,Q3 2026,active
BEN-008757,Nicholas,Kiptoo,Male,Kiambu,Vocational,Beauty Therapy,Thika Technical Training Institute,99.3,In Progress,Pending,Unemployed,2026-09-29,Q3 2026,active
BEN-008758,Vincent,Barasa,Male,Kakamega,Vocational,Tailoring,Kakamega Technical Training Institute,77.9,In Progress,Pending,Unemployed,2026-07-23,Q3 2026,active
BEN-008760,Achieng,Kiptoo,Female,Kiambu,Vocational,Cooking & Catering,Thika Technical Training Institute,84.0,Dropped,Not Certified,Employed,2025-04-11,Q2 2025,dropped_out
BEN-008763,Kiptoo,Baya,Male,Nyeri,Vocational,Plumbing,Nyeri Technical Training Institute,74.6,In Progress,Pending,Employed,2026-04-07,Q2 2026,active
BEN-008769,Anyango,Bett,Female,Muranga,Vocational,Agriculture,Machakos Institute of Technology,56.7,Completed,Certified,Employed,2025-07-17,Q3 2025,completed
BEN-008772,Kiptoo,Juma,Male,Nairobi,Vocational,Motor Vehicle Mechanics,Nairobi TVET,84.6,In Progress,Pending,Unemployed,2026-04-04,Q2 2026,active
BEN-008776,Kagure,Maina,Female,Kajiado,Vocational,Plumbing,Nyeri Technical Training Institute,76.9,In Progress,Pending,Employed,2026-09-09,Q3 2026,active
BEN-008777,Kagure,Wekesa,Female,Uasin Gishu,Vocational,Plumbing,Eldoret Polytechnic,77.5,Completed,Pending,Self-Employed,2025-04-29,Q2 2025,completed
BEN-008780,Kilonzo,Charo,Male,Kisumu,Vocational,Plumbing,Kisumu Technical Training Institute,77.1,Completed,Certified,Employed,2026-02-21,Q1 2026,completed
BEN-008795,John,Mutua,Male,Nairobi,Vocational,Motor Vehicle Mechanics,Nairobi TVET,78.0,Completed,Certified,Employed,2025-03-28,Q1 2025,completed
BEN-008805,Anyango,Korir,Female,Uasin Gishu,Vocational,Motor Vehicle Mechanics,Eldoret Polytechnic,65.3,In Progress,Pending,Self-Employed,2026-05-20,Q2 2026,active
BEN-008808,Korir,Mwangi,Male,Muranga,Vocational,Beauty Therapy,Meru Technical Training Institute,86.7,In Progress,Pending,Unemployed,2026-07-12,Q3 2026,active
BEN-008809,Collins,Rotich,Male,Machakos,Vocational,Tailoring,Machakos Institute of Technology,66.5,Completed,Certified,Internship,2025-07-30,Q3 2025,completed
BEN-008818,Wekesa,Wekesa,Male,Meru,Vocational,Hairdressing,Meru Technical Training Institute,93.7,Dropped,Not Certified,Unemployed,2025-05-18,Q2 2025,dropped_out
BEN-008834,Peter,Wafula,Male,Bungoma,Vocational,Cooking & Catering,Bungoma Technical Training Institute,86.0,Completed,Certified,Unemployed,2025-01-04,Q1 2025,completed
BEN-008851,Musyoka,Cheruiyot,Male,Kiambu,Vocational,Hairdressing,Thika Technical Training Institute,88.2,In Progress,Pending,Unemployed,2026-05-08,Q2 2026,active
BEN-008855,Collins,Odhiambo,M,Kilifi,Vocational,Plumbing,Kilifi Vocational Training Centre,77.2,Completed,Certified,Employed,2026-01-05,Q1 2026,completed
BEN-008858,Korir,Owino,Male,Nairobi,Vocational,Plumbing,Nairobi TVET,81.0,In Progress,Pending,Employed,2026-05-16,Q2 2026,active
BEN-008880,Atieno,Owino,Female,Kiambu,Vocational,Hairdressing,Thika Technical Training Institute,74.0,In Progress,Pending,Unemployed,2026-04-15,Q2 2026,active
BEN-008882,Timothy,Mbogo,Male,muranga,Vocational,Agriculture,Nyeri Technical Training Institute,83.9,In Progress,Pending,Self-Employed,2026-05-28,Q2 2026,active
BEN-008900,Otieno,Kamau,Male,Kakamega,Vocational,Tailoring,Kakamega Technical Training Institute,80.8,In Progress,Pending,Employed,2026-06-19,Q2 2026,active
BEN-008904,Anyango,Barasa,Female,Nairobi,Vocational,Hairdressing,Nairobi TVET,100.0,In Progress,Pending,Self-Employed,2026-04-16,Q2 2026,active
BEN-008905,Nasieku,Mohamed,Female,Mombasa,Vocational,Hairdressing,Mombasa Technical Training Institute,93.7,Completed,Certified,Unemployed,2025-10-25,Q4 2025,completed
BEN-008909,Grace,Rotich,Female,Nairobi,Vocational,Hairdressing,Nairobi TVET,95.7,In Progress,Pending,Unemployed,2026-09-03,Q3 2026,active
BEN-008910,Halima,Korir,F,nakuru,Vocational,Plumbing,Nakuru Vocational Training Centre,91.6,In Progress,Pending,Employed,2026-07-12,Q3 2026,active
BEN-008919,Victor,Cheruiyot,Male,Kisii,Vocational,Carpentry,Kisii National Polytechnic,88.9,Completed,Pending,Self-Employed,2026-01-05,Q1 2026,completed
BEN-008930,Peter,Ochieng,Male,Bungoma,Vocational,Tailoring,Bungoma Technical Training Institute,74.6,complete,Pending,Internship,2025-04-12,Q2 2025,completed
BEN-008938,Faith,Matano,Female,Kisumu,Vocational,Electrical Installation,Kisumu Technical Training Institute,68.8,In Progress,Pending,Unemployed,2026-05-12,Q2 2026,active
BEN-008940,Nyambura,Kariuki,Female,Kisii,Vocational,Tailoring,Kisii National Polytechnic,83.8,In Progress,Pending,Unemployed,2025-12-20,Q4 2025,active
BEN-008950,Grace,Achieng,Female,Nairobi,Vocational,Beauty Therapy,Nairobi TVET,77.0,In Progress,Pending,Self-Employed,2026-09-08,Q3 2026,active
BEN-008953,Kelvin,Kiptoo,m,Machakos,Vocational,Agriculture,Machakos Institute of Technology,74.0,In Progress,Pending,Self-Employed,2026-08-06,Q3 2026,active
BEN-008978,Otieno,Wanjiku,Male,Kilifi,Vocational,Tailoring,Kilifi Vocational Training Centre,76.5,In Progress,Pending,Unemployed,2025-10-08,Q4 2025,active
BEN-008989,Isaac,Kimani,Male,Uasin Gishu County,Vocational,Carpentry,Eldoret Polytechnic,73.1,Completed,Pending,Employed,2026-03-30,Q1 2026,completed
BEN-009002,Kiptoo,Nduta,Male,uasin gishu,Vocational,Tailoring,Eldoret Polytechnic,83.9,Completed,Certified,Unemployed,2025-05-19,Q2 2025,completed
BEN-009003,Peter,Onyango,Male,Kiambu,Vocational,Motor Vehicle Mechanics,Thika Technical Training Institute,74.6,In Progress,Pending,Unemployed,2026-05-12,Q2 2026,active
BEN-009006,Atieno,Kimani,Female,Nairobi,Vocational,Plumbing,Nairobi TVET,94.3,Completed,Certified,Unemployed,2025-03-27,Q1 2025,completed
BEN-009013,Vincent,Kiptoo,M,Bungoma,Vocational,Hairdressing,Bungoma Technical Training Institute,87.9,Completed,Certified,Employed,2025-09-01,Q3 2025,completed
BEN-009024,Isaac,Musyoka,Male,Kajiado,Vocational,Cooking & Catering,Thika Technical Training Institute,92.8,Dropped,Not Certified,Unemployed,2025-06-05,Q2 2025,dropped_out
BEN-009035,Wanjiku,Mbogo,Female,Kakamega,Vocational,Carpentry,Kakamega Technical Training Institute,82.4,In Progress,Pending,Unemployed,2026-09-25,Q3 2026,active
BEN-009037,Purity,Mutiso,Female,Nairobi County,Vocational,Electrical Installation,Nairobi TVET,92.5,In Progress,Pending,Employed,2026-09-26,Q3 2026,active
BEN-009057,Jerop,Maina,Female,Kakamega,Vocational,Agriculture,Kakamega Technical Training Institute,80.5,In Progress,Pending,Unemployed,2026-08-29,Q3 2026,active
BEN-009058,Victor,Otieno,Male,Kiambu County,Vocational,Agriculture,Thika Technical Training Institute,86.6,In Progress,Pending,Employed,2025-11-28,Q4 2025,active
BEN-009059,Onyango,Njoroge,Male,Kiambu,Vocational,Welding,Thika Technical Training Institute,87.8,COMPLETED,Certified,Self-Employed,2025-09-28,Q3 2025,completed
BEN-009067,John,Juma,Male,Mombasa,Vocational,Electrical Installation,Mombasa Technical Training Institute,82.7,In Progress,Pending,Unemployed,2026-05-20,Q2 2026,active
BEN-009073,John,Gitau,Male,Kiambu,Vocational,Hairdressing,Thika Technical Training Institute,93.9,In Progress,Pending,Unemployed,2026-09-28,Q3 2026,active
BEN-009075,Mumbi,Onyango,f,Meru,Vocational,Hairdressing,Meru Technical Training Institute,87.6,In Progress,Pending,Unemployed,2026-05-14,Q2 2026,active
BEN-009076,Joseph,Wafula,Male,Nairobi,Vocational,Beauty Therapy,Nairobi TVET,90.6,In Progress,Pending,Unemployed,2026-09-19,Q3 2026,active
BEN-009078,Atieno,Achieng,Female,Uasin Gishu,Vocational,Cooking & Catering,Eldoret Polytechnic,83.2,In Progress,Pending,Employed,2026-03-15,Q1 2026,active
BEN-009094,Atieno,Wanjiku,Female,Kisumu,Vocational,Electrical Installation,Kisumu Technical Training Institute,58.8,In Progress,Pending,Unemployed,2026-05-17,Q2 2026,active
BEN-009098,Atieno,Achieng,Female,Meru,Vocational,Beauty Therapy,Meru Technical Training Institute,73.0,In Progress,Pending,Self-Employed,2026-09-11,Q3 2026,active
BEN-009108,Njeri,Chebet,Female,Kiambu,Vocational,Cooking & Catering,Thika Technical Training Institute,87.0,In Progress,Pending,Self-Employed,2026-09-08,Q3 2026,active
BEN-009113,Victor,Omondi,Male,MURANGA,Vocational,Welding,Bungoma Technical Training Institute,69.5,In Progress,Pending,Unemployed,2026-07-04,Q3 2026,active
BEN-009118,Joseph,Onyango,Male,Kiambu,Vocational,Motor Vehicle Mechanics,Thika Technical Training Institute,92.5,Completed,Certified,Unemployed,2025-10-05,Q4 2025,completed
BEN-009119,Nkatha,Katana,Female,Machakos,Vocational,Cooking & Catering,Machakos Institute of Technology,47.8,In Progress,Pending,Unemployed,2026-04-11,Q2 2026,active
BEN-009125,Neema,Mutiso,F,Mombasa,Vocational,Electrical Installation,Mombasa Technical Training Institute,73.6,In Progress,Pending,Self-Employed,2026-05-03,Q2 2026,active
BEN-009132,Mercy,Gitau,Female,Kisumu County,Vocational,Cooking & Catering,Kisumu Technical Training Institute,70.6,Completed,Certified,Self-Employed,2025-05-14,Q2 2025,completed
BEN-009139,Kevin,Katana,Male,Kakamega,Vocational,Motor Vehicle Mechanics,Kakamega Technical Training Institute,89.3,In Progress,Pending,Self-Employed,2026-09-20,Q3 2026,active
BEN-009150,Joy,Matano,Female,Kakamega,Vocational,Plumbing,Kakamega Technical Training Institute,79.8,Completed,Pending,Self-Employed,2026-01-12,Q1 2026,completed
BEN-009152,Faith,Bett,f,Kisumu,Vocational,Hairdressing,Kisumu Technical Training Institute,78.7,complete,Certified,Unemployed,2026-01-09,Q1 2026,completed
BEN-009156,Musyoka,Wekesa,Male,NAIROBI,Vocational,Tailoring,Nairobi TVET,86.3,In Progress,Pending,Unemployed,2026-05-24,Q2 2026,active
BEN-009161,James,Baya,Male,Nakuru,Vocational,Electrical Installation,Nakuru Vocational Training Centre,73.8,In Progress,Pending,Employed,2025-10-24,Q4 2025,active
BEN-009165,John,Owino,Male,MOMBASA,Vocational,Hairdressing,Mombasa Technical Training Institute,92.5,In Progress,Pending,Self-Employed,2026-06-06,Q2 2026,active
BEN-009178,Francis,Mbogo,Male,Nyeri,Vocational,Agriculture,Nyeri Technical Training Institute,84.2,Completed,Certified,Employed,2025-02-14,Q1 2025,completed
BEN-009185,Baraka,Gitau,Male,Nairobi,Vocational,Tailoring,Nairobi TVET,74.3,In Progress,Pending,Unemployed,2026-09-05,Q3 2026,active
BEN-009190,Faith,Wafula,Female,Muranga,Vocational,Agriculture,Machakos Institute of Technology,72.1,Completed,Certified,Employed,2025-04-05,Q2 2025,completed
BEN-009193,Collins,Achieng,Male,Meru,Vocational,Plumbing,Meru Technical Training Institute,76.5,Completed,Certified,Employed,2026-03-09,Q1 2026,completed
BEN-009197,Anthony,Otieno,Male,Kisii,Vocational,Hairdressing,Kisii National Polytechnic,73.4,In Progress,Pending,Unemployed,2026-05-08,Q2 2026,active
BEN-009198,Amina,Juma,Female,Nairobi,Vocational,Tailoring,Nairobi TVET,87.4,In Progress,Pending,Unemployed,2026-02-01,Q1 2026,active
BEN-009211,Mutua,Kiptoo,Male,KIAMBU,Vocational,Carpentry,Thika Technical Training Institute,100.0,In Progress,Pending,Employed,2026-09-09,Q3 2026,active
BEN-009221,Timothy,Cheruiyot,Male,Kisii County,Vocational,Agriculture,Kisii National Polytechnic,84.3,In Progress,Pending,Unemployed,2026-07-26,Q3 2026,active
BEN-009222,Neema,Kuria,Female,Bungoma,Vocational,Electrical Installation,Bungoma Technical Training Institute,83.5,In Progress,Pending,Unemployed,2025-11-15,Q4 2025,active
BEN-009224,Chebet,Nduta,Female,Kisumu,Vocational,Beauty Therapy,Kisumu Technical Training Institute,72.7,Completed,Pending,Unemployed,2025-08-12,Q3 2025,completed
BEN-009242,Ali,Kilonzo,Male,Kisii,Vocational,Hairdressing,Kisii National Polytechnic,88.9,In Progress,Pending,Unemployed,2026-07-16,Q3 2026,active
BEN-009244,Nkatha,Odhiambo,Female,Mombasa,Vocational,Welding,Mombasa Technical Training Institute,85.9,In Progress,Pending,Self-Employed,2026-09-14,Q3 2026,active
BEN-009245,Cynthia,Mutiso,Female,Kisumu,Vocational,Welding,Kisumu Technical Training Institute,76.8,In Progress,Pending,Self-Employed,2026-06-20,Q2 2026,active
BEN-009261,Samuel,Musyoka,Male,Kakamega,Vocational,Carpentry,Kakamega Technical Training Institute,81.2,Completed,Certified,Self-Employed,2025-08-06,Q3 2025,completed
BEN-009268,Achieng,Kuria,F,Meru,Vocational,Cooking & Catering,Meru Technical Training Institute,78.1,In Progress,Pending,Self-Employed,2026-08-22,Q3 2026,active
BEN-009271,Wekesa,Odhiambo,Male,Nakuru County,Vocational,Electrical Installation,Nakuru Vocational Training Centre,97.2,In Progress,Pending,Unemployed,2026-04-17,Q2 2026,active
BEN-009282,Victor,Mohamed,Male,Mombasa,Vocational,Agriculture,Mombasa Technical Training Institute,93.8,dropped out,Not Certified,Employed,2026-02-20,Q1 2026,dropped_out
BEN-009287,Amina,Chebet,female,Kisii,Vocational,Hairdressing,Kisii National Polytechnic,83.3,In Progress,Pending,Unemployed,2026-01-06,Q1 2026,active
BEN-009288,Neema,Omondi,Female,MOMBASA,Vocational,Hairdressing,Mombasa Technical Training Institute,58.1,In Progress,Pending,Unemployed,2026-04-18,Q2 2026,active
BEN-009289,Patrick,Koech,Male,MACHAKOS,Vocational,Welding,Machakos Institute of Technology,70.0,Completed,Certified,Employed,2025-05-08,Q2 2025,completed
BEN-009318,Mutua,Bett,Male,Nakuru,Vocational,Agriculture,Nakuru Vocational Training Centre,90.3,Completed,Certified,Employed,2025-05-10,Q2 2025,completed
BEN-009320,Musyoka,Kilonzo,Male,Meru,Vocational,Cooking & Catering,Meru Technical Training Institute,82.1,In Progress,Pending,Employed,2026-09-14,Q3 2026,active
BEN-009322,Kagure,Maina,Female,Nairobi,Vocational,Cooking & Catering,Nairobi TVET,86.9,Dropped,Not Certified,Unemployed,2025-02-11,Q1 2025,dropped_out
BEN-009337,Kiptoo,Juma,Male,Machakos,Vocational,Agriculture,Machakos Institute of Technology,93.1,In Progress,Pending,Unemployed,2026-01-03,Q1 2026,active
BEN-009349,Mohamed,Abdi,Male,Kiambu,Vocational,Hairdressing,Thika Technical Training Institute,86.0,In Progress,Pending,Unemployed,2026-06-15,Q2 2026,active
BEN-009352,Simon,Kilonzo,Male,Kiambu,Vocational,Welding,Thika Technical Training Institute,76.0,Dropped,Not Certified,Self-Employed,2025-08-21,Q3 2025,dropped_out
BEN-009361,Mutua,Njoroge,Male,Kajiado,Vocational,Plumbing,Kisumu Technical Training Institute,83.3,In Progress,Pending,Self-Employed,2026-03-12,Q1 2026,active
BEN-009362,Awuor,Owino,Female,Nairobi,Vocational,Plumbing,Nairobi TVET,81.0,Completed,Certified,Internship,2025-05-25,Q2 2025,completed
BEN-009369,Kelvin,Juma,M,Kiambu,Vocational,Tailoring,Thika Technical Training Institute,100.0,Completed,Certified,Employed,2025-08-04,Q3 2025,completed
BEN-009376,Nyambura,Maina,Female,Kisumu,Vocational,Electrical Installation,Kisumu Technical Training Institute,50.0,In Progress,Pending,Self-Employed,2026-01-11,Q1 2026,active
BEN-009382,Dennis,Kariuki,Male,Muranga,Vocational,Beauty Therapy,Bungoma Technical Training Institute,79.0,Dropped,Not Certified,Unemployed,2025-01-08,Q1 2025,dropped_out
BEN-009385,Odhiambo,Nyambane,Male,Uasin Gishu,Vocational Program,Plumbing,Eldoret Polytechnic,87.4,In Progress,Pending,Unemployed,2026-04-16,Q2 2026,active
BEN-009388,Ali,Musyoka,Male,Nairobi,Vocational,Plumbing,Nairobi TVET,85.7,In Progress,Pending,Self-Employed,2026-02-16,Q1 2026,active
BEN-009391,Wanjiku,Nyambane,Female,Machakos,Vocational,Tailoring,Machakos Institute of Technology,78.5,In Progress,Pending,Employed,2026-04-12,Q2 2026,active
BEN-009393,Esther,Gitau,Female,Nairobi,Vocational,Motor Vehicle Mechanics,Nairobi TVET,85.4,Completed,Certified,Unemployed,2025-03-10,Q1 2025,completed
BEN-009394,Juma,Nyambane,Male,Nakuru,Vocational,Beauty Therapy,Nakuru Vocational Training Centre,80.5,In Progress,Pending,Unemployed,2026-09-18,Q3 2026,active
BEN-009396,Nyambura,Rotich,Female,UASIN_GISHU,Vocational,Tailoring,Eldoret Polytechnic,75.2,In Progress,Pending,Unemployed,2026-03-30,Q1 2026,active
BEN-009399,Nkatha,Wanjiku,F,Kisumu,Vocational,Tailoring,Kisumu Technical Training Institute,68.6,In Progress,Pending,Self-Employed,2026-05-22,Q2 2026,active
BEN-009401,Cherono,Matano,Female,Nyeri,Vocational,Carpentry,Nyeri Technical Training Institute,74.4,In Progress,Pending,Unemployed,2026-07-14,Q3 2026,active
BEN-009403,Nyambura,Katana,Female,Kakamega,Vocational,Agriculture,Kakamega Technical Training Institute,69.4,In Progress,Pending,Employed,2026-09-21,Q3 2026,active
BEN-009405,Nyambura,Koech,Female,Kakamega,Vocational,Motor Vehicle Mechanics,Kakamega Technical Training Institute,67.1,In Progress,Pending,Unemployed,2026-04-27,Q2 2026,active
BEN-009412,Peter,Rotich,Male,Mombasa,Vocational,Electrical Installation,Mombasa Technical Training Institute,78.8,In Progress,Pending,Self-Employed,2026-04-05,Q2 2026,active
BEN-009426,Sharon,Kuria,Female,Muranga,Vocational,Carpentry,Kilifi Vocational Training Centre,85.8,DROPPED,Not Certified,Unemployed,2025-06-14,Q2 2025,dropped_out
BEN-009438,Joseph,Barasa,Male,Nakuru,Vocational,Hairdressing,Nakuru Vocational Training Centre,80.3,Completed,Certified,Unemployed,2025-12-31,Q4 2025,completed
BEN-009443,Gathoni,Mohamed,Female,Meru,Vocational,Cooking & Catering,Meru Technical Training Institute,84.7,Completed,Certified,Unemployed,2025-05-05,Q2 2025,completed
BEN-009445,Wanjiru,Rotich,Female,Nairobi,Vocational,Hairdressing,Nairobi TVET,78.7,Completed,Certified,Employed,2025-04-07,Q2 2025,completed
BEN-009451,Caroline,Kuria,Female,Kiambu,Vocational,Motor Vehicle Mechanics,Thika Technical Training Institute,93.4,Completed,Pending,Employed,2026-02-23,Q1 2026,completed
BEN-009452,Akinyi,Korir,Female,Machakos,Vocational,Beauty Therapy,Machakos Institute of Technology,67.4,In Progress,Pending,Unemployed,2026-06-19,Q2 2026,active
BEN-009464,Korir,Kariuki,M,Nairobi,Vocational,Agriculture,Nairobi TVET,75.1,In Progress,Pending,Self-Employed,2026-07-24,Q3 2026,active
BEN-009469,Isaac,Nyambane,Male,Bungoma,Vocational,Hairdressing,Bungoma Technical Training Institute,85.5,Completed,Certified,Employed,2025-04-23,Q2 2025,completed
BEN-009472,Kilonzo,Koech,Male,Nakuru,Vocational,Beauty Therapy,Nakuru Vocational Training Centre,100.0,In Progress,Pending,Self-Employed,2026-05-27,Q2 2026,active
BEN-009475,Musyoka,Kamau,M,Kajiado,Vocational,Plumbing,Kakamega Technical Training Institute,76.8,In Progress,Pending,Employed,2026-08-06,Q3 2026,active
BEN-009479,Gathoni,Charo,Female,Nakuru,Vocational,Welding,Nakuru Vocational Training Centre,93.5,In Progress,Pending,Self-Employed,2026-07-06,Q3 2026,active
BEN-009480,Stephen,Wanjiku,Male,Nairobi,Vocational,Beauty Therapy,Nairobi TVET,100.0,Completed,Pending,Employed,2025-01-01,Q1 2025,completed
BEN-009487,Zawadi,Mutua,Female,Mombasa,Vocational,Carpentry,Mombasa Technical Training Institute,70.2,Completed,Certified,Self-Employed,2026-01-09,Q1 2026,completed
BEN-009489,Kendi,Mwakio,F,Kiambu,Vocational,Agriculture,Thika Technical Training Institute,82.2,In Progress,Pending,Self-Employed,2026-09-14,Q3 2026,active
BEN-009492,Naisula,Achieng,Female,Mombasa,Vocational,Electrical Installation,Mombasa Technical Training Institute,72.8,In Progress,Pending,Unemployed,2026-08-05,Q3 2026,active
BEN-009495,Kiptoo,Mwangi,Male,Uasin Gishu,Vocational,Plumbing,Eldoret Polytechnic,89.5,Dropped,Not Certified,Unemployed,2025-10-06,Q4 2025,dropped_out
BEN-009504,Timothy,Odhiambo,Male,Nakuru,Vocational,Welding,Nakuru Vocational Training Centre,66.4,Completed,Certified,Internship,2025-11-19,Q4 2025,completed
BEN-009505,Akinyi,Baya,Female,Meru,Vocational,Hairdressing,Meru Technical Training Institute,77.6,In Progress,Pending,Unemployed,2026-02-01,Q1 2026,active
BEN-009527,Emily,Kariuki,Female,Kakamega,Vocational,Carpentry,Kakamega Technical Training Institute,61.6,In Progress,Pending,Employed,2026-07-26,Q3 2026,active
BEN-009534,Wanjiku,Onyango,Female,Kisumu,Vocational,Cooking & Catering,Kisumu Technical Training Institute,82.1,In Progress,Pending,Unemployed,2026-07-21,Q3 2026,active
BEN-009536,Esther,Hassan,Female,Nairobi,Vocational,Tailoring,Nairobi TVET,100.0,In Progress,Pending,Unemployed,2026-08-27,Q3 2026,active
BEN-009539,Kevin,Musyoka,Male,Kisii,Vocational,Cooking & Catering,Kisii National Polytechnic,68.1,In Progress,Pending,Unemployed,2026-08-20,Q3 2026,active
BEN-009541,Esther,Juma,Female,Nairobi,Vocational,Electrical Installation,Nairobi TVET,100.0,In Progress,Pending,Unemployed,2026-02-20,Q1 2026,active
BEN-009548,Isaac,Kiptoo,Male,Nakuru,Vocational,Motor Vehicle Mechanics,Nakuru Vocational Training Centre,77.1,Completed,Certified,Employed,2025-04-03,Q2 2025,completed
BEN-009551,Cherono,Owino,Female,Nakuru,Vocational,Plumbing,Nakuru Vocational Training Centre,86.9,Dropped,Not Certified,Employed,2025-07-28,Q3 2025,dropped_out
BEN-009556,Chepkoech,Nyambane,Female,Mombasa,Vocational,Plumbing,Mombasa Technical Training Institute,79.8,In Progress,Pending,Unemployed,2026-06-12,Q2 2026,active
BEN-009557,Atieno,Chebet,Female,Nairobi,Vocational,Cooking & Catering,Nairobi TVET,77.2,COMPLETED,Certified,Unemployed,2025-07-03,Q3 2025,completed
BEN-009573,Kilonzo,Kariuki,Male,Machakos,Vocational,Carpentry,Machakos Institute of Technology,84.0,In Progress,Pending,Unemployed,2026-07-03,Q3 2026,active
BEN-009577,Simon,Mutua,M,Nyeri,Vocational,Welding,Nyeri Technical Training Institute,64.9,Completed,Certified,Employed,2026-03-06,Q1 2026,completed
BEN-009578,Cynthia,Njenga,Female,Meru,Vocational,Motor Vehicle Mechanics,Meru Technical Training Institute,64.6,dropped out,Not Certified,Self-Employed,2025-11-27,Q4 2025,dropped_out
BEN-009585,Onyango,Muthoni,Male,Mombasa,Vocational,Tailoring,Mombasa Technical Training Institute,93.7,Completed,Certified,Employed,2026-01-17,Q1 2026,completed
BEN-009589,Samuel,Achieng,Male,Nyeri,Vocational,Motor Vehicle Mechanics,Nyeri Technical Training Institute,85.9,Completed,Certified,Employed,2025-03-06,Q1 2025,completed
BEN-009592,Kagure,Cheruiyot,Female,Mombasa,Vocational,Beauty Therapy,Mombasa Technical Training Institute,80.7,In Progress,Pending,Unemployed,2026-06-17,Q2 2026,active
BEN-009596,Francis,Cheruiyot,Male,Mombasa,Vocational,Tailoring,Mombasa Technical Training Institute,73.8,In Progress,Pending,Self-Employed,2026-01-02,Q1 2026,active
BEN-009600,Baraka,Matano,Male,Nakuru,Vocational,Electrical Installation,Nakuru Vocational Training Centre,76.0,In Progress,Pending,Unemployed,2026-06-02,Q2 2026,active
BEN-009605,Patrick,Koech,Male,Kiambu,Vocational,Welding,Thika Technical Training Institute,80.8,Completed,Certified,Self-Employed,2025-09-06,Q3 2025,completed
BEN-009610,Neema,Ngugi,Female,Uasin Gishu,Vocational,Welding,Eldoret Polytechnic,70.8,In Progress,Pending,Unemployed,2026-05-03,Q2 2026,active
BEN-009616,Gathoni,Odhiambo,F,Uasin Gishu,Vocational,Beauty Therapy,Eldoret Polytechnic,86.6,Completed,Certified,Self-Employed,2025-05-01,Q2 2025,completed
BEN-009621,Wekesa,Nduta,Male,Nairobi,Vocational,Cooking & Catering,Nairobi TVET,86.3,In Progress,Pending,Unemployed,2026-09-17,Q3 2026,active
BEN-009623,Collins,Kimani,Male,Kiambu,Vocational,Carpentry,Thika Technical Training Institute,72.4,Completed,Pending,Unemployed,2025-02-26,Q1 2025,completed
BEN-009626,Joseph,Rotich,Male,MACHAKOS,Vocational,Agriculture,Machakos Institute of Technology,92.6,In Progress,Pending,Unemployed,2026-03-28,Q1 2026,active
BEN-009634,Halima,Kuria,Female,Kilifi,Vocational,Tailoring,Kilifi Vocational Training Centre,54.3,In Progress,Pending,Unemployed,2026-04-13,Q2 2026,active
BEN-009638,Baraka,Mwangi,Male,Meru,Vocational,Beauty Therapy,Meru Technical Training Institute,75.1,Dropped,Not Certified,Unemployed,2025-10-12,Q4 2025,dropped_out
BEN-009642,Musyoka,Matano,Male,uasin gishu,Vocational,Hairdressing,Eldoret Polytechnic,87.0,Dropped,Not Certified,Employed,2025-07-25,Q3 2025,dropped_out
BEN-009667,John,Omondi,Male,Kisumu,Vocational,Plumbing,Kisumu Technical Training Institute,96.7,Completed,Certified,Self-Employed,2026-02-16,Q1 2026,completed
BEN-009678,Collins,Musyoka,Male,Mombasa,Vocational,Carpentry,Mombasa Technical Training Institute,90.8,In Progress,Pending,Unemployed,2026-04-04,Q2 2026,active
BEN-009680,Zawadi,Omondi,Female,Kakamega,Vocational Program,Agriculture,Kakamega Technical Training Institute,71.7,In Progress,Pending,Unemployed,2026-09-03,Q3 2026,active
BEN-009683,Otieno,Cheruiyot,Male,Kisii,Vocational,Carpentry,Kisii National Polytechnic,70.4,Dropped,Not Certified,Employed,2025-04-06,Q2 2025,dropped_out
BEN-009694,Kagure,Wafula,Female,Kisumu,Vocational,Cooking & Catering,Kisumu Technical Training Institute,62.7,In Progress,Pending,Employed,2026-04-21,Q2 2026,active
BEN-009697,Kiptoo,Wafula,Male,Meru,Vocational,Agriculture,Meru Technical Training Institute,63.6,In Progress,Pending,Unemployed,2026-09-14,Q3 2026,active
BEN-009699,Peter,Abdi,Male,Kiambu,Vocational,Motor Vehicle Mechanics,Thika Technical Training Institute,72.6,Completed,Certified,Employed,2025-08-12,Q3 2025,completed
BEN-009702,Brenda,Mbogo,Female,Muranga,Vocational,Carpentry,Nairobi TVET,71.7,In Progress,Pending,Employed,2026-06-22,Q2 2026,active
BEN-009711,Brian,Mutua,Male,Kisumu,Vocational,Agriculture,Kisumu Technical Training Institute,70.7,In Progress,Pending,Unemployed,2026-09-23,Q3 2026,active
BEN-009718,Boniface,Gitau,M,Nakuru,Vocational,Plumbing,Nakuru Vocational Training Centre,76.5,In Progress,Pending,Unemployed,2026-02-20,Q1 2026,active
BEN-009722,Beatrice,Nyambane,Female,Mombasa,Vocational,Electrical Installation,Mombasa Technical Training Institute,86.2,In Progress,Pending,Employed,2026-06-24,Q2 2026,active
BEN-009732,Njeri,Odhiambo,Female,Kisumu,Vocational,Hairdressing,Kisumu Technical Training Institute,73.5,DROPPED,Not Certified,Unemployed,2025-10-26,Q4 2025,dropped_out
BEN-009737,Brian,Kimani,Male,Kakamega,Vocational,Hairdressing,Kakamega Technical Training Institute,67.1,In Progress,Pending,Unemployed,2026-07-14,Q3 2026,active
BEN-009740,Achieng,Barasa,Female,Machakos,Vocational,Carpentry,Machakos Institute of Technology,82.3,In Progress,Pending,Self-Employed,2026-02-18,Q1 2026,active
BEN-009744,Amina,Mutua,Female,Kisumu,Vocational,Carpentry,Kisumu Technical Training Institute,86.3,In Progress,Pending,Unemployed,2026-08-12,Q3 2026,active
BEN-009745,Kipchoge,Njenga,Male,Mombasa,Vocational,Agriculture,Mombasa Technical Training Institute,84.4,In Progress,Pending,Unemployed,2026-07-01,Q3 2026,active
BEN-009749,Emily,Kimani,Female,Uasin Gishu,Vocational,Cooking & Catering,Eldoret Polytechnic,79.0,In Progress,Pending,Self-Employed,2026-03-01,Q1 2026,active
BEN-009757,Juma,Wekesa,Male,Kajiado,Vocational,Cooking & Catering,Kilifi Vocational Training Centre,100.0,In Progress,Pending,Unemployed,2026-01-22,Q1 2026,active
BEN-009764,Patrick,Abdi,Male,kiambu,Vocational,Hairdressing,Thika Technical Training Institute,73.9,COMPLETED,Certified,Self-Employed,2025-08-26,Q3 2025,completed
BEN-009771,Brian,Baya,Male,NAKURU,Vocational,Carpentry,Nakuru Vocational Training Centre,83.9,Completed,Pending,Internship,2026-02-16,Q1 2026,completed
BEN-009779,Zawadi,Mutiso,Female,Machakos,Vocational,Electrical Installation,Machakos Institute of Technology,76.6,In Progress,Pending,Unemployed,2026-08-02,Q3 2026,active
BEN-009785,Anyango,Mohamed,Female,KIAMBU,Vocational,Cooking & Catering,Thika Technical Training Institute,78.1,In Progress,Pending,Self-Employed,2026-09-03,Q3 2026,active
BEN-009792,Kiptoo,Njoroge,Male,Nakuru,Vocational,Motor Vehicle Mechanics,Nakuru Vocational Training Centre,74.3,In Progress,Pending,Unemployed,2026-03-20,Q1 2026,active
BEN-009793,Halima,Mutua,F,Kisumu,Vocational,Hairdressing,Kisumu Technical Training Institute,89.0,COMPLETED,Certified,Unemployed,2025-12-24,Q4 2025,completed
BEN-009794,Atieno,Maina,Female,Kiambu,Vocational,Cooking & Catering,Thika Technical Training Institute,93.4,Completed,Certified,Unemployed,2025-01-21,Q1 2025,completed
BEN-009798,Njeri,Chebet,Female,kisumu,Vocational,Cooking & Catering,Kisumu Technical Training Institute,60.7,In Progress,Pending,Unemployed,2026-09-29,Q3 2026,active
BEN-009818,Barasa,Barasa,Male,Kiambu,Vocational,Motor Vehicle Mechanics,Thika Technical Training Institute,85.4,In Progress,Pending,Unemployed,2026-07-03,Q3 2026,active
BEN-009821,Nasieku,Mbogo,Female,Nairobi,Vocational,Electrical Installation,Nairobi TVET,99.5,In Progress,Pending,Unemployed,2026-08-06,Q3 2026,active
BEN-009826,Awuor,Muthoni,Female,NYERI,Vocational,Electrical Installation,Nyeri Technical Training Institute,81.9,In Progress,Pending,Unemployed,2026-05-19,Q2 2026,active
BEN-009841,Grace,Mutua,Female,Kiambu,Vocational,Electrical Installation,Thika Technical Training Institute,83.3,In Progress,Pending,Employed,2026-05-21,Q2 2026,active
BEN-009845,Simon,Kuria,M,Uasin Gishu,Vocational,Plumbing,Eldoret Polytechnic,83.1,In Progress,Pending,Self-Employed,2026-08-22,Q3 2026,active
BEN-009854,Nasieku,Mwakio,Female,Kisii,Vocational,Cooking & Catering,Kisii National Polytechnic,59.9,In Progress,Pending,Self-Employed,2026-08-01,Q3 2026,active
BEN-009855,Brenda,Rotich,Female,Kiambu,Vocational,Plumbing,Thika Technical Training Institute,85.3,Dropped,Not Certified,Self-Employed,2025-01-24,Q1 2025,dropped_out
BEN-009857,David,Owino,Male,Nyeri,Vocational,Electrical Installation,Nyeri Technical Training Institute,68.6,Completed,Certified,Employed,2025-11-01,Q4 2025,completed
BEN-009859,Cheruiyot,Kamau,Male,Uasin Gishu,Vocational,Agriculture,Eldoret Polytechnic,88.9,Dropped,Not Certified,Unemployed,2026-02-03,Q1 2026,dropped_out
BEN-009866,James,Achieng,Male,Nairobi,Vocational,Agriculture,Nairobi TVET,74.3,Completed,Pending,Employed,2025-05-22,Q2 2025,completed
BEN-009869,Mohamed,Onyango,Male,Kakamega,Vocational,Hairdressing,Kakamega Technical Training Institute,80.9,Dropped,Not Certified,Unemployed,2025-08-30,Q3 2025,dropped_out
BEN-009874,Anthony,Gitau,Male,Kajiado,Vocational,Hairdressing,Nakuru Vocational Training Centre,79.9,In Progress,Pending,Self-Employed,2026-06-09,Q2 2026,active
BEN-009887,Kendi,Njoroge,Female,Kiambu,Vocational,Carpentry,Thika Technical Training Institute,100.0,In Progress,Pending,Employed,2026-08-29,Q3 2026,active
BEN-009888,Nasieku,Mohamed,Female,Kajiado,Vocational,Hairdressing,Nyeri Technical Training Institute,75.9,Completed,Certified,Unemployed,2025-05-04,Q2 2025,completed
BEN-009890,Cheruiyot,Korir,Male,Uasin Gishu,Vocational,Plumbing,Eldoret Polytechnic,61.1,Completed,Certified,Self-Employed,2026-03-24,Q1 2026,completed
BEN-009898,Emmanuel,Omondi,Male,Nakuru,Vocational,Welding,Nakuru Vocational Training Centre,74.4,Dropped,Not Certified,Self-Employed,2025-08-09,Q3 2025,dropped_out
BEN-009900,Beatrice,Nduta,F,Mombasa,Vocational,Plumbing,Mombasa Technical Training Institute,88.5,In Progress,Pending,Self-Employed,2025-11-04,Q4 2025,active
BEN-009904,Sharon,Wafula,Female,Kajiado County,Vocational,Motor Vehicle Mechanics,Nyeri Technical Training Institute,83.4,In Progress,Pending,Employed,2026-05-01,Q2 2026,active
BEN-009910,Chebet,Kimani,Female,Machakos,Vocational,Cooking & Catering,Machakos Institute of Technology,87.5,Completed,Certified,Unemployed,2025-11-30,Q4 2025,completed
BEN-009913,Nyambura,Bett,FEMALE,Mombasa,Vocational,Cooking & Catering,Mombasa Technical Training Institute,71.2,In Progress,Pending,Unemployed,2026-08-04,Q3 2026,active
BEN-009919,Kipchoge,Wanjiku,male,Nairobi,Vocational,Plumbing,Nairobi TVET,78.0,Completed,Certified,Internship,2025-01-06,Q1 2025,completed
BEN-009928,Kelvin,Kariuki,Male,Kiambu,Vocational,Hairdressing,Thika Technical Training Institute,68.0,Completed,Certified,Self-Employed,2025-10-04,Q4 2025,completed
BEN-009934,Kendi,Njenga,Female,MOMBASA,Vocational,Cooking & Catering,Mombasa Technical Training Institute,84.3,In Progress,Pending,Unemployed,2026-05-19,Q2 2026,active
BEN-009945,Joy,Mwangi,Female,Bungoma,Vocational,Hairdressing,Bungoma Technical Training Institute,71.7,Dropped,Not Certified,Self-Employed,2025-06-08,Q2 2025,dropped_out
BEN-009950,Wekesa,Mohamed,Male,Bungoma,Vocational,Tailoring,Bungoma Technical Training Institute,87.8,In Progress,Pending,Unemployed,2026-03-12,Q1 2026,active
BEN-009953,Esther,Juma,Female,Mombasa,Vocational,Electrical Installation,Mombasa Technical Training Institute,86.6,Completed,Pending,Unemployed,2025-09-14,Q3 2025,completed
BEN-009954,Beatrice,Mohamed,Female,Uasin Gishu,Vocational,Carpentry,Eldoret Polytechnic,83.3,In Progress,Pending,Self-Employed,2026-08-21,Q3 2026,active
BEN-009973,Kelvin,Kiptoo,Male,Kiambu,Vocational,Beauty Therapy,Thika Technical Training Institute,91.0,In Progress,Pending,Self-Employed,2026-09-19,Q3 2026,active
BEN-009986,Halima,Kilonzo,Female,Nairobi,Vocational,Agriculture,Nairobi TVET,95.3,In Progress,Pending,Unemployed,2026-04-06,Q2 2026,active
BEN-009993,Kilonzo,Njoroge,Male,Nairobi,Vocational,Motor Vehicle Mechanics,Nairobi TVET,89.0,In Progress,Pending,Employed,2025-12-26,Q4 2025,active
